iteration,expanded_state,parent,action,generated_successors,frontier_before,frontier_after,explored,g,h,f
0,"((9, 3), 'foodLeft=13')",None,None,"[((10, 3), 'foodLeft=13'), ((8, 3), 'foodLeft=13')]","[((9, 3), 'foodLeft=13')]","[((10, 3), 'foodLeft=13'), ((8, 3), 'foodLeft=13')]",1,0,52,52
1,"((10, 3), 'foodLeft=13')","((9, 3), 'foodLeft=13')",East,"[((10, 4), 'foodLeft=12'), ((11, 3), 'foodLeft=13'), ((9, 3), 'foodLeft=13')]","[((10, 3), 'foodLeft=13'), ((8, 3), 'foodLeft=13')]","[((8, 3), 'foodLeft=13'), ((10, 4), 'foodLeft=12'), ((11, 3), 'foodLeft=13')]",2,1,51,52
2,"((8, 3), 'foodLeft=13')","((9, 3), 'foodLeft=13')",West,"[((9, 3), 'foodLeft=13'), ((7, 3), 'foodLeft=13')]","[((8, 3), 'foodLeft=13'), ((10, 4), 'foodLeft=12'), ((11, 3), 'foodLeft=13')]","[((7, 3), 'foodLeft=13'), ((11, 3), 'foodLeft=13'), ((10, 4), 'foodLeft=12')]",3,1,52,53
3,"((7, 3), 'foodLeft=13')","((8, 3), 'foodLeft=13')",West,"[((7, 4), 'foodLeft=12'), ((8, 3), 'foodLeft=13'), ((6, 3), 'foodLeft=13')]","[((7, 3), 'foodLeft=13'), ((11, 3), 'foodLeft=13'), ((10, 4), 'foodLeft=12')]","[((10, 4), 'foodLeft=12'), ((11, 3), 'foodLeft=13'), ((7, 4), 'foodLeft=12'), ((6, 3), 'foodLeft=13')]",4,2,51,53
4,"((10, 4), 'foodLeft=12')","((10, 3), 'foodLeft=13')",North,"[((10, 5), 'foodLeft=12'), ((10, 3), 'foodLeft=12')]","[((10, 4), 'foodLeft=12'), ((11, 3), 'foodLeft=13'), ((7, 4), 'foodLeft=12'), ((6, 3), 'foodLeft=13')]","[((11, 3), 'foodLeft=13'), ((10, 5), 'foodLeft=12'), ((7, 4), 'foodLeft=12'), ((6, 3), 'foodLeft=13'), ((10, 3), 'foodLeft=12')]",5,2,52,54
5,"((11, 3), 'foodLeft=13')","((10, 3), 'foodLeft=13')",East,"[((12, 3), 'foodLeft=13'), ((10, 3), 'foodLeft=13')]","[((11, 3), 'foodLeft=13'), ((10, 5), 'foodLeft=12'), ((7, 4), 'foodLeft=12'), ((6, 3), 'foodLeft=13'), ((10, 3), 'foodLeft=12')]","[((10, 5), 'foodLeft=12'), ((6, 3), 'foodLeft=13'), ((7, 4), 'foodLeft=12'), ((10, 3), 'foodLeft=12'), ((12, 3), 'foodLeft=13')]",6,2,52,54
6,"((10, 5), 'foodLeft=12')","((10, 4), 'foodLeft=12')",North,"[((10, 4), 'foodLeft=12'), ((11, 5), 'foodLeft=12'), ((9, 5), 'foodLeft=12')]","[((10, 5), 'foodLeft=12'), ((6, 3), 'foodLeft=13'), ((7, 4), 'foodLeft=12'), ((10, 3), 'foodLeft=12'), ((12, 3), 'foodLeft=13')]","[((11, 5), 'foodLeft=12'), ((6, 3), 'foodLeft=13'), ((9, 5), 'foodLeft=12'), ((12, 3), 'foodLeft=13'), ((10, 3), 'foodLeft=12'), ((7, 4), 'foodLeft=12')]",7,3,51,54
7,"((11, 5), 'foodLeft=12')","((10, 5), 'foodLeft=12')",East,"[((12, 5), 'foodLeft=12'), ((10, 5), 'foodLeft=12')]","[((11, 5), 'foodLeft=12'), ((6, 3), 'foodLeft=13'), ((9, 5), 'foodLeft=12'), ((12, 3), 'foodLeft=13'), ((10, 3), 'foodLeft=12'), ((7, 4), 'foodLeft=12')]","[((12, 5), 'foodLeft=12'), ((10, 3), 'foodLeft=12'), ((6, 3), 'foodLeft=13'), ((12, 3), 'foodLeft=13'), ((7, 4), 'foodLeft=12'), ((9, 5), 'foodLeft=12')]",8,4,50,54
8,"((12, 5), 'foodLeft=12')","((11, 5), 'foodLeft=12')",East,"[((13, 5), 'foodLeft=11'), ((11, 5), 'foodLeft=12')]","[((12, 5), 'foodLeft=12'), ((10, 3), 'foodLeft=12'), ((6, 3), 'foodLeft=13'), ((12, 3), 'foodLeft=13'), ((7, 4), 'foodLeft=12'), ((9, 5), 'foodLeft=12')]","[((6, 3), 'foodLeft=13'), ((10, 3), 'foodLeft=12'), ((9, 5), 'foodLeft=12'), ((12, 3), 'foodLeft=13'), ((7, 4), 'foodLeft=12'), ((13, 5), 'foodLeft=11')]",9,5,49,54
9,"((6, 3), 'foodLeft=13')","((7, 3), 'foodLeft=13')",West,"[((7, 3), 'foodLeft=13'), ((5, 3), 'foodLeft=13')]","[((6, 3), 'foodLeft=13'), ((10, 3), 'foodLeft=12'), ((9, 5), 'foodLeft=12'), ((12, 3), 'foodLeft=13'), ((7, 4), 'foodLeft=12'), ((13, 5), 'foodLeft=11')]","[((10, 3), 'foodLeft=12'), ((12, 3), 'foodLeft=13'), ((9, 5), 'foodLeft=12'), ((13, 5), 'foodLeft=11'), ((7, 4), 'foodLeft=12'), ((5, 3), 'foodLeft=13')]",10,3,52,55
10,"((10, 3), 'foodLeft=12')","((10, 4), 'foodLeft=12')",South,"[((10, 4), 'foodLeft=12'), ((11, 3), 'foodLeft=12'), ((9, 3), 'foodLeft=12')]","[((10, 3), 'foodLeft=12'), ((12, 3), 'foodLeft=13'), ((9, 5), 'foodLeft=12'), ((13, 5), 'foodLeft=11'), ((7, 4), 'foodLeft=12'), ((5, 3), 'foodLeft=13')]","[((12, 3), 'foodLeft=13'), ((7, 4), 'foodLeft=12'), ((9, 5), 'foodLeft=12'), ((13, 5), 'foodLeft=11'), ((5, 3), 'foodLeft=13'), ((11, 3), 'foodLeft=12'), ((9, 3), 'foodLeft=12')]",11,3,52,55
11,"((12, 3), 'foodLeft=13')","((11, 3), 'foodLeft=13')",East,"[((13, 3), 'foodLeft=13'), ((11, 3), 'foodLeft=13')]","[((12, 3), 'foodLeft=13'), ((7, 4), 'foodLeft=12'), ((9, 5), 'foodLeft=12'), ((13, 5), 'foodLeft=11'), ((5, 3), 'foodLeft=13'), ((11, 3), 'foodLeft=12'), ((9, 3), 'foodLeft=12')]","[((9, 5), 'foodLeft=12'), ((7, 4), 'foodLeft=12'), ((11, 3), 'foodLeft=12'), ((13, 5), 'foodLeft=11'), ((5, 3), 'foodLeft=13'), ((9, 3), 'foodLeft=12'), ((13, 3), 'foodLeft=13')]",12,3,52,55
12,"((9, 5), 'foodLeft=12')","((10, 5), 'foodLeft=12')",West,"[((10, 5), 'foodLeft=12'), ((8, 5), 'foodLeft=12')]","[((9, 5), 'foodLeft=12'), ((7, 4), 'foodLeft=12'), ((11, 3), 'foodLeft=12'), ((13, 5), 'foodLeft=11'), ((5, 3), 'foodLeft=13'), ((9, 3), 'foodLeft=12'), ((13, 3), 'foodLeft=13')]","[((11, 3), 'foodLeft=12'), ((7, 4), 'foodLeft=12'), ((9, 3), 'foodLeft=12'), ((13, 5), 'foodLeft=11'), ((5, 3), 'foodLeft=13'), ((13, 3), 'foodLeft=13'), ((8, 5), 'foodLeft=12')]",13,4,51,55
13,"((11, 3), 'foodLeft=12')","((10, 3), 'foodLeft=12')",East,"[((12, 3), 'foodLeft=12'), ((10, 3), 'foodLeft=12')]","[((11, 3), 'foodLeft=12'), ((7, 4), 'foodLeft=12'), ((9, 3), 'foodLeft=12'), ((13, 5), 'foodLeft=11'), ((5, 3), 'foodLeft=13'), ((13, 3), 'foodLeft=13'), ((8, 5), 'foodLeft=12')]","[((9, 3), 'foodLeft=12'), ((7, 4), 'foodLeft=12'), ((13, 3), 'foodLeft=13'), ((13, 5), 'foodLeft=11'), ((5, 3), 'foodLeft=13'), ((8, 5), 'foodLeft=12'), ((12, 3), 'foodLeft=12')]",14,4,51,55
14,"((9, 3), 'foodLeft=12')","((10, 3), 'foodLeft=12')",West,"[((10, 3), 'foodLeft=12'), ((8, 3), 'foodLeft=12')]","[((9, 3), 'foodLeft=12'), ((7, 4), 'foodLeft=12'), ((13, 3), 'foodLeft=13'), ((13, 5), 'foodLeft=11'), ((5, 3), 'foodLeft=13'), ((8, 5), 'foodLeft=12'), ((12, 3), 'foodLeft=12')]","[((13, 3), 'foodLeft=13'), ((7, 4), 'foodLeft=12'), ((8, 5), 'foodLeft=12'), ((13, 5), 'foodLeft=11'), ((5, 3), 'foodLeft=13'), ((12, 3), 'foodLeft=12'), ((8, 3), 'foodLeft=12')]",15,4,51,55
15,"((13, 3), 'foodLeft=13')","((12, 3), 'foodLeft=13')",East,"[((13, 4), 'foodLeft=12'), ((14, 3), 'foodLeft=13'), ((12, 3), 'foodLeft=13')]","[((13, 3), 'foodLeft=13'), ((7, 4), 'foodLeft=12'), ((8, 5), 'foodLeft=12'), ((13, 5), 'foodLeft=11'), ((5, 3), 'foodLeft=13'), ((12, 3), 'foodLeft=12'), ((8, 3), 'foodLeft=12')]","[((8, 5), 'foodLeft=12'), ((7, 4), 'foodLeft=12'), ((12, 3), 'foodLeft=12'), ((13, 5), 'foodLeft=11'), ((5, 3), 'foodLeft=13'), ((8, 3), 'foodLeft=12'), ((13, 4), 'foodLeft=12'), ((14, 3), 'foodLeft=13')]",16,4,51,55
16,"((8, 5), 'foodLeft=12')","((9, 5), 'foodLeft=12')",West,"[((9, 5), 'foodLeft=12'), ((7, 5), 'foodLeft=12')]","[((8, 5), 'foodLeft=12'), ((7, 4), 'foodLeft=12'), ((12, 3), 'foodLeft=12'), ((13, 5), 'foodLeft=11'), ((5, 3), 'foodLeft=13'), ((8, 3), 'foodLeft=12'), ((13, 4), 'foodLeft=12'), ((14, 3), 'foodLeft=13')]","[((12, 3), 'foodLeft=12'), ((7, 5), 'foodLeft=12'), ((8, 3), 'foodLeft=12'), ((7, 4), 'foodLeft=12'), ((5, 3), 'foodLeft=13'), ((14, 3), 'foodLeft=13'), ((13, 4), 'foodLeft=12'), ((13, 5), 'foodLeft=11')]",17,5,50,55
17,"((12, 3), 'foodLeft=12')","((11, 3), 'foodLeft=12')",East,"[((13, 3), 'foodLeft=12'), ((11, 3), 'foodLeft=12')]","[((12, 3), 'foodLeft=12'), ((7, 5), 'foodLeft=12'), ((8, 3), 'foodLeft=12'), ((7, 4), 'foodLeft=12'), ((5, 3), 'foodLeft=13'), ((14, 3), 'foodLeft=13'), ((13, 4), 'foodLeft=12'), ((13, 5), 'foodLeft=11')]","[((8, 3), 'foodLeft=12'), ((7, 5), 'foodLeft=12'), ((13, 5), 'foodLeft=11'), ((13, 3), 'foodLeft=12'), ((5, 3), 'foodLeft=13'), ((14, 3), 'foodLeft=13'), ((13, 4), 'foodLeft=12'), ((7, 4), 'foodLeft=12')]",18,5,50,55
18,"((8, 3), 'foodLeft=12')","((9, 3), 'foodLeft=12')",West,"[((9, 3), 'foodLeft=12'), ((7, 3), 'foodLeft=12')]","[((8, 3), 'foodLeft=12'), ((7, 5), 'foodLeft=12'), ((13, 5), 'foodLeft=11'), ((13, 3), 'foodLeft=12'), ((5, 3), 'foodLeft=13'), ((14, 3), 'foodLeft=13'), ((13, 4), 'foodLeft=12'), ((7, 4), 'foodLeft=12')]","[((7, 5), 'foodLeft=12'), ((13, 3), 'foodLeft=12'), ((13, 5), 'foodLeft=11'), ((7, 3), 'foodLeft=12'), ((5, 3), 'foodLeft=13'), ((14, 3), 'foodLeft=13'), ((13, 4), 'foodLeft=12'), ((7, 4), 'foodLeft=12')]",19,5,50,55
19,"((7, 5), 'foodLeft=12')","((8, 5), 'foodLeft=12')",West,"[((7, 4), 'foodLeft=11'), ((8, 5), 'foodLeft=12'), ((6, 5), 'foodLeft=12')]","[((7, 5), 'foodLeft=12'), ((13, 3), 'foodLeft=12'), ((13, 5), 'foodLeft=11'), ((7, 3), 'foodLeft=12'), ((5, 3), 'foodLeft=13'), ((14, 3), 'foodLeft=13'), ((13, 4), 'foodLeft=12'), ((7, 4), 'foodLeft=12')]","[((13, 3), 'foodLeft=12'), ((7, 3), 'foodLeft=12'), ((13, 5), 'foodLeft=11'), ((7, 4), 'foodLeft=12'), ((5, 3), 'foodLeft=13'), ((14, 3), 'foodLeft=13'), ((13, 4), 'foodLeft=12'), ((7, 4), 'foodLeft=11'), ((6, 5), 'foodLeft=12')]",20,6,49,55
20,"((13, 3), 'foodLeft=12')","((12, 3), 'foodLeft=12')",East,"[((13, 4), 'foodLeft=11'), ((14, 3), 'foodLeft=12'), ((12, 3), 'foodLeft=12')]","[((13, 3), 'foodLeft=12'), ((7, 3), 'foodLeft=12'), ((13, 5), 'foodLeft=11'), ((7, 4), 'foodLeft=12'), ((5, 3), 'foodLeft=13'), ((14, 3), 'foodLeft=13'), ((13, 4), 'foodLeft=12'), ((7, 4), 'foodLeft=11'), ((6, 5), 'foodLeft=12')]","[((7, 3), 'foodLeft=12'), ((7, 4), 'foodLeft=12'), ((13, 5), 'foodLeft=11'), ((13, 4), 'foodLeft=11'), ((5, 3), 'foodLeft=13'), ((14, 3), 'foodLeft=13'), ((13, 4), 'foodLeft=12'), ((7, 4), 'foodLeft=11'), ((6, 5), 'foodLeft=12'), ((14, 3), 'foodLeft=12')]",21,6,49,55
21,"((7, 3), 'foodLeft=12')","((8, 3), 'foodLeft=12')",West,"[((7, 4), 'foodLeft=11'), ((8, 3), 'foodLeft=12'), ((6, 3), 'foodLeft=12')]","[((7, 3), 'foodLeft=12'), ((7, 4), 'foodLeft=12'), ((13, 5), 'foodLeft=11'), ((13, 4), 'foodLeft=11'), ((5, 3), 'foodLeft=13'), ((14, 3), 'foodLeft=13'), ((13, 4), 'foodLeft=12'), ((7, 4), 'foodLeft=11'), ((6, 5), 'foodLeft=12'), ((14, 3), 'foodLeft=12')]","[((7, 4), 'foodLeft=12'), ((5, 3), 'foodLeft=13'), ((13, 5), 'foodLeft=11'), ((13, 4), 'foodLeft=11'), ((14, 3), 'foodLeft=12'), ((14, 3), 'foodLeft=13'), ((13, 4), 'foodLeft=12'), ((7, 4), 'foodLeft=11'), ((6, 5), 'foodLeft=12'), ((6, 3), 'foodLeft=12')]",22,6,49,55
22,"((7, 4), 'foodLeft=12')","((7, 3), 'foodLeft=13')",North,"[((7, 5), 'foodLeft=12'), ((7, 3), 'foodLeft=12')]","[((7, 4), 'foodLeft=12'), ((5, 3), 'foodLeft=13'), ((13, 5), 'foodLeft=11'), ((13, 4), 'foodLeft=11'), ((14, 3), 'foodLeft=12'), ((14, 3), 'foodLeft=13'), ((13, 4), 'foodLeft=12'), ((7, 4), 'foodLeft=11'), ((6, 5), 'foodLeft=12'), ((6, 3), 'foodLeft=12')]","[((13, 5), 'foodLeft=11'), ((5, 3), 'foodLeft=13'), ((13, 4), 'foodLeft=12'), ((13, 4), 'foodLeft=11'), ((7, 5), 'foodLeft=12'), ((14, 3), 'foodLeft=13'), ((6, 3), 'foodLeft=12'), ((7, 4), 'foodLeft=11'), ((6, 5), 'foodLeft=12'), ((14, 3), 'foodLeft=12'), ((7, 3), 'foodLeft=12')]",23,3,53,56
23,"((13, 5), 'foodLeft=11')","((12, 5), 'foodLeft=12')",East,"[((13, 4), 'foodLeft=10'), ((14, 5), 'foodLeft=10'), ((12, 5), 'foodLeft=11')]","[((13, 5), 'foodLeft=11'), ((5, 3), 'foodLeft=13'), ((13, 4), 'foodLeft=12'), ((13, 4), 'foodLeft=11'), ((7, 5), 'foodLeft=12'), ((14, 3), 'foodLeft=13'), ((6, 3), 'foodLeft=12'), ((7, 4), 'foodLeft=11'), ((6, 5), 'foodLeft=12'), ((14, 3), 'foodLeft=12'), ((7, 3), 'foodLeft=12')]","[((5, 3), 'foodLeft=13'), ((13, 4), 'foodLeft=11'), ((13, 4), 'foodLeft=12'), ((7, 3), 'foodLeft=12'), ((7, 5), 'foodLeft=12'), ((14, 5), 'foodLeft=10'), ((6, 3), 'foodLeft=12'), ((7, 4), 'foodLeft=11'), ((6, 5), 'foodLeft=12'), ((14, 3), 'foodLeft=12'), ((13, 4), 'foodLeft=10'), ((14, 3), 'foodLeft=13'), ((12, 5), 'foodLeft=11')]",24,6,50,56
24,"((5, 3), 'foodLeft=13')","((6, 3), 'foodLeft=13')",West,"[((6, 3), 'foodLeft=13'), ((4, 3), 'foodLeft=13')]","[((5, 3), 'foodLeft=13'), ((13, 4), 'foodLeft=11'), ((13, 4), 'foodLeft=12'), ((7, 3), 'foodLeft=12'), ((7, 5), 'foodLeft=12'), ((14, 5), 'foodLeft=10'), ((6, 3), 'foodLeft=12'), ((7, 4), 'foodLeft=11'), ((6, 5), 'foodLeft=12'), ((14, 3), 'foodLeft=12'), ((13, 4), 'foodLeft=10'), ((14, 3), 'foodLeft=13'), ((12, 5), 'foodLeft=11')]","[((13, 4), 'foodLeft=12'), ((13, 4), 'foodLeft=11'), ((14, 5), 'foodLeft=10'), ((7, 3), 'foodLeft=12'), ((7, 5), 'foodLeft=12'), ((4, 3), 'foodLeft=13'), ((6, 3), 'foodLeft=12'), ((7, 4), 'foodLeft=11'), ((6, 5), 'foodLeft=12'), ((14, 3), 'foodLeft=12'), ((13, 4), 'foodLeft=10'), ((12, 5), 'foodLeft=11'), ((14, 3), 'foodLeft=13')]",25,4,52,56
25,"((13, 4), 'foodLeft=12')","((13, 3), 'foodLeft=13')",North,"[((13, 5), 'foodLeft=11'), ((13, 3), 'foodLeft=12')]","[((13, 4), 'foodLeft=12'), ((13, 4), 'foodLeft=11'), ((14, 5), 'foodLeft=10'), ((7, 3), 'foodLeft=12'), ((7, 5), 'foodLeft=12'), ((4, 3), 'foodLeft=13'), ((6, 3), 'foodLeft=12'), ((7, 4), 'foodLeft=11'), ((6, 5), 'foodLeft=12'), ((14, 3), 'foodLeft=12'), ((13, 4), 'foodLeft=10'), ((12, 5), 'foodLeft=11'), ((14, 3), 'foodLeft=13')]","[((13, 4), 'foodLeft=11'), ((7, 5), 'foodLeft=12'), ((14, 5), 'foodLeft=10'), ((7, 3), 'foodLeft=12'), ((14, 3), 'foodLeft=13'), ((4, 3), 'foodLeft=13'), ((6, 3), 'foodLeft=12'), ((7, 4), 'foodLeft=11'), ((6, 5), 'foodLeft=12'), ((14, 3), 'foodLeft=12'), ((13, 4), 'foodLeft=10'), ((12, 5), 'foodLeft=11'), ((13, 5), 'foodLeft=11'), ((13, 3), 'foodLeft=12')]",26,5,51,56
26,"((13, 4), 'foodLeft=11')","((13, 3), 'foodLeft=12')",North,"[((13, 5), 'foodLeft=10'), ((13, 3), 'foodLeft=11')]","[((13, 4), 'foodLeft=11'), ((7, 5), 'foodLeft=12'), ((14, 5), 'foodLeft=10'), ((7, 3), 'foodLeft=12'), ((14, 3), 'foodLeft=13'), ((4, 3), 'foodLeft=13'), ((6, 3), 'foodLeft=12'), ((7, 4), 'foodLeft=11'), ((6, 5), 'foodLeft=12'), ((14, 3), 'foodLeft=12'), ((13, 4), 'foodLeft=10'), ((12, 5), 'foodLeft=11'), ((13, 5), 'foodLeft=11'), ((13, 3), 'foodLeft=12')]","[((7, 5), 'foodLeft=12'), ((7, 3), 'foodLeft=12'), ((14, 5), 'foodLeft=10'), ((6, 5), 'foodLeft=12'), ((14, 3), 'foodLeft=13'), ((4, 3), 'foodLeft=13'), ((6, 3), 'foodLeft=12'), ((7, 4), 'foodLeft=11'), ((13, 3), 'foodLeft=12'), ((14, 3), 'foodLeft=12'), ((13, 4), 'foodLeft=10'), ((12, 5), 'foodLeft=11'), ((13, 5), 'foodLeft=11'), ((13, 5), 'foodLeft=10'), ((13, 3), 'foodLeft=11')]",27,7,49,56
27,"((7, 5), 'foodLeft=12')","((7, 4), 'foodLeft=12')",North,"[((7, 4), 'foodLeft=12'), ((8, 5), 'foodLeft=12'), ((6, 5), 'foodLeft=12')]","[((7, 5), 'foodLeft=12'), ((7, 3), 'foodLeft=12'), ((14, 5), 'foodLeft=10'), ((6, 5), 'foodLeft=12'), ((14, 3), 'foodLeft=13'), ((4, 3), 'foodLeft=13'), ((6, 3), 'foodLeft=12'), ((7, 4), 'foodLeft=11'), ((13, 3), 'foodLeft=12'), ((14, 3), 'foodLeft=12'), ((13, 4), 'foodLeft=10'), ((12, 5), 'foodLeft=11'), ((13, 5), 'foodLeft=11'), ((13, 5), 'foodLeft=10'), ((13, 3), 'foodLeft=11')]","[((7, 3), 'foodLeft=12'), ((6, 5), 'foodLeft=12'), ((14, 5), 'foodLeft=10'), ((14, 3), 'foodLeft=13'), ((14, 3), 'foodLeft=12'), ((4, 3), 'foodLeft=13'), ((8, 5), 'foodLeft=12'), ((6, 5), 'foodLeft=12'), ((13, 3), 'foodLeft=12'), ((13, 3), 'foodLeft=11'), ((13, 4), 'foodLeft=10'), ((12, 5), 'foodLeft=11'), ((13, 5), 'foodLeft=11'), ((13, 5), 'foodLeft=10'), ((6, 3), 'foodLeft=12'), ((7, 4), 'foodLeft=11')]",28,4,52,56
28,"((7, 3), 'foodLeft=12')","((7, 4), 'foodLeft=12')",South,"[((7, 4), 'foodLeft=12'), ((8, 3), 'foodLeft=12'), ((6, 3), 'foodLeft=12')]","[((7, 3), 'foodLeft=12'), ((6, 5), 'foodLeft=12'), ((14, 5), 'foodLeft=10'), ((14, 3), 'foodLeft=13'), ((14, 3), 'foodLeft=12'), ((4, 3), 'foodLeft=13'), ((8, 5), 'foodLeft=12'), ((6, 5), 'foodLeft=12'), ((13, 3), 'foodLeft=12'), ((13, 3), 'foodLeft=11'), ((13, 4), 'foodLeft=10'), ((12, 5), 'foodLeft=11'), ((13, 5), 'foodLeft=11'), ((13, 5), 'foodLeft=10'), ((6, 3), 'foodLeft=12'), ((7, 4), 'foodLeft=11')]","[((14, 5), 'foodLeft=10'), ((6, 5), 'foodLeft=12'), ((4, 3), 'foodLeft=13'), ((8, 3), 'foodLeft=12'), ((14, 3), 'foodLeft=12'), ((7, 4), 'foodLeft=11'), ((8, 5), 'foodLeft=12'), ((6, 3), 'foodLeft=12'), ((13, 3), 'foodLeft=12'), ((13, 3), 'foodLeft=11'), ((13, 4), 'foodLeft=10'), ((12, 5), 'foodLeft=11'), ((13, 5), 'foodLeft=11'), ((13, 5), 'foodLeft=10'), ((6, 3), 'foodLeft=12'), ((6, 5), 'foodLeft=12'), ((14, 3), 'foodLeft=13')]",29,4,52,56
29,"((14, 5), 'foodLeft=10')","((13, 5), 'foodLeft=11')",East,"[((13, 5), 'foodLeft=10')]","[((14, 5), 'foodLeft=10'), ((6, 5), 'foodLeft=12'), ((4, 3), 'foodLeft=13'), ((8, 3), 'foodLeft=12'), ((14, 3), 'foodLeft=12'), ((7, 4), 'foodLeft=11'), ((8, 5), 'foodLeft=12'), ((6, 3), 'foodLeft=12'), ((13, 3), 'foodLeft=12'), ((13, 3), 'foodLeft=11'), ((13, 4), 'foodLeft=10'), ((12, 5), 'foodLeft=11'), ((13, 5), 'foodLeft=11'), ((13, 5), 'foodLeft=10'), ((6, 3), 'foodLeft=12'), ((6, 5), 'foodLeft=12'), ((14, 3), 'foodLeft=13')]","[((4, 3), 'foodLeft=13'), ((6, 5), 'foodLeft=12'), ((8, 5), 'foodLeft=12'), ((8, 3), 'foodLeft=12'), ((14, 3), 'foodLeft=12'), ((7, 4), 'foodLeft=11'), ((14, 3), 'foodLeft=13'), ((6, 3), 'foodLeft=12'), ((13, 3), 'foodLeft=12'), ((13, 3), 'foodLeft=11'), ((13, 4), 'foodLeft=10'), ((12, 5), 'foodLeft=11'), ((13, 5), 'foodLeft=11'), ((13, 5), 'foodLeft=10'), ((6, 3), 'foodLeft=12'), ((6, 5), 'foodLeft=12'), ((13, 5), 'foodLeft=10')]",30,7,49,56
30,"((4, 3), 'foodLeft=13')","((5, 3), 'foodLeft=13')",West,"[((4, 4), 'foodLeft=12'), ((5, 3), 'foodLeft=13'), ((3, 3), 'foodLeft=13')]","[((4, 3), 'foodLeft=13'), ((6, 5), 'foodLeft=12'), ((8, 5), 'foodLeft=12'), ((8, 3), 'foodLeft=12'), ((14, 3), 'foodLeft=12'), ((7, 4), 'foodLeft=11'), ((14, 3), 'foodLeft=13'), ((6, 3), 'foodLeft=12'), ((13, 3), 'foodLeft=12'), ((13, 3), 'foodLeft=11'), ((13, 4), 'foodLeft=10'), ((12, 5), 'foodLeft=11'), ((13, 5), 'foodLeft=11'), ((13, 5), 'foodLeft=10'), ((6, 3), 'foodLeft=12'), ((6, 5), 'foodLeft=12'), ((13, 5), 'foodLeft=10')]","[((8, 5), 'foodLeft=12'), ((6, 5), 'foodLeft=12'), ((13, 5), 'foodLeft=10'), ((8, 3), 'foodLeft=12'), ((14, 3), 'foodLeft=12'), ((7, 4), 'foodLeft=11'), ((14, 3), 'foodLeft=13'), ((6, 3), 'foodLeft=12'), ((13, 3), 'foodLeft=12'), ((13, 3), 'foodLeft=11'), ((13, 4), 'foodLeft=10'), ((12, 5), 'foodLeft=11'), ((13, 5), 'foodLeft=11'), ((13, 5), 'foodLeft=10'), ((6, 3), 'foodLeft=12'), ((6, 5), 'foodLeft=12'), ((4, 4), 'foodLeft=12'), ((3, 3), 'foodLeft=13')]",31,5,51,56
31,"((8, 5), 'foodLeft=12')","((7, 5), 'foodLeft=12')",East,"[((9, 5), 'foodLeft=12'), ((7, 5), 'foodLeft=12')]","[((8, 5), 'foodLeft=12'), ((6, 5), 'foodLeft=12'), ((13, 5), 'foodLeft=10'), ((8, 3), 'foodLeft=12'), ((14, 3), 'foodLeft=12'), ((7, 4), 'foodLeft=11'), ((14, 3), 'foodLeft=13'), ((6, 3), 'foodLeft=12'), ((13, 3), 'foodLeft=12'), ((13, 3), 'foodLeft=11'), ((13, 4), 'foodLeft=10'), ((12, 5), 'foodLeft=11'), ((13, 5), 'foodLeft=11'), ((13, 5), 'foodLeft=10'), ((6, 3), 'foodLeft=12'), ((6, 5), 'foodLeft=12'), ((4, 4), 'foodLeft=12'), ((3, 3), 'foodLeft=13')]","[((6, 5), 'foodLeft=12'), ((8, 3), 'foodLeft=12'), ((13, 5), 'foodLeft=10'), ((6, 3), 'foodLeft=12'), ((14, 3), 'foodLeft=12'), ((7, 4), 'foodLeft=11'), ((14, 3), 'foodLeft=13'), ((6, 5), 'foodLeft=12'), ((9, 5), 'foodLeft=12'), ((13, 3), 'foodLeft=11'), ((13, 4), 'foodLeft=10'), ((12, 5), 'foodLeft=11'), ((13, 5), 'foodLeft=11'), ((13, 5), 'foodLeft=10'), ((6, 3), 'foodLeft=12'), ((3, 3), 'foodLeft=13'), ((4, 4), 'foodLeft=12'), ((13, 3), 'foodLeft=12')]",32,5,51,56
32,"((6, 5), 'foodLeft=12')","((7, 5), 'foodLeft=12')",West,"[((7, 5), 'foodLeft=12'), ((5, 5), 'foodLeft=12')]","[((6, 5), 'foodLeft=12'), ((8, 3), 'foodLeft=12'), ((13, 5), 'foodLeft=10'), ((6, 3), 'foodLeft=12'), ((14, 3), 'foodLeft=12'), ((7, 4), 'foodLeft=11'), ((14, 3), 'foodLeft=13'), ((6, 5), 'foodLeft=12'), ((9, 5), 'foodLeft=12'), ((13, 3), 'foodLeft=11'), ((13, 4), 'foodLeft=10'), ((12, 5), 'foodLeft=11'), ((13, 5), 'foodLeft=11'), ((13, 5), 'foodLeft=10'), ((6, 3), 'foodLeft=12'), ((3, 3), 'foodLeft=13'), ((4, 4), 'foodLeft=12'), ((13, 3), 'foodLeft=12')]","[((8, 3), 'foodLeft=12'), ((6, 3), 'foodLeft=12'), ((13, 5), 'foodLeft=10'), ((9, 5), 'foodLeft=12'), ((14, 3), 'foodLeft=12'), ((7, 4), 'foodLeft=11'), ((14, 3), 'foodLeft=13'), ((6, 5), 'foodLeft=12'), ((5, 5), 'foodLeft=12'), ((13, 3), 'foodLeft=11'), ((13, 4), 'foodLeft=10'), ((12, 5), 'foodLeft=11'), ((13, 5), 'foodLeft=11'), ((13, 5), 'foodLeft=10'), ((6, 3), 'foodLeft=12'), ((3, 3), 'foodLeft=13'), ((4, 4), 'foodLeft=12'), ((13, 3), 'foodLeft=12')]",33,5,51,56
33,"((8, 3), 'foodLeft=12')","((7, 3), 'foodLeft=12')",East,"[((9, 3), 'foodLeft=12'), ((7, 3), 'foodLeft=12')]","[((8, 3), 'foodLeft=12'), ((6, 3), 'foodLeft=12'), ((13, 5), 'foodLeft=10'), ((9, 5), 'foodLeft=12'), ((14, 3), 'foodLeft=12'), ((7, 4), 'foodLeft=11'), ((14, 3), 'foodLeft=13'), ((6, 5), 'foodLeft=12'), ((5, 5), 'foodLeft=12'), ((13, 3), 'foodLeft=11'), ((13, 4), 'foodLeft=10'), ((12, 5), 'foodLeft=11'), ((13, 5), 'foodLeft=11'), ((13, 5), 'foodLeft=10'), ((6, 3), 'foodLeft=12'), ((3, 3), 'foodLeft=13'), ((4, 4), 'foodLeft=12'), ((13, 3), 'foodLeft=12')]","[((6, 3), 'foodLeft=12'), ((9, 5), 'foodLeft=12'), ((13, 5), 'foodLeft=10'), ((5, 5), 'foodLeft=12'), ((14, 3), 'foodLeft=12'), ((7, 4), 'foodLeft=11'), ((14, 3), 'foodLeft=13'), ((6, 5), 'foodLeft=12'), ((9, 3), 'foodLeft=12'), ((13, 3), 'foodLeft=11'), ((13, 4), 'foodLeft=10'), ((12, 5), 'foodLeft=11'), ((13, 5), 'foodLeft=11'), ((13, 5), 'foodLeft=10'), ((6, 3), 'foodLeft=12'), ((3, 3), 'foodLeft=13'), ((4, 4), 'foodLeft=12'), ((13, 3), 'foodLeft=12')]",34,5,51,56
34,"((6, 3), 'foodLeft=12')","((7, 3), 'foodLeft=12')",West,"[((7, 3), 'foodLeft=12'), ((5, 3), 'foodLeft=12')]","[((6, 3), 'foodLeft=12'), ((9, 5), 'foodLeft=12'), ((13, 5), 'foodLeft=10'), ((5, 5), 'foodLeft=12'), ((14, 3), 'foodLeft=12'), ((7, 4), 'foodLeft=11'), ((14, 3), 'foodLeft=13'), ((6, 5), 'foodLeft=12'), ((9, 3), 'foodLeft=12'), ((13, 3), 'foodLeft=11'), ((13, 4), 'foodLeft=10'), ((12, 5), 'foodLeft=11'), ((13, 5), 'foodLeft=11'), ((13, 5), 'foodLeft=10'), ((6, 3), 'foodLeft=12'), ((3, 3), 'foodLeft=13'), ((4, 4), 'foodLeft=12'), ((13, 3), 'foodLeft=12')]","[((13, 5), 'foodLeft=10'), ((9, 5), 'foodLeft=12'), ((14, 3), 'foodLeft=13'), ((5, 5), 'foodLeft=12'), ((14, 3), 'foodLeft=12'), ((7, 4), 'foodLeft=11'), ((6, 3), 'foodLeft=12'), ((6, 5), 'foodLeft=12'), ((9, 3), 'foodLeft=12'), ((13, 3), 'foodLeft=11'), ((13, 4), 'foodLeft=10'), ((12, 5), 'foodLeft=11'), ((13, 5), 'foodLeft=11'), ((13, 5), 'foodLeft=10'), ((13, 3), 'foodLeft=12'), ((3, 3), 'foodLeft=13'), ((4, 4), 'foodLeft=12'), ((5, 3), 'foodLeft=12')]",35,5,51,56
35,"((13, 5), 'foodLeft=10')","((14, 5), 'foodLeft=10')",West,"[((13, 4), 'foodLeft=9'), ((14, 5), 'foodLeft=10'), ((12, 5), 'foodLeft=10')]","[((13, 5), 'foodLeft=10'), ((9, 5), 'foodLeft=12'), ((14, 3), 'foodLeft=13'), ((5, 5), 'foodLeft=12'), ((14, 3), 'foodLeft=12'), ((7, 4), 'foodLeft=11'), ((6, 3), 'foodLeft=12'), ((6, 5), 'foodLeft=12'), ((9, 3), 'foodLeft=12'), ((13, 3), 'foodLeft=11'), ((13, 4), 'foodLeft=10'), ((12, 5), 'foodLeft=11'), ((13, 5), 'foodLeft=11'), ((13, 5), 'foodLeft=10'), ((13, 3), 'foodLeft=12'), ((3, 3), 'foodLeft=13'), ((4, 4), 'foodLeft=12'), ((5, 3), 'foodLeft=12')]","[((9, 5), 'foodLeft=12'), ((5, 5), 'foodLeft=12'), ((14, 3), 'foodLeft=13'), ((9, 3), 'foodLeft=12'), ((14, 3), 'foodLeft=12'), ((7, 4), 'foodLeft=11'), ((6, 3), 'foodLeft=12'), ((6, 5), 'foodLeft=12'), ((5, 3), 'foodLeft=12'), ((13, 3), 'foodLeft=11'), ((13, 4), 'foodLeft=10'), ((12, 5), 'foodLeft=11'), ((13, 5), 'foodLeft=11'), ((13, 5), 'foodLeft=10'), ((13, 3), 'foodLeft=12'), ((3, 3), 'foodLeft=13'), ((4, 4), 'foodLeft=12'), ((13, 4), 'foodLeft=9'), ((12, 5), 'foodLeft=10')]",36,8,48,56
36,"((9, 5), 'foodLeft=12')","((8, 5), 'foodLeft=12')",East,"[((10, 5), 'foodLeft=12'), ((8, 5), 'foodLeft=12')]","[((9, 5), 'foodLeft=12'), ((5, 5), 'foodLeft=12'), ((14, 3), 'foodLeft=13'), ((9, 3), 'foodLeft=12'), ((14, 3), 'foodLeft=12'), ((7, 4), 'foodLeft=11'), ((6, 3), 'foodLeft=12'), ((6, 5), 'foodLeft=12'), ((5, 3), 'foodLeft=12'), ((13, 3), 'foodLeft=11'), ((13, 4), 'foodLeft=10'), ((12, 5), 'foodLeft=11'), ((13, 5), 'foodLeft=11'), ((13, 5), 'foodLeft=10'), ((13, 3), 'foodLeft=12'), ((3, 3), 'foodLeft=13'), ((4, 4), 'foodLeft=12'), ((13, 4), 'foodLeft=9'), ((12, 5), 'foodLeft=10')]","[((5, 5), 'foodLeft=12'), ((9, 3), 'foodLeft=12'), ((14, 3), 'foodLeft=13'), ((5, 3), 'foodLeft=12'), ((14, 3), 'foodLeft=12'), ((7, 4), 'foodLeft=11'), ((6, 3), 'foodLeft=12'), ((6, 5), 'foodLeft=12'), ((10, 5), 'foodLeft=12'), ((13, 3), 'foodLeft=11'), ((13, 4), 'foodLeft=10'), ((12, 5), 'foodLeft=11'), ((13, 5), 'foodLeft=11'), ((13, 5), 'foodLeft=10'), ((13, 3), 'foodLeft=12'), ((3, 3), 'foodLeft=13'), ((4, 4), 'foodLeft=12'), ((13, 4), 'foodLeft=9'), ((12, 5), 'foodLeft=10')]",37,6,50,56
37,"((5, 5), 'foodLeft=12')","((6, 5), 'foodLeft=12')",West,"[((6, 5), 'foodLeft=12'), ((4, 5), 'foodLeft=12')]","[((5, 5), 'foodLeft=12'), ((9, 3), 'foodLeft=12'), ((14, 3), 'foodLeft=13'), ((5, 3), 'foodLeft=12'), ((14, 3), 'foodLeft=12'), ((7, 4), 'foodLeft=11'), ((6, 3), 'foodLeft=12'), ((6, 5), 'foodLeft=12'), ((10, 5), 'foodLeft=12'), ((13, 3), 'foodLeft=11'), ((13, 4), 'foodLeft=10'), ((12, 5), 'foodLeft=11'), ((13, 5), 'foodLeft=11'), ((13, 5), 'foodLeft=10'), ((13, 3), 'foodLeft=12'), ((3, 3), 'foodLeft=13'), ((4, 4), 'foodLeft=12'), ((13, 4), 'foodLeft=9'), ((12, 5), 'foodLeft=10')]","[((9, 3), 'foodLeft=12'), ((5, 3), 'foodLeft=12'), ((14, 3), 'foodLeft=13'), ((10, 5), 'foodLeft=12'), ((14, 3), 'foodLeft=12'), ((7, 4), 'foodLeft=11'), ((6, 3), 'foodLeft=12'), ((6, 5), 'foodLeft=12'), ((4, 5), 'foodLeft=12'), ((13, 3), 'foodLeft=11'), ((13, 4), 'foodLeft=10'), ((12, 5), 'foodLeft=11'), ((13, 5), 'foodLeft=11'), ((13, 5), 'foodLeft=10'), ((13, 3), 'foodLeft=12'), ((3, 3), 'foodLeft=13'), ((4, 4), 'foodLeft=12'), ((13, 4), 'foodLeft=9'), ((12, 5), 'foodLeft=10')]",38,6,50,56
38,"((9, 3), 'foodLeft=12')","((8, 3), 'foodLeft=12')",East,"[((10, 3), 'foodLeft=12'), ((8, 3), 'foodLeft=12')]","[((9, 3), 'foodLeft=12'), ((5, 3), 'foodLeft=12'), ((14, 3), 'foodLeft=13'), ((10, 5), 'foodLeft=12'), ((14, 3), 'foodLeft=12'), ((7, 4), 'foodLeft=11'), ((6, 3), 'foodLeft=12'), ((6, 5), 'foodLeft=12'), ((4, 5), 'foodLeft=12'), ((13, 3), 'foodLeft=11'), ((13, 4), 'foodLeft=10'), ((12, 5), 'foodLeft=11'), ((13, 5), 'foodLeft=11'), ((13, 5), 'foodLeft=10'), ((13, 3), 'foodLeft=12'), ((3, 3), 'foodLeft=13'), ((4, 4), 'foodLeft=12'), ((13, 4), 'foodLeft=9'), ((12, 5), 'foodLeft=10')]","[((5, 3), 'foodLeft=12'), ((10, 5), 'foodLeft=12'), ((14, 3), 'foodLeft=13'), ((4, 5), 'foodLeft=12'), ((14, 3), 'foodLeft=12'), ((7, 4), 'foodLeft=11'), ((6, 3), 'foodLeft=12'), ((6, 5), 'foodLeft=12'), ((10, 3), 'foodLeft=12'), ((13, 3), 'foodLeft=11'), ((13, 4), 'foodLeft=10'), ((12, 5), 'foodLeft=11'), ((13, 5), 'foodLeft=11'), ((13, 5), 'foodLeft=10'), ((13, 3), 'foodLeft=12'), ((3, 3), 'foodLeft=13'), ((4, 4), 'foodLeft=12'), ((13, 4), 'foodLeft=9'), ((12, 5), 'foodLeft=10')]",39,6,50,56
39,"((5, 3), 'foodLeft=12')","((6, 3), 'foodLeft=12')",West,"[((6, 3), 'foodLeft=12'), ((4, 3), 'foodLeft=12')]","[((5, 3), 'foodLeft=12'), ((10, 5), 'foodLeft=12'), ((14, 3), 'foodLeft=13'), ((4, 5), 'foodLeft=12'), ((14, 3), 'foodLeft=12'), ((7, 4), 'foodLeft=11'), ((6, 3), 'foodLeft=12'), ((6, 5), 'foodLeft=12'), ((10, 3), 'foodLeft=12'), ((13, 3), 'foodLeft=11'), ((13, 4), 'foodLeft=10'), ((12, 5), 'foodLeft=11'), ((13, 5), 'foodLeft=11'), ((13, 5), 'foodLeft=10'), ((13, 3), 'foodLeft=12'), ((3, 3), 'foodLeft=13'), ((4, 4), 'foodLeft=12'), ((13, 4), 'foodLeft=9'), ((12, 5), 'foodLeft=10')]","[((10, 5), 'foodLeft=12'), ((4, 5), 'foodLeft=12'), ((14, 3), 'foodLeft=13'), ((10, 3), 'foodLeft=12'), ((14, 3), 'foodLeft=12'), ((7, 4), 'foodLeft=11'), ((6, 3), 'foodLeft=12'), ((6, 5), 'foodLeft=12'), ((4, 3), 'foodLeft=12'), ((13, 3), 'foodLeft=11'), ((13, 4), 'foodLeft=10'), ((12, 5), 'foodLeft=11'), ((13, 5), 'foodLeft=11'), ((13, 5), 'foodLeft=10'), ((13, 3), 'foodLeft=12'), ((3, 3), 'foodLeft=13'), ((4, 4), 'foodLeft=12'), ((13, 4), 'foodLeft=9'), ((12, 5), 'foodLeft=10')]",40,6,50,56
40,"((10, 5), 'foodLeft=12')","((9, 5), 'foodLeft=12')",East,"[((10, 4), 'foodLeft=11'), ((11, 5), 'foodLeft=12'), ((9, 5), 'foodLeft=12')]","[((10, 5), 'foodLeft=12'), ((4, 5), 'foodLeft=12'), ((14, 3), 'foodLeft=13'), ((10, 3), 'foodLeft=12'), ((14, 3), 'foodLeft=12'), ((7, 4), 'foodLeft=11'), ((6, 3), 'foodLeft=12'), ((6, 5), 'foodLeft=12'), ((4, 3), 'foodLeft=12'), ((13, 3), 'foodLeft=11'), ((13, 4), 'foodLeft=10'), ((12, 5), 'foodLeft=11'), ((13, 5), 'foodLeft=11'), ((13, 5), 'foodLeft=10'), ((13, 3), 'foodLeft=12'), ((3, 3), 'foodLeft=13'), ((4, 4), 'foodLeft=12'), ((13, 4), 'foodLeft=9'), ((12, 5), 'foodLeft=10')]","[((4, 5), 'foodLeft=12'), ((10, 3), 'foodLeft=12'), ((14, 3), 'foodLeft=13'), ((4, 3), 'foodLeft=12'), ((14, 3), 'foodLeft=12'), ((7, 4), 'foodLeft=11'), ((6, 3), 'foodLeft=12'), ((6, 5), 'foodLeft=12'), ((12, 5), 'foodLeft=10'), ((13, 3), 'foodLeft=11'), ((13, 4), 'foodLeft=10'), ((12, 5), 'foodLeft=11'), ((13, 5), 'foodLeft=11'), ((13, 5), 'foodLeft=10'), ((13, 3), 'foodLeft=12'), ((3, 3), 'foodLeft=13'), ((4, 4), 'foodLeft=12'), ((13, 4), 'foodLeft=9'), ((10, 4), 'foodLeft=11'), ((11, 5), 'foodLeft=12')]",41,7,49,56
41,"((4, 5), 'foodLeft=12')","((5, 5), 'foodLeft=12')",West,"[((4, 4), 'foodLeft=11'), ((5, 5), 'foodLeft=12'), ((3, 5), 'foodLeft=12')]","[((4, 5), 'foodLeft=12'), ((10, 3), 'foodLeft=12'), ((14, 3), 'foodLeft=13'), ((4, 3), 'foodLeft=12'), ((14, 3), 'foodLeft=12'), ((7, 4), 'foodLeft=11'), ((6, 3), 'foodLeft=12'), ((6, 5), 'foodLeft=12'), ((12, 5), 'foodLeft=10'), ((13, 3), 'foodLeft=11'), ((13, 4), 'foodLeft=10'), ((12, 5), 'foodLeft=11'), ((13, 5), 'foodLeft=11'), ((13, 5), 'foodLeft=10'), ((13, 3), 'foodLeft=12'), ((3, 3), 'foodLeft=13'), ((4, 4), 'foodLeft=12'), ((13, 4), 'foodLeft=9'), ((10, 4), 'foodLeft=11'), ((11, 5), 'foodLeft=12')]","[((10, 3), 'foodLeft=12'), ((4, 3), 'foodLeft=12'), ((14, 3), 'foodLeft=13'), ((6, 5), 'foodLeft=12'), ((14, 3), 'foodLeft=12'), ((7, 4), 'foodLeft=11'), ((6, 3), 'foodLeft=12'), ((4, 4), 'foodLeft=12'), ((12, 5), 'foodLeft=10'), ((13, 3), 'foodLeft=11'), ((13, 4), 'foodLeft=10'), ((12, 5), 'foodLeft=11'), ((13, 5), 'foodLeft=11'), ((13, 5), 'foodLeft=10'), ((13, 3), 'foodLeft=12'), ((3, 3), 'foodLeft=13'), ((11, 5), 'foodLeft=12'), ((13, 4), 'foodLeft=9'), ((10, 4), 'foodLeft=11'), ((4, 4), 'foodLeft=11'), ((3, 5), 'foodLeft=12')]",42,7,49,56
42,"((10, 3), 'foodLeft=12')","((9, 3), 'foodLeft=12')",East,"[((10, 4), 'foodLeft=11'), ((11, 3), 'foodLeft=12'), ((9, 3), 'foodLeft=12')]","[((10, 3), 'foodLeft=12'), ((4, 3), 'foodLeft=12'), ((14, 3), 'foodLeft=13'), ((6, 5), 'foodLeft=12'), ((14, 3), 'foodLeft=12'), ((7, 4), 'foodLeft=11'), ((6, 3), 'foodLeft=12'), ((4, 4), 'foodLeft=12'), ((12, 5), 'foodLeft=10'), ((13, 3), 'foodLeft=11'), ((13, 4), 'foodLeft=10'), ((12, 5), 'foodLeft=11'), ((13, 5), 'foodLeft=11'), ((13, 5), 'foodLeft=10'), ((13, 3), 'foodLeft=12'), ((3, 3), 'foodLeft=13'), ((11, 5), 'foodLeft=12'), ((13, 4), 'foodLeft=9'), ((10, 4), 'foodLeft=11'), ((4, 4), 'foodLeft=11'), ((3, 5), 'foodLeft=12')]","[((4, 3), 'foodLeft=12'), ((6, 5), 'foodLeft=12'), ((14, 3), 'foodLeft=13'), ((4, 4), 'foodLeft=12'), ((14, 3), 'foodLeft=12'), ((7, 4), 'foodLeft=11'), ((6, 3), 'foodLeft=12'), ((3, 3), 'foodLeft=13'), ((12, 5), 'foodLeft=10'), ((13, 3), 'foodLeft=11'), ((13, 4), 'foodLeft=10'), ((12, 5), 'foodLeft=11'), ((13, 5), 'foodLeft=11'), ((13, 5), 'foodLeft=10'), ((13, 3), 'foodLeft=12'), ((3, 5), 'foodLeft=12'), ((11, 5), 'foodLeft=12'), ((13, 4), 'foodLeft=9'), ((10, 4), 'foodLeft=11'), ((4, 4), 'foodLeft=11'), ((11, 3), 'foodLeft=12')]",43,7,49,56
43,"((4, 3), 'foodLeft=12')","((5, 3), 'foodLeft=12')",West,"[((4, 4), 'foodLeft=11'), ((5, 3), 'foodLeft=12'), ((3, 3), 'foodLeft=12')]","[((4, 3), 'foodLeft=12'), ((6, 5), 'foodLeft=12'), ((14, 3), 'foodLeft=13'), ((4, 4), 'foodLeft=12'), ((14, 3), 'foodLeft=12'), ((7, 4), 'foodLeft=11'), ((6, 3), 'foodLeft=12'), ((3, 3), 'foodLeft=13'), ((12, 5), 'foodLeft=10'), ((13, 3), 'foodLeft=11'), ((13, 4), 'foodLeft=10'), ((12, 5), 'foodLeft=11'), ((13, 5), 'foodLeft=11'), ((13, 5), 'foodLeft=10'), ((13, 3), 'foodLeft=12'), ((3, 5), 'foodLeft=12'), ((11, 5), 'foodLeft=12'), ((13, 4), 'foodLeft=9'), ((10, 4), 'foodLeft=11'), ((4, 4), 'foodLeft=11'), ((11, 3), 'foodLeft=12')]","[((14, 3), 'foodLeft=13'), ((6, 5), 'foodLeft=12'), ((6, 3), 'foodLeft=12'), ((4, 4), 'foodLeft=12'), ((14, 3), 'foodLeft=12'), ((7, 4), 'foodLeft=11'), ((13, 3), 'foodLeft=12'), ((3, 3), 'foodLeft=13'), ((12, 5), 'foodLeft=10'), ((13, 3), 'foodLeft=11'), ((13, 4), 'foodLeft=10'), ((12, 5), 'foodLeft=11'), ((13, 5), 'foodLeft=11'), ((13, 5), 'foodLeft=10'), ((11, 3), 'foodLeft=12'), ((3, 5), 'foodLeft=12'), ((11, 5), 'foodLeft=12'), ((13, 4), 'foodLeft=9'), ((10, 4), 'foodLeft=11'), ((4, 4), 'foodLeft=11'), ((3, 3), 'foodLeft=12')]",44,7,49,56
44,"((14, 3), 'foodLeft=13')","((13, 3), 'foodLeft=13')",East,"[((15, 3), 'foodLeft=13'), ((13, 3), 'foodLeft=13')]","[((14, 3), 'foodLeft=13'), ((6, 5), 'foodLeft=12'), ((6, 3), 'foodLeft=12'), ((4, 4), 'foodLeft=12'), ((14, 3), 'foodLeft=12'), ((7, 4), 'foodLeft=11'), ((13, 3), 'foodLeft=12'), ((3, 3), 'foodLeft=13'), ((12, 5), 'foodLeft=10'), ((13, 3), 'foodLeft=11'), ((13, 4), 'foodLeft=10'), ((12, 5), 'foodLeft=11'), ((13, 5), 'foodLeft=11'), ((13, 5), 'foodLeft=10'), ((11, 3), 'foodLeft=12'), ((3, 5), 'foodLeft=12'), ((11, 5), 'foodLeft=12'), ((13, 4), 'foodLeft=9'), ((10, 4), 'foodLeft=11'), ((4, 4), 'foodLeft=11'), ((3, 3), 'foodLeft=12')]","[((6, 5), 'foodLeft=12'), ((14, 3), 'foodLeft=12'), ((6, 3), 'foodLeft=12'), ((4, 4), 'foodLeft=12'), ((13, 4), 'foodLeft=10'), ((7, 4), 'foodLeft=11'), ((13, 3), 'foodLeft=12'), ((3, 3), 'foodLeft=13'), ((12, 5), 'foodLeft=10'), ((13, 3), 'foodLeft=11'), ((3, 3), 'foodLeft=12'), ((12, 5), 'foodLeft=11'), ((13, 5), 'foodLeft=11'), ((13, 5), 'foodLeft=10'), ((11, 3), 'foodLeft=12'), ((3, 5), 'foodLeft=12'), ((11, 5), 'foodLeft=12'), ((13, 4), 'foodLeft=9'), ((10, 4), 'foodLeft=11'), ((4, 4), 'foodLeft=11'), ((15, 3), 'foodLeft=13')]",45,5,52,57
45,"((6, 5), 'foodLeft=12')","((7, 5), 'foodLeft=12')",West,"[((7, 5), 'foodLeft=12'), ((5, 5), 'foodLeft=12')]","[((6, 5), 'foodLeft=12'), ((14, 3), 'foodLeft=12'), ((6, 3), 'foodLeft=12'), ((4, 4), 'foodLeft=12'), ((13, 4), 'foodLeft=10'), ((7, 4), 'foodLeft=11'), ((13, 3), 'foodLeft=12'), ((3, 3), 'foodLeft=13'), ((12, 5), 'foodLeft=10'), ((13, 3), 'foodLeft=11'), ((3, 3), 'foodLeft=12'), ((12, 5), 'foodLeft=11'), ((13, 5), 'foodLeft=11'), ((13, 5), 'foodLeft=10'), ((11, 3), 'foodLeft=12'), ((3, 5), 'foodLeft=12'), ((11, 5), 'foodLeft=12'), ((13, 4), 'foodLeft=9'), ((10, 4), 'foodLeft=11'), ((4, 4), 'foodLeft=11'), ((15, 3), 'foodLeft=13')]","[((14, 3), 'foodLeft=12'), ((13, 4), 'foodLeft=10'), ((6, 3), 'foodLeft=12'), ((4, 4), 'foodLeft=12'), ((13, 3), 'foodLeft=11'), ((7, 4), 'foodLeft=11'), ((13, 3), 'foodLeft=12'), ((3, 3), 'foodLeft=13'), ((12, 5), 'foodLeft=10'), ((4, 4), 'foodLeft=11'), ((3, 3), 'foodLeft=12'), ((12, 5), 'foodLeft=11'), ((13, 5), 'foodLeft=11'), ((13, 5), 'foodLeft=10'), ((11, 3), 'foodLeft=12'), ((3, 5), 'foodLeft=12'), ((11, 5), 'foodLeft=12'), ((13, 4), 'foodLeft=9'), ((10, 4), 'foodLeft=11'), ((15, 3), 'foodLeft=13'), ((5, 5), 'foodLeft=12')]",46,7,50,57
46,"((14, 3), 'foodLeft=12')","((13, 3), 'foodLeft=12')",East,"[((15, 3), 'foodLeft=12'), ((13, 3), 'foodLeft=12')]","[((14, 3), 'foodLeft=12'), ((13, 4), 'foodLeft=10'), ((6, 3), 'foodLeft=12'), ((4, 4), 'foodLeft=12'), ((13, 3), 'foodLeft=11'), ((7, 4), 'foodLeft=11'), ((13, 3), 'foodLeft=12'), ((3, 3), 'foodLeft=13'), ((12, 5), 'foodLeft=10'), ((4, 4), 'foodLeft=11'), ((3, 3), 'foodLeft=12'), ((12, 5), 'foodLeft=11'), ((13, 5), 'foodLeft=11'), ((13, 5), 'foodLeft=10'), ((11, 3), 'foodLeft=12'), ((3, 5), 'foodLeft=12'), ((11, 5), 'foodLeft=12'), ((13, 4), 'foodLeft=9'), ((10, 4), 'foodLeft=11'), ((15, 3), 'foodLeft=13'), ((5, 5), 'foodLeft=12')]","[((6, 3), 'foodLeft=12'), ((13, 4), 'foodLeft=10'), ((7, 4), 'foodLeft=11'), ((4, 4), 'foodLeft=12'), ((13, 3), 'foodLeft=11'), ((12, 5), 'foodLeft=11'), ((13, 3), 'foodLeft=12'), ((3, 3), 'foodLeft=13'), ((12, 5), 'foodLeft=10'), ((4, 4), 'foodLeft=11'), ((3, 3), 'foodLeft=12'), ((5, 5), 'foodLeft=12'), ((13, 5), 'foodLeft=11'), ((13, 5), 'foodLeft=10'), ((11, 3), 'foodLeft=12'), ((3, 5), 'foodLeft=12'), ((11, 5), 'foodLeft=12'), ((13, 4), 'foodLeft=9'), ((10, 4), 'foodLeft=11'), ((15, 3), 'foodLeft=13'), ((15, 3), 'foodLeft=12')]",47,7,50,57
47,"((6, 3), 'foodLeft=12')","((7, 3), 'foodLeft=12')",West,"[((7, 3), 'foodLeft=12'), ((5, 3), 'foodLeft=12')]","[((6, 3), 'foodLeft=12'), ((13, 4), 'foodLeft=10'), ((7, 4), 'foodLeft=11'), ((4, 4), 'foodLeft=12'), ((13, 3), 'foodLeft=11'), ((12, 5), 'foodLeft=11'), ((13, 3), 'foodLeft=12'), ((3, 3), 'foodLeft=13'), ((12, 5), 'foodLeft=10'), ((4, 4), 'foodLeft=11'), ((3, 3), 'foodLeft=12'), ((5, 5), 'foodLeft=12'), ((13, 5), 'foodLeft=11'), ((13, 5), 'foodLeft=10'), ((11, 3), 'foodLeft=12'), ((3, 5), 'foodLeft=12'), ((11, 5), 'foodLeft=12'), ((13, 4), 'foodLeft=9'), ((10, 4), 'foodLeft=11'), ((15, 3), 'foodLeft=13'), ((15, 3), 'foodLeft=12')]","[((7, 4), 'foodLeft=11'), ((13, 4), 'foodLeft=10'), ((12, 5), 'foodLeft=11'), ((4, 4), 'foodLeft=12'), ((13, 3), 'foodLeft=11'), ((13, 5), 'foodLeft=11'), ((13, 3), 'foodLeft=12'), ((3, 3), 'foodLeft=13'), ((12, 5), 'foodLeft=10'), ((4, 4), 'foodLeft=11'), ((3, 3), 'foodLeft=12'), ((5, 5), 'foodLeft=12'), ((15, 3), 'foodLeft=12'), ((13, 5), 'foodLeft=10'), ((11, 3), 'foodLeft=12'), ((3, 5), 'foodLeft=12'), ((11, 5), 'foodLeft=12'), ((13, 4), 'foodLeft=9'), ((10, 4), 'foodLeft=11'), ((15, 3), 'foodLeft=13'), ((5, 3), 'foodLeft=12')]",48,7,50,57
48,"((7, 4), 'foodLeft=11')","((7, 5), 'foodLeft=12')",South,"[((7, 5), 'foodLeft=11'), ((7, 3), 'foodLeft=11')]","[((7, 4), 'foodLeft=11'), ((13, 4), 'foodLeft=10'), ((12, 5), 'foodLeft=11'), ((4, 4), 'foodLeft=12'), ((13, 3), 'foodLeft=11'), ((13, 5), 'foodLeft=11'), ((13, 3), 'foodLeft=12'), ((3, 3), 'foodLeft=13'), ((12, 5), 'foodLeft=10'), ((4, 4), 'foodLeft=11'), ((3, 3), 'foodLeft=12'), ((5, 5), 'foodLeft=12'), ((15, 3), 'foodLeft=12'), ((13, 5), 'foodLeft=10'), ((11, 3), 'foodLeft=12'), ((3, 5), 'foodLeft=12'), ((11, 5), 'foodLeft=12'), ((13, 4), 'foodLeft=9'), ((10, 4), 'foodLeft=11'), ((15, 3), 'foodLeft=13'), ((5, 3), 'foodLeft=12')]","[((13, 4), 'foodLeft=10'), ((13, 3), 'foodLeft=11'), ((12, 5), 'foodLeft=11'), ((4, 4), 'foodLeft=12'), ((4, 4), 'foodLeft=11'), ((13, 5), 'foodLeft=11'), ((13, 3), 'foodLeft=12'), ((3, 3), 'foodLeft=13'), ((12, 5), 'foodLeft=10'), ((5, 3), 'foodLeft=12'), ((3, 3), 'foodLeft=12'), ((5, 5), 'foodLeft=12'), ((15, 3), 'foodLeft=12'), ((13, 5), 'foodLeft=10'), ((11, 3), 'foodLeft=12'), ((3, 5), 'foodLeft=12'), ((11, 5), 'foodLeft=12'), ((13, 4), 'foodLeft=9'), ((10, 4), 'foodLeft=11'), ((15, 3), 'foodLeft=13'), ((7, 5), 'foodLeft=11'), ((7, 3), 'foodLeft=11')]",49,7,51,58
49,"((13, 4), 'foodLeft=10')","((13, 5), 'foodLeft=11')",South,"[((13, 5), 'foodLeft=10'), ((13, 3), 'foodLeft=10')]","[((13, 4), 'foodLeft=10'), ((13, 3), 'foodLeft=11'), ((12, 5), 'foodLeft=11'), ((4, 4), 'foodLeft=12'), ((4, 4), 'foodLeft=11'), ((13, 5), 'foodLeft=11'), ((13, 3), 'foodLeft=12'), ((3, 3), 'foodLeft=13'), ((12, 5), 'foodLeft=10'), ((5, 3), 'foodLeft=12'), ((3, 3), 'foodLeft=12'), ((5, 5), 'foodLeft=12'), ((15, 3), 'foodLeft=12'), ((13, 5), 'foodLeft=10'), ((11, 3), 'foodLeft=12'), ((3, 5), 'foodLeft=12'), ((11, 5), 'foodLeft=12'), ((13, 4), 'foodLeft=9'), ((10, 4), 'foodLeft=11'), ((15, 3), 'foodLeft=13'), ((7, 5), 'foodLeft=11'), ((7, 3), 'foodLeft=11')]","[((12, 5), 'foodLeft=11'), ((13, 3), 'foodLeft=11'), ((13, 5), 'foodLeft=11'), ((4, 4), 'foodLeft=12'), ((4, 4), 'foodLeft=11'), ((5, 5), 'foodLeft=12'), ((13, 3), 'foodLeft=12'), ((3, 3), 'foodLeft=13'), ((12, 5), 'foodLeft=10'), ((5, 3), 'foodLeft=12'), ((3, 3), 'foodLeft=12'), ((7, 3), 'foodLeft=11'), ((15, 3), 'foodLeft=12'), ((13, 5), 'foodLeft=10'), ((11, 3), 'foodLeft=12'), ((3, 5), 'foodLeft=12'), ((11, 5), 'foodLeft=12'), ((13, 4), 'foodLeft=9'), ((10, 4), 'foodLeft=11'), ((15, 3), 'foodLeft=13'), ((7, 5), 'foodLeft=11'), ((13, 3), 'foodLeft=10')]",50,7,51,58
50,"((12, 5), 'foodLeft=11')","((13, 5), 'foodLeft=11')",West,"[((13, 5), 'foodLeft=11'), ((11, 5), 'foodLeft=11')]","[((12, 5), 'foodLeft=11'), ((13, 3), 'foodLeft=11'), ((13, 5), 'foodLeft=11'), ((4, 4), 'foodLeft=12'), ((4, 4), 'foodLeft=11'), ((5, 5), 'foodLeft=12'), ((13, 3), 'foodLeft=12'), ((3, 3), 'foodLeft=13'), ((12, 5), 'foodLeft=10'), ((5, 3), 'foodLeft=12'), ((3, 3), 'foodLeft=12'), ((7, 3), 'foodLeft=11'), ((15, 3), 'foodLeft=12'), ((13, 5), 'foodLeft=10'), ((11, 3), 'foodLeft=12'), ((3, 5), 'foodLeft=12'), ((11, 5), 'foodLeft=12'), ((13, 4), 'foodLeft=9'), ((10, 4), 'foodLeft=11'), ((15, 3), 'foodLeft=13'), ((7, 5), 'foodLeft=11'), ((13, 3), 'foodLeft=10')]","[((13, 5), 'foodLeft=11'), ((13, 3), 'foodLeft=11'), ((13, 3), 'foodLeft=12'), ((4, 4), 'foodLeft=12'), ((4, 4), 'foodLeft=11'), ((5, 5), 'foodLeft=12'), ((13, 5), 'foodLeft=10'), ((3, 3), 'foodLeft=13'), ((12, 5), 'foodLeft=10'), ((5, 3), 'foodLeft=12'), ((3, 3), 'foodLeft=12'), ((7, 3), 'foodLeft=11'), ((15, 3), 'foodLeft=12'), ((13, 3), 'foodLeft=10'), ((11, 3), 'foodLeft=12'), ((3, 5), 'foodLeft=12'), ((11, 5), 'foodLeft=12'), ((13, 4), 'foodLeft=9'), ((10, 4), 'foodLeft=11'), ((15, 3), 'foodLeft=13'), ((7, 5), 'foodLeft=11'), ((11, 5), 'foodLeft=11')]",51,7,51,58
51,"((13, 5), 'foodLeft=11')","((13, 4), 'foodLeft=12')",North,"[((13, 4), 'foodLeft=11'), ((14, 5), 'foodLeft=10'), ((12, 5), 'foodLeft=11')]","[((13, 5), 'foodLeft=11'), ((13, 3), 'foodLeft=11'), ((13, 3), 'foodLeft=12'), ((4, 4), 'foodLeft=12'), ((4, 4), 'foodLeft=11'), ((5, 5), 'foodLeft=12'), ((13, 5), 'foodLeft=10'), ((3, 3), 'foodLeft=13'), ((12, 5), 'foodLeft=10'), ((5, 3), 'foodLeft=12'), ((3, 3), 'foodLeft=12'), ((7, 3), 'foodLeft=11'), ((15, 3), 'foodLeft=12'), ((13, 3), 'foodLeft=10'), ((11, 3), 'foodLeft=12'), ((3, 5), 'foodLeft=12'), ((11, 5), 'foodLeft=12'), ((13, 4), 'foodLeft=9'), ((10, 4), 'foodLeft=11'), ((15, 3), 'foodLeft=13'), ((7, 5), 'foodLeft=11'), ((11, 5), 'foodLeft=11')]","[((13, 3), 'foodLeft=12'), ((13, 3), 'foodLeft=11'), ((13, 5), 'foodLeft=10'), ((4, 4), 'foodLeft=12'), ((4, 4), 'foodLeft=11'), ((5, 5), 'foodLeft=12'), ((11, 3), 'foodLeft=12'), ((3, 3), 'foodLeft=13'), ((12, 5), 'foodLeft=10'), ((5, 3), 'foodLeft=12'), ((3, 3), 'foodLeft=12'), ((7, 3), 'foodLeft=11'), ((15, 3), 'foodLeft=12'), ((13, 3), 'foodLeft=10'), ((11, 5), 'foodLeft=11'), ((3, 5), 'foodLeft=12'), ((11, 5), 'foodLeft=12'), ((13, 4), 'foodLeft=9'), ((10, 4), 'foodLeft=11'), ((15, 3), 'foodLeft=13'), ((7, 5), 'foodLeft=11'), ((13, 4), 'foodLeft=11'), ((14, 5), 'foodLeft=10'), ((12, 5), 'foodLeft=11')]",52,6,52,58
52,"((13, 3), 'foodLeft=12')","((13, 4), 'foodLeft=12')",South,"[((13, 4), 'foodLeft=12'), ((14, 3), 'foodLeft=12'), ((12, 3), 'foodLeft=12')]","[((13, 3), 'foodLeft=12'), ((13, 3), 'foodLeft=11'), ((13, 5), 'foodLeft=10'), ((4, 4), 'foodLeft=12'), ((4, 4), 'foodLeft=11'), ((5, 5), 'foodLeft=12'), ((11, 3), 'foodLeft=12'), ((3, 3), 'foodLeft=13'), ((12, 5), 'foodLeft=10'), ((5, 3), 'foodLeft=12'), ((3, 3), 'foodLeft=12'), ((7, 3), 'foodLeft=11'), ((15, 3), 'foodLeft=12'), ((13, 3), 'foodLeft=10'), ((11, 5), 'foodLeft=11'), ((3, 5), 'foodLeft=12'), ((11, 5), 'foodLeft=12'), ((13, 4), 'foodLeft=9'), ((10, 4), 'foodLeft=11'), ((15, 3), 'foodLeft=13'), ((7, 5), 'foodLeft=11'), ((13, 4), 'foodLeft=11'), ((14, 5), 'foodLeft=10'), ((12, 5), 'foodLeft=11')]","[((13, 5), 'foodLeft=10'), ((13, 3), 'foodLeft=11'), ((11, 3), 'foodLeft=12'), ((4, 4), 'foodLeft=12'), ((4, 4), 'foodLeft=11'), ((5, 5), 'foodLeft=12'), ((13, 3), 'foodLeft=10'), ((3, 3), 'foodLeft=13'), ((12, 5), 'foodLeft=10'), ((5, 3), 'foodLeft=12'), ((3, 3), 'foodLeft=12'), ((7, 3), 'foodLeft=11'), ((15, 3), 'foodLeft=12'), ((12, 5), 'foodLeft=11'), ((11, 5), 'foodLeft=11'), ((3, 5), 'foodLeft=12'), ((11, 5), 'foodLeft=12'), ((13, 4), 'foodLeft=9'), ((10, 4), 'foodLeft=11'), ((15, 3), 'foodLeft=13'), ((7, 5), 'foodLeft=11'), ((13, 4), 'foodLeft=11'), ((14, 5), 'foodLeft=10'), ((14, 3), 'foodLeft=12'), ((12, 3), 'foodLeft=12')]",53,6,52,58
53,"((13, 5), 'foodLeft=10')","((13, 4), 'foodLeft=11')",North,"[((13, 4), 'foodLeft=10'), ((14, 5), 'foodLeft=9'), ((12, 5), 'foodLeft=10')]","[((13, 5), 'foodLeft=10'), ((13, 3), 'foodLeft=11'), ((11, 3), 'foodLeft=12'), ((4, 4), 'foodLeft=12'), ((4, 4), 'foodLeft=11'), ((5, 5), 'foodLeft=12'), ((13, 3), 'foodLeft=10'), ((3, 3), 'foodLeft=13'), ((12, 5), 'foodLeft=10'), ((5, 3), 'foodLeft=12'), ((3, 3), 'foodLeft=12'), ((7, 3), 'foodLeft=11'), ((15, 3), 'foodLeft=12'), ((12, 5), 'foodLeft=11'), ((11, 5), 'foodLeft=11'), ((3, 5), 'foodLeft=12'), ((11, 5), 'foodLeft=12'), ((13, 4), 'foodLeft=9'), ((10, 4), 'foodLeft=11'), ((15, 3), 'foodLeft=13'), ((7, 5), 'foodLeft=11'), ((13, 4), 'foodLeft=11'), ((14, 5), 'foodLeft=10'), ((14, 3), 'foodLeft=12'), ((12, 3), 'foodLeft=12')]","[((13, 3), 'foodLeft=11'), ((4, 4), 'foodLeft=12'), ((11, 3), 'foodLeft=12'), ((3, 3), 'foodLeft=13'), ((4, 4), 'foodLeft=11'), ((5, 5), 'foodLeft=12'), ((13, 3), 'foodLeft=10'), ((11, 5), 'foodLeft=12'), ((12, 5), 'foodLeft=10'), ((5, 3), 'foodLeft=12'), ((3, 3), 'foodLeft=12'), ((7, 3), 'foodLeft=11'), ((15, 3), 'foodLeft=12'), ((12, 5), 'foodLeft=11'), ((11, 5), 'foodLeft=11'), ((3, 5), 'foodLeft=12'), ((12, 3), 'foodLeft=12'), ((13, 4), 'foodLeft=9'), ((10, 4), 'foodLeft=11'), ((15, 3), 'foodLeft=13'), ((7, 5), 'foodLeft=11'), ((13, 4), 'foodLeft=11'), ((14, 5), 'foodLeft=10'), ((14, 3), 'foodLeft=12'), ((14, 5), 'foodLeft=9'), ((12, 5), 'foodLeft=10')]",54,8,50,58
54,"((13, 3), 'foodLeft=11')","((13, 4), 'foodLeft=11')",South,"[((13, 4), 'foodLeft=11'), ((14, 3), 'foodLeft=11'), ((12, 3), 'foodLeft=11')]","[((13, 3), 'foodLeft=11'), ((4, 4), 'foodLeft=12'), ((11, 3), 'foodLeft=12'), ((3, 3), 'foodLeft=13'), ((4, 4), 'foodLeft=11'), ((5, 5), 'foodLeft=12'), ((13, 3), 'foodLeft=10'), ((11, 5), 'foodLeft=12'), ((12, 5), 'foodLeft=10'), ((5, 3), 'foodLeft=12'), ((3, 3), 'foodLeft=12'), ((7, 3), 'foodLeft=11'), ((15, 3), 'foodLeft=12'), ((12, 5), 'foodLeft=11'), ((11, 5), 'foodLeft=11'), ((3, 5), 'foodLeft=12'), ((12, 3), 'foodLeft=12'), ((13, 4), 'foodLeft=9'), ((10, 4), 'foodLeft=11'), ((15, 3), 'foodLeft=13'), ((7, 5), 'foodLeft=11'), ((13, 4), 'foodLeft=11'), ((14, 5), 'foodLeft=10'), ((14, 3), 'foodLeft=12'), ((14, 5), 'foodLeft=9'), ((12, 5), 'foodLeft=10')]","[((4, 4), 'foodLeft=12'), ((3, 3), 'foodLeft=13'), ((11, 3), 'foodLeft=12'), ((12, 5), 'foodLeft=10'), ((4, 4), 'foodLeft=11'), ((5, 5), 'foodLeft=12'), ((13, 3), 'foodLeft=10'), ((11, 5), 'foodLeft=12'), ((10, 4), 'foodLeft=11'), ((5, 3), 'foodLeft=12'), ((3, 3), 'foodLeft=12'), ((7, 3), 'foodLeft=11'), ((15, 3), 'foodLeft=12'), ((12, 5), 'foodLeft=11'), ((11, 5), 'foodLeft=11'), ((3, 5), 'foodLeft=12'), ((12, 3), 'foodLeft=12'), ((13, 4), 'foodLeft=9'), ((12, 5), 'foodLeft=10'), ((15, 3), 'foodLeft=13'), ((7, 5), 'foodLeft=11'), ((13, 4), 'foodLeft=11'), ((14, 5), 'foodLeft=10'), ((14, 3), 'foodLeft=12'), ((14, 5), 'foodLeft=9'), ((14, 3), 'foodLeft=11'), ((12, 3), 'foodLeft=11')]",55,8,50,58
55,"((4, 4), 'foodLeft=12')","((4, 3), 'foodLeft=13')",North,"[((4, 5), 'foodLeft=12'), ((4, 3), 'foodLeft=12')]","[((4, 4), 'foodLeft=12'), ((3, 3), 'foodLeft=13'), ((11, 3), 'foodLeft=12'), ((12, 5), 'foodLeft=10'), ((4, 4), 'foodLeft=11'), ((5, 5), 'foodLeft=12'), ((13, 3), 'foodLeft=10'), ((11, 5), 'foodLeft=12'), ((10, 4), 'foodLeft=11'), ((5, 3), 'foodLeft=12'), ((3, 3), 'foodLeft=12'), ((7, 3), 'foodLeft=11'), ((15, 3), 'foodLeft=12'), ((12, 5), 'foodLeft=11'), ((11, 5), 'foodLeft=11'), ((3, 5), 'foodLeft=12'), ((12, 3), 'foodLeft=12'), ((13, 4), 'foodLeft=9'), ((12, 5), 'foodLeft=10'), ((15, 3), 'foodLeft=13'), ((7, 5), 'foodLeft=11'), ((13, 4), 'foodLeft=11'), ((14, 5), 'foodLeft=10'), ((14, 3), 'foodLeft=12'), ((14, 5), 'foodLeft=9'), ((14, 3), 'foodLeft=11'), ((12, 3), 'foodLeft=11')]","[((3, 3), 'foodLeft=13'), ((12, 5), 'foodLeft=10'), ((11, 3), 'foodLeft=12'), ((10, 4), 'foodLeft=11'), ((4, 4), 'foodLeft=11'), ((5, 5), 'foodLeft=12'), ((4, 3), 'foodLeft=12'), ((11, 5), 'foodLeft=12'), ((12, 5), 'foodLeft=10'), ((5, 3), 'foodLeft=12'), ((3, 3), 'foodLeft=12'), ((7, 3), 'foodLeft=11'), ((4, 5), 'foodLeft=12'), ((13, 3), 'foodLeft=10'), ((11, 5), 'foodLeft=11'), ((3, 5), 'foodLeft=12'), ((12, 3), 'foodLeft=12'), ((13, 4), 'foodLeft=9'), ((12, 3), 'foodLeft=11'), ((15, 3), 'foodLeft=13'), ((7, 5), 'foodLeft=11'), ((13, 4), 'foodLeft=11'), ((14, 5), 'foodLeft=10'), ((14, 3), 'foodLeft=12'), ((14, 5), 'foodLeft=9'), ((14, 3), 'foodLeft=11'), ((15, 3), 'foodLeft=12'), ((12, 5), 'foodLeft=11')]",56,6,52,58
56,"((3, 3), 'foodLeft=13')","((4, 3), 'foodLeft=13')",West,"[((4, 3), 'foodLeft=13'), ((2, 3), 'foodLeft=13')]","[((3, 3), 'foodLeft=13'), ((12, 5), 'foodLeft=10'), ((11, 3), 'foodLeft=12'), ((10, 4), 'foodLeft=11'), ((4, 4), 'foodLeft=11'), ((5, 5), 'foodLeft=12'), ((4, 3), 'foodLeft=12'), ((11, 5), 'foodLeft=12'), ((12, 5), 'foodLeft=10'), ((5, 3), 'foodLeft=12'), ((3, 3), 'foodLeft=12'), ((7, 3), 'foodLeft=11'), ((4, 5), 'foodLeft=12'), ((13, 3), 'foodLeft=10'), ((11, 5), 'foodLeft=11'), ((3, 5), 'foodLeft=12'), ((12, 3), 'foodLeft=12'), ((13, 4), 'foodLeft=9'), ((12, 3), 'foodLeft=11'), ((15, 3), 'foodLeft=13'), ((7, 5), 'foodLeft=11'), ((13, 4), 'foodLeft=11'), ((14, 5), 'foodLeft=10'), ((14, 3), 'foodLeft=12'), ((14, 5), 'foodLeft=9'), ((14, 3), 'foodLeft=11'), ((15, 3), 'foodLeft=12'), ((12, 5), 'foodLeft=11')]","[((12, 5), 'foodLeft=10'), ((10, 4), 'foodLeft=11'), ((11, 3), 'foodLeft=12'), ((11, 5), 'foodLeft=12'), ((4, 4), 'foodLeft=11'), ((5, 5), 'foodLeft=12'), ((4, 3), 'foodLeft=12'), ((3, 5), 'foodLeft=12'), ((12, 5), 'foodLeft=10'), ((5, 3), 'foodLeft=12'), ((3, 3), 'foodLeft=12'), ((7, 3), 'foodLeft=11'), ((4, 5), 'foodLeft=12'), ((2, 3), 'foodLeft=13'), ((11, 5), 'foodLeft=11'), ((12, 5), 'foodLeft=11'), ((12, 3), 'foodLeft=12'), ((13, 4), 'foodLeft=9'), ((12, 3), 'foodLeft=11'), ((15, 3), 'foodLeft=13'), ((7, 5), 'foodLeft=11'), ((13, 4), 'foodLeft=11'), ((14, 5), 'foodLeft=10'), ((14, 3), 'foodLeft=12'), ((14, 5), 'foodLeft=9'), ((14, 3), 'foodLeft=11'), ((15, 3), 'foodLeft=12'), ((13, 3), 'foodLeft=10')]",57,6,52,58
57,"((12, 5), 'foodLeft=10')","((13, 5), 'foodLeft=10')",West,"[((13, 5), 'foodLeft=10'), ((11, 5), 'foodLeft=10')]","[((12, 5), 'foodLeft=10'), ((10, 4), 'foodLeft=11'), ((11, 3), 'foodLeft=12'), ((11, 5), 'foodLeft=12'), ((4, 4), 'foodLeft=11'), ((5, 5), 'foodLeft=12'), ((4, 3), 'foodLeft=12'), ((3, 5), 'foodLeft=12'), ((12, 5), 'foodLeft=10'), ((5, 3), 'foodLeft=12'), ((3, 3), 'foodLeft=12'), ((7, 3), 'foodLeft=11'), ((4, 5), 'foodLeft=12'), ((2, 3), 'foodLeft=13'), ((11, 5), 'foodLeft=11'), ((12, 5), 'foodLeft=11'), ((12, 3), 'foodLeft=12'), ((13, 4), 'foodLeft=9'), ((12, 3), 'foodLeft=11'), ((15, 3), 'foodLeft=13'), ((7, 5), 'foodLeft=11'), ((13, 4), 'foodLeft=11'), ((14, 5), 'foodLeft=10'), ((14, 3), 'foodLeft=12'), ((14, 5), 'foodLeft=9'), ((14, 3), 'foodLeft=11'), ((15, 3), 'foodLeft=12'), ((13, 3), 'foodLeft=10')]","[((10, 4), 'foodLeft=11'), ((11, 5), 'foodLeft=12'), ((11, 3), 'foodLeft=12'), ((3, 5), 'foodLeft=12'), ((4, 4), 'foodLeft=11'), ((5, 5), 'foodLeft=12'), ((4, 3), 'foodLeft=12'), ((13, 3), 'foodLeft=10'), ((12, 5), 'foodLeft=10'), ((5, 3), 'foodLeft=12'), ((3, 3), 'foodLeft=12'), ((7, 3), 'foodLeft=11'), ((4, 5), 'foodLeft=12'), ((2, 3), 'foodLeft=13'), ((11, 5), 'foodLeft=11'), ((12, 5), 'foodLeft=11'), ((12, 3), 'foodLeft=12'), ((13, 4), 'foodLeft=9'), ((12, 3), 'foodLeft=11'), ((15, 3), 'foodLeft=13'), ((7, 5), 'foodLeft=11'), ((13, 4), 'foodLeft=11'), ((14, 5), 'foodLeft=10'), ((14, 3), 'foodLeft=12'), ((14, 5), 'foodLeft=9'), ((14, 3), 'foodLeft=11'), ((15, 3), 'foodLeft=12'), ((11, 5), 'foodLeft=10')]",58,9,49,58
58,"((10, 4), 'foodLeft=11')","((10, 5), 'foodLeft=12')",South,"[((10, 5), 'foodLeft=11'), ((10, 3), 'foodLeft=11')]","[((10, 4), 'foodLeft=11'), ((11, 5), 'foodLeft=12'), ((11, 3), 'foodLeft=12'), ((3, 5), 'foodLeft=12'), ((4, 4), 'foodLeft=11'), ((5, 5), 'foodLeft=12'), ((4, 3), 'foodLeft=12'), ((13, 3), 'foodLeft=10'), ((12, 5), 'foodLeft=10'), ((5, 3), 'foodLeft=12'), ((3, 3), 'foodLeft=12'), ((7, 3), 'foodLeft=11'), ((4, 5), 'foodLeft=12'), ((2, 3), 'foodLeft=13'), ((11, 5), 'foodLeft=11'), ((12, 5), 'foodLeft=11'), ((12, 3), 'foodLeft=12'), ((13, 4), 'foodLeft=9'), ((12, 3), 'foodLeft=11'), ((15, 3), 'foodLeft=13'), ((7, 5), 'foodLeft=11'), ((13, 4), 'foodLeft=11'), ((14, 5), 'foodLeft=10'), ((14, 3), 'foodLeft=12'), ((14, 5), 'foodLeft=9'), ((14, 3), 'foodLeft=11'), ((15, 3), 'foodLeft=12'), ((11, 5), 'foodLeft=10')]","[((11, 5), 'foodLeft=12'), ((4, 4), 'foodLeft=11'), ((11, 3), 'foodLeft=12'), ((3, 5), 'foodLeft=12'), ((3, 3), 'foodLeft=12'), ((5, 5), 'foodLeft=12'), ((10, 5), 'foodLeft=11'), ((13, 3), 'foodLeft=10'), ((12, 5), 'foodLeft=10'), ((5, 3), 'foodLeft=12'), ((14, 5), 'foodLeft=10'), ((7, 3), 'foodLeft=11'), ((4, 5), 'foodLeft=12'), ((4, 3), 'foodLeft=12'), ((11, 5), 'foodLeft=11'), ((12, 5), 'foodLeft=11'), ((12, 3), 'foodLeft=12'), ((13, 4), 'foodLeft=9'), ((12, 3), 'foodLeft=11'), ((15, 3), 'foodLeft=13'), ((7, 5), 'foodLeft=11'), ((13, 4), 'foodLeft=11'), ((11, 5), 'foodLeft=10'), ((14, 3), 'foodLeft=12'), ((14, 5), 'foodLeft=9'), ((14, 3), 'foodLeft=11'), ((15, 3), 'foodLeft=12'), ((2, 3), 'foodLeft=13'), ((10, 3), 'foodLeft=11')]",59,8,50,58
59,"((11, 5), 'foodLeft=12')","((10, 5), 'foodLeft=12')",East,"[((12, 5), 'foodLeft=12'), ((10, 5), 'foodLeft=12')]","[((11, 5), 'foodLeft=12'), ((4, 4), 'foodLeft=11'), ((11, 3), 'foodLeft=12'), ((3, 5), 'foodLeft=12'), ((3, 3), 'foodLeft=12'), ((5, 5), 'foodLeft=12'), ((10, 5), 'foodLeft=11'), ((13, 3), 'foodLeft=10'), ((12, 5), 'foodLeft=10'), ((5, 3), 'foodLeft=12'), ((14, 5), 'foodLeft=10'), ((7, 3), 'foodLeft=11'), ((4, 5), 'foodLeft=12'), ((4, 3), 'foodLeft=12'), ((11, 5), 'foodLeft=11'), ((12, 5), 'foodLeft=11'), ((12, 3), 'foodLeft=12'), ((13, 4), 'foodLeft=9'), ((12, 3), 'foodLeft=11'), ((15, 3), 'foodLeft=13'), ((7, 5), 'foodLeft=11'), ((13, 4), 'foodLeft=11'), ((11, 5), 'foodLeft=10'), ((14, 3), 'foodLeft=12'), ((14, 5), 'foodLeft=9'), ((14, 3), 'foodLeft=11'), ((15, 3), 'foodLeft=12'), ((2, 3), 'foodLeft=13'), ((10, 3), 'foodLeft=11')]","[((4, 4), 'foodLeft=11'), ((3, 5), 'foodLeft=12'), ((11, 3), 'foodLeft=12'), ((10, 3), 'foodLeft=11'), ((3, 3), 'foodLeft=12'), ((5, 5), 'foodLeft=12'), ((10, 5), 'foodLeft=11'), ((13, 3), 'foodLeft=10'), ((12, 5), 'foodLeft=10'), ((5, 3), 'foodLeft=12'), ((14, 5), 'foodLeft=10'), ((7, 3), 'foodLeft=11'), ((4, 5), 'foodLeft=12'), ((12, 5), 'foodLeft=12'), ((11, 5), 'foodLeft=11'), ((12, 5), 'foodLeft=11'), ((12, 3), 'foodLeft=12'), ((13, 4), 'foodLeft=9'), ((12, 3), 'foodLeft=11'), ((15, 3), 'foodLeft=13'), ((7, 5), 'foodLeft=11'), ((13, 4), 'foodLeft=11'), ((11, 5), 'foodLeft=10'), ((14, 3), 'foodLeft=12'), ((14, 5), 'foodLeft=9'), ((14, 3), 'foodLeft=11'), ((15, 3), 'foodLeft=12'), ((2, 3), 'foodLeft=13'), ((4, 3), 'foodLeft=12')]",60,8,50,58
60,"((4, 4), 'foodLeft=11')","((4, 5), 'foodLeft=12')",South,"[((4, 5), 'foodLeft=11'), ((4, 3), 'foodLeft=11')]","[((4, 4), 'foodLeft=11'), ((3, 5), 'foodLeft=12'), ((11, 3), 'foodLeft=12'), ((10, 3), 'foodLeft=11'), ((3, 3), 'foodLeft=12'), ((5, 5), 'foodLeft=12'), ((10, 5), 'foodLeft=11'), ((13, 3), 'foodLeft=10'), ((12, 5), 'foodLeft=10'), ((5, 3), 'foodLeft=12'), ((14, 5), 'foodLeft=10'), ((7, 3), 'foodLeft=11'), ((4, 5), 'foodLeft=12'), ((12, 5), 'foodLeft=12'), ((11, 5), 'foodLeft=11'), ((12, 5), 'foodLeft=11'), ((12, 3), 'foodLeft=12'), ((13, 4), 'foodLeft=9'), ((12, 3), 'foodLeft=11'), ((15, 3), 'foodLeft=13'), ((7, 5), 'foodLeft=11'), ((13, 4), 'foodLeft=11'), ((11, 5), 'foodLeft=10'), ((14, 3), 'foodLeft=12'), ((14, 5), 'foodLeft=9'), ((14, 3), 'foodLeft=11'), ((15, 3), 'foodLeft=12'), ((2, 3), 'foodLeft=13'), ((4, 3), 'foodLeft=12')]","[((3, 5), 'foodLeft=12'), ((3, 3), 'foodLeft=12'), ((11, 3), 'foodLeft=12'), ((10, 3), 'foodLeft=11'), ((5, 3), 'foodLeft=12'), ((5, 5), 'foodLeft=12'), ((10, 5), 'foodLeft=11'), ((13, 3), 'foodLeft=10'), ((12, 5), 'foodLeft=10'), ((7, 5), 'foodLeft=11'), ((14, 5), 'foodLeft=10'), ((7, 3), 'foodLeft=11'), ((4, 5), 'foodLeft=12'), ((12, 5), 'foodLeft=12'), ((4, 3), 'foodLeft=11'), ((12, 5), 'foodLeft=11'), ((12, 3), 'foodLeft=12'), ((13, 4), 'foodLeft=9'), ((12, 3), 'foodLeft=11'), ((15, 3), 'foodLeft=13'), ((4, 3), 'foodLeft=12'), ((13, 4), 'foodLeft=11'), ((11, 5), 'foodLeft=10'), ((14, 3), 'foodLeft=12'), ((14, 5), 'foodLeft=9'), ((14, 3), 'foodLeft=11'), ((15, 3), 'foodLeft=12'), ((2, 3), 'foodLeft=13'), ((4, 5), 'foodLeft=11'), ((11, 5), 'foodLeft=11')]",61,8,50,58
61,"((3, 5), 'foodLeft=12')","((4, 5), 'foodLeft=12')",West,"[((4, 5), 'foodLeft=12'), ((2, 5), 'foodLeft=12')]","[((3, 5), 'foodLeft=12'), ((3, 3), 'foodLeft=12'), ((11, 3), 'foodLeft=12'), ((10, 3), 'foodLeft=11'), ((5, 3), 'foodLeft=12'), ((5, 5), 'foodLeft=12'), ((10, 5), 'foodLeft=11'), ((13, 3), 'foodLeft=10'), ((12, 5), 'foodLeft=10'), ((7, 5), 'foodLeft=11'), ((14, 5), 'foodLeft=10'), ((7, 3), 'foodLeft=11'), ((4, 5), 'foodLeft=12'), ((12, 5), 'foodLeft=12'), ((4, 3), 'foodLeft=11'), ((12, 5), 'foodLeft=11'), ((12, 3), 'foodLeft=12'), ((13, 4), 'foodLeft=9'), ((12, 3), 'foodLeft=11'), ((15, 3), 'foodLeft=13'), ((4, 3), 'foodLeft=12'), ((13, 4), 'foodLeft=11'), ((11, 5), 'foodLeft=10'), ((14, 3), 'foodLeft=12'), ((14, 5), 'foodLeft=9'), ((14, 3), 'foodLeft=11'), ((15, 3), 'foodLeft=12'), ((2, 3), 'foodLeft=13'), ((4, 5), 'foodLeft=11'), ((11, 5), 'foodLeft=11')]","[((11, 3), 'foodLeft=12'), ((3, 3), 'foodLeft=12'), ((5, 5), 'foodLeft=12'), ((10, 3), 'foodLeft=11'), ((5, 3), 'foodLeft=12'), ((7, 3), 'foodLeft=11'), ((10, 5), 'foodLeft=11'), ((13, 3), 'foodLeft=10'), ((12, 5), 'foodLeft=10'), ((7, 5), 'foodLeft=11'), ((14, 5), 'foodLeft=10'), ((11, 5), 'foodLeft=11'), ((4, 5), 'foodLeft=12'), ((12, 5), 'foodLeft=12'), ((2, 5), 'foodLeft=12'), ((12, 5), 'foodLeft=11'), ((12, 3), 'foodLeft=12'), ((13, 4), 'foodLeft=9'), ((12, 3), 'foodLeft=11'), ((15, 3), 'foodLeft=13'), ((4, 3), 'foodLeft=12'), ((13, 4), 'foodLeft=11'), ((11, 5), 'foodLeft=10'), ((14, 3), 'foodLeft=12'), ((14, 5), 'foodLeft=9'), ((14, 3), 'foodLeft=11'), ((15, 3), 'foodLeft=12'), ((2, 3), 'foodLeft=13'), ((4, 5), 'foodLeft=11'), ((4, 3), 'foodLeft=11')]",62,8,50,58
62,"((11, 3), 'foodLeft=12')","((10, 3), 'foodLeft=12')",East,"[((12, 3), 'foodLeft=12'), ((10, 3), 'foodLeft=12')]","[((11, 3), 'foodLeft=12'), ((3, 3), 'foodLeft=12'), ((5, 5), 'foodLeft=12'), ((10, 3), 'foodLeft=11'), ((5, 3), 'foodLeft=12'), ((7, 3), 'foodLeft=11'), ((10, 5), 'foodLeft=11'), ((13, 3), 'foodLeft=10'), ((12, 5), 'foodLeft=10'), ((7, 5), 'foodLeft=11'), ((14, 5), 'foodLeft=10'), ((11, 5), 'foodLeft=11'), ((4, 5), 'foodLeft=12'), ((12, 5), 'foodLeft=12'), ((2, 5), 'foodLeft=12'), ((12, 5), 'foodLeft=11'), ((12, 3), 'foodLeft=12'), ((13, 4), 'foodLeft=9'), ((12, 3), 'foodLeft=11'), ((15, 3), 'foodLeft=13'), ((4, 3), 'foodLeft=12'), ((13, 4), 'foodLeft=11'), ((11, 5), 'foodLeft=10'), ((14, 3), 'foodLeft=12'), ((14, 5), 'foodLeft=9'), ((14, 3), 'foodLeft=11'), ((15, 3), 'foodLeft=12'), ((2, 3), 'foodLeft=13'), ((4, 5), 'foodLeft=11'), ((4, 3), 'foodLeft=11')]","[((3, 3), 'foodLeft=12'), ((5, 3), 'foodLeft=12'), ((5, 5), 'foodLeft=12'), ((10, 3), 'foodLeft=11'), ((7, 5), 'foodLeft=11'), ((7, 3), 'foodLeft=11'), ((10, 5), 'foodLeft=11'), ((13, 3), 'foodLeft=10'), ((12, 5), 'foodLeft=10'), ((15, 3), 'foodLeft=13'), ((14, 5), 'foodLeft=10'), ((11, 5), 'foodLeft=11'), ((4, 5), 'foodLeft=12'), ((12, 5), 'foodLeft=12'), ((2, 5), 'foodLeft=12'), ((12, 5), 'foodLeft=11'), ((12, 3), 'foodLeft=12'), ((13, 4), 'foodLeft=9'), ((12, 3), 'foodLeft=11'), ((4, 3), 'foodLeft=11'), ((4, 3), 'foodLeft=12'), ((13, 4), 'foodLeft=11'), ((11, 5), 'foodLeft=10'), ((14, 3), 'foodLeft=12'), ((14, 5), 'foodLeft=9'), ((14, 3), 'foodLeft=11'), ((15, 3), 'foodLeft=12'), ((2, 3), 'foodLeft=13'), ((4, 5), 'foodLeft=11'), ((12, 3), 'foodLeft=12')]",63,8,50,58
63,"((3, 3), 'foodLeft=12')","((4, 3), 'foodLeft=12')",West,"[((4, 3), 'foodLeft=12'), ((2, 3), 'foodLeft=12')]","[((3, 3), 'foodLeft=12'), ((5, 3), 'foodLeft=12'), ((5, 5), 'foodLeft=12'), ((10, 3), 'foodLeft=11'), ((7, 5), 'foodLeft=11'), ((7, 3), 'foodLeft=11'), ((10, 5), 'foodLeft=11'), ((13, 3), 'foodLeft=10'), ((12, 5), 'foodLeft=10'), ((15, 3), 'foodLeft=13'), ((14, 5), 'foodLeft=10'), ((11, 5), 'foodLeft=11'), ((4, 5), 'foodLeft=12'), ((12, 5), 'foodLeft=12'), ((2, 5), 'foodLeft=12'), ((12, 5), 'foodLeft=11'), ((12, 3), 'foodLeft=12'), ((13, 4), 'foodLeft=9'), ((12, 3), 'foodLeft=11'), ((4, 3), 'foodLeft=11'), ((4, 3), 'foodLeft=12'), ((13, 4), 'foodLeft=11'), ((11, 5), 'foodLeft=10'), ((14, 3), 'foodLeft=12'), ((14, 5), 'foodLeft=9'), ((14, 3), 'foodLeft=11'), ((15, 3), 'foodLeft=12'), ((2, 3), 'foodLeft=13'), ((4, 5), 'foodLeft=11'), ((12, 3), 'foodLeft=12')]","[((5, 5), 'foodLeft=12'), ((5, 3), 'foodLeft=12'), ((7, 3), 'foodLeft=11'), ((10, 3), 'foodLeft=11'), ((7, 5), 'foodLeft=11'), ((4, 5), 'foodLeft=12'), ((10, 5), 'foodLeft=11'), ((13, 3), 'foodLeft=10'), ((12, 5), 'foodLeft=10'), ((15, 3), 'foodLeft=13'), ((14, 5), 'foodLeft=10'), ((11, 5), 'foodLeft=11'), ((15, 3), 'foodLeft=12'), ((12, 5), 'foodLeft=12'), ((2, 5), 'foodLeft=12'), ((12, 5), 'foodLeft=11'), ((12, 3), 'foodLeft=12'), ((13, 4), 'foodLeft=9'), ((12, 3), 'foodLeft=11'), ((4, 3), 'foodLeft=11'), ((4, 3), 'foodLeft=12'), ((13, 4), 'foodLeft=11'), ((11, 5), 'foodLeft=10'), ((14, 3), 'foodLeft=12'), ((14, 5), 'foodLeft=9'), ((14, 3), 'foodLeft=11'), ((12, 3), 'foodLeft=12'), ((2, 3), 'foodLeft=13'), ((4, 5), 'foodLeft=11'), ((2, 3), 'foodLeft=12')]",64,8,50,58
64,"((5, 5), 'foodLeft=12')","((6, 5), 'foodLeft=12')",West,"[((6, 5), 'foodLeft=12'), ((4, 5), 'foodLeft=12')]","[((5, 5), 'foodLeft=12'), ((5, 3), 'foodLeft=12'), ((7, 3), 'foodLeft=11'), ((10, 3), 'foodLeft=11'), ((7, 5), 'foodLeft=11'), ((4, 5), 'foodLeft=12'), ((10, 5), 'foodLeft=11'), ((13, 3), 'foodLeft=10'), ((12, 5), 'foodLeft=10'), ((15, 3), 'foodLeft=13'), ((14, 5), 'foodLeft=10'), ((11, 5), 'foodLeft=11'), ((15, 3), 'foodLeft=12'), ((12, 5), 'foodLeft=12'), ((2, 5), 'foodLeft=12'), ((12, 5), 'foodLeft=11'), ((12, 3), 'foodLeft=12'), ((13, 4), 'foodLeft=9'), ((12, 3), 'foodLeft=11'), ((4, 3), 'foodLeft=11'), ((4, 3), 'foodLeft=12'), ((13, 4), 'foodLeft=11'), ((11, 5), 'foodLeft=10'), ((14, 3), 'foodLeft=12'), ((14, 5), 'foodLeft=9'), ((14, 3), 'foodLeft=11'), ((12, 3), 'foodLeft=12'), ((2, 3), 'foodLeft=13'), ((4, 5), 'foodLeft=11'), ((2, 3), 'foodLeft=12')]","[((5, 3), 'foodLeft=12'), ((7, 5), 'foodLeft=11'), ((7, 3), 'foodLeft=11'), ((10, 3), 'foodLeft=11'), ((15, 3), 'foodLeft=13'), ((4, 5), 'foodLeft=12'), ((10, 5), 'foodLeft=11'), ((13, 3), 'foodLeft=10'), ((12, 5), 'foodLeft=10'), ((4, 3), 'foodLeft=12'), ((14, 5), 'foodLeft=10'), ((11, 5), 'foodLeft=11'), ((15, 3), 'foodLeft=12'), ((12, 5), 'foodLeft=12'), ((2, 5), 'foodLeft=12'), ((12, 5), 'foodLeft=11'), ((12, 3), 'foodLeft=12'), ((13, 4), 'foodLeft=9'), ((12, 3), 'foodLeft=11'), ((4, 3), 'foodLeft=11'), ((2, 3), 'foodLeft=12'), ((13, 4), 'foodLeft=11'), ((11, 5), 'foodLeft=10'), ((14, 3), 'foodLeft=12'), ((14, 5), 'foodLeft=9'), ((14, 3), 'foodLeft=11'), ((12, 3), 'foodLeft=12'), ((2, 3), 'foodLeft=13'), ((4, 5), 'foodLeft=11'), ((4, 5), 'foodLeft=12')]",65,8,50,58
65,"((5, 3), 'foodLeft=12')","((6, 3), 'foodLeft=12')",West,"[((6, 3), 'foodLeft=12'), ((4, 3), 'foodLeft=12')]","[((5, 3), 'foodLeft=12'), ((7, 5), 'foodLeft=11'), ((7, 3), 'foodLeft=11'), ((10, 3), 'foodLeft=11'), ((15, 3), 'foodLeft=13'), ((4, 5), 'foodLeft=12'), ((10, 5), 'foodLeft=11'), ((13, 3), 'foodLeft=10'), ((12, 5), 'foodLeft=10'), ((4, 3), 'foodLeft=12'), ((14, 5), 'foodLeft=10'), ((11, 5), 'foodLeft=11'), ((15, 3), 'foodLeft=12'), ((12, 5), 'foodLeft=12'), ((2, 5), 'foodLeft=12'), ((12, 5), 'foodLeft=11'), ((12, 3), 'foodLeft=12'), ((13, 4), 'foodLeft=9'), ((12, 3), 'foodLeft=11'), ((4, 3), 'foodLeft=11'), ((2, 3), 'foodLeft=12'), ((13, 4), 'foodLeft=11'), ((11, 5), 'foodLeft=10'), ((14, 3), 'foodLeft=12'), ((14, 5), 'foodLeft=9'), ((14, 3), 'foodLeft=11'), ((12, 3), 'foodLeft=12'), ((2, 3), 'foodLeft=13'), ((4, 5), 'foodLeft=11'), ((4, 5), 'foodLeft=12')]","[((7, 5), 'foodLeft=11'), ((4, 5), 'foodLeft=12'), ((7, 3), 'foodLeft=11'), ((10, 3), 'foodLeft=11'), ((15, 3), 'foodLeft=13'), ((4, 5), 'foodLeft=12'), ((10, 5), 'foodLeft=11'), ((13, 3), 'foodLeft=10'), ((12, 5), 'foodLeft=10'), ((4, 3), 'foodLeft=12'), ((14, 5), 'foodLeft=10'), ((11, 5), 'foodLeft=11'), ((15, 3), 'foodLeft=12'), ((12, 5), 'foodLeft=12'), ((2, 5), 'foodLeft=12'), ((12, 5), 'foodLeft=11'), ((12, 3), 'foodLeft=12'), ((13, 4), 'foodLeft=9'), ((12, 3), 'foodLeft=11'), ((4, 3), 'foodLeft=11'), ((2, 3), 'foodLeft=12'), ((13, 4), 'foodLeft=11'), ((11, 5), 'foodLeft=10'), ((14, 3), 'foodLeft=12'), ((14, 5), 'foodLeft=9'), ((14, 3), 'foodLeft=11'), ((12, 3), 'foodLeft=12'), ((2, 3), 'foodLeft=13'), ((4, 5), 'foodLeft=11'), ((4, 3), 'foodLeft=12')]",66,8,50,58
66,"((7, 5), 'foodLeft=11')","((7, 4), 'foodLeft=11')",North,"[((7, 4), 'foodLeft=11'), ((8, 5), 'foodLeft=11'), ((6, 5), 'foodLeft=11')]","[((7, 5), 'foodLeft=11'), ((4, 5), 'foodLeft=12'), ((7, 3), 'foodLeft=11'), ((10, 3), 'foodLeft=11'), ((15, 3), 'foodLeft=13'), ((4, 5), 'foodLeft=12'), ((10, 5), 'foodLeft=11'), ((13, 3), 'foodLeft=10'), ((12, 5), 'foodLeft=10'), ((4, 3), 'foodLeft=12'), ((14, 5), 'foodLeft=10'), ((11, 5), 'foodLeft=11'), ((15, 3), 'foodLeft=12'), ((12, 5), 'foodLeft=12'), ((2, 5), 'foodLeft=12'), ((12, 5), 'foodLeft=11'), ((12, 3), 'foodLeft=12'), ((13, 4), 'foodLeft=9'), ((12, 3), 'foodLeft=11'), ((4, 3), 'foodLeft=11'), ((2, 3), 'foodLeft=12'), ((13, 4), 'foodLeft=11'), ((11, 5), 'foodLeft=10'), ((14, 3), 'foodLeft=12'), ((14, 5), 'foodLeft=9'), ((14, 3), 'foodLeft=11'), ((12, 3), 'foodLeft=12'), ((2, 3), 'foodLeft=13'), ((4, 5), 'foodLeft=11'), ((4, 3), 'foodLeft=12')]","[((7, 3), 'foodLeft=11'), ((4, 5), 'foodLeft=12'), ((4, 5), 'foodLeft=12'), ((10, 3), 'foodLeft=11'), ((15, 3), 'foodLeft=13'), ((4, 3), 'foodLeft=12'), ((10, 5), 'foodLeft=11'), ((13, 3), 'foodLeft=10'), ((12, 5), 'foodLeft=10'), ((4, 3), 'foodLeft=12'), ((14, 5), 'foodLeft=10'), ((11, 5), 'foodLeft=11'), ((15, 3), 'foodLeft=12'), ((12, 5), 'foodLeft=12'), ((2, 5), 'foodLeft=12'), ((12, 5), 'foodLeft=11'), ((12, 3), 'foodLeft=12'), ((13, 4), 'foodLeft=9'), ((12, 3), 'foodLeft=11'), ((4, 3), 'foodLeft=11'), ((2, 3), 'foodLeft=12'), ((13, 4), 'foodLeft=11'), ((11, 5), 'foodLeft=10'), ((14, 3), 'foodLeft=12'), ((14, 5), 'foodLeft=9'), ((14, 3), 'foodLeft=11'), ((12, 3), 'foodLeft=12'), ((2, 3), 'foodLeft=13'), ((4, 5), 'foodLeft=11'), ((8, 5), 'foodLeft=11'), ((6, 5), 'foodLeft=11')]",67,8,50,58
67,"((7, 3), 'foodLeft=11')","((7, 4), 'foodLeft=11')",South,"[((7, 4), 'foodLeft=11'), ((8, 3), 'foodLeft=11'), ((6, 3), 'foodLeft=11')]","[((7, 3), 'foodLeft=11'), ((4, 5), 'foodLeft=12'), ((4, 5), 'foodLeft=12'), ((10, 3), 'foodLeft=11'), ((15, 3), 'foodLeft=13'), ((4, 3), 'foodLeft=12'), ((10, 5), 'foodLeft=11'), ((13, 3), 'foodLeft=10'), ((12, 5), 'foodLeft=10'), ((4, 3), 'foodLeft=12'), ((14, 5), 'foodLeft=10'), ((11, 5), 'foodLeft=11'), ((15, 3), 'foodLeft=12'), ((12, 5), 'foodLeft=12'), ((2, 5), 'foodLeft=12'), ((12, 5), 'foodLeft=11'), ((12, 3), 'foodLeft=12'), ((13, 4), 'foodLeft=9'), ((12, 3), 'foodLeft=11'), ((4, 3), 'foodLeft=11'), ((2, 3), 'foodLeft=12'), ((13, 4), 'foodLeft=11'), ((11, 5), 'foodLeft=10'), ((14, 3), 'foodLeft=12'), ((14, 5), 'foodLeft=9'), ((14, 3), 'foodLeft=11'), ((12, 3), 'foodLeft=12'), ((2, 3), 'foodLeft=13'), ((4, 5), 'foodLeft=11'), ((8, 5), 'foodLeft=11'), ((6, 5), 'foodLeft=11')]","[((4, 5), 'foodLeft=12'), ((4, 5), 'foodLeft=12'), ((10, 5), 'foodLeft=11'), ((6, 3), 'foodLeft=11'), ((15, 3), 'foodLeft=13'), ((4, 3), 'foodLeft=12'), ((12, 5), 'foodLeft=12'), ((10, 3), 'foodLeft=11'), ((12, 5), 'foodLeft=10'), ((4, 3), 'foodLeft=12'), ((14, 5), 'foodLeft=10'), ((11, 5), 'foodLeft=11'), ((15, 3), 'foodLeft=12'), ((4, 5), 'foodLeft=11'), ((2, 5), 'foodLeft=12'), ((13, 3), 'foodLeft=10'), ((12, 3), 'foodLeft=12'), ((13, 4), 'foodLeft=9'), ((12, 3), 'foodLeft=11'), ((4, 3), 'foodLeft=11'), ((2, 3), 'foodLeft=12'), ((13, 4), 'foodLeft=11'), ((11, 5), 'foodLeft=10'), ((14, 3), 'foodLeft=12'), ((14, 5), 'foodLeft=9'), ((14, 3), 'foodLeft=11'), ((12, 3), 'foodLeft=12'), ((2, 3), 'foodLeft=13'), ((6, 5), 'foodLeft=11'), ((8, 5), 'foodLeft=11'), ((8, 3), 'foodLeft=11'), ((12, 5), 'foodLeft=11')]",68,8,50,58
68,"((4, 5), 'foodLeft=12')","((4, 4), 'foodLeft=12')",North,"[((4, 4), 'foodLeft=12'), ((5, 5), 'foodLeft=12'), ((3, 5), 'foodLeft=12')]","[((4, 5), 'foodLeft=12'), ((4, 5), 'foodLeft=12'), ((10, 5), 'foodLeft=11'), ((6, 3), 'foodLeft=11'), ((15, 3), 'foodLeft=13'), ((4, 3), 'foodLeft=12'), ((12, 5), 'foodLeft=12'), ((10, 3), 'foodLeft=11'), ((12, 5), 'foodLeft=10'), ((4, 3), 'foodLeft=12'), ((14, 5), 'foodLeft=10'), ((11, 5), 'foodLeft=11'), ((15, 3), 'foodLeft=12'), ((4, 5), 'foodLeft=11'), ((2, 5), 'foodLeft=12'), ((13, 3), 'foodLeft=10'), ((12, 3), 'foodLeft=12'), ((13, 4), 'foodLeft=9'), ((12, 3), 'foodLeft=11'), ((4, 3), 'foodLeft=11'), ((2, 3), 'foodLeft=12'), ((13, 4), 'foodLeft=11'), ((11, 5), 'foodLeft=10'), ((14, 3), 'foodLeft=12'), ((14, 5), 'foodLeft=9'), ((14, 3), 'foodLeft=11'), ((12, 3), 'foodLeft=12'), ((2, 3), 'foodLeft=13'), ((6, 5), 'foodLeft=11'), ((8, 5), 'foodLeft=11'), ((8, 3), 'foodLeft=11'), ((12, 5), 'foodLeft=11')]","[((10, 5), 'foodLeft=11'), ((4, 5), 'foodLeft=12'), ((12, 5), 'foodLeft=12'), ((6, 3), 'foodLeft=11'), ((15, 3), 'foodLeft=13'), ((4, 3), 'foodLeft=12'), ((4, 5), 'foodLeft=11'), ((3, 5), 'foodLeft=12'), ((12, 5), 'foodLeft=10'), ((4, 3), 'foodLeft=12'), ((14, 5), 'foodLeft=10'), ((11, 5), 'foodLeft=11'), ((15, 3), 'foodLeft=12'), ((6, 5), 'foodLeft=11'), ((2, 5), 'foodLeft=12'), ((10, 3), 'foodLeft=11'), ((12, 3), 'foodLeft=12'), ((13, 4), 'foodLeft=9'), ((12, 3), 'foodLeft=11'), ((4, 3), 'foodLeft=11'), ((2, 3), 'foodLeft=12'), ((13, 4), 'foodLeft=11'), ((11, 5), 'foodLeft=10'), ((14, 3), 'foodLeft=12'), ((14, 5), 'foodLeft=9'), ((14, 3), 'foodLeft=11'), ((12, 3), 'foodLeft=12'), ((2, 3), 'foodLeft=13'), ((12, 5), 'foodLeft=11'), ((8, 5), 'foodLeft=11'), ((8, 3), 'foodLeft=11'), ((13, 3), 'foodLeft=10'), ((5, 5), 'foodLeft=12')]",69,7,51,58
69,"((10, 5), 'foodLeft=11')","((10, 4), 'foodLeft=11')",North,"[((10, 4), 'foodLeft=11'), ((11, 5), 'foodLeft=11'), ((9, 5), 'foodLeft=11')]","[((10, 5), 'foodLeft=11'), ((4, 5), 'foodLeft=12'), ((12, 5), 'foodLeft=12'), ((6, 3), 'foodLeft=11'), ((15, 3), 'foodLeft=13'), ((4, 3), 'foodLeft=12'), ((4, 5), 'foodLeft=11'), ((3, 5), 'foodLeft=12'), ((12, 5), 'foodLeft=10'), ((4, 3), 'foodLeft=12'), ((14, 5), 'foodLeft=10'), ((11, 5), 'foodLeft=11'), ((15, 3), 'foodLeft=12'), ((6, 5), 'foodLeft=11'), ((2, 5), 'foodLeft=12'), ((10, 3), 'foodLeft=11'), ((12, 3), 'foodLeft=12'), ((13, 4), 'foodLeft=9'), ((12, 3), 'foodLeft=11'), ((4, 3), 'foodLeft=11'), ((2, 3), 'foodLeft=12'), ((13, 4), 'foodLeft=11'), ((11, 5), 'foodLeft=10'), ((14, 3), 'foodLeft=12'), ((14, 5), 'foodLeft=9'), ((14, 3), 'foodLeft=11'), ((12, 3), 'foodLeft=12'), ((2, 3), 'foodLeft=13'), ((12, 5), 'foodLeft=11'), ((8, 5), 'foodLeft=11'), ((8, 3), 'foodLeft=11'), ((13, 3), 'foodLeft=10'), ((5, 5), 'foodLeft=12')]","[((12, 5), 'foodLeft=12'), ((4, 5), 'foodLeft=12'), ((4, 5), 'foodLeft=11'), ((6, 3), 'foodLeft=11'), ((15, 3), 'foodLeft=13'), ((4, 3), 'foodLeft=12'), ((2, 5), 'foodLeft=12'), ((3, 5), 'foodLeft=12'), ((12, 5), 'foodLeft=10'), ((4, 3), 'foodLeft=12'), ((14, 5), 'foodLeft=10'), ((11, 5), 'foodLeft=11'), ((15, 3), 'foodLeft=12'), ((6, 5), 'foodLeft=11'), ((5, 5), 'foodLeft=12'), ((11, 5), 'foodLeft=11'), ((12, 3), 'foodLeft=12'), ((13, 4), 'foodLeft=9'), ((12, 3), 'foodLeft=11'), ((4, 3), 'foodLeft=11'), ((2, 3), 'foodLeft=12'), ((13, 4), 'foodLeft=11'), ((11, 5), 'foodLeft=10'), ((14, 3), 'foodLeft=12'), ((14, 5), 'foodLeft=9'), ((14, 3), 'foodLeft=11'), ((12, 3), 'foodLeft=12'), ((2, 3), 'foodLeft=13'), ((12, 5), 'foodLeft=11'), ((8, 5), 'foodLeft=11'), ((8, 3), 'foodLeft=11'), ((13, 3), 'foodLeft=10'), ((10, 3), 'foodLeft=11'), ((9, 5), 'foodLeft=11')]",70,9,49,58
70,"((12, 5), 'foodLeft=12')","((11, 5), 'foodLeft=12')",East,"[((13, 5), 'foodLeft=11'), ((11, 5), 'foodLeft=12')]","[((12, 5), 'foodLeft=12'), ((4, 5), 'foodLeft=12'), ((4, 5), 'foodLeft=11'), ((6, 3), 'foodLeft=11'), ((15, 3), 'foodLeft=13'), ((4, 3), 'foodLeft=12'), ((2, 5), 'foodLeft=12'), ((3, 5), 'foodLeft=12'), ((12, 5), 'foodLeft=10'), ((4, 3), 'foodLeft=12'), ((14, 5), 'foodLeft=10'), ((11, 5), 'foodLeft=11'), ((15, 3), 'foodLeft=12'), ((6, 5), 'foodLeft=11'), ((5, 5), 'foodLeft=12'), ((11, 5), 'foodLeft=11'), ((12, 3), 'foodLeft=12'), ((13, 4), 'foodLeft=9'), ((12, 3), 'foodLeft=11'), ((4, 3), 'foodLeft=11'), ((2, 3), 'foodLeft=12'), ((13, 4), 'foodLeft=11'), ((11, 5), 'foodLeft=10'), ((14, 3), 'foodLeft=12'), ((14, 5), 'foodLeft=9'), ((14, 3), 'foodLeft=11'), ((12, 3), 'foodLeft=12'), ((2, 3), 'foodLeft=13'), ((12, 5), 'foodLeft=11'), ((8, 5), 'foodLeft=11'), ((8, 3), 'foodLeft=11'), ((13, 3), 'foodLeft=10'), ((10, 3), 'foodLeft=11'), ((9, 5), 'foodLeft=11')]","[((4, 5), 'foodLeft=11'), ((4, 5), 'foodLeft=12'), ((2, 5), 'foodLeft=12'), ((6, 3), 'foodLeft=11'), ((15, 3), 'foodLeft=13'), ((4, 3), 'foodLeft=12'), ((6, 5), 'foodLeft=11'), ((3, 5), 'foodLeft=12'), ((12, 5), 'foodLeft=10'), ((4, 3), 'foodLeft=12'), ((14, 5), 'foodLeft=10'), ((11, 5), 'foodLeft=11'), ((15, 3), 'foodLeft=12'), ((2, 3), 'foodLeft=13'), ((5, 5), 'foodLeft=12'), ((11, 5), 'foodLeft=11'), ((12, 3), 'foodLeft=12'), ((13, 4), 'foodLeft=9'), ((12, 3), 'foodLeft=11'), ((4, 3), 'foodLeft=11'), ((2, 3), 'foodLeft=12'), ((13, 4), 'foodLeft=11'), ((11, 5), 'foodLeft=10'), ((14, 3), 'foodLeft=12'), ((14, 5), 'foodLeft=9'), ((14, 3), 'foodLeft=11'), ((12, 3), 'foodLeft=12'), ((9, 5), 'foodLeft=11'), ((12, 5), 'foodLeft=11'), ((8, 5), 'foodLeft=11'), ((8, 3), 'foodLeft=11'), ((13, 3), 'foodLeft=10'), ((10, 3), 'foodLeft=11'), ((13, 5), 'foodLeft=11')]",71,9,49,58
71,"((4, 5), 'foodLeft=11')","((4, 4), 'foodLeft=11')",North,"[((4, 4), 'foodLeft=11'), ((5, 5), 'foodLeft=11'), ((3, 5), 'foodLeft=11')]","[((4, 5), 'foodLeft=11'), ((4, 5), 'foodLeft=12'), ((2, 5), 'foodLeft=12'), ((6, 3), 'foodLeft=11'), ((15, 3), 'foodLeft=13'), ((4, 3), 'foodLeft=12'), ((6, 5), 'foodLeft=11'), ((3, 5), 'foodLeft=12'), ((12, 5), 'foodLeft=10'), ((4, 3), 'foodLeft=12'), ((14, 5), 'foodLeft=10'), ((11, 5), 'foodLeft=11'), ((15, 3), 'foodLeft=12'), ((2, 3), 'foodLeft=13'), ((5, 5), 'foodLeft=12'), ((11, 5), 'foodLeft=11'), ((12, 3), 'foodLeft=12'), ((13, 4), 'foodLeft=9'), ((12, 3), 'foodLeft=11'), ((4, 3), 'foodLeft=11'), ((2, 3), 'foodLeft=12'), ((13, 4), 'foodLeft=11'), ((11, 5), 'foodLeft=10'), ((14, 3), 'foodLeft=12'), ((14, 5), 'foodLeft=9'), ((14, 3), 'foodLeft=11'), ((12, 3), 'foodLeft=12'), ((9, 5), 'foodLeft=11'), ((12, 5), 'foodLeft=11'), ((8, 5), 'foodLeft=11'), ((8, 3), 'foodLeft=11'), ((13, 3), 'foodLeft=10'), ((10, 3), 'foodLeft=11'), ((13, 5), 'foodLeft=11')]","[((2, 5), 'foodLeft=12'), ((4, 5), 'foodLeft=12'), ((4, 3), 'foodLeft=12'), ((6, 3), 'foodLeft=11'), ((15, 3), 'foodLeft=13'), ((15, 3), 'foodLeft=12'), ((6, 5), 'foodLeft=11'), ((3, 5), 'foodLeft=12'), ((12, 5), 'foodLeft=10'), ((4, 3), 'foodLeft=12'), ((14, 5), 'foodLeft=10'), ((11, 5), 'foodLeft=11'), ((12, 3), 'foodLeft=12'), ((2, 3), 'foodLeft=13'), ((5, 5), 'foodLeft=12'), ((11, 5), 'foodLeft=11'), ((3, 5), 'foodLeft=11'), ((13, 4), 'foodLeft=9'), ((12, 3), 'foodLeft=11'), ((4, 3), 'foodLeft=11'), ((2, 3), 'foodLeft=12'), ((13, 4), 'foodLeft=11'), ((11, 5), 'foodLeft=10'), ((14, 3), 'foodLeft=12'), ((14, 5), 'foodLeft=9'), ((14, 3), 'foodLeft=11'), ((13, 5), 'foodLeft=11'), ((9, 5), 'foodLeft=11'), ((12, 5), 'foodLeft=11'), ((8, 5), 'foodLeft=11'), ((8, 3), 'foodLeft=11'), ((13, 3), 'foodLeft=10'), ((10, 3), 'foodLeft=11'), ((5, 5), 'foodLeft=11'), ((12, 3), 'foodLeft=12')]",72,9,49,58
72,"((2, 5), 'foodLeft=12')","((3, 5), 'foodLeft=12')",West,"[((3, 5), 'foodLeft=12'), ((1, 5), 'foodLeft=11')]","[((2, 5), 'foodLeft=12'), ((4, 5), 'foodLeft=12'), ((4, 3), 'foodLeft=12'), ((6, 3), 'foodLeft=11'), ((15, 3), 'foodLeft=13'), ((15, 3), 'foodLeft=12'), ((6, 5), 'foodLeft=11'), ((3, 5), 'foodLeft=12'), ((12, 5), 'foodLeft=10'), ((4, 3), 'foodLeft=12'), ((14, 5), 'foodLeft=10'), ((11, 5), 'foodLeft=11'), ((12, 3), 'foodLeft=12'), ((2, 3), 'foodLeft=13'), ((5, 5), 'foodLeft=12'), ((11, 5), 'foodLeft=11'), ((3, 5), 'foodLeft=11'), ((13, 4), 'foodLeft=9'), ((12, 3), 'foodLeft=11'), ((4, 3), 'foodLeft=11'), ((2, 3), 'foodLeft=12'), ((13, 4), 'foodLeft=11'), ((11, 5), 'foodLeft=10'), ((14, 3), 'foodLeft=12'), ((14, 5), 'foodLeft=9'), ((14, 3), 'foodLeft=11'), ((13, 5), 'foodLeft=11'), ((9, 5), 'foodLeft=11'), ((12, 5), 'foodLeft=11'), ((8, 5), 'foodLeft=11'), ((8, 3), 'foodLeft=11'), ((13, 3), 'foodLeft=10'), ((10, 3), 'foodLeft=11'), ((5, 5), 'foodLeft=11'), ((12, 3), 'foodLeft=12')]","[((4, 5), 'foodLeft=12'), ((6, 3), 'foodLeft=11'), ((4, 3), 'foodLeft=12'), ((3, 5), 'foodLeft=12'), ((15, 3), 'foodLeft=13'), ((15, 3), 'foodLeft=12'), ((6, 5), 'foodLeft=11'), ((11, 5), 'foodLeft=11'), ((12, 5), 'foodLeft=10'), ((4, 3), 'foodLeft=12'), ((14, 5), 'foodLeft=10'), ((11, 5), 'foodLeft=11'), ((12, 3), 'foodLeft=12'), ((2, 3), 'foodLeft=13'), ((5, 5), 'foodLeft=12'), ((10, 3), 'foodLeft=11'), ((3, 5), 'foodLeft=11'), ((13, 4), 'foodLeft=9'), ((12, 3), 'foodLeft=11'), ((4, 3), 'foodLeft=11'), ((2, 3), 'foodLeft=12'), ((13, 4), 'foodLeft=11'), ((11, 5), 'foodLeft=10'), ((14, 3), 'foodLeft=12'), ((14, 5), 'foodLeft=9'), ((14, 3), 'foodLeft=11'), ((13, 5), 'foodLeft=11'), ((9, 5), 'foodLeft=11'), ((12, 5), 'foodLeft=11'), ((8, 5), 'foodLeft=11'), ((8, 3), 'foodLeft=11'), ((13, 3), 'foodLeft=10'), ((12, 3), 'foodLeft=12'), ((5, 5), 'foodLeft=11'), ((1, 5), 'foodLeft=11')]",73,9,49,58
73,"((4, 5), 'foodLeft=12')","((5, 5), 'foodLeft=12')",West,"[((4, 4), 'foodLeft=11'), ((5, 5), 'foodLeft=12'), ((3, 5), 'foodLeft=12')]","[((4, 5), 'foodLeft=12'), ((6, 3), 'foodLeft=11'), ((4, 3), 'foodLeft=12'), ((3, 5), 'foodLeft=12'), ((15, 3), 'foodLeft=13'), ((15, 3), 'foodLeft=12'), ((6, 5), 'foodLeft=11'), ((11, 5), 'foodLeft=11'), ((12, 5), 'foodLeft=10'), ((4, 3), 'foodLeft=12'), ((14, 5), 'foodLeft=10'), ((11, 5), 'foodLeft=11'), ((12, 3), 'foodLeft=12'), ((2, 3), 'foodLeft=13'), ((5, 5), 'foodLeft=12'), ((10, 3), 'foodLeft=11'), ((3, 5), 'foodLeft=11'), ((13, 4), 'foodLeft=9'), ((12, 3), 'foodLeft=11'), ((4, 3), 'foodLeft=11'), ((2, 3), 'foodLeft=12'), ((13, 4), 'foodLeft=11'), ((11, 5), 'foodLeft=10'), ((14, 3), 'foodLeft=12'), ((14, 5), 'foodLeft=9'), ((14, 3), 'foodLeft=11'), ((13, 5), 'foodLeft=11'), ((9, 5), 'foodLeft=11'), ((12, 5), 'foodLeft=11'), ((8, 5), 'foodLeft=11'), ((8, 3), 'foodLeft=11'), ((13, 3), 'foodLeft=10'), ((12, 3), 'foodLeft=12'), ((5, 5), 'foodLeft=11'), ((1, 5), 'foodLeft=11')]","[((4, 3), 'foodLeft=12'), ((6, 3), 'foodLeft=11'), ((6, 5), 'foodLeft=11'), ((3, 5), 'foodLeft=12'), ((15, 3), 'foodLeft=13'), ((15, 3), 'foodLeft=12'), ((2, 3), 'foodLeft=13'), ((11, 5), 'foodLeft=11'), ((12, 5), 'foodLeft=10'), ((4, 3), 'foodLeft=12'), ((14, 5), 'foodLeft=10'), ((11, 5), 'foodLeft=11'), ((12, 3), 'foodLeft=12'), ((1, 5), 'foodLeft=11'), ((5, 5), 'foodLeft=12'), ((10, 3), 'foodLeft=11'), ((3, 5), 'foodLeft=11'), ((3, 5), 'foodLeft=12'), ((12, 3), 'foodLeft=11'), ((4, 3), 'foodLeft=11'), ((2, 3), 'foodLeft=12'), ((13, 4), 'foodLeft=11'), ((11, 5), 'foodLeft=10'), ((14, 3), 'foodLeft=12'), ((14, 5), 'foodLeft=9'), ((14, 3), 'foodLeft=11'), ((13, 5), 'foodLeft=11'), ((9, 5), 'foodLeft=11'), ((12, 5), 'foodLeft=11'), ((8, 5), 'foodLeft=11'), ((8, 3), 'foodLeft=11'), ((13, 3), 'foodLeft=10'), ((12, 3), 'foodLeft=12'), ((5, 5), 'foodLeft=11'), ((4, 4), 'foodLeft=11'), ((13, 4), 'foodLeft=9')]",74,9,49,58
74,"((4, 3), 'foodLeft=12')","((5, 3), 'foodLeft=12')",West,"[((4, 4), 'foodLeft=11'), ((5, 3), 'foodLeft=12'), ((3, 3), 'foodLeft=12')]","[((4, 3), 'foodLeft=12'), ((6, 3), 'foodLeft=11'), ((6, 5), 'foodLeft=11'), ((3, 5), 'foodLeft=12'), ((15, 3), 'foodLeft=13'), ((15, 3), 'foodLeft=12'), ((2, 3), 'foodLeft=13'), ((11, 5), 'foodLeft=11'), ((12, 5), 'foodLeft=10'), ((4, 3), 'foodLeft=12'), ((14, 5), 'foodLeft=10'), ((11, 5), 'foodLeft=11'), ((12, 3), 'foodLeft=12'), ((1, 5), 'foodLeft=11'), ((5, 5), 'foodLeft=12'), ((10, 3), 'foodLeft=11'), ((3, 5), 'foodLeft=11'), ((3, 5), 'foodLeft=12'), ((12, 3), 'foodLeft=11'), ((4, 3), 'foodLeft=11'), ((2, 3), 'foodLeft=12'), ((13, 4), 'foodLeft=11'), ((11, 5), 'foodLeft=10'), ((14, 3), 'foodLeft=12'), ((14, 5), 'foodLeft=9'), ((14, 3), 'foodLeft=11'), ((13, 5), 'foodLeft=11'), ((9, 5), 'foodLeft=11'), ((12, 5), 'foodLeft=11'), ((8, 5), 'foodLeft=11'), ((8, 3), 'foodLeft=11'), ((13, 3), 'foodLeft=10'), ((12, 3), 'foodLeft=12'), ((5, 5), 'foodLeft=11'), ((4, 4), 'foodLeft=11'), ((13, 4), 'foodLeft=9')]","[((6, 5), 'foodLeft=11'), ((6, 3), 'foodLeft=11'), ((15, 3), 'foodLeft=12'), ((3, 5), 'foodLeft=12'), ((15, 3), 'foodLeft=13'), ((12, 3), 'foodLeft=12'), ((2, 3), 'foodLeft=13'), ((11, 5), 'foodLeft=11'), ((12, 5), 'foodLeft=10'), ((4, 3), 'foodLeft=12'), ((14, 5), 'foodLeft=10'), ((11, 5), 'foodLeft=11'), ((14, 3), 'foodLeft=11'), ((1, 5), 'foodLeft=11'), ((5, 5), 'foodLeft=12'), ((10, 3), 'foodLeft=11'), ((3, 5), 'foodLeft=11'), ((3, 5), 'foodLeft=12'), ((12, 3), 'foodLeft=11'), ((4, 3), 'foodLeft=11'), ((2, 3), 'foodLeft=12'), ((13, 4), 'foodLeft=11'), ((11, 5), 'foodLeft=10'), ((14, 3), 'foodLeft=12'), ((14, 5), 'foodLeft=9'), ((13, 4), 'foodLeft=9'), ((13, 5), 'foodLeft=11'), ((9, 5), 'foodLeft=11'), ((12, 5), 'foodLeft=11'), ((8, 5), 'foodLeft=11'), ((8, 3), 'foodLeft=11'), ((13, 3), 'foodLeft=10'), ((12, 3), 'foodLeft=12'), ((5, 5), 'foodLeft=11'), ((4, 4), 'foodLeft=11'), ((3, 3), 'foodLeft=12')]",75,9,49,58
75,"((6, 5), 'foodLeft=11')","((7, 5), 'foodLeft=11')",West,"[((7, 5), 'foodLeft=11'), ((5, 5), 'foodLeft=11')]","[((6, 5), 'foodLeft=11'), ((6, 3), 'foodLeft=11'), ((15, 3), 'foodLeft=12'), ((3, 5), 'foodLeft=12'), ((15, 3), 'foodLeft=13'), ((12, 3), 'foodLeft=12'), ((2, 3), 'foodLeft=13'), ((11, 5), 'foodLeft=11'), ((12, 5), 'foodLeft=10'), ((4, 3), 'foodLeft=12'), ((14, 5), 'foodLeft=10'), ((11, 5), 'foodLeft=11'), ((14, 3), 'foodLeft=11'), ((1, 5), 'foodLeft=11'), ((5, 5), 'foodLeft=12'), ((10, 3), 'foodLeft=11'), ((3, 5), 'foodLeft=11'), ((3, 5), 'foodLeft=12'), ((12, 3), 'foodLeft=11'), ((4, 3), 'foodLeft=11'), ((2, 3), 'foodLeft=12'), ((13, 4), 'foodLeft=11'), ((11, 5), 'foodLeft=10'), ((14, 3), 'foodLeft=12'), ((14, 5), 'foodLeft=9'), ((13, 4), 'foodLeft=9'), ((13, 5), 'foodLeft=11'), ((9, 5), 'foodLeft=11'), ((12, 5), 'foodLeft=11'), ((8, 5), 'foodLeft=11'), ((8, 3), 'foodLeft=11'), ((13, 3), 'foodLeft=10'), ((12, 3), 'foodLeft=12'), ((5, 5), 'foodLeft=11'), ((4, 4), 'foodLeft=11'), ((3, 3), 'foodLeft=12')]","[((6, 3), 'foodLeft=11'), ((3, 5), 'foodLeft=12'), ((15, 3), 'foodLeft=12'), ((11, 5), 'foodLeft=11'), ((15, 3), 'foodLeft=13'), ((12, 3), 'foodLeft=12'), ((2, 3), 'foodLeft=13'), ((3, 5), 'foodLeft=11'), ((5, 5), 'foodLeft=11'), ((4, 3), 'foodLeft=12'), ((14, 5), 'foodLeft=10'), ((11, 5), 'foodLeft=11'), ((14, 3), 'foodLeft=11'), ((1, 5), 'foodLeft=11'), ((5, 5), 'foodLeft=12'), ((10, 3), 'foodLeft=11'), ((5, 5), 'foodLeft=11'), ((12, 5), 'foodLeft=10'), ((12, 3), 'foodLeft=11'), ((4, 3), 'foodLeft=11'), ((2, 3), 'foodLeft=12'), ((13, 4), 'foodLeft=11'), ((11, 5), 'foodLeft=10'), ((14, 3), 'foodLeft=12'), ((14, 5), 'foodLeft=9'), ((13, 4), 'foodLeft=9'), ((13, 5), 'foodLeft=11'), ((9, 5), 'foodLeft=11'), ((12, 5), 'foodLeft=11'), ((8, 5), 'foodLeft=11'), ((8, 3), 'foodLeft=11'), ((13, 3), 'foodLeft=10'), ((12, 3), 'foodLeft=12'), ((3, 3), 'foodLeft=12'), ((4, 4), 'foodLeft=11'), ((3, 5), 'foodLeft=12')]",76,9,49,58
76,"((6, 3), 'foodLeft=11')","((7, 3), 'foodLeft=11')",West,"[((7, 3), 'foodLeft=11'), ((5, 3), 'foodLeft=11')]","[((6, 3), 'foodLeft=11'), ((3, 5), 'foodLeft=12'), ((15, 3), 'foodLeft=12'), ((11, 5), 'foodLeft=11'), ((15, 3), 'foodLeft=13'), ((12, 3), 'foodLeft=12'), ((2, 3), 'foodLeft=13'), ((3, 5), 'foodLeft=11'), ((5, 5), 'foodLeft=11'), ((4, 3), 'foodLeft=12'), ((14, 5), 'foodLeft=10'), ((11, 5), 'foodLeft=11'), ((14, 3), 'foodLeft=11'), ((1, 5), 'foodLeft=11'), ((5, 5), 'foodLeft=12'), ((10, 3), 'foodLeft=11'), ((5, 5), 'foodLeft=11'), ((12, 5), 'foodLeft=10'), ((12, 3), 'foodLeft=11'), ((4, 3), 'foodLeft=11'), ((2, 3), 'foodLeft=12'), ((13, 4), 'foodLeft=11'), ((11, 5), 'foodLeft=10'), ((14, 3), 'foodLeft=12'), ((14, 5), 'foodLeft=9'), ((13, 4), 'foodLeft=9'), ((13, 5), 'foodLeft=11'), ((9, 5), 'foodLeft=11'), ((12, 5), 'foodLeft=11'), ((8, 5), 'foodLeft=11'), ((8, 3), 'foodLeft=11'), ((13, 3), 'foodLeft=10'), ((12, 3), 'foodLeft=12'), ((3, 3), 'foodLeft=12'), ((4, 4), 'foodLeft=11'), ((3, 5), 'foodLeft=12')]","[((3, 5), 'foodLeft=12'), ((11, 5), 'foodLeft=11'), ((15, 3), 'foodLeft=12'), ((3, 5), 'foodLeft=11'), ((15, 3), 'foodLeft=13'), ((12, 3), 'foodLeft=12'), ((2, 3), 'foodLeft=13'), ((10, 3), 'foodLeft=11'), ((5, 5), 'foodLeft=11'), ((4, 3), 'foodLeft=12'), ((14, 5), 'foodLeft=10'), ((11, 5), 'foodLeft=11'), ((14, 3), 'foodLeft=11'), ((1, 5), 'foodLeft=11'), ((5, 5), 'foodLeft=12'), ((13, 3), 'foodLeft=10'), ((5, 5), 'foodLeft=11'), ((5, 3), 'foodLeft=11'), ((12, 3), 'foodLeft=11'), ((4, 3), 'foodLeft=11'), ((2, 3), 'foodLeft=12'), ((13, 4), 'foodLeft=11'), ((11, 5), 'foodLeft=10'), ((14, 3), 'foodLeft=12'), ((14, 5), 'foodLeft=9'), ((13, 4), 'foodLeft=9'), ((13, 5), 'foodLeft=11'), ((9, 5), 'foodLeft=11'), ((12, 5), 'foodLeft=11'), ((8, 5), 'foodLeft=11'), ((8, 3), 'foodLeft=11'), ((3, 5), 'foodLeft=12'), ((12, 3), 'foodLeft=12'), ((3, 3), 'foodLeft=12'), ((4, 4), 'foodLeft=11'), ((12, 5), 'foodLeft=10')]",77,9,49,58
77,"((3, 5), 'foodLeft=12')","((4, 5), 'foodLeft=12')",West,"[((4, 5), 'foodLeft=12'), ((2, 5), 'foodLeft=12')]","[((3, 5), 'foodLeft=12'), ((11, 5), 'foodLeft=11'), ((15, 3), 'foodLeft=12'), ((3, 5), 'foodLeft=11'), ((15, 3), 'foodLeft=13'), ((12, 3), 'foodLeft=12'), ((2, 3), 'foodLeft=13'), ((10, 3), 'foodLeft=11'), ((5, 5), 'foodLeft=11'), ((4, 3), 'foodLeft=12'), ((14, 5), 'foodLeft=10'), ((11, 5), 'foodLeft=11'), ((14, 3), 'foodLeft=11'), ((1, 5), 'foodLeft=11'), ((5, 5), 'foodLeft=12'), ((13, 3), 'foodLeft=10'), ((5, 5), 'foodLeft=11'), ((5, 3), 'foodLeft=11'), ((12, 3), 'foodLeft=11'), ((4, 3), 'foodLeft=11'), ((2, 3), 'foodLeft=12'), ((13, 4), 'foodLeft=11'), ((11, 5), 'foodLeft=10'), ((14, 3), 'foodLeft=12'), ((14, 5), 'foodLeft=9'), ((13, 4), 'foodLeft=9'), ((13, 5), 'foodLeft=11'), ((9, 5), 'foodLeft=11'), ((12, 5), 'foodLeft=11'), ((8, 5), 'foodLeft=11'), ((8, 3), 'foodLeft=11'), ((3, 5), 'foodLeft=12'), ((12, 3), 'foodLeft=12'), ((3, 3), 'foodLeft=12'), ((4, 4), 'foodLeft=11'), ((12, 5), 'foodLeft=10')]","[((11, 5), 'foodLeft=11'), ((3, 5), 'foodLeft=11'), ((15, 3), 'foodLeft=12'), ((5, 5), 'foodLeft=11'), ((15, 3), 'foodLeft=13'), ((12, 3), 'foodLeft=12'), ((2, 3), 'foodLeft=13'), ((10, 3), 'foodLeft=11'), ((5, 3), 'foodLeft=11'), ((4, 3), 'foodLeft=12'), ((14, 5), 'foodLeft=10'), ((11, 5), 'foodLeft=11'), ((14, 3), 'foodLeft=11'), ((1, 5), 'foodLeft=11'), ((5, 5), 'foodLeft=12'), ((13, 3), 'foodLeft=10'), ((5, 5), 'foodLeft=11'), ((2, 5), 'foodLeft=12'), ((12, 3), 'foodLeft=11'), ((4, 3), 'foodLeft=11'), ((2, 3), 'foodLeft=12'), ((13, 4), 'foodLeft=11'), ((11, 5), 'foodLeft=10'), ((14, 3), 'foodLeft=12'), ((14, 5), 'foodLeft=9'), ((13, 4), 'foodLeft=9'), ((13, 5), 'foodLeft=11'), ((9, 5), 'foodLeft=11'), ((12, 5), 'foodLeft=11'), ((8, 5), 'foodLeft=11'), ((8, 3), 'foodLeft=11'), ((3, 5), 'foodLeft=12'), ((12, 3), 'foodLeft=12'), ((3, 3), 'foodLeft=12'), ((4, 4), 'foodLeft=11'), ((12, 5), 'foodLeft=10')]",78,8,50,58
78,"((11, 5), 'foodLeft=11')","((10, 5), 'foodLeft=11')",East,"[((12, 5), 'foodLeft=11'), ((10, 5), 'foodLeft=11')]","[((11, 5), 'foodLeft=11'), ((3, 5), 'foodLeft=11'), ((15, 3), 'foodLeft=12'), ((5, 5), 'foodLeft=11'), ((15, 3), 'foodLeft=13'), ((12, 3), 'foodLeft=12'), ((2, 3), 'foodLeft=13'), ((10, 3), 'foodLeft=11'), ((5, 3), 'foodLeft=11'), ((4, 3), 'foodLeft=12'), ((14, 5), 'foodLeft=10'), ((11, 5), 'foodLeft=11'), ((14, 3), 'foodLeft=11'), ((1, 5), 'foodLeft=11'), ((5, 5), 'foodLeft=12'), ((13, 3), 'foodLeft=10'), ((5, 5), 'foodLeft=11'), ((2, 5), 'foodLeft=12'), ((12, 3), 'foodLeft=11'), ((4, 3), 'foodLeft=11'), ((2, 3), 'foodLeft=12'), ((13, 4), 'foodLeft=11'), ((11, 5), 'foodLeft=10'), ((14, 3), 'foodLeft=12'), ((14, 5), 'foodLeft=9'), ((13, 4), 'foodLeft=9'), ((13, 5), 'foodLeft=11'), ((9, 5), 'foodLeft=11'), ((12, 5), 'foodLeft=11'), ((8, 5), 'foodLeft=11'), ((8, 3), 'foodLeft=11'), ((3, 5), 'foodLeft=12'), ((12, 3), 'foodLeft=12'), ((3, 3), 'foodLeft=12'), ((4, 4), 'foodLeft=11'), ((12, 5), 'foodLeft=10')]","[((3, 5), 'foodLeft=11'), ((5, 5), 'foodLeft=11'), ((15, 3), 'foodLeft=12'), ((5, 3), 'foodLeft=11'), ((15, 3), 'foodLeft=13'), ((12, 3), 'foodLeft=12'), ((2, 3), 'foodLeft=13'), ((10, 3), 'foodLeft=11'), ((2, 5), 'foodLeft=12'), ((4, 3), 'foodLeft=12'), ((14, 5), 'foodLeft=10'), ((11, 5), 'foodLeft=11'), ((14, 3), 'foodLeft=11'), ((1, 5), 'foodLeft=11'), ((5, 5), 'foodLeft=12'), ((13, 3), 'foodLeft=10'), ((5, 5), 'foodLeft=11'), ((12, 5), 'foodLeft=11'), ((12, 3), 'foodLeft=11'), ((4, 3), 'foodLeft=11'), ((2, 3), 'foodLeft=12'), ((13, 4), 'foodLeft=11'), ((11, 5), 'foodLeft=10'), ((14, 3), 'foodLeft=12'), ((14, 5), 'foodLeft=9'), ((13, 4), 'foodLeft=9'), ((13, 5), 'foodLeft=11'), ((9, 5), 'foodLeft=11'), ((12, 5), 'foodLeft=11'), ((8, 5), 'foodLeft=11'), ((8, 3), 'foodLeft=11'), ((3, 5), 'foodLeft=12'), ((12, 3), 'foodLeft=12'), ((3, 3), 'foodLeft=12'), ((4, 4), 'foodLeft=11'), ((12, 5), 'foodLeft=10')]",79,10,48,58
79,"((3, 5), 'foodLeft=11')","((4, 5), 'foodLeft=11')",West,"[((4, 5), 'foodLeft=11'), ((2, 5), 'foodLeft=11')]","[((3, 5), 'foodLeft=11'), ((5, 5), 'foodLeft=11'), ((15, 3), 'foodLeft=12'), ((5, 3), 'foodLeft=11'), ((15, 3), 'foodLeft=13'), ((12, 3), 'foodLeft=12'), ((2, 3), 'foodLeft=13'), ((10, 3), 'foodLeft=11'), ((2, 5), 'foodLeft=12'), ((4, 3), 'foodLeft=12'), ((14, 5), 'foodLeft=10'), ((11, 5), 'foodLeft=11'), ((14, 3), 'foodLeft=11'), ((1, 5), 'foodLeft=11'), ((5, 5), 'foodLeft=12'), ((13, 3), 'foodLeft=10'), ((5, 5), 'foodLeft=11'), ((12, 5), 'foodLeft=11'), ((12, 3), 'foodLeft=11'), ((4, 3), 'foodLeft=11'), ((2, 3), 'foodLeft=12'), ((13, 4), 'foodLeft=11'), ((11, 5), 'foodLeft=10'), ((14, 3), 'foodLeft=12'), ((14, 5), 'foodLeft=9'), ((13, 4), 'foodLeft=9'), ((13, 5), 'foodLeft=11'), ((9, 5), 'foodLeft=11'), ((12, 5), 'foodLeft=11'), ((8, 5), 'foodLeft=11'), ((8, 3), 'foodLeft=11'), ((3, 5), 'foodLeft=12'), ((12, 3), 'foodLeft=12'), ((3, 3), 'foodLeft=12'), ((4, 4), 'foodLeft=11'), ((12, 5), 'foodLeft=10')]","[((5, 5), 'foodLeft=11'), ((5, 3), 'foodLeft=11'), ((15, 3), 'foodLeft=12'), ((2, 5), 'foodLeft=12'), ((15, 3), 'foodLeft=13'), ((12, 3), 'foodLeft=12'), ((2, 3), 'foodLeft=13'), ((10, 3), 'foodLeft=11'), ((12, 5), 'foodLeft=11'), ((4, 3), 'foodLeft=12'), ((14, 5), 'foodLeft=10'), ((11, 5), 'foodLeft=11'), ((14, 3), 'foodLeft=11'), ((1, 5), 'foodLeft=11'), ((5, 5), 'foodLeft=12'), ((13, 3), 'foodLeft=10'), ((5, 5), 'foodLeft=11'), ((2, 5), 'foodLeft=11'), ((12, 3), 'foodLeft=11'), ((4, 3), 'foodLeft=11'), ((2, 3), 'foodLeft=12'), ((13, 4), 'foodLeft=11'), ((11, 5), 'foodLeft=10'), ((14, 3), 'foodLeft=12'), ((14, 5), 'foodLeft=9'), ((13, 4), 'foodLeft=9'), ((13, 5), 'foodLeft=11'), ((9, 5), 'foodLeft=11'), ((12, 5), 'foodLeft=11'), ((8, 5), 'foodLeft=11'), ((8, 3), 'foodLeft=11'), ((3, 5), 'foodLeft=12'), ((12, 3), 'foodLeft=12'), ((3, 3), 'foodLeft=12'), ((4, 4), 'foodLeft=11'), ((12, 5), 'foodLeft=10')]",80,10,48,58
80,"((5, 5), 'foodLeft=11')","((6, 5), 'foodLeft=11')",West,"[((6, 5), 'foodLeft=11'), ((4, 5), 'foodLeft=11')]","[((5, 5), 'foodLeft=11'), ((5, 3), 'foodLeft=11'), ((15, 3), 'foodLeft=12'), ((2, 5), 'foodLeft=12'), ((15, 3), 'foodLeft=13'), ((12, 3), 'foodLeft=12'), ((2, 3), 'foodLeft=13'), ((10, 3), 'foodLeft=11'), ((12, 5), 'foodLeft=11'), ((4, 3), 'foodLeft=12'), ((14, 5), 'foodLeft=10'), ((11, 5), 'foodLeft=11'), ((14, 3), 'foodLeft=11'), ((1, 5), 'foodLeft=11'), ((5, 5), 'foodLeft=12'), ((13, 3), 'foodLeft=10'), ((5, 5), 'foodLeft=11'), ((2, 5), 'foodLeft=11'), ((12, 3), 'foodLeft=11'), ((4, 3), 'foodLeft=11'), ((2, 3), 'foodLeft=12'), ((13, 4), 'foodLeft=11'), ((11, 5), 'foodLeft=10'), ((14, 3), 'foodLeft=12'), ((14, 5), 'foodLeft=9'), ((13, 4), 'foodLeft=9'), ((13, 5), 'foodLeft=11'), ((9, 5), 'foodLeft=11'), ((12, 5), 'foodLeft=11'), ((8, 5), 'foodLeft=11'), ((8, 3), 'foodLeft=11'), ((3, 5), 'foodLeft=12'), ((12, 3), 'foodLeft=12'), ((3, 3), 'foodLeft=12'), ((4, 4), 'foodLeft=11'), ((12, 5), 'foodLeft=10')]","[((5, 3), 'foodLeft=11'), ((2, 5), 'foodLeft=12'), ((15, 3), 'foodLeft=12'), ((12, 5), 'foodLeft=11'), ((15, 3), 'foodLeft=13'), ((12, 3), 'foodLeft=12'), ((2, 3), 'foodLeft=13'), ((10, 3), 'foodLeft=11'), ((2, 5), 'foodLeft=11'), ((4, 3), 'foodLeft=12'), ((14, 5), 'foodLeft=10'), ((11, 5), 'foodLeft=11'), ((14, 3), 'foodLeft=11'), ((1, 5), 'foodLeft=11'), ((5, 5), 'foodLeft=12'), ((13, 3), 'foodLeft=10'), ((5, 5), 'foodLeft=11'), ((4, 5), 'foodLeft=11'), ((12, 3), 'foodLeft=11'), ((4, 3), 'foodLeft=11'), ((2, 3), 'foodLeft=12'), ((13, 4), 'foodLeft=11'), ((11, 5), 'foodLeft=10'), ((14, 3), 'foodLeft=12'), ((14, 5), 'foodLeft=9'), ((13, 4), 'foodLeft=9'), ((13, 5), 'foodLeft=11'), ((9, 5), 'foodLeft=11'), ((12, 5), 'foodLeft=11'), ((8, 5), 'foodLeft=11'), ((8, 3), 'foodLeft=11'), ((3, 5), 'foodLeft=12'), ((12, 3), 'foodLeft=12'), ((3, 3), 'foodLeft=12'), ((4, 4), 'foodLeft=11'), ((12, 5), 'foodLeft=10')]",81,10,48,58
81,"((5, 3), 'foodLeft=11')","((6, 3), 'foodLeft=11')",West,"[((6, 3), 'foodLeft=11'), ((4, 3), 'foodLeft=11')]","[((5, 3), 'foodLeft=11'), ((2, 5), 'foodLeft=12'), ((15, 3), 'foodLeft=12'), ((12, 5), 'foodLeft=11'), ((15, 3), 'foodLeft=13'), ((12, 3), 'foodLeft=12'), ((2, 3), 'foodLeft=13'), ((10, 3), 'foodLeft=11'), ((2, 5), 'foodLeft=11'), ((4, 3), 'foodLeft=12'), ((14, 5), 'foodLeft=10'), ((11, 5), 'foodLeft=11'), ((14, 3), 'foodLeft=11'), ((1, 5), 'foodLeft=11'), ((5, 5), 'foodLeft=12'), ((13, 3), 'foodLeft=10'), ((5, 5), 'foodLeft=11'), ((4, 5), 'foodLeft=11'), ((12, 3), 'foodLeft=11'), ((4, 3), 'foodLeft=11'), ((2, 3), 'foodLeft=12'), ((13, 4), 'foodLeft=11'), ((11, 5), 'foodLeft=10'), ((14, 3), 'foodLeft=12'), ((14, 5), 'foodLeft=9'), ((13, 4), 'foodLeft=9'), ((13, 5), 'foodLeft=11'), ((9, 5), 'foodLeft=11'), ((12, 5), 'foodLeft=11'), ((8, 5), 'foodLeft=11'), ((8, 3), 'foodLeft=11'), ((3, 5), 'foodLeft=12'), ((12, 3), 'foodLeft=12'), ((3, 3), 'foodLeft=12'), ((4, 4), 'foodLeft=11'), ((12, 5), 'foodLeft=10')]","[((2, 5), 'foodLeft=12'), ((12, 5), 'foodLeft=11'), ((15, 3), 'foodLeft=12'), ((2, 5), 'foodLeft=11'), ((15, 3), 'foodLeft=13'), ((12, 3), 'foodLeft=12'), ((2, 3), 'foodLeft=13'), ((10, 3), 'foodLeft=11'), ((4, 5), 'foodLeft=11'), ((4, 3), 'foodLeft=12'), ((14, 5), 'foodLeft=10'), ((11, 5), 'foodLeft=11'), ((14, 3), 'foodLeft=11'), ((1, 5), 'foodLeft=11'), ((5, 5), 'foodLeft=12'), ((13, 3), 'foodLeft=10'), ((5, 5), 'foodLeft=11'), ((4, 3), 'foodLeft=11'), ((12, 3), 'foodLeft=11'), ((4, 3), 'foodLeft=11'), ((2, 3), 'foodLeft=12'), ((13, 4), 'foodLeft=11'), ((11, 5), 'foodLeft=10'), ((14, 3), 'foodLeft=12'), ((14, 5), 'foodLeft=9'), ((13, 4), 'foodLeft=9'), ((13, 5), 'foodLeft=11'), ((9, 5), 'foodLeft=11'), ((12, 5), 'foodLeft=11'), ((8, 5), 'foodLeft=11'), ((8, 3), 'foodLeft=11'), ((3, 5), 'foodLeft=12'), ((12, 3), 'foodLeft=12'), ((3, 3), 'foodLeft=12'), ((4, 4), 'foodLeft=11'), ((12, 5), 'foodLeft=10')]",82,10,48,58
82,"((2, 5), 'foodLeft=12')","((3, 5), 'foodLeft=12')",West,"[((3, 5), 'foodLeft=12'), ((1, 5), 'foodLeft=11')]","[((2, 5), 'foodLeft=12'), ((12, 5), 'foodLeft=11'), ((15, 3), 'foodLeft=12'), ((2, 5), 'foodLeft=11'), ((15, 3), 'foodLeft=13'), ((12, 3), 'foodLeft=12'), ((2, 3), 'foodLeft=13'), ((10, 3), 'foodLeft=11'), ((4, 5), 'foodLeft=11'), ((4, 3), 'foodLeft=12'), ((14, 5), 'foodLeft=10'), ((11, 5), 'foodLeft=11'), ((14, 3), 'foodLeft=11'), ((1, 5), 'foodLeft=11'), ((5, 5), 'foodLeft=12'), ((13, 3), 'foodLeft=10'), ((5, 5), 'foodLeft=11'), ((4, 3), 'foodLeft=11'), ((12, 3), 'foodLeft=11'), ((4, 3), 'foodLeft=11'), ((2, 3), 'foodLeft=12'), ((13, 4), 'foodLeft=11'), ((11, 5), 'foodLeft=10'), ((14, 3), 'foodLeft=12'), ((14, 5), 'foodLeft=9'), ((13, 4), 'foodLeft=9'), ((13, 5), 'foodLeft=11'), ((9, 5), 'foodLeft=11'), ((12, 5), 'foodLeft=11'), ((8, 5), 'foodLeft=11'), ((8, 3), 'foodLeft=11'), ((3, 5), 'foodLeft=12'), ((12, 3), 'foodLeft=12'), ((3, 3), 'foodLeft=12'), ((4, 4), 'foodLeft=11'), ((12, 5), 'foodLeft=10')]","[((12, 5), 'foodLeft=11'), ((2, 5), 'foodLeft=11'), ((15, 3), 'foodLeft=12'), ((4, 5), 'foodLeft=11'), ((15, 3), 'foodLeft=13'), ((12, 3), 'foodLeft=12'), ((2, 3), 'foodLeft=13'), ((10, 3), 'foodLeft=11'), ((4, 3), 'foodLeft=11'), ((4, 3), 'foodLeft=12'), ((14, 5), 'foodLeft=10'), ((11, 5), 'foodLeft=11'), ((14, 3), 'foodLeft=11'), ((1, 5), 'foodLeft=11'), ((5, 5), 'foodLeft=12'), ((13, 3), 'foodLeft=10'), ((5, 5), 'foodLeft=11'), ((1, 5), 'foodLeft=11'), ((12, 3), 'foodLeft=11'), ((4, 3), 'foodLeft=11'), ((2, 3), 'foodLeft=12'), ((13, 4), 'foodLeft=11'), ((11, 5), 'foodLeft=10'), ((14, 3), 'foodLeft=12'), ((14, 5), 'foodLeft=9'), ((13, 4), 'foodLeft=9'), ((13, 5), 'foodLeft=11'), ((9, 5), 'foodLeft=11'), ((12, 5), 'foodLeft=11'), ((8, 5), 'foodLeft=11'), ((8, 3), 'foodLeft=11'), ((3, 5), 'foodLeft=12'), ((12, 3), 'foodLeft=12'), ((3, 3), 'foodLeft=12'), ((4, 4), 'foodLeft=11'), ((12, 5), 'foodLeft=10')]",83,9,49,58
83,"((12, 5), 'foodLeft=11')","((11, 5), 'foodLeft=11')",East,"[((13, 5), 'foodLeft=10'), ((11, 5), 'foodLeft=11')]","[((12, 5), 'foodLeft=11'), ((2, 5), 'foodLeft=11'), ((15, 3), 'foodLeft=12'), ((4, 5), 'foodLeft=11'), ((15, 3), 'foodLeft=13'), ((12, 3), 'foodLeft=12'), ((2, 3), 'foodLeft=13'), ((10, 3), 'foodLeft=11'), ((4, 3), 'foodLeft=11'), ((4, 3), 'foodLeft=12'), ((14, 5), 'foodLeft=10'), ((11, 5), 'foodLeft=11'), ((14, 3), 'foodLeft=11'), ((1, 5), 'foodLeft=11'), ((5, 5), 'foodLeft=12'), ((13, 3), 'foodLeft=10'), ((5, 5), 'foodLeft=11'), ((1, 5), 'foodLeft=11'), ((12, 3), 'foodLeft=11'), ((4, 3), 'foodLeft=11'), ((2, 3), 'foodLeft=12'), ((13, 4), 'foodLeft=11'), ((11, 5), 'foodLeft=10'), ((14, 3), 'foodLeft=12'), ((14, 5), 'foodLeft=9'), ((13, 4), 'foodLeft=9'), ((13, 5), 'foodLeft=11'), ((9, 5), 'foodLeft=11'), ((12, 5), 'foodLeft=11'), ((8, 5), 'foodLeft=11'), ((8, 3), 'foodLeft=11'), ((3, 5), 'foodLeft=12'), ((12, 3), 'foodLeft=12'), ((3, 3), 'foodLeft=12'), ((4, 4), 'foodLeft=11'), ((12, 5), 'foodLeft=10')]","[((2, 5), 'foodLeft=11'), ((4, 5), 'foodLeft=11'), ((15, 3), 'foodLeft=12'), ((4, 3), 'foodLeft=11'), ((15, 3), 'foodLeft=13'), ((12, 3), 'foodLeft=12'), ((2, 3), 'foodLeft=13'), ((10, 3), 'foodLeft=11'), ((1, 5), 'foodLeft=11'), ((4, 3), 'foodLeft=12'), ((14, 5), 'foodLeft=10'), ((11, 5), 'foodLeft=11'), ((14, 3), 'foodLeft=11'), ((1, 5), 'foodLeft=11'), ((5, 5), 'foodLeft=12'), ((13, 3), 'foodLeft=10'), ((5, 5), 'foodLeft=11'), ((12, 5), 'foodLeft=10'), ((12, 3), 'foodLeft=11'), ((4, 3), 'foodLeft=11'), ((2, 3), 'foodLeft=12'), ((13, 4), 'foodLeft=11'), ((11, 5), 'foodLeft=10'), ((14, 3), 'foodLeft=12'), ((14, 5), 'foodLeft=9'), ((13, 4), 'foodLeft=9'), ((13, 5), 'foodLeft=11'), ((9, 5), 'foodLeft=11'), ((12, 5), 'foodLeft=11'), ((8, 5), 'foodLeft=11'), ((8, 3), 'foodLeft=11'), ((3, 5), 'foodLeft=12'), ((12, 3), 'foodLeft=12'), ((3, 3), 'foodLeft=12'), ((4, 4), 'foodLeft=11'), ((13, 5), 'foodLeft=10')]",84,11,47,58
84,"((2, 5), 'foodLeft=11')","((3, 5), 'foodLeft=11')",West,"[((3, 5), 'foodLeft=11'), ((1, 5), 'foodLeft=10')]","[((2, 5), 'foodLeft=11'), ((4, 5), 'foodLeft=11'), ((15, 3), 'foodLeft=12'), ((4, 3), 'foodLeft=11'), ((15, 3), 'foodLeft=13'), ((12, 3), 'foodLeft=12'), ((2, 3), 'foodLeft=13'), ((10, 3), 'foodLeft=11'), ((1, 5), 'foodLeft=11'), ((4, 3), 'foodLeft=12'), ((14, 5), 'foodLeft=10'), ((11, 5), 'foodLeft=11'), ((14, 3), 'foodLeft=11'), ((1, 5), 'foodLeft=11'), ((5, 5), 'foodLeft=12'), ((13, 3), 'foodLeft=10'), ((5, 5), 'foodLeft=11'), ((12, 5), 'foodLeft=10'), ((12, 3), 'foodLeft=11'), ((4, 3), 'foodLeft=11'), ((2, 3), 'foodLeft=12'), ((13, 4), 'foodLeft=11'), ((11, 5), 'foodLeft=10'), ((14, 3), 'foodLeft=12'), ((14, 5), 'foodLeft=9'), ((13, 4), 'foodLeft=9'), ((13, 5), 'foodLeft=11'), ((9, 5), 'foodLeft=11'), ((12, 5), 'foodLeft=11'), ((8, 5), 'foodLeft=11'), ((8, 3), 'foodLeft=11'), ((3, 5), 'foodLeft=12'), ((12, 3), 'foodLeft=12'), ((3, 3), 'foodLeft=12'), ((4, 4), 'foodLeft=11'), ((13, 5), 'foodLeft=10')]","[((4, 5), 'foodLeft=11'), ((4, 3), 'foodLeft=11'), ((15, 3), 'foodLeft=12'), ((10, 3), 'foodLeft=11'), ((15, 3), 'foodLeft=13'), ((12, 3), 'foodLeft=12'), ((2, 3), 'foodLeft=13'), ((13, 3), 'foodLeft=10'), ((1, 5), 'foodLeft=11'), ((4, 3), 'foodLeft=12'), ((14, 5), 'foodLeft=10'), ((11, 5), 'foodLeft=11'), ((14, 3), 'foodLeft=11'), ((1, 5), 'foodLeft=11'), ((5, 5), 'foodLeft=12'), ((12, 3), 'foodLeft=12'), ((5, 5), 'foodLeft=11'), ((1, 5), 'foodLeft=10'), ((12, 3), 'foodLeft=11'), ((4, 3), 'foodLeft=11'), ((2, 3), 'foodLeft=12'), ((13, 4), 'foodLeft=11'), ((11, 5), 'foodLeft=10'), ((14, 3), 'foodLeft=12'), ((14, 5), 'foodLeft=9'), ((13, 4), 'foodLeft=9'), ((13, 5), 'foodLeft=11'), ((9, 5), 'foodLeft=11'), ((12, 5), 'foodLeft=11'), ((8, 5), 'foodLeft=11'), ((8, 3), 'foodLeft=11'), ((3, 5), 'foodLeft=12'), ((13, 5), 'foodLeft=10'), ((3, 3), 'foodLeft=12'), ((4, 4), 'foodLeft=11'), ((12, 5), 'foodLeft=10')]",85,11,47,58
85,"((4, 5), 'foodLeft=11')","((5, 5), 'foodLeft=11')",West,"[((4, 4), 'foodLeft=10'), ((5, 5), 'foodLeft=11'), ((3, 5), 'foodLeft=11')]","[((4, 5), 'foodLeft=11'), ((4, 3), 'foodLeft=11'), ((15, 3), 'foodLeft=12'), ((10, 3), 'foodLeft=11'), ((15, 3), 'foodLeft=13'), ((12, 3), 'foodLeft=12'), ((2, 3), 'foodLeft=13'), ((13, 3), 'foodLeft=10'), ((1, 5), 'foodLeft=11'), ((4, 3), 'foodLeft=12'), ((14, 5), 'foodLeft=10'), ((11, 5), 'foodLeft=11'), ((14, 3), 'foodLeft=11'), ((1, 5), 'foodLeft=11'), ((5, 5), 'foodLeft=12'), ((12, 3), 'foodLeft=12'), ((5, 5), 'foodLeft=11'), ((1, 5), 'foodLeft=10'), ((12, 3), 'foodLeft=11'), ((4, 3), 'foodLeft=11'), ((2, 3), 'foodLeft=12'), ((13, 4), 'foodLeft=11'), ((11, 5), 'foodLeft=10'), ((14, 3), 'foodLeft=12'), ((14, 5), 'foodLeft=9'), ((13, 4), 'foodLeft=9'), ((13, 5), 'foodLeft=11'), ((9, 5), 'foodLeft=11'), ((12, 5), 'foodLeft=11'), ((8, 5), 'foodLeft=11'), ((8, 3), 'foodLeft=11'), ((3, 5), 'foodLeft=12'), ((13, 5), 'foodLeft=10'), ((3, 3), 'foodLeft=12'), ((4, 4), 'foodLeft=11'), ((12, 5), 'foodLeft=10')]","[((4, 3), 'foodLeft=11'), ((15, 3), 'foodLeft=13'), ((15, 3), 'foodLeft=12'), ((10, 3), 'foodLeft=11'), ((14, 5), 'foodLeft=10'), ((12, 3), 'foodLeft=12'), ((2, 3), 'foodLeft=13'), ((13, 3), 'foodLeft=10'), ((1, 5), 'foodLeft=11'), ((4, 3), 'foodLeft=12'), ((13, 4), 'foodLeft=11'), ((11, 5), 'foodLeft=11'), ((14, 3), 'foodLeft=11'), ((1, 5), 'foodLeft=11'), ((5, 5), 'foodLeft=12'), ((12, 3), 'foodLeft=12'), ((5, 5), 'foodLeft=11'), ((1, 5), 'foodLeft=10'), ((12, 3), 'foodLeft=11'), ((4, 3), 'foodLeft=11'), ((2, 3), 'foodLeft=12'), ((12, 5), 'foodLeft=10'), ((11, 5), 'foodLeft=10'), ((14, 3), 'foodLeft=12'), ((14, 5), 'foodLeft=9'), ((13, 4), 'foodLeft=9'), ((13, 5), 'foodLeft=11'), ((9, 5), 'foodLeft=11'), ((12, 5), 'foodLeft=11'), ((8, 5), 'foodLeft=11'), ((8, 3), 'foodLeft=11'), ((3, 5), 'foodLeft=12'), ((13, 5), 'foodLeft=10'), ((3, 3), 'foodLeft=12'), ((4, 4), 'foodLeft=11'), ((4, 4), 'foodLeft=10'), ((3, 5), 'foodLeft=11')]",86,11,47,58
86,"((4, 3), 'foodLeft=11')","((5, 3), 'foodLeft=11')",West,"[((4, 4), 'foodLeft=10'), ((5, 3), 'foodLeft=11'), ((3, 3), 'foodLeft=11')]","[((4, 3), 'foodLeft=11'), ((15, 3), 'foodLeft=13'), ((15, 3), 'foodLeft=12'), ((10, 3), 'foodLeft=11'), ((14, 5), 'foodLeft=10'), ((12, 3), 'foodLeft=12'), ((2, 3), 'foodLeft=13'), ((13, 3), 'foodLeft=10'), ((1, 5), 'foodLeft=11'), ((4, 3), 'foodLeft=12'), ((13, 4), 'foodLeft=11'), ((11, 5), 'foodLeft=11'), ((14, 3), 'foodLeft=11'), ((1, 5), 'foodLeft=11'), ((5, 5), 'foodLeft=12'), ((12, 3), 'foodLeft=12'), ((5, 5), 'foodLeft=11'), ((1, 5), 'foodLeft=10'), ((12, 3), 'foodLeft=11'), ((4, 3), 'foodLeft=11'), ((2, 3), 'foodLeft=12'), ((12, 5), 'foodLeft=10'), ((11, 5), 'foodLeft=10'), ((14, 3), 'foodLeft=12'), ((14, 5), 'foodLeft=9'), ((13, 4), 'foodLeft=9'), ((13, 5), 'foodLeft=11'), ((9, 5), 'foodLeft=11'), ((12, 5), 'foodLeft=11'), ((8, 5), 'foodLeft=11'), ((8, 3), 'foodLeft=11'), ((3, 5), 'foodLeft=12'), ((13, 5), 'foodLeft=10'), ((3, 3), 'foodLeft=12'), ((4, 4), 'foodLeft=11'), ((4, 4), 'foodLeft=10'), ((3, 5), 'foodLeft=11')]","[((15, 3), 'foodLeft=13'), ((14, 5), 'foodLeft=10'), ((15, 3), 'foodLeft=12'), ((10, 3), 'foodLeft=11'), ((4, 3), 'foodLeft=12'), ((12, 3), 'foodLeft=12'), ((2, 3), 'foodLeft=13'), ((13, 3), 'foodLeft=10'), ((1, 5), 'foodLeft=11'), ((4, 3), 'foodLeft=11'), ((13, 4), 'foodLeft=11'), ((11, 5), 'foodLeft=11'), ((14, 3), 'foodLeft=11'), ((1, 5), 'foodLeft=11'), ((5, 5), 'foodLeft=12'), ((12, 3), 'foodLeft=12'), ((5, 5), 'foodLeft=11'), ((1, 5), 'foodLeft=10'), ((12, 3), 'foodLeft=11'), ((3, 5), 'foodLeft=11'), ((2, 3), 'foodLeft=12'), ((12, 5), 'foodLeft=10'), ((11, 5), 'foodLeft=10'), ((14, 3), 'foodLeft=12'), ((14, 5), 'foodLeft=9'), ((13, 4), 'foodLeft=9'), ((13, 5), 'foodLeft=11'), ((9, 5), 'foodLeft=11'), ((12, 5), 'foodLeft=11'), ((8, 5), 'foodLeft=11'), ((8, 3), 'foodLeft=11'), ((3, 5), 'foodLeft=12'), ((13, 5), 'foodLeft=10'), ((3, 3), 'foodLeft=12'), ((4, 4), 'foodLeft=11'), ((4, 4), 'foodLeft=10'), ((3, 3), 'foodLeft=11')]",87,11,47,58
87,"((15, 3), 'foodLeft=13')","((14, 3), 'foodLeft=13')",East,"[((16, 3), 'foodLeft=13'), ((14, 3), 'foodLeft=13')]","[((15, 3), 'foodLeft=13'), ((14, 5), 'foodLeft=10'), ((15, 3), 'foodLeft=12'), ((10, 3), 'foodLeft=11'), ((4, 3), 'foodLeft=12'), ((12, 3), 'foodLeft=12'), ((2, 3), 'foodLeft=13'), ((13, 3), 'foodLeft=10'), ((1, 5), 'foodLeft=11'), ((4, 3), 'foodLeft=11'), ((13, 4), 'foodLeft=11'), ((11, 5), 'foodLeft=11'), ((14, 3), 'foodLeft=11'), ((1, 5), 'foodLeft=11'), ((5, 5), 'foodLeft=12'), ((12, 3), 'foodLeft=12'), ((5, 5), 'foodLeft=11'), ((1, 5), 'foodLeft=10'), ((12, 3), 'foodLeft=11'), ((3, 5), 'foodLeft=11'), ((2, 3), 'foodLeft=12'), ((12, 5), 'foodLeft=10'), ((11, 5), 'foodLeft=10'), ((14, 3), 'foodLeft=12'), ((14, 5), 'foodLeft=9'), ((13, 4), 'foodLeft=9'), ((13, 5), 'foodLeft=11'), ((9, 5), 'foodLeft=11'), ((12, 5), 'foodLeft=11'), ((8, 5), 'foodLeft=11'), ((8, 3), 'foodLeft=11'), ((3, 5), 'foodLeft=12'), ((13, 5), 'foodLeft=10'), ((3, 3), 'foodLeft=12'), ((4, 4), 'foodLeft=11'), ((4, 4), 'foodLeft=10'), ((3, 3), 'foodLeft=11')]","[((15, 3), 'foodLeft=12'), ((14, 5), 'foodLeft=10'), ((2, 3), 'foodLeft=13'), ((10, 3), 'foodLeft=11'), ((4, 3), 'foodLeft=12'), ((12, 3), 'foodLeft=12'), ((5, 5), 'foodLeft=12'), ((13, 3), 'foodLeft=10'), ((1, 5), 'foodLeft=11'), ((4, 3), 'foodLeft=11'), ((13, 4), 'foodLeft=11'), ((11, 5), 'foodLeft=11'), ((14, 3), 'foodLeft=11'), ((1, 5), 'foodLeft=11'), ((8, 5), 'foodLeft=11'), ((12, 3), 'foodLeft=12'), ((5, 5), 'foodLeft=11'), ((1, 5), 'foodLeft=10'), ((12, 3), 'foodLeft=11'), ((3, 5), 'foodLeft=11'), ((2, 3), 'foodLeft=12'), ((12, 5), 'foodLeft=10'), ((11, 5), 'foodLeft=10'), ((14, 3), 'foodLeft=12'), ((14, 5), 'foodLeft=9'), ((13, 4), 'foodLeft=9'), ((13, 5), 'foodLeft=11'), ((9, 5), 'foodLeft=11'), ((12, 5), 'foodLeft=11'), ((3, 3), 'foodLeft=11'), ((8, 3), 'foodLeft=11'), ((3, 5), 'foodLeft=12'), ((13, 5), 'foodLeft=10'), ((3, 3), 'foodLeft=12'), ((4, 4), 'foodLeft=11'), ((4, 4), 'foodLeft=10'), ((16, 3), 'foodLeft=13')]",88,6,53,59
88,"((15, 3), 'foodLeft=12')","((14, 3), 'foodLeft=12')",East,"[((16, 3), 'foodLeft=12'), ((14, 3), 'foodLeft=12')]","[((15, 3), 'foodLeft=12'), ((14, 5), 'foodLeft=10'), ((2, 3), 'foodLeft=13'), ((10, 3), 'foodLeft=11'), ((4, 3), 'foodLeft=12'), ((12, 3), 'foodLeft=12'), ((5, 5), 'foodLeft=12'), ((13, 3), 'foodLeft=10'), ((1, 5), 'foodLeft=11'), ((4, 3), 'foodLeft=11'), ((13, 4), 'foodLeft=11'), ((11, 5), 'foodLeft=11'), ((14, 3), 'foodLeft=11'), ((1, 5), 'foodLeft=11'), ((8, 5), 'foodLeft=11'), ((12, 3), 'foodLeft=12'), ((5, 5), 'foodLeft=11'), ((1, 5), 'foodLeft=10'), ((12, 3), 'foodLeft=11'), ((3, 5), 'foodLeft=11'), ((2, 3), 'foodLeft=12'), ((12, 5), 'foodLeft=10'), ((11, 5), 'foodLeft=10'), ((14, 3), 'foodLeft=12'), ((14, 5), 'foodLeft=9'), ((13, 4), 'foodLeft=9'), ((13, 5), 'foodLeft=11'), ((9, 5), 'foodLeft=11'), ((12, 5), 'foodLeft=11'), ((3, 3), 'foodLeft=11'), ((8, 3), 'foodLeft=11'), ((3, 5), 'foodLeft=12'), ((13, 5), 'foodLeft=10'), ((3, 3), 'foodLeft=12'), ((4, 4), 'foodLeft=11'), ((4, 4), 'foodLeft=10'), ((16, 3), 'foodLeft=13')]","[((14, 5), 'foodLeft=10'), ((4, 3), 'foodLeft=12'), ((2, 3), 'foodLeft=13'), ((10, 3), 'foodLeft=11'), ((4, 3), 'foodLeft=11'), ((12, 3), 'foodLeft=12'), ((5, 5), 'foodLeft=12'), ((13, 3), 'foodLeft=10'), ((1, 5), 'foodLeft=11'), ((2, 3), 'foodLeft=12'), ((13, 4), 'foodLeft=11'), ((11, 5), 'foodLeft=11'), ((14, 3), 'foodLeft=11'), ((1, 5), 'foodLeft=11'), ((8, 5), 'foodLeft=11'), ((12, 3), 'foodLeft=12'), ((5, 5), 'foodLeft=11'), ((1, 5), 'foodLeft=10'), ((12, 3), 'foodLeft=11'), ((3, 5), 'foodLeft=11'), ((16, 3), 'foodLeft=13'), ((12, 5), 'foodLeft=10'), ((11, 5), 'foodLeft=10'), ((14, 3), 'foodLeft=12'), ((14, 5), 'foodLeft=9'), ((13, 4), 'foodLeft=9'), ((13, 5), 'foodLeft=11'), ((9, 5), 'foodLeft=11'), ((12, 5), 'foodLeft=11'), ((3, 3), 'foodLeft=11'), ((8, 3), 'foodLeft=11'), ((3, 5), 'foodLeft=12'), ((13, 5), 'foodLeft=10'), ((3, 3), 'foodLeft=12'), ((4, 4), 'foodLeft=11'), ((4, 4), 'foodLeft=10'), ((16, 3), 'foodLeft=12')]",89,8,51,59
89,"((14, 5), 'foodLeft=10')","((13, 5), 'foodLeft=11')",East,"[((13, 5), 'foodLeft=10')]","[((14, 5), 'foodLeft=10'), ((4, 3), 'foodLeft=12'), ((2, 3), 'foodLeft=13'), ((10, 3), 'foodLeft=11'), ((4, 3), 'foodLeft=11'), ((12, 3), 'foodLeft=12'), ((5, 5), 'foodLeft=12'), ((13, 3), 'foodLeft=10'), ((1, 5), 'foodLeft=11'), ((2, 3), 'foodLeft=12'), ((13, 4), 'foodLeft=11'), ((11, 5), 'foodLeft=11'), ((14, 3), 'foodLeft=11'), ((1, 5), 'foodLeft=11'), ((8, 5), 'foodLeft=11'), ((12, 3), 'foodLeft=12'), ((5, 5), 'foodLeft=11'), ((1, 5), 'foodLeft=10'), ((12, 3), 'foodLeft=11'), ((3, 5), 'foodLeft=11'), ((16, 3), 'foodLeft=13'), ((12, 5), 'foodLeft=10'), ((11, 5), 'foodLeft=10'), ((14, 3), 'foodLeft=12'), ((14, 5), 'foodLeft=9'), ((13, 4), 'foodLeft=9'), ((13, 5), 'foodLeft=11'), ((9, 5), 'foodLeft=11'), ((12, 5), 'foodLeft=11'), ((3, 3), 'foodLeft=11'), ((8, 3), 'foodLeft=11'), ((3, 5), 'foodLeft=12'), ((13, 5), 'foodLeft=10'), ((3, 3), 'foodLeft=12'), ((4, 4), 'foodLeft=11'), ((4, 4), 'foodLeft=10'), ((16, 3), 'foodLeft=12')]","[((4, 3), 'foodLeft=12'), ((10, 3), 'foodLeft=11'), ((2, 3), 'foodLeft=13'), ((1, 5), 'foodLeft=11'), ((4, 3), 'foodLeft=11'), ((12, 3), 'foodLeft=12'), ((5, 5), 'foodLeft=12'), ((13, 3), 'foodLeft=10'), ((1, 5), 'foodLeft=10'), ((2, 3), 'foodLeft=12'), ((13, 4), 'foodLeft=11'), ((11, 5), 'foodLeft=11'), ((14, 3), 'foodLeft=11'), ((1, 5), 'foodLeft=11'), ((8, 5), 'foodLeft=11'), ((12, 3), 'foodLeft=12'), ((5, 5), 'foodLeft=11'), ((13, 5), 'foodLeft=10'), ((12, 3), 'foodLeft=11'), ((3, 5), 'foodLeft=11'), ((16, 3), 'foodLeft=13'), ((12, 5), 'foodLeft=10'), ((11, 5), 'foodLeft=10'), ((14, 3), 'foodLeft=12'), ((14, 5), 'foodLeft=9'), ((13, 4), 'foodLeft=9'), ((13, 5), 'foodLeft=11'), ((9, 5), 'foodLeft=11'), ((12, 5), 'foodLeft=11'), ((3, 3), 'foodLeft=11'), ((8, 3), 'foodLeft=11'), ((3, 5), 'foodLeft=12'), ((13, 5), 'foodLeft=10'), ((3, 3), 'foodLeft=12'), ((4, 4), 'foodLeft=11'), ((16, 3), 'foodLeft=12'), ((4, 4), 'foodLeft=10')]",90,7,52,59
90,"((4, 3), 'foodLeft=12')","((4, 4), 'foodLeft=12')",South,"[((4, 4), 'foodLeft=12'), ((5, 3), 'foodLeft=12'), ((3, 3), 'foodLeft=12')]","[((4, 3), 'foodLeft=12'), ((10, 3), 'foodLeft=11'), ((2, 3), 'foodLeft=13'), ((1, 5), 'foodLeft=11'), ((4, 3), 'foodLeft=11'), ((12, 3), 'foodLeft=12'), ((5, 5), 'foodLeft=12'), ((13, 3), 'foodLeft=10'), ((1, 5), 'foodLeft=10'), ((2, 3), 'foodLeft=12'), ((13, 4), 'foodLeft=11'), ((11, 5), 'foodLeft=11'), ((14, 3), 'foodLeft=11'), ((1, 5), 'foodLeft=11'), ((8, 5), 'foodLeft=11'), ((12, 3), 'foodLeft=12'), ((5, 5), 'foodLeft=11'), ((13, 5), 'foodLeft=10'), ((12, 3), 'foodLeft=11'), ((3, 5), 'foodLeft=11'), ((16, 3), 'foodLeft=13'), ((12, 5), 'foodLeft=10'), ((11, 5), 'foodLeft=10'), ((14, 3), 'foodLeft=12'), ((14, 5), 'foodLeft=9'), ((13, 4), 'foodLeft=9'), ((13, 5), 'foodLeft=11'), ((9, 5), 'foodLeft=11'), ((12, 5), 'foodLeft=11'), ((3, 3), 'foodLeft=11'), ((8, 3), 'foodLeft=11'), ((3, 5), 'foodLeft=12'), ((13, 5), 'foodLeft=10'), ((3, 3), 'foodLeft=12'), ((4, 4), 'foodLeft=11'), ((16, 3), 'foodLeft=12'), ((4, 4), 'foodLeft=10')]","[((2, 3), 'foodLeft=13'), ((10, 3), 'foodLeft=11'), ((12, 3), 'foodLeft=12'), ((1, 5), 'foodLeft=11'), ((4, 3), 'foodLeft=11'), ((11, 5), 'foodLeft=11'), ((5, 5), 'foodLeft=12'), ((13, 3), 'foodLeft=10'), ((1, 5), 'foodLeft=10'), ((2, 3), 'foodLeft=12'), ((13, 4), 'foodLeft=11'), ((14, 3), 'foodLeft=12'), ((14, 3), 'foodLeft=11'), ((1, 5), 'foodLeft=11'), ((8, 5), 'foodLeft=11'), ((12, 3), 'foodLeft=12'), ((5, 5), 'foodLeft=11'), ((13, 5), 'foodLeft=10'), ((3, 3), 'foodLeft=12'), ((3, 5), 'foodLeft=11'), ((16, 3), 'foodLeft=13'), ((12, 5), 'foodLeft=10'), ((11, 5), 'foodLeft=10'), ((4, 4), 'foodLeft=10'), ((14, 5), 'foodLeft=9'), ((13, 4), 'foodLeft=9'), ((13, 5), 'foodLeft=11'), ((9, 5), 'foodLeft=11'), ((12, 5), 'foodLeft=11'), ((3, 3), 'foodLeft=11'), ((8, 3), 'foodLeft=11'), ((3, 5), 'foodLeft=12'), ((13, 5), 'foodLeft=10'), ((3, 3), 'foodLeft=12'), ((4, 4), 'foodLeft=11'), ((16, 3), 'foodLeft=12'), ((5, 3), 'foodLeft=12'), ((12, 3), 'foodLeft=11')]",91,7,52,59
91,"((2, 3), 'foodLeft=13')","((3, 3), 'foodLeft=13')",West,"[((3, 3), 'foodLeft=13'), ((1, 3), 'foodLeft=13')]","[((2, 3), 'foodLeft=13'), ((10, 3), 'foodLeft=11'), ((12, 3), 'foodLeft=12'), ((1, 5), 'foodLeft=11'), ((4, 3), 'foodLeft=11'), ((11, 5), 'foodLeft=11'), ((5, 5), 'foodLeft=12'), ((13, 3), 'foodLeft=10'), ((1, 5), 'foodLeft=10'), ((2, 3), 'foodLeft=12'), ((13, 4), 'foodLeft=11'), ((14, 3), 'foodLeft=12'), ((14, 3), 'foodLeft=11'), ((1, 5), 'foodLeft=11'), ((8, 5), 'foodLeft=11'), ((12, 3), 'foodLeft=12'), ((5, 5), 'foodLeft=11'), ((13, 5), 'foodLeft=10'), ((3, 3), 'foodLeft=12'), ((3, 5), 'foodLeft=11'), ((16, 3), 'foodLeft=13'), ((12, 5), 'foodLeft=10'), ((11, 5), 'foodLeft=10'), ((4, 4), 'foodLeft=10'), ((14, 5), 'foodLeft=9'), ((13, 4), 'foodLeft=9'), ((13, 5), 'foodLeft=11'), ((9, 5), 'foodLeft=11'), ((12, 5), 'foodLeft=11'), ((3, 3), 'foodLeft=11'), ((8, 3), 'foodLeft=11'), ((3, 5), 'foodLeft=12'), ((13, 5), 'foodLeft=10'), ((3, 3), 'foodLeft=12'), ((4, 4), 'foodLeft=11'), ((16, 3), 'foodLeft=12'), ((5, 3), 'foodLeft=12'), ((12, 3), 'foodLeft=11')]","[((10, 3), 'foodLeft=11'), ((4, 3), 'foodLeft=11'), ((12, 3), 'foodLeft=12'), ((1, 5), 'foodLeft=11'), ((2, 3), 'foodLeft=12'), ((11, 5), 'foodLeft=11'), ((5, 5), 'foodLeft=12'), ((13, 3), 'foodLeft=10'), ((1, 5), 'foodLeft=10'), ((12, 3), 'foodLeft=11'), ((13, 4), 'foodLeft=11'), ((14, 3), 'foodLeft=12'), ((14, 3), 'foodLeft=11'), ((1, 5), 'foodLeft=11'), ((8, 5), 'foodLeft=11'), ((12, 3), 'foodLeft=12'), ((5, 5), 'foodLeft=11'), ((13, 5), 'foodLeft=10'), ((3, 3), 'foodLeft=12'), ((3, 5), 'foodLeft=11'), ((16, 3), 'foodLeft=13'), ((12, 5), 'foodLeft=10'), ((11, 5), 'foodLeft=10'), ((4, 4), 'foodLeft=10'), ((14, 5), 'foodLeft=9'), ((13, 4), 'foodLeft=9'), ((13, 5), 'foodLeft=11'), ((9, 5), 'foodLeft=11'), ((12, 5), 'foodLeft=11'), ((3, 3), 'foodLeft=11'), ((8, 3), 'foodLeft=11'), ((3, 5), 'foodLeft=12'), ((13, 5), 'foodLeft=10'), ((3, 3), 'foodLeft=12'), ((4, 4), 'foodLeft=11'), ((16, 3), 'foodLeft=12'), ((5, 3), 'foodLeft=12'), ((1, 3), 'foodLeft=13')]",92,7,52,59
92,"((10, 3), 'foodLeft=11')","((10, 4), 'foodLeft=11')",South,"[((10, 4), 'foodLeft=11'), ((11, 3), 'foodLeft=11'), ((9, 3), 'foodLeft=11')]","[((10, 3), 'foodLeft=11'), ((4, 3), 'foodLeft=11'), ((12, 3), 'foodLeft=12'), ((1, 5), 'foodLeft=11'), ((2, 3), 'foodLeft=12'), ((11, 5), 'foodLeft=11'), ((5, 5), 'foodLeft=12'), ((13, 3), 'foodLeft=10'), ((1, 5), 'foodLeft=10'), ((12, 3), 'foodLeft=11'), ((13, 4), 'foodLeft=11'), ((14, 3), 'foodLeft=12'), ((14, 3), 'foodLeft=11'), ((1, 5), 'foodLeft=11'), ((8, 5), 'foodLeft=11'), ((12, 3), 'foodLeft=12'), ((5, 5), 'foodLeft=11'), ((13, 5), 'foodLeft=10'), ((3, 3), 'foodLeft=12'), ((3, 5), 'foodLeft=11'), ((16, 3), 'foodLeft=13'), ((12, 5), 'foodLeft=10'), ((11, 5), 'foodLeft=10'), ((4, 4), 'foodLeft=10'), ((14, 5), 'foodLeft=9'), ((13, 4), 'foodLeft=9'), ((13, 5), 'foodLeft=11'), ((9, 5), 'foodLeft=11'), ((12, 5), 'foodLeft=11'), ((3, 3), 'foodLeft=11'), ((8, 3), 'foodLeft=11'), ((3, 5), 'foodLeft=12'), ((13, 5), 'foodLeft=10'), ((3, 3), 'foodLeft=12'), ((4, 4), 'foodLeft=11'), ((16, 3), 'foodLeft=12'), ((5, 3), 'foodLeft=12'), ((1, 3), 'foodLeft=13')]","[((4, 3), 'foodLeft=11'), ((2, 3), 'foodLeft=12'), ((12, 3), 'foodLeft=12'), ((1, 5), 'foodLeft=11'), ((1, 3), 'foodLeft=13'), ((11, 5), 'foodLeft=11'), ((5, 5), 'foodLeft=12'), ((13, 3), 'foodLeft=10'), ((1, 5), 'foodLeft=10'), ((12, 3), 'foodLeft=11'), ((13, 4), 'foodLeft=11'), ((14, 3), 'foodLeft=12'), ((14, 3), 'foodLeft=11'), ((1, 5), 'foodLeft=11'), ((8, 5), 'foodLeft=11'), ((12, 3), 'foodLeft=12'), ((5, 5), 'foodLeft=11'), ((13, 5), 'foodLeft=10'), ((3, 3), 'foodLeft=12'), ((3, 5), 'foodLeft=11'), ((16, 3), 'foodLeft=13'), ((12, 5), 'foodLeft=10'), ((11, 5), 'foodLeft=10'), ((4, 4), 'foodLeft=10'), ((14, 5), 'foodLeft=9'), ((13, 4), 'foodLeft=9'), ((13, 5), 'foodLeft=11'), ((9, 5), 'foodLeft=11'), ((12, 5), 'foodLeft=11'), ((3, 3), 'foodLeft=11'), ((8, 3), 'foodLeft=11'), ((3, 5), 'foodLeft=12'), ((13, 5), 'foodLeft=10'), ((3, 3), 'foodLeft=12'), ((4, 4), 'foodLeft=11'), ((16, 3), 'foodLeft=12'), ((5, 3), 'foodLeft=12'), ((11, 3), 'foodLeft=11'), ((9, 3), 'foodLeft=11')]",93,9,50,59
93,"((4, 3), 'foodLeft=11')","((4, 4), 'foodLeft=11')",South,"[((4, 4), 'foodLeft=11'), ((5, 3), 'foodLeft=11'), ((3, 3), 'foodLeft=11')]","[((4, 3), 'foodLeft=11'), ((2, 3), 'foodLeft=12'), ((12, 3), 'foodLeft=12'), ((1, 5), 'foodLeft=11'), ((1, 3), 'foodLeft=13'), ((11, 5), 'foodLeft=11'), ((5, 5), 'foodLeft=12'), ((13, 3), 'foodLeft=10'), ((1, 5), 'foodLeft=10'), ((12, 3), 'foodLeft=11'), ((13, 4), 'foodLeft=11'), ((14, 3), 'foodLeft=12'), ((14, 3), 'foodLeft=11'), ((1, 5), 'foodLeft=11'), ((8, 5), 'foodLeft=11'), ((12, 3), 'foodLeft=12'), ((5, 5), 'foodLeft=11'), ((13, 5), 'foodLeft=10'), ((3, 3), 'foodLeft=12'), ((3, 5), 'foodLeft=11'), ((16, 3), 'foodLeft=13'), ((12, 5), 'foodLeft=10'), ((11, 5), 'foodLeft=10'), ((4, 4), 'foodLeft=10'), ((14, 5), 'foodLeft=9'), ((13, 4), 'foodLeft=9'), ((13, 5), 'foodLeft=11'), ((9, 5), 'foodLeft=11'), ((12, 5), 'foodLeft=11'), ((3, 3), 'foodLeft=11'), ((8, 3), 'foodLeft=11'), ((3, 5), 'foodLeft=12'), ((13, 5), 'foodLeft=10'), ((3, 3), 'foodLeft=12'), ((4, 4), 'foodLeft=11'), ((16, 3), 'foodLeft=12'), ((5, 3), 'foodLeft=12'), ((11, 3), 'foodLeft=11'), ((9, 3), 'foodLeft=11')]","[((12, 3), 'foodLeft=12'), ((2, 3), 'foodLeft=12'), ((5, 5), 'foodLeft=12'), ((1, 5), 'foodLeft=11'), ((1, 3), 'foodLeft=13'), ((11, 5), 'foodLeft=11'), ((1, 5), 'foodLeft=11'), ((13, 3), 'foodLeft=10'), ((1, 5), 'foodLeft=10'), ((3, 3), 'foodLeft=11'), ((13, 4), 'foodLeft=11'), ((14, 3), 'foodLeft=12'), ((14, 3), 'foodLeft=11'), ((12, 5), 'foodLeft=11'), ((8, 5), 'foodLeft=11'), ((12, 3), 'foodLeft=12'), ((5, 5), 'foodLeft=11'), ((13, 5), 'foodLeft=10'), ((3, 3), 'foodLeft=12'), ((12, 3), 'foodLeft=11'), ((16, 3), 'foodLeft=13'), ((12, 5), 'foodLeft=10'), ((11, 5), 'foodLeft=10'), ((4, 4), 'foodLeft=10'), ((14, 5), 'foodLeft=9'), ((13, 4), 'foodLeft=9'), ((13, 5), 'foodLeft=11'), ((9, 5), 'foodLeft=11'), ((9, 3), 'foodLeft=11'), ((3, 3), 'foodLeft=11'), ((8, 3), 'foodLeft=11'), ((3, 5), 'foodLeft=12'), ((13, 5), 'foodLeft=10'), ((3, 3), 'foodLeft=12'), ((4, 4), 'foodLeft=11'), ((16, 3), 'foodLeft=12'), ((5, 3), 'foodLeft=12'), ((11, 3), 'foodLeft=11'), ((5, 3), 'foodLeft=11'), ((3, 5), 'foodLeft=11')]",94,9,50,59
94,"((12, 3), 'foodLeft=12')","((11, 3), 'foodLeft=12')",East,"[((13, 3), 'foodLeft=12'), ((11, 3), 'foodLeft=12')]","[((12, 3), 'foodLeft=12'), ((2, 3), 'foodLeft=12'), ((5, 5), 'foodLeft=12'), ((1, 5), 'foodLeft=11'), ((1, 3), 'foodLeft=13'), ((11, 5), 'foodLeft=11'), ((1, 5), 'foodLeft=11'), ((13, 3), 'foodLeft=10'), ((1, 5), 'foodLeft=10'), ((3, 3), 'foodLeft=11'), ((13, 4), 'foodLeft=11'), ((14, 3), 'foodLeft=12'), ((14, 3), 'foodLeft=11'), ((12, 5), 'foodLeft=11'), ((8, 5), 'foodLeft=11'), ((12, 3), 'foodLeft=12'), ((5, 5), 'foodLeft=11'), ((13, 5), 'foodLeft=10'), ((3, 3), 'foodLeft=12'), ((12, 3), 'foodLeft=11'), ((16, 3), 'foodLeft=13'), ((12, 5), 'foodLeft=10'), ((11, 5), 'foodLeft=10'), ((4, 4), 'foodLeft=10'), ((14, 5), 'foodLeft=9'), ((13, 4), 'foodLeft=9'), ((13, 5), 'foodLeft=11'), ((9, 5), 'foodLeft=11'), ((9, 3), 'foodLeft=11'), ((3, 3), 'foodLeft=11'), ((8, 3), 'foodLeft=11'), ((3, 5), 'foodLeft=12'), ((13, 5), 'foodLeft=10'), ((3, 3), 'foodLeft=12'), ((4, 4), 'foodLeft=11'), ((16, 3), 'foodLeft=12'), ((5, 3), 'foodLeft=12'), ((11, 3), 'foodLeft=11'), ((5, 3), 'foodLeft=11'), ((3, 5), 'foodLeft=11')]","[((2, 3), 'foodLeft=12'), ((1, 5), 'foodLeft=11'), ((5, 5), 'foodLeft=12'), ((1, 5), 'foodLeft=10'), ((1, 3), 'foodLeft=13'), ((11, 5), 'foodLeft=11'), ((1, 5), 'foodLeft=11'), ((13, 3), 'foodLeft=10'), ((13, 5), 'foodLeft=10'), ((3, 3), 'foodLeft=11'), ((13, 4), 'foodLeft=11'), ((14, 3), 'foodLeft=12'), ((14, 3), 'foodLeft=11'), ((12, 5), 'foodLeft=11'), ((8, 5), 'foodLeft=11'), ((12, 3), 'foodLeft=12'), ((5, 5), 'foodLeft=11'), ((5, 3), 'foodLeft=12'), ((3, 3), 'foodLeft=12'), ((13, 3), 'foodLeft=12'), ((16, 3), 'foodLeft=13'), ((12, 5), 'foodLeft=10'), ((11, 5), 'foodLeft=10'), ((4, 4), 'foodLeft=10'), ((14, 5), 'foodLeft=9'), ((13, 4), 'foodLeft=9'), ((13, 5), 'foodLeft=11'), ((9, 5), 'foodLeft=11'), ((9, 3), 'foodLeft=11'), ((3, 3), 'foodLeft=11'), ((8, 3), 'foodLeft=11'), ((3, 5), 'foodLeft=12'), ((13, 5), 'foodLeft=10'), ((3, 3), 'foodLeft=12'), ((4, 4), 'foodLeft=11'), ((16, 3), 'foodLeft=12'), ((3, 5), 'foodLeft=11'), ((11, 3), 'foodLeft=11'), ((5, 3), 'foodLeft=11'), ((12, 3), 'foodLeft=11')]",95,9,50,59
95,"((2, 3), 'foodLeft=12')","((3, 3), 'foodLeft=12')",West,"[((3, 3), 'foodLeft=12'), ((1, 3), 'foodLeft=12')]","[((2, 3), 'foodLeft=12'), ((1, 5), 'foodLeft=11'), ((5, 5), 'foodLeft=12'), ((1, 5), 'foodLeft=10'), ((1, 3), 'foodLeft=13'), ((11, 5), 'foodLeft=11'), ((1, 5), 'foodLeft=11'), ((13, 3), 'foodLeft=10'), ((13, 5), 'foodLeft=10'), ((3, 3), 'foodLeft=11'), ((13, 4), 'foodLeft=11'), ((14, 3), 'foodLeft=12'), ((14, 3), 'foodLeft=11'), ((12, 5), 'foodLeft=11'), ((8, 5), 'foodLeft=11'), ((12, 3), 'foodLeft=12'), ((5, 5), 'foodLeft=11'), ((5, 3), 'foodLeft=12'), ((3, 3), 'foodLeft=12'), ((13, 3), 'foodLeft=12'), ((16, 3), 'foodLeft=13'), ((12, 5), 'foodLeft=10'), ((11, 5), 'foodLeft=10'), ((4, 4), 'foodLeft=10'), ((14, 5), 'foodLeft=9'), ((13, 4), 'foodLeft=9'), ((13, 5), 'foodLeft=11'), ((9, 5), 'foodLeft=11'), ((9, 3), 'foodLeft=11'), ((3, 3), 'foodLeft=11'), ((8, 3), 'foodLeft=11'), ((3, 5), 'foodLeft=12'), ((13, 5), 'foodLeft=10'), ((3, 3), 'foodLeft=12'), ((4, 4), 'foodLeft=11'), ((16, 3), 'foodLeft=12'), ((3, 5), 'foodLeft=11'), ((11, 3), 'foodLeft=11'), ((5, 3), 'foodLeft=11'), ((12, 3), 'foodLeft=11')]","[((5, 5), 'foodLeft=12'), ((1, 5), 'foodLeft=11'), ((1, 5), 'foodLeft=11'), ((1, 5), 'foodLeft=10'), ((1, 3), 'foodLeft=13'), ((11, 5), 'foodLeft=11'), ((12, 5), 'foodLeft=11'), ((13, 3), 'foodLeft=10'), ((13, 5), 'foodLeft=10'), ((3, 3), 'foodLeft=11'), ((13, 4), 'foodLeft=11'), ((14, 3), 'foodLeft=12'), ((14, 3), 'foodLeft=11'), ((12, 3), 'foodLeft=11'), ((8, 5), 'foodLeft=11'), ((12, 3), 'foodLeft=12'), ((5, 5), 'foodLeft=11'), ((5, 3), 'foodLeft=12'), ((3, 3), 'foodLeft=12'), ((13, 3), 'foodLeft=12'), ((16, 3), 'foodLeft=13'), ((12, 5), 'foodLeft=10'), ((11, 5), 'foodLeft=10'), ((4, 4), 'foodLeft=10'), ((14, 5), 'foodLeft=9'), ((13, 4), 'foodLeft=9'), ((13, 5), 'foodLeft=11'), ((9, 5), 'foodLeft=11'), ((9, 3), 'foodLeft=11'), ((3, 3), 'foodLeft=11'), ((8, 3), 'foodLeft=11'), ((3, 5), 'foodLeft=12'), ((13, 5), 'foodLeft=10'), ((3, 3), 'foodLeft=12'), ((4, 4), 'foodLeft=11'), ((16, 3), 'foodLeft=12'), ((3, 5), 'foodLeft=11'), ((11, 3), 'foodLeft=11'), ((5, 3), 'foodLeft=11'), ((1, 3), 'foodLeft=12')]",96,9,50,59
96,"((5, 5), 'foodLeft=12')","((4, 5), 'foodLeft=12')",East,"[((6, 5), 'foodLeft=12'), ((4, 5), 'foodLeft=12')]","[((5, 5), 'foodLeft=12'), ((1, 5), 'foodLeft=11'), ((1, 5), 'foodLeft=11'), ((1, 5), 'foodLeft=10'), ((1, 3), 'foodLeft=13'), ((11, 5), 'foodLeft=11'), ((12, 5), 'foodLeft=11'), ((13, 3), 'foodLeft=10'), ((13, 5), 'foodLeft=10'), ((3, 3), 'foodLeft=11'), ((13, 4), 'foodLeft=11'), ((14, 3), 'foodLeft=12'), ((14, 3), 'foodLeft=11'), ((12, 3), 'foodLeft=11'), ((8, 5), 'foodLeft=11'), ((12, 3), 'foodLeft=12'), ((5, 5), 'foodLeft=11'), ((5, 3), 'foodLeft=12'), ((3, 3), 'foodLeft=12'), ((13, 3), 'foodLeft=12'), ((16, 3), 'foodLeft=13'), ((12, 5), 'foodLeft=10'), ((11, 5), 'foodLeft=10'), ((4, 4), 'foodLeft=10'), ((14, 5), 'foodLeft=9'), ((13, 4), 'foodLeft=9'), ((13, 5), 'foodLeft=11'), ((9, 5), 'foodLeft=11'), ((9, 3), 'foodLeft=11'), ((3, 3), 'foodLeft=11'), ((8, 3), 'foodLeft=11'), ((3, 5), 'foodLeft=12'), ((13, 5), 'foodLeft=10'), ((3, 3), 'foodLeft=12'), ((4, 4), 'foodLeft=11'), ((16, 3), 'foodLeft=12'), ((3, 5), 'foodLeft=11'), ((11, 3), 'foodLeft=11'), ((5, 3), 'foodLeft=11'), ((1, 3), 'foodLeft=12')]","[((1, 5), 'foodLeft=11'), ((1, 5), 'foodLeft=11'), ((1, 3), 'foodLeft=12'), ((1, 5), 'foodLeft=10'), ((1, 3), 'foodLeft=13'), ((11, 5), 'foodLeft=11'), ((12, 5), 'foodLeft=11'), ((13, 3), 'foodLeft=10'), ((13, 5), 'foodLeft=10'), ((3, 3), 'foodLeft=11'), ((13, 4), 'foodLeft=11'), ((14, 3), 'foodLeft=12'), ((14, 3), 'foodLeft=11'), ((12, 3), 'foodLeft=11'), ((8, 5), 'foodLeft=11'), ((12, 3), 'foodLeft=12'), ((5, 5), 'foodLeft=11'), ((5, 3), 'foodLeft=12'), ((3, 3), 'foodLeft=12'), ((13, 3), 'foodLeft=12'), ((16, 3), 'foodLeft=13'), ((12, 5), 'foodLeft=10'), ((11, 5), 'foodLeft=10'), ((4, 4), 'foodLeft=10'), ((14, 5), 'foodLeft=9'), ((13, 4), 'foodLeft=9'), ((13, 5), 'foodLeft=11'), ((9, 5), 'foodLeft=11'), ((9, 3), 'foodLeft=11'), ((3, 3), 'foodLeft=11'), ((8, 3), 'foodLeft=11'), ((3, 5), 'foodLeft=12'), ((13, 5), 'foodLeft=10'), ((3, 3), 'foodLeft=12'), ((4, 4), 'foodLeft=11'), ((16, 3), 'foodLeft=12'), ((3, 5), 'foodLeft=11'), ((11, 3), 'foodLeft=11'), ((5, 3), 'foodLeft=11'), ((6, 5), 'foodLeft=12')]",97,8,51,59
97,"((1, 5), 'foodLeft=11')","((2, 5), 'foodLeft=12')",West,"[((1, 4), 'foodLeft=10'), ((2, 5), 'foodLeft=11')]","[((1, 5), 'foodLeft=11'), ((1, 5), 'foodLeft=11'), ((1, 3), 'foodLeft=12'), ((1, 5), 'foodLeft=10'), ((1, 3), 'foodLeft=13'), ((11, 5), 'foodLeft=11'), ((12, 5), 'foodLeft=11'), ((13, 3), 'foodLeft=10'), ((13, 5), 'foodLeft=10'), ((3, 3), 'foodLeft=11'), ((13, 4), 'foodLeft=11'), ((14, 3), 'foodLeft=12'), ((14, 3), 'foodLeft=11'), ((12, 3), 'foodLeft=11'), ((8, 5), 'foodLeft=11'), ((12, 3), 'foodLeft=12'), ((5, 5), 'foodLeft=11'), ((5, 3), 'foodLeft=12'), ((3, 3), 'foodLeft=12'), ((13, 3), 'foodLeft=12'), ((16, 3), 'foodLeft=13'), ((12, 5), 'foodLeft=10'), ((11, 5), 'foodLeft=10'), ((4, 4), 'foodLeft=10'), ((14, 5), 'foodLeft=9'), ((13, 4), 'foodLeft=9'), ((13, 5), 'foodLeft=11'), ((9, 5), 'foodLeft=11'), ((9, 3), 'foodLeft=11'), ((3, 3), 'foodLeft=11'), ((8, 3), 'foodLeft=11'), ((3, 5), 'foodLeft=12'), ((13, 5), 'foodLeft=10'), ((3, 3), 'foodLeft=12'), ((4, 4), 'foodLeft=11'), ((16, 3), 'foodLeft=12'), ((3, 5), 'foodLeft=11'), ((11, 3), 'foodLeft=11'), ((5, 3), 'foodLeft=11'), ((6, 5), 'foodLeft=12')]","[((1, 5), 'foodLeft=11'), ((1, 5), 'foodLeft=10'), ((1, 3), 'foodLeft=12'), ((13, 5), 'foodLeft=10'), ((1, 3), 'foodLeft=13'), ((11, 5), 'foodLeft=11'), ((12, 5), 'foodLeft=11'), ((13, 3), 'foodLeft=10'), ((5, 3), 'foodLeft=12'), ((3, 3), 'foodLeft=11'), ((13, 4), 'foodLeft=11'), ((14, 3), 'foodLeft=12'), ((14, 3), 'foodLeft=11'), ((12, 3), 'foodLeft=11'), ((8, 5), 'foodLeft=11'), ((12, 3), 'foodLeft=12'), ((5, 5), 'foodLeft=11'), ((6, 5), 'foodLeft=12'), ((3, 3), 'foodLeft=12'), ((13, 3), 'foodLeft=12'), ((16, 3), 'foodLeft=13'), ((12, 5), 'foodLeft=10'), ((11, 5), 'foodLeft=10'), ((4, 4), 'foodLeft=10'), ((14, 5), 'foodLeft=9'), ((13, 4), 'foodLeft=9'), ((13, 5), 'foodLeft=11'), ((9, 5), 'foodLeft=11'), ((9, 3), 'foodLeft=11'), ((3, 3), 'foodLeft=11'), ((8, 3), 'foodLeft=11'), ((3, 5), 'foodLeft=12'), ((13, 5), 'foodLeft=10'), ((3, 3), 'foodLeft=12'), ((4, 4), 'foodLeft=11'), ((16, 3), 'foodLeft=12'), ((3, 5), 'foodLeft=11'), ((11, 3), 'foodLeft=11'), ((5, 3), 'foodLeft=11'), ((1, 4), 'foodLeft=10'), ((2, 5), 'foodLeft=11')]",98,10,49,59
98,"((1, 5), 'foodLeft=11')","((2, 5), 'foodLeft=12')",West,"[((1, 4), 'foodLeft=10'), ((2, 5), 'foodLeft=11')]","[((1, 5), 'foodLeft=11'), ((1, 5), 'foodLeft=10'), ((1, 3), 'foodLeft=12'), ((13, 5), 'foodLeft=10'), ((1, 3), 'foodLeft=13'), ((11, 5), 'foodLeft=11'), ((12, 5), 'foodLeft=11'), ((13, 3), 'foodLeft=10'), ((5, 3), 'foodLeft=12'), ((3, 3), 'foodLeft=11'), ((13, 4), 'foodLeft=11'), ((14, 3), 'foodLeft=12'), ((14, 3), 'foodLeft=11'), ((12, 3), 'foodLeft=11'), ((8, 5), 'foodLeft=11'), ((12, 3), 'foodLeft=12'), ((5, 5), 'foodLeft=11'), ((6, 5), 'foodLeft=12'), ((3, 3), 'foodLeft=12'), ((13, 3), 'foodLeft=12'), ((16, 3), 'foodLeft=13'), ((12, 5), 'foodLeft=10'), ((11, 5), 'foodLeft=10'), ((4, 4), 'foodLeft=10'), ((14, 5), 'foodLeft=9'), ((13, 4), 'foodLeft=9'), ((13, 5), 'foodLeft=11'), ((9, 5), 'foodLeft=11'), ((9, 3), 'foodLeft=11'), ((3, 3), 'foodLeft=11'), ((8, 3), 'foodLeft=11'), ((3, 5), 'foodLeft=12'), ((13, 5), 'foodLeft=10'), ((3, 3), 'foodLeft=12'), ((4, 4), 'foodLeft=11'), ((16, 3), 'foodLeft=12'), ((3, 5), 'foodLeft=11'), ((11, 3), 'foodLeft=11'), ((5, 3), 'foodLeft=11'), ((1, 4), 'foodLeft=10'), ((2, 5), 'foodLeft=11')]","[((1, 5), 'foodLeft=10'), ((13, 5), 'foodLeft=10'), ((1, 3), 'foodLeft=12'), ((5, 3), 'foodLeft=12'), ((1, 3), 'foodLeft=13'), ((11, 5), 'foodLeft=11'), ((12, 5), 'foodLeft=11'), ((13, 3), 'foodLeft=10'), ((3, 3), 'foodLeft=12'), ((3, 3), 'foodLeft=11'), ((13, 4), 'foodLeft=11'), ((14, 3), 'foodLeft=12'), ((14, 3), 'foodLeft=11'), ((12, 3), 'foodLeft=11'), ((8, 5), 'foodLeft=11'), ((12, 3), 'foodLeft=12'), ((5, 5), 'foodLeft=11'), ((6, 5), 'foodLeft=12'), ((11, 3), 'foodLeft=11'), ((13, 3), 'foodLeft=12'), ((16, 3), 'foodLeft=13'), ((12, 5), 'foodLeft=10'), ((11, 5), 'foodLeft=10'), ((4, 4), 'foodLeft=10'), ((14, 5), 'foodLeft=9'), ((13, 4), 'foodLeft=9'), ((13, 5), 'foodLeft=11'), ((9, 5), 'foodLeft=11'), ((9, 3), 'foodLeft=11'), ((3, 3), 'foodLeft=11'), ((8, 3), 'foodLeft=11'), ((3, 5), 'foodLeft=12'), ((13, 5), 'foodLeft=10'), ((3, 3), 'foodLeft=12'), ((4, 4), 'foodLeft=11'), ((16, 3), 'foodLeft=12'), ((3, 5), 'foodLeft=11'), ((2, 5), 'foodLeft=11'), ((5, 3), 'foodLeft=11'), ((1, 4), 'foodLeft=10'), ((1, 4), 'foodLeft=10'), ((2, 5), 'foodLeft=11')]",99,10,49,59
99,"((1, 5), 'foodLeft=10')","((2, 5), 'foodLeft=11')",West,"[((1, 4), 'foodLeft=9'), ((2, 5), 'foodLeft=10')]","[((1, 5), 'foodLeft=10'), ((13, 5), 'foodLeft=10'), ((1, 3), 'foodLeft=12'), ((5, 3), 'foodLeft=12'), ((1, 3), 'foodLeft=13'), ((11, 5), 'foodLeft=11'), ((12, 5), 'foodLeft=11'), ((13, 3), 'foodLeft=10'), ((3, 3), 'foodLeft=12'), ((3, 3), 'foodLeft=11'), ((13, 4), 'foodLeft=11'), ((14, 3), 'foodLeft=12'), ((14, 3), 'foodLeft=11'), ((12, 3), 'foodLeft=11'), ((8, 5), 'foodLeft=11'), ((12, 3), 'foodLeft=12'), ((5, 5), 'foodLeft=11'), ((6, 5), 'foodLeft=12'), ((11, 3), 'foodLeft=11'), ((13, 3), 'foodLeft=12'), ((16, 3), 'foodLeft=13'), ((12, 5), 'foodLeft=10'), ((11, 5), 'foodLeft=10'), ((4, 4), 'foodLeft=10'), ((14, 5), 'foodLeft=9'), ((13, 4), 'foodLeft=9'), ((13, 5), 'foodLeft=11'), ((9, 5), 'foodLeft=11'), ((9, 3), 'foodLeft=11'), ((3, 3), 'foodLeft=11'), ((8, 3), 'foodLeft=11'), ((3, 5), 'foodLeft=12'), ((13, 5), 'foodLeft=10'), ((3, 3), 'foodLeft=12'), ((4, 4), 'foodLeft=11'), ((16, 3), 'foodLeft=12'), ((3, 5), 'foodLeft=11'), ((2, 5), 'foodLeft=11'), ((5, 3), 'foodLeft=11'), ((1, 4), 'foodLeft=10'), ((1, 4), 'foodLeft=10'), ((2, 5), 'foodLeft=11')]","[((13, 5), 'foodLeft=10'), ((5, 3), 'foodLeft=12'), ((1, 3), 'foodLeft=12'), ((3, 3), 'foodLeft=12'), ((1, 3), 'foodLeft=13'), ((11, 5), 'foodLeft=11'), ((12, 5), 'foodLeft=11'), ((13, 3), 'foodLeft=10'), ((11, 3), 'foodLeft=11'), ((3, 3), 'foodLeft=11'), ((13, 4), 'foodLeft=11'), ((14, 3), 'foodLeft=12'), ((14, 3), 'foodLeft=11'), ((12, 3), 'foodLeft=11'), ((8, 5), 'foodLeft=11'), ((12, 3), 'foodLeft=12'), ((5, 5), 'foodLeft=11'), ((6, 5), 'foodLeft=12'), ((5, 3), 'foodLeft=11'), ((13, 3), 'foodLeft=12'), ((1, 4), 'foodLeft=9'), ((12, 5), 'foodLeft=10'), ((11, 5), 'foodLeft=10'), ((4, 4), 'foodLeft=10'), ((14, 5), 'foodLeft=9'), ((13, 4), 'foodLeft=9'), ((13, 5), 'foodLeft=11'), ((9, 5), 'foodLeft=11'), ((9, 3), 'foodLeft=11'), ((3, 3), 'foodLeft=11'), ((8, 3), 'foodLeft=11'), ((3, 5), 'foodLeft=12'), ((13, 5), 'foodLeft=10'), ((3, 3), 'foodLeft=12'), ((4, 4), 'foodLeft=11'), ((16, 3), 'foodLeft=12'), ((3, 5), 'foodLeft=11'), ((2, 5), 'foodLeft=11'), ((2, 5), 'foodLeft=11'), ((1, 4), 'foodLeft=10'), ((1, 4), 'foodLeft=10'), ((16, 3), 'foodLeft=13'), ((2, 5), 'foodLeft=10')]",100,12,47,59
100,"((13, 5), 'foodLeft=10')","((14, 5), 'foodLeft=10')",West,"[((13, 4), 'foodLeft=10'), ((14, 5), 'foodLeft=10'), ((12, 5), 'foodLeft=10')]","[((13, 5), 'foodLeft=10'), ((5, 3), 'foodLeft=12'), ((1, 3), 'foodLeft=12'), ((3, 3), 'foodLeft=12'), ((1, 3), 'foodLeft=13'), ((11, 5), 'foodLeft=11'), ((12, 5), 'foodLeft=11'), ((13, 3), 'foodLeft=10'), ((11, 3), 'foodLeft=11'), ((3, 3), 'foodLeft=11'), ((13, 4), 'foodLeft=11'), ((14, 3), 'foodLeft=12'), ((14, 3), 'foodLeft=11'), ((12, 3), 'foodLeft=11'), ((8, 5), 'foodLeft=11'), ((12, 3), 'foodLeft=12'), ((5, 5), 'foodLeft=11'), ((6, 5), 'foodLeft=12'), ((5, 3), 'foodLeft=11'), ((13, 3), 'foodLeft=12'), ((1, 4), 'foodLeft=9'), ((12, 5), 'foodLeft=10'), ((11, 5), 'foodLeft=10'), ((4, 4), 'foodLeft=10'), ((14, 5), 'foodLeft=9'), ((13, 4), 'foodLeft=9'), ((13, 5), 'foodLeft=11'), ((9, 5), 'foodLeft=11'), ((9, 3), 'foodLeft=11'), ((3, 3), 'foodLeft=11'), ((8, 3), 'foodLeft=11'), ((3, 5), 'foodLeft=12'), ((13, 5), 'foodLeft=10'), ((3, 3), 'foodLeft=12'), ((4, 4), 'foodLeft=11'), ((16, 3), 'foodLeft=12'), ((3, 5), 'foodLeft=11'), ((2, 5), 'foodLeft=11'), ((2, 5), 'foodLeft=11'), ((1, 4), 'foodLeft=10'), ((1, 4), 'foodLeft=10'), ((16, 3), 'foodLeft=13'), ((2, 5), 'foodLeft=10')]","[((5, 3), 'foodLeft=12'), ((3, 3), 'foodLeft=12'), ((1, 3), 'foodLeft=12'), ((11, 3), 'foodLeft=11'), ((1, 3), 'foodLeft=13'), ((11, 5), 'foodLeft=11'), ((12, 5), 'foodLeft=11'), ((13, 3), 'foodLeft=10'), ((6, 5), 'foodLeft=12'), ((3, 3), 'foodLeft=11'), ((12, 5), 'foodLeft=10'), ((14, 3), 'foodLeft=12'), ((14, 3), 'foodLeft=11'), ((12, 3), 'foodLeft=11'), ((8, 5), 'foodLeft=11'), ((12, 3), 'foodLeft=12'), ((5, 5), 'foodLeft=11'), ((3, 5), 'foodLeft=11'), ((5, 3), 'foodLeft=11'), ((13, 3), 'foodLeft=12'), ((1, 4), 'foodLeft=9'), ((13, 4), 'foodLeft=11'), ((11, 5), 'foodLeft=10'), ((4, 4), 'foodLeft=10'), ((14, 5), 'foodLeft=9'), ((13, 4), 'foodLeft=9'), ((13, 5), 'foodLeft=11'), ((9, 5), 'foodLeft=11'), ((9, 3), 'foodLeft=11'), ((3, 3), 'foodLeft=11'), ((8, 3), 'foodLeft=11'), ((3, 5), 'foodLeft=12'), ((13, 5), 'foodLeft=10'), ((3, 3), 'foodLeft=12'), ((4, 4), 'foodLeft=11'), ((16, 3), 'foodLeft=12'), ((2, 5), 'foodLeft=10'), ((2, 5), 'foodLeft=11'), ((2, 5), 'foodLeft=11'), ((1, 4), 'foodLeft=10'), ((1, 4), 'foodLeft=10'), ((16, 3), 'foodLeft=13'), ((13, 4), 'foodLeft=10'), ((12, 5), 'foodLeft=10')]",101,8,51,59
101,"((5, 3), 'foodLeft=12')","((4, 3), 'foodLeft=12')",East,"[((6, 3), 'foodLeft=12'), ((4, 3), 'foodLeft=12')]","[((5, 3), 'foodLeft=12'), ((3, 3), 'foodLeft=12'), ((1, 3), 'foodLeft=12'), ((11, 3), 'foodLeft=11'), ((1, 3), 'foodLeft=13'), ((11, 5), 'foodLeft=11'), ((12, 5), 'foodLeft=11'), ((13, 3), 'foodLeft=10'), ((6, 5), 'foodLeft=12'), ((3, 3), 'foodLeft=11'), ((12, 5), 'foodLeft=10'), ((14, 3), 'foodLeft=12'), ((14, 3), 'foodLeft=11'), ((12, 3), 'foodLeft=11'), ((8, 5), 'foodLeft=11'), ((12, 3), 'foodLeft=12'), ((5, 5), 'foodLeft=11'), ((3, 5), 'foodLeft=11'), ((5, 3), 'foodLeft=11'), ((13, 3), 'foodLeft=12'), ((1, 4), 'foodLeft=9'), ((13, 4), 'foodLeft=11'), ((11, 5), 'foodLeft=10'), ((4, 4), 'foodLeft=10'), ((14, 5), 'foodLeft=9'), ((13, 4), 'foodLeft=9'), ((13, 5), 'foodLeft=11'), ((9, 5), 'foodLeft=11'), ((9, 3), 'foodLeft=11'), ((3, 3), 'foodLeft=11'), ((8, 3), 'foodLeft=11'), ((3, 5), 'foodLeft=12'), ((13, 5), 'foodLeft=10'), ((3, 3), 'foodLeft=12'), ((4, 4), 'foodLeft=11'), ((16, 3), 'foodLeft=12'), ((2, 5), 'foodLeft=10'), ((2, 5), 'foodLeft=11'), ((2, 5), 'foodLeft=11'), ((1, 4), 'foodLeft=10'), ((1, 4), 'foodLeft=10'), ((16, 3), 'foodLeft=13'), ((13, 4), 'foodLeft=10'), ((12, 5), 'foodLeft=10')]","[((3, 3), 'foodLeft=12'), ((1, 3), 'foodLeft=13'), ((1, 3), 'foodLeft=12'), ((11, 3), 'foodLeft=11'), ((3, 3), 'foodLeft=11'), ((11, 5), 'foodLeft=11'), ((12, 5), 'foodLeft=11'), ((13, 3), 'foodLeft=10'), ((6, 5), 'foodLeft=12'), ((13, 3), 'foodLeft=12'), ((12, 5), 'foodLeft=10'), ((14, 3), 'foodLeft=12'), ((14, 3), 'foodLeft=11'), ((12, 3), 'foodLeft=11'), ((8, 5), 'foodLeft=11'), ((12, 3), 'foodLeft=12'), ((5, 5), 'foodLeft=11'), ((3, 5), 'foodLeft=11'), ((5, 3), 'foodLeft=11'), ((1, 4), 'foodLeft=10'), ((1, 4), 'foodLeft=9'), ((6, 3), 'foodLeft=12'), ((11, 5), 'foodLeft=10'), ((4, 4), 'foodLeft=10'), ((14, 5), 'foodLeft=9'), ((13, 4), 'foodLeft=9'), ((13, 5), 'foodLeft=11'), ((9, 5), 'foodLeft=11'), ((9, 3), 'foodLeft=11'), ((3, 3), 'foodLeft=11'), ((8, 3), 'foodLeft=11'), ((3, 5), 'foodLeft=12'), ((13, 5), 'foodLeft=10'), ((3, 3), 'foodLeft=12'), ((4, 4), 'foodLeft=11'), ((16, 3), 'foodLeft=12'), ((2, 5), 'foodLeft=10'), ((2, 5), 'foodLeft=11'), ((2, 5), 'foodLeft=11'), ((12, 5), 'foodLeft=10'), ((1, 4), 'foodLeft=10'), ((16, 3), 'foodLeft=13'), ((13, 4), 'foodLeft=10'), ((13, 4), 'foodLeft=11')]",102,8,51,59
102,"((3, 3), 'foodLeft=12')","((4, 3), 'foodLeft=12')",West,"[((4, 3), 'foodLeft=12'), ((2, 3), 'foodLeft=12')]","[((3, 3), 'foodLeft=12'), ((1, 3), 'foodLeft=13'), ((1, 3), 'foodLeft=12'), ((11, 3), 'foodLeft=11'), ((3, 3), 'foodLeft=11'), ((11, 5), 'foodLeft=11'), ((12, 5), 'foodLeft=11'), ((13, 3), 'foodLeft=10'), ((6, 5), 'foodLeft=12'), ((13, 3), 'foodLeft=12'), ((12, 5), 'foodLeft=10'), ((14, 3), 'foodLeft=12'), ((14, 3), 'foodLeft=11'), ((12, 3), 'foodLeft=11'), ((8, 5), 'foodLeft=11'), ((12, 3), 'foodLeft=12'), ((5, 5), 'foodLeft=11'), ((3, 5), 'foodLeft=11'), ((5, 3), 'foodLeft=11'), ((1, 4), 'foodLeft=10'), ((1, 4), 'foodLeft=9'), ((6, 3), 'foodLeft=12'), ((11, 5), 'foodLeft=10'), ((4, 4), 'foodLeft=10'), ((14, 5), 'foodLeft=9'), ((13, 4), 'foodLeft=9'), ((13, 5), 'foodLeft=11'), ((9, 5), 'foodLeft=11'), ((9, 3), 'foodLeft=11'), ((3, 3), 'foodLeft=11'), ((8, 3), 'foodLeft=11'), ((3, 5), 'foodLeft=12'), ((13, 5), 'foodLeft=10'), ((3, 3), 'foodLeft=12'), ((4, 4), 'foodLeft=11'), ((16, 3), 'foodLeft=12'), ((2, 5), 'foodLeft=10'), ((2, 5), 'foodLeft=11'), ((2, 5), 'foodLeft=11'), ((12, 5), 'foodLeft=10'), ((1, 4), 'foodLeft=10'), ((16, 3), 'foodLeft=13'), ((13, 4), 'foodLeft=10'), ((13, 4), 'foodLeft=11')]","[((1, 3), 'foodLeft=13'), ((11, 3), 'foodLeft=11'), ((1, 3), 'foodLeft=12'), ((6, 5), 'foodLeft=12'), ((3, 3), 'foodLeft=11'), ((11, 5), 'foodLeft=11'), ((12, 5), 'foodLeft=11'), ((13, 3), 'foodLeft=10'), ((13, 4), 'foodLeft=11'), ((13, 3), 'foodLeft=12'), ((12, 5), 'foodLeft=10'), ((14, 3), 'foodLeft=12'), ((14, 3), 'foodLeft=11'), ((12, 3), 'foodLeft=11'), ((8, 5), 'foodLeft=11'), ((12, 3), 'foodLeft=12'), ((5, 5), 'foodLeft=11'), ((3, 5), 'foodLeft=11'), ((5, 3), 'foodLeft=11'), ((1, 4), 'foodLeft=10'), ((1, 4), 'foodLeft=9'), ((6, 3), 'foodLeft=12'), ((11, 5), 'foodLeft=10'), ((4, 4), 'foodLeft=10'), ((14, 5), 'foodLeft=9'), ((13, 4), 'foodLeft=9'), ((13, 5), 'foodLeft=11'), ((9, 5), 'foodLeft=11'), ((9, 3), 'foodLeft=11'), ((3, 3), 'foodLeft=11'), ((8, 3), 'foodLeft=11'), ((3, 5), 'foodLeft=12'), ((13, 5), 'foodLeft=10'), ((3, 3), 'foodLeft=12'), ((4, 4), 'foodLeft=11'), ((16, 3), 'foodLeft=12'), ((2, 5), 'foodLeft=10'), ((2, 5), 'foodLeft=11'), ((2, 5), 'foodLeft=11'), ((12, 5), 'foodLeft=10'), ((1, 4), 'foodLeft=10'), ((16, 3), 'foodLeft=13'), ((13, 4), 'foodLeft=10'), ((2, 3), 'foodLeft=12')]",103,8,51,59
103,"((1, 3), 'foodLeft=13')","((2, 3), 'foodLeft=13')",West,"[((1, 4), 'foodLeft=12'), ((2, 3), 'foodLeft=13')]","[((1, 3), 'foodLeft=13'), ((11, 3), 'foodLeft=11'), ((1, 3), 'foodLeft=12'), ((6, 5), 'foodLeft=12'), ((3, 3), 'foodLeft=11'), ((11, 5), 'foodLeft=11'), ((12, 5), 'foodLeft=11'), ((13, 3), 'foodLeft=10'), ((13, 4), 'foodLeft=11'), ((13, 3), 'foodLeft=12'), ((12, 5), 'foodLeft=10'), ((14, 3), 'foodLeft=12'), ((14, 3), 'foodLeft=11'), ((12, 3), 'foodLeft=11'), ((8, 5), 'foodLeft=11'), ((12, 3), 'foodLeft=12'), ((5, 5), 'foodLeft=11'), ((3, 5), 'foodLeft=11'), ((5, 3), 'foodLeft=11'), ((1, 4), 'foodLeft=10'), ((1, 4), 'foodLeft=9'), ((6, 3), 'foodLeft=12'), ((11, 5), 'foodLeft=10'), ((4, 4), 'foodLeft=10'), ((14, 5), 'foodLeft=9'), ((13, 4), 'foodLeft=9'), ((13, 5), 'foodLeft=11'), ((9, 5), 'foodLeft=11'), ((9, 3), 'foodLeft=11'), ((3, 3), 'foodLeft=11'), ((8, 3), 'foodLeft=11'), ((3, 5), 'foodLeft=12'), ((13, 5), 'foodLeft=10'), ((3, 3), 'foodLeft=12'), ((4, 4), 'foodLeft=11'), ((16, 3), 'foodLeft=12'), ((2, 5), 'foodLeft=10'), ((2, 5), 'foodLeft=11'), ((2, 5), 'foodLeft=11'), ((12, 5), 'foodLeft=10'), ((1, 4), 'foodLeft=10'), ((16, 3), 'foodLeft=13'), ((13, 4), 'foodLeft=10'), ((2, 3), 'foodLeft=12')]","[((11, 3), 'foodLeft=11'), ((3, 3), 'foodLeft=11'), ((1, 3), 'foodLeft=12'), ((6, 5), 'foodLeft=12'), ((13, 3), 'foodLeft=12'), ((11, 5), 'foodLeft=11'), ((12, 5), 'foodLeft=11'), ((13, 3), 'foodLeft=10'), ((13, 4), 'foodLeft=11'), ((1, 4), 'foodLeft=10'), ((12, 5), 'foodLeft=10'), ((14, 3), 'foodLeft=12'), ((14, 3), 'foodLeft=11'), ((12, 3), 'foodLeft=11'), ((8, 5), 'foodLeft=11'), ((12, 3), 'foodLeft=12'), ((5, 5), 'foodLeft=11'), ((3, 5), 'foodLeft=11'), ((5, 3), 'foodLeft=11'), ((1, 4), 'foodLeft=10'), ((1, 4), 'foodLeft=9'), ((6, 3), 'foodLeft=12'), ((11, 5), 'foodLeft=10'), ((4, 4), 'foodLeft=10'), ((14, 5), 'foodLeft=9'), ((13, 4), 'foodLeft=9'), ((13, 5), 'foodLeft=11'), ((9, 5), 'foodLeft=11'), ((9, 3), 'foodLeft=11'), ((3, 3), 'foodLeft=11'), ((8, 3), 'foodLeft=11'), ((3, 5), 'foodLeft=12'), ((13, 5), 'foodLeft=10'), ((3, 3), 'foodLeft=12'), ((4, 4), 'foodLeft=11'), ((16, 3), 'foodLeft=12'), ((2, 5), 'foodLeft=10'), ((2, 5), 'foodLeft=11'), ((2, 5), 'foodLeft=11'), ((12, 5), 'foodLeft=10'), ((2, 3), 'foodLeft=12'), ((16, 3), 'foodLeft=13'), ((13, 4), 'foodLeft=10'), ((1, 4), 'foodLeft=12')]",104,8,51,59
104,"((11, 3), 'foodLeft=11')","((10, 3), 'foodLeft=11')",East,"[((12, 3), 'foodLeft=11'), ((10, 3), 'foodLeft=11')]","[((11, 3), 'foodLeft=11'), ((3, 3), 'foodLeft=11'), ((1, 3), 'foodLeft=12'), ((6, 5), 'foodLeft=12'), ((13, 3), 'foodLeft=12'), ((11, 5), 'foodLeft=11'), ((12, 5), 'foodLeft=11'), ((13, 3), 'foodLeft=10'), ((13, 4), 'foodLeft=11'), ((1, 4), 'foodLeft=10'), ((12, 5), 'foodLeft=10'), ((14, 3), 'foodLeft=12'), ((14, 3), 'foodLeft=11'), ((12, 3), 'foodLeft=11'), ((8, 5), 'foodLeft=11'), ((12, 3), 'foodLeft=12'), ((5, 5), 'foodLeft=11'), ((3, 5), 'foodLeft=11'), ((5, 3), 'foodLeft=11'), ((1, 4), 'foodLeft=10'), ((1, 4), 'foodLeft=9'), ((6, 3), 'foodLeft=12'), ((11, 5), 'foodLeft=10'), ((4, 4), 'foodLeft=10'), ((14, 5), 'foodLeft=9'), ((13, 4), 'foodLeft=9'), ((13, 5), 'foodLeft=11'), ((9, 5), 'foodLeft=11'), ((9, 3), 'foodLeft=11'), ((3, 3), 'foodLeft=11'), ((8, 3), 'foodLeft=11'), ((3, 5), 'foodLeft=12'), ((13, 5), 'foodLeft=10'), ((3, 3), 'foodLeft=12'), ((4, 4), 'foodLeft=11'), ((16, 3), 'foodLeft=12'), ((2, 5), 'foodLeft=10'), ((2, 5), 'foodLeft=11'), ((2, 5), 'foodLeft=11'), ((12, 5), 'foodLeft=10'), ((2, 3), 'foodLeft=12'), ((16, 3), 'foodLeft=13'), ((13, 4), 'foodLeft=10'), ((1, 4), 'foodLeft=12')]","[((3, 3), 'foodLeft=11'), ((13, 3), 'foodLeft=12'), ((1, 3), 'foodLeft=12'), ((6, 5), 'foodLeft=12'), ((1, 4), 'foodLeft=10'), ((11, 5), 'foodLeft=11'), ((12, 5), 'foodLeft=11'), ((13, 3), 'foodLeft=10'), ((13, 4), 'foodLeft=11'), ((1, 4), 'foodLeft=10'), ((12, 5), 'foodLeft=10'), ((14, 3), 'foodLeft=12'), ((14, 3), 'foodLeft=11'), ((12, 3), 'foodLeft=11'), ((8, 5), 'foodLeft=11'), ((12, 3), 'foodLeft=12'), ((5, 5), 'foodLeft=11'), ((3, 5), 'foodLeft=11'), ((5, 3), 'foodLeft=11'), ((2, 3), 'foodLeft=12'), ((1, 4), 'foodLeft=9'), ((6, 3), 'foodLeft=12'), ((11, 5), 'foodLeft=10'), ((4, 4), 'foodLeft=10'), ((14, 5), 'foodLeft=9'), ((13, 4), 'foodLeft=9'), ((13, 5), 'foodLeft=11'), ((9, 5), 'foodLeft=11'), ((9, 3), 'foodLeft=11'), ((3, 3), 'foodLeft=11'), ((8, 3), 'foodLeft=11'), ((3, 5), 'foodLeft=12'), ((13, 5), 'foodLeft=10'), ((3, 3), 'foodLeft=12'), ((4, 4), 'foodLeft=11'), ((16, 3), 'foodLeft=12'), ((2, 5), 'foodLeft=10'), ((2, 5), 'foodLeft=11'), ((2, 5), 'foodLeft=11'), ((12, 5), 'foodLeft=10'), ((1, 4), 'foodLeft=12'), ((16, 3), 'foodLeft=13'), ((13, 4), 'foodLeft=10'), ((12, 3), 'foodLeft=11')]",105,10,49,59
105,"((3, 3), 'foodLeft=11')","((4, 3), 'foodLeft=11')",West,"[((4, 3), 'foodLeft=11'), ((2, 3), 'foodLeft=11')]","[((3, 3), 'foodLeft=11'), ((13, 3), 'foodLeft=12'), ((1, 3), 'foodLeft=12'), ((6, 5), 'foodLeft=12'), ((1, 4), 'foodLeft=10'), ((11, 5), 'foodLeft=11'), ((12, 5), 'foodLeft=11'), ((13, 3), 'foodLeft=10'), ((13, 4), 'foodLeft=11'), ((1, 4), 'foodLeft=10'), ((12, 5), 'foodLeft=10'), ((14, 3), 'foodLeft=12'), ((14, 3), 'foodLeft=11'), ((12, 3), 'foodLeft=11'), ((8, 5), 'foodLeft=11'), ((12, 3), 'foodLeft=12'), ((5, 5), 'foodLeft=11'), ((3, 5), 'foodLeft=11'), ((5, 3), 'foodLeft=11'), ((2, 3), 'foodLeft=12'), ((1, 4), 'foodLeft=9'), ((6, 3), 'foodLeft=12'), ((11, 5), 'foodLeft=10'), ((4, 4), 'foodLeft=10'), ((14, 5), 'foodLeft=9'), ((13, 4), 'foodLeft=9'), ((13, 5), 'foodLeft=11'), ((9, 5), 'foodLeft=11'), ((9, 3), 'foodLeft=11'), ((3, 3), 'foodLeft=11'), ((8, 3), 'foodLeft=11'), ((3, 5), 'foodLeft=12'), ((13, 5), 'foodLeft=10'), ((3, 3), 'foodLeft=12'), ((4, 4), 'foodLeft=11'), ((16, 3), 'foodLeft=12'), ((2, 5), 'foodLeft=10'), ((2, 5), 'foodLeft=11'), ((2, 5), 'foodLeft=11'), ((12, 5), 'foodLeft=10'), ((1, 4), 'foodLeft=12'), ((16, 3), 'foodLeft=13'), ((13, 4), 'foodLeft=10'), ((12, 3), 'foodLeft=11')]","[((13, 3), 'foodLeft=12'), ((6, 5), 'foodLeft=12'), ((1, 3), 'foodLeft=12'), ((12, 3), 'foodLeft=11'), ((1, 4), 'foodLeft=10'), ((11, 5), 'foodLeft=11'), ((12, 5), 'foodLeft=11'), ((13, 3), 'foodLeft=10'), ((13, 4), 'foodLeft=11'), ((1, 4), 'foodLeft=10'), ((12, 5), 'foodLeft=10'), ((14, 3), 'foodLeft=12'), ((14, 3), 'foodLeft=11'), ((12, 3), 'foodLeft=11'), ((8, 5), 'foodLeft=11'), ((12, 3), 'foodLeft=12'), ((5, 5), 'foodLeft=11'), ((3, 5), 'foodLeft=11'), ((5, 3), 'foodLeft=11'), ((2, 3), 'foodLeft=12'), ((1, 4), 'foodLeft=9'), ((6, 3), 'foodLeft=12'), ((11, 5), 'foodLeft=10'), ((4, 4), 'foodLeft=10'), ((14, 5), 'foodLeft=9'), ((13, 4), 'foodLeft=9'), ((13, 5), 'foodLeft=11'), ((9, 5), 'foodLeft=11'), ((9, 3), 'foodLeft=11'), ((3, 3), 'foodLeft=11'), ((8, 3), 'foodLeft=11'), ((3, 5), 'foodLeft=12'), ((13, 5), 'foodLeft=10'), ((3, 3), 'foodLeft=12'), ((4, 4), 'foodLeft=11'), ((16, 3), 'foodLeft=12'), ((2, 5), 'foodLeft=10'), ((2, 5), 'foodLeft=11'), ((2, 5), 'foodLeft=11'), ((12, 5), 'foodLeft=10'), ((1, 4), 'foodLeft=12'), ((16, 3), 'foodLeft=13'), ((13, 4), 'foodLeft=10'), ((2, 3), 'foodLeft=11')]",106,10,49,59
106,"((13, 3), 'foodLeft=12')","((12, 3), 'foodLeft=12')",East,"[((13, 4), 'foodLeft=11'), ((14, 3), 'foodLeft=12'), ((12, 3), 'foodLeft=12')]","[((13, 3), 'foodLeft=12'), ((6, 5), 'foodLeft=12'), ((1, 3), 'foodLeft=12'), ((12, 3), 'foodLeft=11'), ((1, 4), 'foodLeft=10'), ((11, 5), 'foodLeft=11'), ((12, 5), 'foodLeft=11'), ((13, 3), 'foodLeft=10'), ((13, 4), 'foodLeft=11'), ((1, 4), 'foodLeft=10'), ((12, 5), 'foodLeft=10'), ((14, 3), 'foodLeft=12'), ((14, 3), 'foodLeft=11'), ((12, 3), 'foodLeft=11'), ((8, 5), 'foodLeft=11'), ((12, 3), 'foodLeft=12'), ((5, 5), 'foodLeft=11'), ((3, 5), 'foodLeft=11'), ((5, 3), 'foodLeft=11'), ((2, 3), 'foodLeft=12'), ((1, 4), 'foodLeft=9'), ((6, 3), 'foodLeft=12'), ((11, 5), 'foodLeft=10'), ((4, 4), 'foodLeft=10'), ((14, 5), 'foodLeft=9'), ((13, 4), 'foodLeft=9'), ((13, 5), 'foodLeft=11'), ((9, 5), 'foodLeft=11'), ((9, 3), 'foodLeft=11'), ((3, 3), 'foodLeft=11'), ((8, 3), 'foodLeft=11'), ((3, 5), 'foodLeft=12'), ((13, 5), 'foodLeft=10'), ((3, 3), 'foodLeft=12'), ((4, 4), 'foodLeft=11'), ((16, 3), 'foodLeft=12'), ((2, 5), 'foodLeft=10'), ((2, 5), 'foodLeft=11'), ((2, 5), 'foodLeft=11'), ((12, 5), 'foodLeft=10'), ((1, 4), 'foodLeft=12'), ((16, 3), 'foodLeft=13'), ((13, 4), 'foodLeft=10'), ((2, 3), 'foodLeft=11')]","[((1, 3), 'foodLeft=12'), ((6, 5), 'foodLeft=12'), ((2, 3), 'foodLeft=11'), ((12, 3), 'foodLeft=11'), ((1, 4), 'foodLeft=10'), ((11, 5), 'foodLeft=11'), ((12, 5), 'foodLeft=11'), ((13, 3), 'foodLeft=10'), ((13, 4), 'foodLeft=11'), ((1, 4), 'foodLeft=10'), ((12, 5), 'foodLeft=10'), ((14, 3), 'foodLeft=12'), ((14, 3), 'foodLeft=11'), ((12, 3), 'foodLeft=11'), ((8, 5), 'foodLeft=11'), ((12, 3), 'foodLeft=12'), ((5, 5), 'foodLeft=11'), ((3, 5), 'foodLeft=11'), ((5, 3), 'foodLeft=11'), ((2, 3), 'foodLeft=12'), ((1, 4), 'foodLeft=9'), ((6, 3), 'foodLeft=12'), ((11, 5), 'foodLeft=10'), ((4, 4), 'foodLeft=10'), ((14, 5), 'foodLeft=9'), ((13, 4), 'foodLeft=9'), ((13, 5), 'foodLeft=11'), ((9, 5), 'foodLeft=11'), ((9, 3), 'foodLeft=11'), ((3, 3), 'foodLeft=11'), ((8, 3), 'foodLeft=11'), ((3, 5), 'foodLeft=12'), ((13, 5), 'foodLeft=10'), ((3, 3), 'foodLeft=12'), ((4, 4), 'foodLeft=11'), ((16, 3), 'foodLeft=12'), ((2, 5), 'foodLeft=10'), ((2, 5), 'foodLeft=11'), ((2, 5), 'foodLeft=11'), ((12, 5), 'foodLeft=10'), ((1, 4), 'foodLeft=12'), ((16, 3), 'foodLeft=13'), ((13, 4), 'foodLeft=10'), ((13, 4), 'foodLeft=11'), ((14, 3), 'foodLeft=12')]",107,10,49,59
107,"((1, 3), 'foodLeft=12')","((2, 3), 'foodLeft=12')",West,"[((1, 4), 'foodLeft=11'), ((2, 3), 'foodLeft=12')]","[((1, 3), 'foodLeft=12'), ((6, 5), 'foodLeft=12'), ((2, 3), 'foodLeft=11'), ((12, 3), 'foodLeft=11'), ((1, 4), 'foodLeft=10'), ((11, 5), 'foodLeft=11'), ((12, 5), 'foodLeft=11'), ((13, 3), 'foodLeft=10'), ((13, 4), 'foodLeft=11'), ((1, 4), 'foodLeft=10'), ((12, 5), 'foodLeft=10'), ((14, 3), 'foodLeft=12'), ((14, 3), 'foodLeft=11'), ((12, 3), 'foodLeft=11'), ((8, 5), 'foodLeft=11'), ((12, 3), 'foodLeft=12'), ((5, 5), 'foodLeft=11'), ((3, 5), 'foodLeft=11'), ((5, 3), 'foodLeft=11'), ((2, 3), 'foodLeft=12'), ((1, 4), 'foodLeft=9'), ((6, 3), 'foodLeft=12'), ((11, 5), 'foodLeft=10'), ((4, 4), 'foodLeft=10'), ((14, 5), 'foodLeft=9'), ((13, 4), 'foodLeft=9'), ((13, 5), 'foodLeft=11'), ((9, 5), 'foodLeft=11'), ((9, 3), 'foodLeft=11'), ((3, 3), 'foodLeft=11'), ((8, 3), 'foodLeft=11'), ((3, 5), 'foodLeft=12'), ((13, 5), 'foodLeft=10'), ((3, 3), 'foodLeft=12'), ((4, 4), 'foodLeft=11'), ((16, 3), 'foodLeft=12'), ((2, 5), 'foodLeft=10'), ((2, 5), 'foodLeft=11'), ((2, 5), 'foodLeft=11'), ((12, 5), 'foodLeft=10'), ((1, 4), 'foodLeft=12'), ((16, 3), 'foodLeft=13'), ((13, 4), 'foodLeft=10'), ((13, 4), 'foodLeft=11'), ((14, 3), 'foodLeft=12')]","[((6, 5), 'foodLeft=12'), ((1, 4), 'foodLeft=10'), ((2, 3), 'foodLeft=11'), ((12, 3), 'foodLeft=11'), ((1, 4), 'foodLeft=10'), ((11, 5), 'foodLeft=11'), ((12, 5), 'foodLeft=11'), ((13, 3), 'foodLeft=10'), ((13, 4), 'foodLeft=11'), ((1, 4), 'foodLeft=9'), ((12, 5), 'foodLeft=10'), ((14, 3), 'foodLeft=12'), ((14, 3), 'foodLeft=11'), ((12, 3), 'foodLeft=11'), ((8, 5), 'foodLeft=11'), ((12, 3), 'foodLeft=12'), ((5, 5), 'foodLeft=11'), ((3, 5), 'foodLeft=11'), ((5, 3), 'foodLeft=11'), ((2, 3), 'foodLeft=12'), ((16, 3), 'foodLeft=13'), ((6, 3), 'foodLeft=12'), ((11, 5), 'foodLeft=10'), ((4, 4), 'foodLeft=10'), ((14, 5), 'foodLeft=9'), ((13, 4), 'foodLeft=9'), ((13, 5), 'foodLeft=11'), ((9, 5), 'foodLeft=11'), ((9, 3), 'foodLeft=11'), ((3, 3), 'foodLeft=11'), ((8, 3), 'foodLeft=11'), ((3, 5), 'foodLeft=12'), ((13, 5), 'foodLeft=10'), ((3, 3), 'foodLeft=12'), ((4, 4), 'foodLeft=11'), ((16, 3), 'foodLeft=12'), ((2, 5), 'foodLeft=10'), ((2, 5), 'foodLeft=11'), ((2, 5), 'foodLeft=11'), ((12, 5), 'foodLeft=10'), ((1, 4), 'foodLeft=12'), ((14, 3), 'foodLeft=12'), ((13, 4), 'foodLeft=10'), ((13, 4), 'foodLeft=11'), ((1, 4), 'foodLeft=11')]",108,10,49,59
108,"((6, 5), 'foodLeft=12')","((5, 5), 'foodLeft=12')",East,"[((7, 5), 'foodLeft=12'), ((5, 5), 'foodLeft=12')]","[((6, 5), 'foodLeft=12'), ((1, 4), 'foodLeft=10'), ((2, 3), 'foodLeft=11'), ((12, 3), 'foodLeft=11'), ((1, 4), 'foodLeft=10'), ((11, 5), 'foodLeft=11'), ((12, 5), 'foodLeft=11'), ((13, 3), 'foodLeft=10'), ((13, 4), 'foodLeft=11'), ((1, 4), 'foodLeft=9'), ((12, 5), 'foodLeft=10'), ((14, 3), 'foodLeft=12'), ((14, 3), 'foodLeft=11'), ((12, 3), 'foodLeft=11'), ((8, 5), 'foodLeft=11'), ((12, 3), 'foodLeft=12'), ((5, 5), 'foodLeft=11'), ((3, 5), 'foodLeft=11'), ((5, 3), 'foodLeft=11'), ((2, 3), 'foodLeft=12'), ((16, 3), 'foodLeft=13'), ((6, 3), 'foodLeft=12'), ((11, 5), 'foodLeft=10'), ((4, 4), 'foodLeft=10'), ((14, 5), 'foodLeft=9'), ((13, 4), 'foodLeft=9'), ((13, 5), 'foodLeft=11'), ((9, 5), 'foodLeft=11'), ((9, 3), 'foodLeft=11'), ((3, 3), 'foodLeft=11'), ((8, 3), 'foodLeft=11'), ((3, 5), 'foodLeft=12'), ((13, 5), 'foodLeft=10'), ((3, 3), 'foodLeft=12'), ((4, 4), 'foodLeft=11'), ((16, 3), 'foodLeft=12'), ((2, 5), 'foodLeft=10'), ((2, 5), 'foodLeft=11'), ((2, 5), 'foodLeft=11'), ((12, 5), 'foodLeft=10'), ((1, 4), 'foodLeft=12'), ((14, 3), 'foodLeft=12'), ((13, 4), 'foodLeft=10'), ((13, 4), 'foodLeft=11'), ((1, 4), 'foodLeft=11')]","[((1, 4), 'foodLeft=10'), ((1, 4), 'foodLeft=10'), ((2, 3), 'foodLeft=11'), ((12, 3), 'foodLeft=11'), ((1, 4), 'foodLeft=9'), ((11, 5), 'foodLeft=11'), ((12, 5), 'foodLeft=11'), ((13, 3), 'foodLeft=10'), ((13, 4), 'foodLeft=11'), ((2, 3), 'foodLeft=12'), ((12, 5), 'foodLeft=10'), ((14, 3), 'foodLeft=12'), ((14, 3), 'foodLeft=11'), ((12, 3), 'foodLeft=11'), ((8, 5), 'foodLeft=11'), ((12, 3), 'foodLeft=12'), ((5, 5), 'foodLeft=11'), ((3, 5), 'foodLeft=11'), ((5, 3), 'foodLeft=11'), ((1, 4), 'foodLeft=12'), ((16, 3), 'foodLeft=13'), ((6, 3), 'foodLeft=12'), ((11, 5), 'foodLeft=10'), ((4, 4), 'foodLeft=10'), ((14, 5), 'foodLeft=9'), ((13, 4), 'foodLeft=9'), ((13, 5), 'foodLeft=11'), ((9, 5), 'foodLeft=11'), ((9, 3), 'foodLeft=11'), ((3, 3), 'foodLeft=11'), ((8, 3), 'foodLeft=11'), ((3, 5), 'foodLeft=12'), ((13, 5), 'foodLeft=10'), ((3, 3), 'foodLeft=12'), ((4, 4), 'foodLeft=11'), ((16, 3), 'foodLeft=12'), ((2, 5), 'foodLeft=10'), ((2, 5), 'foodLeft=11'), ((2, 5), 'foodLeft=11'), ((12, 5), 'foodLeft=10'), ((1, 4), 'foodLeft=11'), ((14, 3), 'foodLeft=12'), ((13, 4), 'foodLeft=10'), ((13, 4), 'foodLeft=11'), ((7, 5), 'foodLeft=12')]",109,9,50,59
109,"((1, 4), 'foodLeft=10')","((1, 5), 'foodLeft=11')",South,"[((1, 5), 'foodLeft=10'), ((1, 3), 'foodLeft=10')]","[((1, 4), 'foodLeft=10'), ((1, 4), 'foodLeft=10'), ((2, 3), 'foodLeft=11'), ((12, 3), 'foodLeft=11'), ((1, 4), 'foodLeft=9'), ((11, 5), 'foodLeft=11'), ((12, 5), 'foodLeft=11'), ((13, 3), 'foodLeft=10'), ((13, 4), 'foodLeft=11'), ((2, 3), 'foodLeft=12'), ((12, 5), 'foodLeft=10'), ((14, 3), 'foodLeft=12'), ((14, 3), 'foodLeft=11'), ((12, 3), 'foodLeft=11'), ((8, 5), 'foodLeft=11'), ((12, 3), 'foodLeft=12'), ((5, 5), 'foodLeft=11'), ((3, 5), 'foodLeft=11'), ((5, 3), 'foodLeft=11'), ((1, 4), 'foodLeft=12'), ((16, 3), 'foodLeft=13'), ((6, 3), 'foodLeft=12'), ((11, 5), 'foodLeft=10'), ((4, 4), 'foodLeft=10'), ((14, 5), 'foodLeft=9'), ((13, 4), 'foodLeft=9'), ((13, 5), 'foodLeft=11'), ((9, 5), 'foodLeft=11'), ((9, 3), 'foodLeft=11'), ((3, 3), 'foodLeft=11'), ((8, 3), 'foodLeft=11'), ((3, 5), 'foodLeft=12'), ((13, 5), 'foodLeft=10'), ((3, 3), 'foodLeft=12'), ((4, 4), 'foodLeft=11'), ((16, 3), 'foodLeft=12'), ((2, 5), 'foodLeft=10'), ((2, 5), 'foodLeft=11'), ((2, 5), 'foodLeft=11'), ((12, 5), 'foodLeft=10'), ((1, 4), 'foodLeft=11'), ((14, 3), 'foodLeft=12'), ((13, 4), 'foodLeft=10'), ((13, 4), 'foodLeft=11'), ((7, 5), 'foodLeft=12')]","[((1, 4), 'foodLeft=10'), ((1, 4), 'foodLeft=9'), ((2, 3), 'foodLeft=11'), ((12, 3), 'foodLeft=11'), ((12, 5), 'foodLeft=10'), ((11, 5), 'foodLeft=11'), ((12, 5), 'foodLeft=11'), ((13, 3), 'foodLeft=10'), ((13, 4), 'foodLeft=11'), ((2, 3), 'foodLeft=12'), ((6, 3), 'foodLeft=12'), ((14, 3), 'foodLeft=12'), ((14, 3), 'foodLeft=11'), ((12, 3), 'foodLeft=11'), ((8, 5), 'foodLeft=11'), ((12, 3), 'foodLeft=12'), ((5, 5), 'foodLeft=11'), ((3, 5), 'foodLeft=11'), ((5, 3), 'foodLeft=11'), ((1, 4), 'foodLeft=12'), ((16, 3), 'foodLeft=13'), ((7, 5), 'foodLeft=12'), ((1, 3), 'foodLeft=10'), ((4, 4), 'foodLeft=10'), ((14, 5), 'foodLeft=9'), ((13, 4), 'foodLeft=9'), ((13, 5), 'foodLeft=11'), ((9, 5), 'foodLeft=11'), ((9, 3), 'foodLeft=11'), ((3, 3), 'foodLeft=11'), ((8, 3), 'foodLeft=11'), ((3, 5), 'foodLeft=12'), ((13, 5), 'foodLeft=10'), ((3, 3), 'foodLeft=12'), ((4, 4), 'foodLeft=11'), ((16, 3), 'foodLeft=12'), ((2, 5), 'foodLeft=10'), ((2, 5), 'foodLeft=11'), ((2, 5), 'foodLeft=11'), ((12, 5), 'foodLeft=10'), ((1, 4), 'foodLeft=11'), ((14, 3), 'foodLeft=12'), ((13, 4), 'foodLeft=10'), ((13, 4), 'foodLeft=11'), ((1, 5), 'foodLeft=10'), ((11, 5), 'foodLeft=10')]",110,11,48,59
110,"((1, 4), 'foodLeft=10')","((1, 5), 'foodLeft=11')",South,"[((1, 5), 'foodLeft=10'), ((1, 3), 'foodLeft=10')]","[((1, 4), 'foodLeft=10'), ((1, 4), 'foodLeft=9'), ((2, 3), 'foodLeft=11'), ((12, 3), 'foodLeft=11'), ((12, 5), 'foodLeft=10'), ((11, 5), 'foodLeft=11'), ((12, 5), 'foodLeft=11'), ((13, 3), 'foodLeft=10'), ((13, 4), 'foodLeft=11'), ((2, 3), 'foodLeft=12'), ((6, 3), 'foodLeft=12'), ((14, 3), 'foodLeft=12'), ((14, 3), 'foodLeft=11'), ((12, 3), 'foodLeft=11'), ((8, 5), 'foodLeft=11'), ((12, 3), 'foodLeft=12'), ((5, 5), 'foodLeft=11'), ((3, 5), 'foodLeft=11'), ((5, 3), 'foodLeft=11'), ((1, 4), 'foodLeft=12'), ((16, 3), 'foodLeft=13'), ((7, 5), 'foodLeft=12'), ((1, 3), 'foodLeft=10'), ((4, 4), 'foodLeft=10'), ((14, 5), 'foodLeft=9'), ((13, 4), 'foodLeft=9'), ((13, 5), 'foodLeft=11'), ((9, 5), 'foodLeft=11'), ((9, 3), 'foodLeft=11'), ((3, 3), 'foodLeft=11'), ((8, 3), 'foodLeft=11'), ((3, 5), 'foodLeft=12'), ((13, 5), 'foodLeft=10'), ((3, 3), 'foodLeft=12'), ((4, 4), 'foodLeft=11'), ((16, 3), 'foodLeft=12'), ((2, 5), 'foodLeft=10'), ((2, 5), 'foodLeft=11'), ((2, 5), 'foodLeft=11'), ((12, 5), 'foodLeft=10'), ((1, 4), 'foodLeft=11'), ((14, 3), 'foodLeft=12'), ((13, 4), 'foodLeft=10'), ((13, 4), 'foodLeft=11'), ((1, 5), 'foodLeft=10'), ((11, 5), 'foodLeft=10')]","[((1, 4), 'foodLeft=9'), ((12, 5), 'foodLeft=10'), ((2, 3), 'foodLeft=11'), ((12, 3), 'foodLeft=11'), ((6, 3), 'foodLeft=12'), ((11, 5), 'foodLeft=11'), ((12, 5), 'foodLeft=11'), ((13, 3), 'foodLeft=10'), ((13, 4), 'foodLeft=11'), ((2, 3), 'foodLeft=12'), ((7, 5), 'foodLeft=12'), ((14, 3), 'foodLeft=12'), ((14, 3), 'foodLeft=11'), ((12, 3), 'foodLeft=11'), ((8, 5), 'foodLeft=11'), ((12, 3), 'foodLeft=12'), ((5, 5), 'foodLeft=11'), ((3, 5), 'foodLeft=11'), ((5, 3), 'foodLeft=11'), ((1, 4), 'foodLeft=12'), ((16, 3), 'foodLeft=13'), ((1, 5), 'foodLeft=10'), ((1, 3), 'foodLeft=10'), ((4, 4), 'foodLeft=10'), ((14, 5), 'foodLeft=9'), ((13, 4), 'foodLeft=9'), ((13, 5), 'foodLeft=11'), ((9, 5), 'foodLeft=11'), ((9, 3), 'foodLeft=11'), ((3, 3), 'foodLeft=11'), ((8, 3), 'foodLeft=11'), ((3, 5), 'foodLeft=12'), ((13, 5), 'foodLeft=10'), ((3, 3), 'foodLeft=12'), ((4, 4), 'foodLeft=11'), ((16, 3), 'foodLeft=12'), ((2, 5), 'foodLeft=10'), ((2, 5), 'foodLeft=11'), ((2, 5), 'foodLeft=11'), ((12, 5), 'foodLeft=10'), ((1, 4), 'foodLeft=11'), ((14, 3), 'foodLeft=12'), ((13, 4), 'foodLeft=10'), ((13, 4), 'foodLeft=11'), ((11, 5), 'foodLeft=10'), ((1, 5), 'foodLeft=10'), ((1, 3), 'foodLeft=10')]",111,11,48,59
111,"((1, 4), 'foodLeft=9')","((1, 5), 'foodLeft=10')",South,"[((1, 5), 'foodLeft=9'), ((1, 3), 'foodLeft=9')]","[((1, 4), 'foodLeft=9'), ((12, 5), 'foodLeft=10'), ((2, 3), 'foodLeft=11'), ((12, 3), 'foodLeft=11'), ((6, 3), 'foodLeft=12'), ((11, 5), 'foodLeft=11'), ((12, 5), 'foodLeft=11'), ((13, 3), 'foodLeft=10'), ((13, 4), 'foodLeft=11'), ((2, 3), 'foodLeft=12'), ((7, 5), 'foodLeft=12'), ((14, 3), 'foodLeft=12'), ((14, 3), 'foodLeft=11'), ((12, 3), 'foodLeft=11'), ((8, 5), 'foodLeft=11'), ((12, 3), 'foodLeft=12'), ((5, 5), 'foodLeft=11'), ((3, 5), 'foodLeft=11'), ((5, 3), 'foodLeft=11'), ((1, 4), 'foodLeft=12'), ((16, 3), 'foodLeft=13'), ((1, 5), 'foodLeft=10'), ((1, 3), 'foodLeft=10'), ((4, 4), 'foodLeft=10'), ((14, 5), 'foodLeft=9'), ((13, 4), 'foodLeft=9'), ((13, 5), 'foodLeft=11'), ((9, 5), 'foodLeft=11'), ((9, 3), 'foodLeft=11'), ((3, 3), 'foodLeft=11'), ((8, 3), 'foodLeft=11'), ((3, 5), 'foodLeft=12'), ((13, 5), 'foodLeft=10'), ((3, 3), 'foodLeft=12'), ((4, 4), 'foodLeft=11'), ((16, 3), 'foodLeft=12'), ((2, 5), 'foodLeft=10'), ((2, 5), 'foodLeft=11'), ((2, 5), 'foodLeft=11'), ((12, 5), 'foodLeft=10'), ((1, 4), 'foodLeft=11'), ((14, 3), 'foodLeft=12'), ((13, 4), 'foodLeft=10'), ((13, 4), 'foodLeft=11'), ((11, 5), 'foodLeft=10'), ((1, 5), 'foodLeft=10'), ((1, 3), 'foodLeft=10')]","[((12, 5), 'foodLeft=10'), ((6, 3), 'foodLeft=12'), ((2, 3), 'foodLeft=11'), ((12, 3), 'foodLeft=11'), ((2, 3), 'foodLeft=12'), ((1, 3), 'foodLeft=9'), ((12, 5), 'foodLeft=11'), ((13, 3), 'foodLeft=10'), ((13, 4), 'foodLeft=11'), ((1, 4), 'foodLeft=12'), ((7, 5), 'foodLeft=12'), ((11, 5), 'foodLeft=11'), ((14, 3), 'foodLeft=11'), ((12, 3), 'foodLeft=11'), ((8, 5), 'foodLeft=11'), ((12, 3), 'foodLeft=12'), ((5, 5), 'foodLeft=11'), ((3, 5), 'foodLeft=11'), ((5, 3), 'foodLeft=11'), ((1, 4), 'foodLeft=11'), ((16, 3), 'foodLeft=13'), ((1, 5), 'foodLeft=10'), ((1, 3), 'foodLeft=10'), ((14, 3), 'foodLeft=12'), ((14, 5), 'foodLeft=9'), ((13, 4), 'foodLeft=9'), ((13, 5), 'foodLeft=11'), ((9, 5), 'foodLeft=11'), ((9, 3), 'foodLeft=11'), ((3, 3), 'foodLeft=11'), ((8, 3), 'foodLeft=11'), ((3, 5), 'foodLeft=12'), ((13, 5), 'foodLeft=10'), ((3, 3), 'foodLeft=12'), ((4, 4), 'foodLeft=11'), ((16, 3), 'foodLeft=12'), ((2, 5), 'foodLeft=10'), ((2, 5), 'foodLeft=11'), ((2, 5), 'foodLeft=11'), ((12, 5), 'foodLeft=10'), ((1, 3), 'foodLeft=10'), ((14, 3), 'foodLeft=12'), ((13, 4), 'foodLeft=10'), ((13, 4), 'foodLeft=11'), ((11, 5), 'foodLeft=10'), ((1, 5), 'foodLeft=10'), ((1, 5), 'foodLeft=9'), ((4, 4), 'foodLeft=10')]",112,13,46,59
112,"((12, 5), 'foodLeft=10')","((13, 5), 'foodLeft=10')",West,"[((13, 5), 'foodLeft=10'), ((11, 5), 'foodLeft=10')]","[((12, 5), 'foodLeft=10'), ((6, 3), 'foodLeft=12'), ((2, 3), 'foodLeft=11'), ((12, 3), 'foodLeft=11'), ((2, 3), 'foodLeft=12'), ((1, 3), 'foodLeft=9'), ((12, 5), 'foodLeft=11'), ((13, 3), 'foodLeft=10'), ((13, 4), 'foodLeft=11'), ((1, 4), 'foodLeft=12'), ((7, 5), 'foodLeft=12'), ((11, 5), 'foodLeft=11'), ((14, 3), 'foodLeft=11'), ((12, 3), 'foodLeft=11'), ((8, 5), 'foodLeft=11'), ((12, 3), 'foodLeft=12'), ((5, 5), 'foodLeft=11'), ((3, 5), 'foodLeft=11'), ((5, 3), 'foodLeft=11'), ((1, 4), 'foodLeft=11'), ((16, 3), 'foodLeft=13'), ((1, 5), 'foodLeft=10'), ((1, 3), 'foodLeft=10'), ((14, 3), 'foodLeft=12'), ((14, 5), 'foodLeft=9'), ((13, 4), 'foodLeft=9'), ((13, 5), 'foodLeft=11'), ((9, 5), 'foodLeft=11'), ((9, 3), 'foodLeft=11'), ((3, 3), 'foodLeft=11'), ((8, 3), 'foodLeft=11'), ((3, 5), 'foodLeft=12'), ((13, 5), 'foodLeft=10'), ((3, 3), 'foodLeft=12'), ((4, 4), 'foodLeft=11'), ((16, 3), 'foodLeft=12'), ((2, 5), 'foodLeft=10'), ((2, 5), 'foodLeft=11'), ((2, 5), 'foodLeft=11'), ((12, 5), 'foodLeft=10'), ((1, 3), 'foodLeft=10'), ((14, 3), 'foodLeft=12'), ((13, 4), 'foodLeft=10'), ((13, 4), 'foodLeft=11'), ((11, 5), 'foodLeft=10'), ((1, 5), 'foodLeft=10'), ((1, 5), 'foodLeft=9'), ((4, 4), 'foodLeft=10')]","[((6, 3), 'foodLeft=12'), ((2, 3), 'foodLeft=12'), ((2, 3), 'foodLeft=11'), ((12, 3), 'foodLeft=11'), ((1, 4), 'foodLeft=12'), ((1, 3), 'foodLeft=9'), ((12, 5), 'foodLeft=11'), ((13, 3), 'foodLeft=10'), ((13, 4), 'foodLeft=11'), ((1, 4), 'foodLeft=11'), ((7, 5), 'foodLeft=12'), ((11, 5), 'foodLeft=10'), ((14, 3), 'foodLeft=11'), ((12, 3), 'foodLeft=11'), ((8, 5), 'foodLeft=11'), ((12, 3), 'foodLeft=12'), ((5, 5), 'foodLeft=11'), ((3, 5), 'foodLeft=11'), ((5, 3), 'foodLeft=11'), ((1, 3), 'foodLeft=10'), ((16, 3), 'foodLeft=13'), ((1, 5), 'foodLeft=10'), ((1, 3), 'foodLeft=10'), ((11, 5), 'foodLeft=11'), ((14, 5), 'foodLeft=9'), ((13, 4), 'foodLeft=9'), ((13, 5), 'foodLeft=11'), ((9, 5), 'foodLeft=11'), ((9, 3), 'foodLeft=11'), ((3, 3), 'foodLeft=11'), ((8, 3), 'foodLeft=11'), ((3, 5), 'foodLeft=12'), ((13, 5), 'foodLeft=10'), ((3, 3), 'foodLeft=12'), ((4, 4), 'foodLeft=11'), ((16, 3), 'foodLeft=12'), ((2, 5), 'foodLeft=10'), ((2, 5), 'foodLeft=11'), ((2, 5), 'foodLeft=11'), ((12, 5), 'foodLeft=10'), ((4, 4), 'foodLeft=10'), ((14, 3), 'foodLeft=12'), ((13, 4), 'foodLeft=10'), ((13, 4), 'foodLeft=11'), ((11, 5), 'foodLeft=10'), ((1, 5), 'foodLeft=10'), ((1, 5), 'foodLeft=9'), ((14, 3), 'foodLeft=12')]",113,9,50,59
113,"((6, 3), 'foodLeft=12')","((5, 3), 'foodLeft=12')",East,"[((7, 3), 'foodLeft=12'), ((5, 3), 'foodLeft=12')]","[((6, 3), 'foodLeft=12'), ((2, 3), 'foodLeft=12'), ((2, 3), 'foodLeft=11'), ((12, 3), 'foodLeft=11'), ((1, 4), 'foodLeft=12'), ((1, 3), 'foodLeft=9'), ((12, 5), 'foodLeft=11'), ((13, 3), 'foodLeft=10'), ((13, 4), 'foodLeft=11'), ((1, 4), 'foodLeft=11'), ((7, 5), 'foodLeft=12'), ((11, 5), 'foodLeft=10'), ((14, 3), 'foodLeft=11'), ((12, 3), 'foodLeft=11'), ((8, 5), 'foodLeft=11'), ((12, 3), 'foodLeft=12'), ((5, 5), 'foodLeft=11'), ((3, 5), 'foodLeft=11'), ((5, 3), 'foodLeft=11'), ((1, 3), 'foodLeft=10'), ((16, 3), 'foodLeft=13'), ((1, 5), 'foodLeft=10'), ((1, 3), 'foodLeft=10'), ((11, 5), 'foodLeft=11'), ((14, 5), 'foodLeft=9'), ((13, 4), 'foodLeft=9'), ((13, 5), 'foodLeft=11'), ((9, 5), 'foodLeft=11'), ((9, 3), 'foodLeft=11'), ((3, 3), 'foodLeft=11'), ((8, 3), 'foodLeft=11'), ((3, 5), 'foodLeft=12'), ((13, 5), 'foodLeft=10'), ((3, 3), 'foodLeft=12'), ((4, 4), 'foodLeft=11'), ((16, 3), 'foodLeft=12'), ((2, 5), 'foodLeft=10'), ((2, 5), 'foodLeft=11'), ((2, 5), 'foodLeft=11'), ((12, 5), 'foodLeft=10'), ((4, 4), 'foodLeft=10'), ((14, 3), 'foodLeft=12'), ((13, 4), 'foodLeft=10'), ((13, 4), 'foodLeft=11'), ((11, 5), 'foodLeft=10'), ((1, 5), 'foodLeft=10'), ((1, 5), 'foodLeft=9'), ((14, 3), 'foodLeft=12')]","[((2, 3), 'foodLeft=12'), ((1, 4), 'foodLeft=12'), ((2, 3), 'foodLeft=11'), ((12, 3), 'foodLeft=11'), ((1, 4), 'foodLeft=11'), ((1, 3), 'foodLeft=9'), ((12, 5), 'foodLeft=11'), ((13, 3), 'foodLeft=10'), ((13, 4), 'foodLeft=11'), ((1, 3), 'foodLeft=10'), ((7, 5), 'foodLeft=12'), ((11, 5), 'foodLeft=10'), ((14, 3), 'foodLeft=11'), ((12, 3), 'foodLeft=11'), ((8, 5), 'foodLeft=11'), ((12, 3), 'foodLeft=12'), ((5, 5), 'foodLeft=11'), ((3, 5), 'foodLeft=11'), ((5, 3), 'foodLeft=11'), ((14, 3), 'foodLeft=12'), ((16, 3), 'foodLeft=13'), ((1, 5), 'foodLeft=10'), ((1, 3), 'foodLeft=10'), ((7, 3), 'foodLeft=12'), ((14, 5), 'foodLeft=9'), ((13, 4), 'foodLeft=9'), ((13, 5), 'foodLeft=11'), ((9, 5), 'foodLeft=11'), ((9, 3), 'foodLeft=11'), ((3, 3), 'foodLeft=11'), ((8, 3), 'foodLeft=11'), ((3, 5), 'foodLeft=12'), ((13, 5), 'foodLeft=10'), ((3, 3), 'foodLeft=12'), ((4, 4), 'foodLeft=11'), ((16, 3), 'foodLeft=12'), ((2, 5), 'foodLeft=10'), ((2, 5), 'foodLeft=11'), ((2, 5), 'foodLeft=11'), ((12, 5), 'foodLeft=10'), ((4, 4), 'foodLeft=10'), ((14, 3), 'foodLeft=12'), ((13, 4), 'foodLeft=10'), ((13, 4), 'foodLeft=11'), ((11, 5), 'foodLeft=10'), ((1, 5), 'foodLeft=10'), ((1, 5), 'foodLeft=9'), ((11, 5), 'foodLeft=11')]",114,9,50,59
114,"((2, 3), 'foodLeft=12')","((3, 3), 'foodLeft=12')",West,"[((3, 3), 'foodLeft=12'), ((1, 3), 'foodLeft=12')]","[((2, 3), 'foodLeft=12'), ((1, 4), 'foodLeft=12'), ((2, 3), 'foodLeft=11'), ((12, 3), 'foodLeft=11'), ((1, 4), 'foodLeft=11'), ((1, 3), 'foodLeft=9'), ((12, 5), 'foodLeft=11'), ((13, 3), 'foodLeft=10'), ((13, 4), 'foodLeft=11'), ((1, 3), 'foodLeft=10'), ((7, 5), 'foodLeft=12'), ((11, 5), 'foodLeft=10'), ((14, 3), 'foodLeft=11'), ((12, 3), 'foodLeft=11'), ((8, 5), 'foodLeft=11'), ((12, 3), 'foodLeft=12'), ((5, 5), 'foodLeft=11'), ((3, 5), 'foodLeft=11'), ((5, 3), 'foodLeft=11'), ((14, 3), 'foodLeft=12'), ((16, 3), 'foodLeft=13'), ((1, 5), 'foodLeft=10'), ((1, 3), 'foodLeft=10'), ((7, 3), 'foodLeft=12'), ((14, 5), 'foodLeft=9'), ((13, 4), 'foodLeft=9'), ((13, 5), 'foodLeft=11'), ((9, 5), 'foodLeft=11'), ((9, 3), 'foodLeft=11'), ((3, 3), 'foodLeft=11'), ((8, 3), 'foodLeft=11'), ((3, 5), 'foodLeft=12'), ((13, 5), 'foodLeft=10'), ((3, 3), 'foodLeft=12'), ((4, 4), 'foodLeft=11'), ((16, 3), 'foodLeft=12'), ((2, 5), 'foodLeft=10'), ((2, 5), 'foodLeft=11'), ((2, 5), 'foodLeft=11'), ((12, 5), 'foodLeft=10'), ((4, 4), 'foodLeft=10'), ((14, 3), 'foodLeft=12'), ((13, 4), 'foodLeft=10'), ((13, 4), 'foodLeft=11'), ((11, 5), 'foodLeft=10'), ((1, 5), 'foodLeft=10'), ((1, 5), 'foodLeft=9'), ((11, 5), 'foodLeft=11')]","[((1, 4), 'foodLeft=12'), ((12, 3), 'foodLeft=11'), ((2, 3), 'foodLeft=11'), ((13, 3), 'foodLeft=10'), ((1, 4), 'foodLeft=11'), ((1, 3), 'foodLeft=9'), ((12, 5), 'foodLeft=11'), ((11, 5), 'foodLeft=11'), ((13, 4), 'foodLeft=11'), ((1, 3), 'foodLeft=10'), ((7, 5), 'foodLeft=12'), ((11, 5), 'foodLeft=10'), ((14, 3), 'foodLeft=11'), ((12, 3), 'foodLeft=11'), ((8, 5), 'foodLeft=11'), ((12, 3), 'foodLeft=12'), ((5, 5), 'foodLeft=11'), ((3, 5), 'foodLeft=11'), ((5, 3), 'foodLeft=11'), ((14, 3), 'foodLeft=12'), ((16, 3), 'foodLeft=13'), ((1, 5), 'foodLeft=10'), ((1, 3), 'foodLeft=10'), ((7, 3), 'foodLeft=12'), ((14, 5), 'foodLeft=9'), ((13, 4), 'foodLeft=9'), ((13, 5), 'foodLeft=11'), ((9, 5), 'foodLeft=11'), ((9, 3), 'foodLeft=11'), ((3, 3), 'foodLeft=11'), ((8, 3), 'foodLeft=11'), ((3, 5), 'foodLeft=12'), ((13, 5), 'foodLeft=10'), ((3, 3), 'foodLeft=12'), ((4, 4), 'foodLeft=11'), ((16, 3), 'foodLeft=12'), ((2, 5), 'foodLeft=10'), ((2, 5), 'foodLeft=11'), ((2, 5), 'foodLeft=11'), ((12, 5), 'foodLeft=10'), ((4, 4), 'foodLeft=10'), ((14, 3), 'foodLeft=12'), ((13, 4), 'foodLeft=10'), ((13, 4), 'foodLeft=11'), ((11, 5), 'foodLeft=10'), ((1, 5), 'foodLeft=10'), ((1, 5), 'foodLeft=9'), ((1, 3), 'foodLeft=12')]",115,9,50,59
115,"((1, 4), 'foodLeft=12')","((1, 3), 'foodLeft=13')",North,"[((1, 5), 'foodLeft=11'), ((1, 3), 'foodLeft=12')]","[((1, 4), 'foodLeft=12'), ((12, 3), 'foodLeft=11'), ((2, 3), 'foodLeft=11'), ((13, 3), 'foodLeft=10'), ((1, 4), 'foodLeft=11'), ((1, 3), 'foodLeft=9'), ((12, 5), 'foodLeft=11'), ((11, 5), 'foodLeft=11'), ((13, 4), 'foodLeft=11'), ((1, 3), 'foodLeft=10'), ((7, 5), 'foodLeft=12'), ((11, 5), 'foodLeft=10'), ((14, 3), 'foodLeft=11'), ((12, 3), 'foodLeft=11'), ((8, 5), 'foodLeft=11'), ((12, 3), 'foodLeft=12'), ((5, 5), 'foodLeft=11'), ((3, 5), 'foodLeft=11'), ((5, 3), 'foodLeft=11'), ((14, 3), 'foodLeft=12'), ((16, 3), 'foodLeft=13'), ((1, 5), 'foodLeft=10'), ((1, 3), 'foodLeft=10'), ((7, 3), 'foodLeft=12'), ((14, 5), 'foodLeft=9'), ((13, 4), 'foodLeft=9'), ((13, 5), 'foodLeft=11'), ((9, 5), 'foodLeft=11'), ((9, 3), 'foodLeft=11'), ((3, 3), 'foodLeft=11'), ((8, 3), 'foodLeft=11'), ((3, 5), 'foodLeft=12'), ((13, 5), 'foodLeft=10'), ((3, 3), 'foodLeft=12'), ((4, 4), 'foodLeft=11'), ((16, 3), 'foodLeft=12'), ((2, 5), 'foodLeft=10'), ((2, 5), 'foodLeft=11'), ((2, 5), 'foodLeft=11'), ((12, 5), 'foodLeft=10'), ((4, 4), 'foodLeft=10'), ((14, 3), 'foodLeft=12'), ((13, 4), 'foodLeft=10'), ((13, 4), 'foodLeft=11'), ((11, 5), 'foodLeft=10'), ((1, 5), 'foodLeft=10'), ((1, 5), 'foodLeft=9'), ((1, 3), 'foodLeft=12')]","[((12, 3), 'foodLeft=11'), ((1, 4), 'foodLeft=11'), ((2, 3), 'foodLeft=11'), ((13, 3), 'foodLeft=10'), ((7, 5), 'foodLeft=12'), ((1, 3), 'foodLeft=9'), ((12, 5), 'foodLeft=11'), ((11, 5), 'foodLeft=11'), ((13, 4), 'foodLeft=11'), ((1, 3), 'foodLeft=10'), ((1, 5), 'foodLeft=10'), ((11, 5), 'foodLeft=10'), ((14, 3), 'foodLeft=11'), ((12, 3), 'foodLeft=11'), ((8, 5), 'foodLeft=11'), ((12, 3), 'foodLeft=12'), ((5, 5), 'foodLeft=11'), ((3, 5), 'foodLeft=11'), ((5, 3), 'foodLeft=11'), ((14, 3), 'foodLeft=12'), ((16, 3), 'foodLeft=13'), ((1, 3), 'foodLeft=12'), ((1, 3), 'foodLeft=10'), ((7, 3), 'foodLeft=12'), ((14, 5), 'foodLeft=9'), ((13, 4), 'foodLeft=9'), ((13, 5), 'foodLeft=11'), ((9, 5), 'foodLeft=11'), ((9, 3), 'foodLeft=11'), ((3, 3), 'foodLeft=11'), ((8, 3), 'foodLeft=11'), ((3, 5), 'foodLeft=12'), ((13, 5), 'foodLeft=10'), ((3, 3), 'foodLeft=12'), ((4, 4), 'foodLeft=11'), ((16, 3), 'foodLeft=12'), ((2, 5), 'foodLeft=10'), ((2, 5), 'foodLeft=11'), ((2, 5), 'foodLeft=11'), ((12, 5), 'foodLeft=10'), ((4, 4), 'foodLeft=10'), ((14, 3), 'foodLeft=12'), ((13, 4), 'foodLeft=10'), ((13, 4), 'foodLeft=11'), ((11, 5), 'foodLeft=10'), ((1, 5), 'foodLeft=10'), ((1, 5), 'foodLeft=9'), ((1, 5), 'foodLeft=11'), ((1, 3), 'foodLeft=12')]",116,9,50,59
116,"((12, 3), 'foodLeft=11')","((11, 3), 'foodLeft=11')",East,"[((13, 3), 'foodLeft=11'), ((11, 3), 'foodLeft=11')]","[((12, 3), 'foodLeft=11'), ((1, 4), 'foodLeft=11'), ((2, 3), 'foodLeft=11'), ((13, 3), 'foodLeft=10'), ((7, 5), 'foodLeft=12'), ((1, 3), 'foodLeft=9'), ((12, 5), 'foodLeft=11'), ((11, 5), 'foodLeft=11'), ((13, 4), 'foodLeft=11'), ((1, 3), 'foodLeft=10'), ((1, 5), 'foodLeft=10'), ((11, 5), 'foodLeft=10'), ((14, 3), 'foodLeft=11'), ((12, 3), 'foodLeft=11'), ((8, 5), 'foodLeft=11'), ((12, 3), 'foodLeft=12'), ((5, 5), 'foodLeft=11'), ((3, 5), 'foodLeft=11'), ((5, 3), 'foodLeft=11'), ((14, 3), 'foodLeft=12'), ((16, 3), 'foodLeft=13'), ((1, 3), 'foodLeft=12'), ((1, 3), 'foodLeft=10'), ((7, 3), 'foodLeft=12'), ((14, 5), 'foodLeft=9'), ((13, 4), 'foodLeft=9'), ((13, 5), 'foodLeft=11'), ((9, 5), 'foodLeft=11'), ((9, 3), 'foodLeft=11'), ((3, 3), 'foodLeft=11'), ((8, 3), 'foodLeft=11'), ((3, 5), 'foodLeft=12'), ((13, 5), 'foodLeft=10'), ((3, 3), 'foodLeft=12'), ((4, 4), 'foodLeft=11'), ((16, 3), 'foodLeft=12'), ((2, 5), 'foodLeft=10'), ((2, 5), 'foodLeft=11'), ((2, 5), 'foodLeft=11'), ((12, 5), 'foodLeft=10'), ((4, 4), 'foodLeft=10'), ((14, 3), 'foodLeft=12'), ((13, 4), 'foodLeft=10'), ((13, 4), 'foodLeft=11'), ((11, 5), 'foodLeft=10'), ((1, 5), 'foodLeft=10'), ((1, 5), 'foodLeft=9'), ((1, 5), 'foodLeft=11'), ((1, 3), 'foodLeft=12')]","[((2, 3), 'foodLeft=11'), ((1, 4), 'foodLeft=11'), ((1, 3), 'foodLeft=9'), ((13, 3), 'foodLeft=10'), ((7, 5), 'foodLeft=12'), ((11, 5), 'foodLeft=10'), ((12, 5), 'foodLeft=11'), ((11, 5), 'foodLeft=11'), ((13, 4), 'foodLeft=11'), ((1, 3), 'foodLeft=10'), ((1, 5), 'foodLeft=10'), ((7, 3), 'foodLeft=12'), ((14, 3), 'foodLeft=11'), ((12, 3), 'foodLeft=11'), ((8, 5), 'foodLeft=11'), ((12, 3), 'foodLeft=12'), ((5, 5), 'foodLeft=11'), ((3, 5), 'foodLeft=11'), ((5, 3), 'foodLeft=11'), ((14, 3), 'foodLeft=12'), ((16, 3), 'foodLeft=13'), ((1, 3), 'foodLeft=12'), ((1, 3), 'foodLeft=10'), ((1, 5), 'foodLeft=11'), ((14, 5), 'foodLeft=9'), ((13, 4), 'foodLeft=9'), ((13, 5), 'foodLeft=11'), ((9, 5), 'foodLeft=11'), ((9, 3), 'foodLeft=11'), ((3, 3), 'foodLeft=11'), ((8, 3), 'foodLeft=11'), ((3, 5), 'foodLeft=12'), ((13, 5), 'foodLeft=10'), ((3, 3), 'foodLeft=12'), ((4, 4), 'foodLeft=11'), ((16, 3), 'foodLeft=12'), ((2, 5), 'foodLeft=10'), ((2, 5), 'foodLeft=11'), ((2, 5), 'foodLeft=11'), ((12, 5), 'foodLeft=10'), ((4, 4), 'foodLeft=10'), ((14, 3), 'foodLeft=12'), ((13, 4), 'foodLeft=10'), ((13, 4), 'foodLeft=11'), ((11, 5), 'foodLeft=10'), ((1, 5), 'foodLeft=10'), ((1, 5), 'foodLeft=9'), ((1, 3), 'foodLeft=12'), ((13, 3), 'foodLeft=11')]",117,11,48,59
117,"((2, 3), 'foodLeft=11')","((3, 3), 'foodLeft=11')",West,"[((3, 3), 'foodLeft=11'), ((1, 3), 'foodLeft=11')]","[((2, 3), 'foodLeft=11'), ((1, 4), 'foodLeft=11'), ((1, 3), 'foodLeft=9'), ((13, 3), 'foodLeft=10'), ((7, 5), 'foodLeft=12'), ((11, 5), 'foodLeft=10'), ((12, 5), 'foodLeft=11'), ((11, 5), 'foodLeft=11'), ((13, 4), 'foodLeft=11'), ((1, 3), 'foodLeft=10'), ((1, 5), 'foodLeft=10'), ((7, 3), 'foodLeft=12'), ((14, 3), 'foodLeft=11'), ((12, 3), 'foodLeft=11'), ((8, 5), 'foodLeft=11'), ((12, 3), 'foodLeft=12'), ((5, 5), 'foodLeft=11'), ((3, 5), 'foodLeft=11'), ((5, 3), 'foodLeft=11'), ((14, 3), 'foodLeft=12'), ((16, 3), 'foodLeft=13'), ((1, 3), 'foodLeft=12'), ((1, 3), 'foodLeft=10'), ((1, 5), 'foodLeft=11'), ((14, 5), 'foodLeft=9'), ((13, 4), 'foodLeft=9'), ((13, 5), 'foodLeft=11'), ((9, 5), 'foodLeft=11'), ((9, 3), 'foodLeft=11'), ((3, 3), 'foodLeft=11'), ((8, 3), 'foodLeft=11'), ((3, 5), 'foodLeft=12'), ((13, 5), 'foodLeft=10'), ((3, 3), 'foodLeft=12'), ((4, 4), 'foodLeft=11'), ((16, 3), 'foodLeft=12'), ((2, 5), 'foodLeft=10'), ((2, 5), 'foodLeft=11'), ((2, 5), 'foodLeft=11'), ((12, 5), 'foodLeft=10'), ((4, 4), 'foodLeft=10'), ((14, 3), 'foodLeft=12'), ((13, 4), 'foodLeft=10'), ((13, 4), 'foodLeft=11'), ((11, 5), 'foodLeft=10'), ((1, 5), 'foodLeft=10'), ((1, 5), 'foodLeft=9'), ((1, 3), 'foodLeft=12'), ((13, 3), 'foodLeft=11')]","[((1, 4), 'foodLeft=11'), ((7, 5), 'foodLeft=12'), ((1, 3), 'foodLeft=9'), ((13, 3), 'foodLeft=10'), ((1, 5), 'foodLeft=10'), ((11, 5), 'foodLeft=10'), ((12, 5), 'foodLeft=11'), ((11, 5), 'foodLeft=11'), ((13, 4), 'foodLeft=11'), ((1, 3), 'foodLeft=10'), ((1, 3), 'foodLeft=10'), ((7, 3), 'foodLeft=12'), ((14, 3), 'foodLeft=11'), ((12, 3), 'foodLeft=11'), ((8, 5), 'foodLeft=11'), ((12, 3), 'foodLeft=12'), ((5, 5), 'foodLeft=11'), ((3, 5), 'foodLeft=11'), ((5, 3), 'foodLeft=11'), ((14, 3), 'foodLeft=12'), ((16, 3), 'foodLeft=13'), ((1, 3), 'foodLeft=12'), ((1, 5), 'foodLeft=10'), ((1, 5), 'foodLeft=11'), ((14, 5), 'foodLeft=9'), ((13, 4), 'foodLeft=9'), ((13, 5), 'foodLeft=11'), ((9, 5), 'foodLeft=11'), ((9, 3), 'foodLeft=11'), ((3, 3), 'foodLeft=11'), ((8, 3), 'foodLeft=11'), ((3, 5), 'foodLeft=12'), ((13, 5), 'foodLeft=10'), ((3, 3), 'foodLeft=12'), ((4, 4), 'foodLeft=11'), ((16, 3), 'foodLeft=12'), ((2, 5), 'foodLeft=10'), ((2, 5), 'foodLeft=11'), ((2, 5), 'foodLeft=11'), ((12, 5), 'foodLeft=10'), ((4, 4), 'foodLeft=10'), ((14, 3), 'foodLeft=12'), ((13, 4), 'foodLeft=10'), ((13, 4), 'foodLeft=11'), ((11, 5), 'foodLeft=10'), ((13, 3), 'foodLeft=11'), ((1, 5), 'foodLeft=9'), ((1, 3), 'foodLeft=12'), ((1, 3), 'foodLeft=11')]",118,11,48,59
118,"((1, 4), 'foodLeft=11')","((1, 3), 'foodLeft=12')",North,"[((1, 5), 'foodLeft=10'), ((1, 3), 'foodLeft=11')]","[((1, 4), 'foodLeft=11'), ((7, 5), 'foodLeft=12'), ((1, 3), 'foodLeft=9'), ((13, 3), 'foodLeft=10'), ((1, 5), 'foodLeft=10'), ((11, 5), 'foodLeft=10'), ((12, 5), 'foodLeft=11'), ((11, 5), 'foodLeft=11'), ((13, 4), 'foodLeft=11'), ((1, 3), 'foodLeft=10'), ((1, 3), 'foodLeft=10'), ((7, 3), 'foodLeft=12'), ((14, 3), 'foodLeft=11'), ((12, 3), 'foodLeft=11'), ((8, 5), 'foodLeft=11'), ((12, 3), 'foodLeft=12'), ((5, 5), 'foodLeft=11'), ((3, 5), 'foodLeft=11'), ((5, 3), 'foodLeft=11'), ((14, 3), 'foodLeft=12'), ((16, 3), 'foodLeft=13'), ((1, 3), 'foodLeft=12'), ((1, 5), 'foodLeft=10'), ((1, 5), 'foodLeft=11'), ((14, 5), 'foodLeft=9'), ((13, 4), 'foodLeft=9'), ((13, 5), 'foodLeft=11'), ((9, 5), 'foodLeft=11'), ((9, 3), 'foodLeft=11'), ((3, 3), 'foodLeft=11'), ((8, 3), 'foodLeft=11'), ((3, 5), 'foodLeft=12'), ((13, 5), 'foodLeft=10'), ((3, 3), 'foodLeft=12'), ((4, 4), 'foodLeft=11'), ((16, 3), 'foodLeft=12'), ((2, 5), 'foodLeft=10'), ((2, 5), 'foodLeft=11'), ((2, 5), 'foodLeft=11'), ((12, 5), 'foodLeft=10'), ((4, 4), 'foodLeft=10'), ((14, 3), 'foodLeft=12'), ((13, 4), 'foodLeft=10'), ((13, 4), 'foodLeft=11'), ((11, 5), 'foodLeft=10'), ((13, 3), 'foodLeft=11'), ((1, 5), 'foodLeft=9'), ((1, 3), 'foodLeft=12'), ((1, 3), 'foodLeft=11')]","[((7, 5), 'foodLeft=12'), ((1, 5), 'foodLeft=10'), ((1, 3), 'foodLeft=9'), ((13, 3), 'foodLeft=10'), ((1, 3), 'foodLeft=10'), ((11, 5), 'foodLeft=10'), ((12, 5), 'foodLeft=11'), ((11, 5), 'foodLeft=11'), ((13, 4), 'foodLeft=11'), ((1, 3), 'foodLeft=10'), ((1, 5), 'foodLeft=10'), ((7, 3), 'foodLeft=12'), ((14, 3), 'foodLeft=11'), ((12, 3), 'foodLeft=11'), ((8, 5), 'foodLeft=11'), ((12, 3), 'foodLeft=12'), ((5, 5), 'foodLeft=11'), ((3, 5), 'foodLeft=11'), ((5, 3), 'foodLeft=11'), ((14, 3), 'foodLeft=12'), ((16, 3), 'foodLeft=13'), ((1, 3), 'foodLeft=12'), ((1, 5), 'foodLeft=9'), ((1, 5), 'foodLeft=11'), ((14, 5), 'foodLeft=9'), ((13, 4), 'foodLeft=9'), ((13, 5), 'foodLeft=11'), ((9, 5), 'foodLeft=11'), ((9, 3), 'foodLeft=11'), ((3, 3), 'foodLeft=11'), ((8, 3), 'foodLeft=11'), ((3, 5), 'foodLeft=12'), ((13, 5), 'foodLeft=10'), ((3, 3), 'foodLeft=12'), ((4, 4), 'foodLeft=11'), ((16, 3), 'foodLeft=12'), ((2, 5), 'foodLeft=10'), ((2, 5), 'foodLeft=11'), ((2, 5), 'foodLeft=11'), ((12, 5), 'foodLeft=10'), ((4, 4), 'foodLeft=10'), ((14, 3), 'foodLeft=12'), ((13, 4), 'foodLeft=10'), ((13, 4), 'foodLeft=11'), ((11, 5), 'foodLeft=10'), ((13, 3), 'foodLeft=11'), ((1, 3), 'foodLeft=11'), ((1, 3), 'foodLeft=12'), ((1, 3), 'foodLeft=11')]",119,11,48,59
119,"((7, 5), 'foodLeft=12')","((6, 5), 'foodLeft=12')",East,"[((7, 4), 'foodLeft=11'), ((8, 5), 'foodLeft=12'), ((6, 5), 'foodLeft=12')]","[((7, 5), 'foodLeft=12'), ((1, 5), 'foodLeft=10'), ((1, 3), 'foodLeft=9'), ((13, 3), 'foodLeft=10'), ((1, 3), 'foodLeft=10'), ((11, 5), 'foodLeft=10'), ((12, 5), 'foodLeft=11'), ((11, 5), 'foodLeft=11'), ((13, 4), 'foodLeft=11'), ((1, 3), 'foodLeft=10'), ((1, 5), 'foodLeft=10'), ((7, 3), 'foodLeft=12'), ((14, 3), 'foodLeft=11'), ((12, 3), 'foodLeft=11'), ((8, 5), 'foodLeft=11'), ((12, 3), 'foodLeft=12'), ((5, 5), 'foodLeft=11'), ((3, 5), 'foodLeft=11'), ((5, 3), 'foodLeft=11'), ((14, 3), 'foodLeft=12'), ((16, 3), 'foodLeft=13'), ((1, 3), 'foodLeft=12'), ((1, 5), 'foodLeft=9'), ((1, 5), 'foodLeft=11'), ((14, 5), 'foodLeft=9'), ((13, 4), 'foodLeft=9'), ((13, 5), 'foodLeft=11'), ((9, 5), 'foodLeft=11'), ((9, 3), 'foodLeft=11'), ((3, 3), 'foodLeft=11'), ((8, 3), 'foodLeft=11'), ((3, 5), 'foodLeft=12'), ((13, 5), 'foodLeft=10'), ((3, 3), 'foodLeft=12'), ((4, 4), 'foodLeft=11'), ((16, 3), 'foodLeft=12'), ((2, 5), 'foodLeft=10'), ((2, 5), 'foodLeft=11'), ((2, 5), 'foodLeft=11'), ((12, 5), 'foodLeft=10'), ((4, 4), 'foodLeft=10'), ((14, 3), 'foodLeft=12'), ((13, 4), 'foodLeft=10'), ((13, 4), 'foodLeft=11'), ((11, 5), 'foodLeft=10'), ((13, 3), 'foodLeft=11'), ((1, 3), 'foodLeft=11'), ((1, 3), 'foodLeft=12'), ((1, 3), 'foodLeft=11')]","[((1, 5), 'foodLeft=10'), ((1, 3), 'foodLeft=10'), ((1, 3), 'foodLeft=9'), ((13, 3), 'foodLeft=10'), ((1, 5), 'foodLeft=10'), ((11, 5), 'foodLeft=10'), ((12, 5), 'foodLeft=11'), ((11, 5), 'foodLeft=11'), ((13, 4), 'foodLeft=11'), ((1, 3), 'foodLeft=10'), ((1, 5), 'foodLeft=9'), ((7, 3), 'foodLeft=12'), ((14, 3), 'foodLeft=11'), ((12, 3), 'foodLeft=11'), ((8, 5), 'foodLeft=11'), ((12, 3), 'foodLeft=12'), ((5, 5), 'foodLeft=11'), ((3, 5), 'foodLeft=11'), ((5, 3), 'foodLeft=11'), ((14, 3), 'foodLeft=12'), ((16, 3), 'foodLeft=13'), ((1, 3), 'foodLeft=12'), ((13, 3), 'foodLeft=11'), ((1, 5), 'foodLeft=11'), ((8, 5), 'foodLeft=12'), ((13, 4), 'foodLeft=9'), ((13, 5), 'foodLeft=11'), ((9, 5), 'foodLeft=11'), ((9, 3), 'foodLeft=11'), ((3, 3), 'foodLeft=11'), ((8, 3), 'foodLeft=11'), ((3, 5), 'foodLeft=12'), ((13, 5), 'foodLeft=10'), ((3, 3), 'foodLeft=12'), ((4, 4), 'foodLeft=11'), ((16, 3), 'foodLeft=12'), ((2, 5), 'foodLeft=10'), ((2, 5), 'foodLeft=11'), ((2, 5), 'foodLeft=11'), ((12, 5), 'foodLeft=10'), ((4, 4), 'foodLeft=10'), ((14, 3), 'foodLeft=12'), ((13, 4), 'foodLeft=10'), ((13, 4), 'foodLeft=11'), ((11, 5), 'foodLeft=10'), ((1, 3), 'foodLeft=11'), ((1, 3), 'foodLeft=11'), ((1, 3), 'foodLeft=12'), ((7, 4), 'foodLeft=11'), ((14, 5), 'foodLeft=9')]",120,10,49,59
120,"((1, 5), 'foodLeft=10')","((1, 4), 'foodLeft=10')",North,"[((1, 4), 'foodLeft=10'), ((2, 5), 'foodLeft=10')]","[((1, 5), 'foodLeft=10'), ((1, 3), 'foodLeft=10'), ((1, 3), 'foodLeft=9'), ((13, 3), 'foodLeft=10'), ((1, 5), 'foodLeft=10'), ((11, 5), 'foodLeft=10'), ((12, 5), 'foodLeft=11'), ((11, 5), 'foodLeft=11'), ((13, 4), 'foodLeft=11'), ((1, 3), 'foodLeft=10'), ((1, 5), 'foodLeft=9'), ((7, 3), 'foodLeft=12'), ((14, 3), 'foodLeft=11'), ((12, 3), 'foodLeft=11'), ((8, 5), 'foodLeft=11'), ((12, 3), 'foodLeft=12'), ((5, 5), 'foodLeft=11'), ((3, 5), 'foodLeft=11'), ((5, 3), 'foodLeft=11'), ((14, 3), 'foodLeft=12'), ((16, 3), 'foodLeft=13'), ((1, 3), 'foodLeft=12'), ((13, 3), 'foodLeft=11'), ((1, 5), 'foodLeft=11'), ((8, 5), 'foodLeft=12'), ((13, 4), 'foodLeft=9'), ((13, 5), 'foodLeft=11'), ((9, 5), 'foodLeft=11'), ((9, 3), 'foodLeft=11'), ((3, 3), 'foodLeft=11'), ((8, 3), 'foodLeft=11'), ((3, 5), 'foodLeft=12'), ((13, 5), 'foodLeft=10'), ((3, 3), 'foodLeft=12'), ((4, 4), 'foodLeft=11'), ((16, 3), 'foodLeft=12'), ((2, 5), 'foodLeft=10'), ((2, 5), 'foodLeft=11'), ((2, 5), 'foodLeft=11'), ((12, 5), 'foodLeft=10'), ((4, 4), 'foodLeft=10'), ((14, 3), 'foodLeft=12'), ((13, 4), 'foodLeft=10'), ((13, 4), 'foodLeft=11'), ((11, 5), 'foodLeft=10'), ((1, 3), 'foodLeft=11'), ((1, 3), 'foodLeft=11'), ((1, 3), 'foodLeft=12'), ((7, 4), 'foodLeft=11'), ((14, 5), 'foodLeft=9')]","[((1, 3), 'foodLeft=10'), ((1, 5), 'foodLeft=10'), ((1, 3), 'foodLeft=9'), ((13, 3), 'foodLeft=10'), ((1, 3), 'foodLeft=10'), ((11, 5), 'foodLeft=10'), ((12, 5), 'foodLeft=11'), ((11, 5), 'foodLeft=11'), ((13, 4), 'foodLeft=11'), ((14, 3), 'foodLeft=12'), ((1, 5), 'foodLeft=9'), ((7, 3), 'foodLeft=12'), ((14, 3), 'foodLeft=11'), ((12, 3), 'foodLeft=11'), ((8, 5), 'foodLeft=11'), ((12, 3), 'foodLeft=12'), ((5, 5), 'foodLeft=11'), ((3, 5), 'foodLeft=11'), ((5, 3), 'foodLeft=11'), ((12, 5), 'foodLeft=10'), ((16, 3), 'foodLeft=13'), ((1, 3), 'foodLeft=12'), ((13, 3), 'foodLeft=11'), ((1, 5), 'foodLeft=11'), ((2, 5), 'foodLeft=10'), ((13, 4), 'foodLeft=9'), ((13, 5), 'foodLeft=11'), ((9, 5), 'foodLeft=11'), ((9, 3), 'foodLeft=11'), ((3, 3), 'foodLeft=11'), ((8, 3), 'foodLeft=11'), ((3, 5), 'foodLeft=12'), ((13, 5), 'foodLeft=10'), ((3, 3), 'foodLeft=12'), ((4, 4), 'foodLeft=11'), ((16, 3), 'foodLeft=12'), ((2, 5), 'foodLeft=10'), ((2, 5), 'foodLeft=11'), ((2, 5), 'foodLeft=11'), ((14, 5), 'foodLeft=9'), ((4, 4), 'foodLeft=10'), ((14, 3), 'foodLeft=12'), ((13, 4), 'foodLeft=10'), ((13, 4), 'foodLeft=11'), ((11, 5), 'foodLeft=10'), ((1, 3), 'foodLeft=11'), ((1, 3), 'foodLeft=11'), ((1, 3), 'foodLeft=12'), ((7, 4), 'foodLeft=11'), ((8, 5), 'foodLeft=12')]",121,12,47,59
121,"((1, 3), 'foodLeft=10')","((1, 4), 'foodLeft=10')",South,"[((1, 4), 'foodLeft=10'), ((2, 3), 'foodLeft=10')]","[((1, 3), 'foodLeft=10'), ((1, 5), 'foodLeft=10'), ((1, 3), 'foodLeft=9'), ((13, 3), 'foodLeft=10'), ((1, 3), 'foodLeft=10'), ((11, 5), 'foodLeft=10'), ((12, 5), 'foodLeft=11'), ((11, 5), 'foodLeft=11'), ((13, 4), 'foodLeft=11'), ((14, 3), 'foodLeft=12'), ((1, 5), 'foodLeft=9'), ((7, 3), 'foodLeft=12'), ((14, 3), 'foodLeft=11'), ((12, 3), 'foodLeft=11'), ((8, 5), 'foodLeft=11'), ((12, 3), 'foodLeft=12'), ((5, 5), 'foodLeft=11'), ((3, 5), 'foodLeft=11'), ((5, 3), 'foodLeft=11'), ((12, 5), 'foodLeft=10'), ((16, 3), 'foodLeft=13'), ((1, 3), 'foodLeft=12'), ((13, 3), 'foodLeft=11'), ((1, 5), 'foodLeft=11'), ((2, 5), 'foodLeft=10'), ((13, 4), 'foodLeft=9'), ((13, 5), 'foodLeft=11'), ((9, 5), 'foodLeft=11'), ((9, 3), 'foodLeft=11'), ((3, 3), 'foodLeft=11'), ((8, 3), 'foodLeft=11'), ((3, 5), 'foodLeft=12'), ((13, 5), 'foodLeft=10'), ((3, 3), 'foodLeft=12'), ((4, 4), 'foodLeft=11'), ((16, 3), 'foodLeft=12'), ((2, 5), 'foodLeft=10'), ((2, 5), 'foodLeft=11'), ((2, 5), 'foodLeft=11'), ((14, 5), 'foodLeft=9'), ((4, 4), 'foodLeft=10'), ((14, 3), 'foodLeft=12'), ((13, 4), 'foodLeft=10'), ((13, 4), 'foodLeft=11'), ((11, 5), 'foodLeft=10'), ((1, 3), 'foodLeft=11'), ((1, 3), 'foodLeft=11'), ((1, 3), 'foodLeft=12'), ((7, 4), 'foodLeft=11'), ((8, 5), 'foodLeft=12')]","[((1, 5), 'foodLeft=10'), ((1, 3), 'foodLeft=10'), ((1, 3), 'foodLeft=9'), ((13, 3), 'foodLeft=10'), ((1, 5), 'foodLeft=9'), ((11, 5), 'foodLeft=10'), ((12, 5), 'foodLeft=11'), ((11, 5), 'foodLeft=11'), ((13, 4), 'foodLeft=11'), ((14, 3), 'foodLeft=12'), ((1, 3), 'foodLeft=12'), ((7, 3), 'foodLeft=12'), ((14, 3), 'foodLeft=11'), ((12, 3), 'foodLeft=11'), ((8, 5), 'foodLeft=11'), ((12, 3), 'foodLeft=12'), ((5, 5), 'foodLeft=11'), ((3, 5), 'foodLeft=11'), ((5, 3), 'foodLeft=11'), ((12, 5), 'foodLeft=10'), ((16, 3), 'foodLeft=13'), ((11, 5), 'foodLeft=10'), ((13, 3), 'foodLeft=11'), ((1, 5), 'foodLeft=11'), ((2, 5), 'foodLeft=10'), ((13, 4), 'foodLeft=9'), ((13, 5), 'foodLeft=11'), ((9, 5), 'foodLeft=11'), ((9, 3), 'foodLeft=11'), ((3, 3), 'foodLeft=11'), ((8, 3), 'foodLeft=11'), ((3, 5), 'foodLeft=12'), ((13, 5), 'foodLeft=10'), ((3, 3), 'foodLeft=12'), ((4, 4), 'foodLeft=11'), ((16, 3), 'foodLeft=12'), ((2, 5), 'foodLeft=10'), ((2, 5), 'foodLeft=11'), ((2, 5), 'foodLeft=11'), ((14, 5), 'foodLeft=9'), ((4, 4), 'foodLeft=10'), ((14, 3), 'foodLeft=12'), ((13, 4), 'foodLeft=10'), ((13, 4), 'foodLeft=11'), ((8, 5), 'foodLeft=12'), ((1, 3), 'foodLeft=11'), ((1, 3), 'foodLeft=11'), ((1, 3), 'foodLeft=12'), ((7, 4), 'foodLeft=11'), ((2, 3), 'foodLeft=10')]",122,12,47,59
122,"((1, 5), 'foodLeft=10')","((1, 4), 'foodLeft=10')",North,"[((1, 4), 'foodLeft=10'), ((2, 5), 'foodLeft=10')]","[((1, 5), 'foodLeft=10'), ((1, 3), 'foodLeft=10'), ((1, 3), 'foodLeft=9'), ((13, 3), 'foodLeft=10'), ((1, 5), 'foodLeft=9'), ((11, 5), 'foodLeft=10'), ((12, 5), 'foodLeft=11'), ((11, 5), 'foodLeft=11'), ((13, 4), 'foodLeft=11'), ((14, 3), 'foodLeft=12'), ((1, 3), 'foodLeft=12'), ((7, 3), 'foodLeft=12'), ((14, 3), 'foodLeft=11'), ((12, 3), 'foodLeft=11'), ((8, 5), 'foodLeft=11'), ((12, 3), 'foodLeft=12'), ((5, 5), 'foodLeft=11'), ((3, 5), 'foodLeft=11'), ((5, 3), 'foodLeft=11'), ((12, 5), 'foodLeft=10'), ((16, 3), 'foodLeft=13'), ((11, 5), 'foodLeft=10'), ((13, 3), 'foodLeft=11'), ((1, 5), 'foodLeft=11'), ((2, 5), 'foodLeft=10'), ((13, 4), 'foodLeft=9'), ((13, 5), 'foodLeft=11'), ((9, 5), 'foodLeft=11'), ((9, 3), 'foodLeft=11'), ((3, 3), 'foodLeft=11'), ((8, 3), 'foodLeft=11'), ((3, 5), 'foodLeft=12'), ((13, 5), 'foodLeft=10'), ((3, 3), 'foodLeft=12'), ((4, 4), 'foodLeft=11'), ((16, 3), 'foodLeft=12'), ((2, 5), 'foodLeft=10'), ((2, 5), 'foodLeft=11'), ((2, 5), 'foodLeft=11'), ((14, 5), 'foodLeft=9'), ((4, 4), 'foodLeft=10'), ((14, 3), 'foodLeft=12'), ((13, 4), 'foodLeft=10'), ((13, 4), 'foodLeft=11'), ((8, 5), 'foodLeft=12'), ((1, 3), 'foodLeft=11'), ((1, 3), 'foodLeft=11'), ((1, 3), 'foodLeft=12'), ((7, 4), 'foodLeft=11'), ((2, 3), 'foodLeft=10')]","[((1, 3), 'foodLeft=10'), ((1, 5), 'foodLeft=9'), ((1, 3), 'foodLeft=9'), ((13, 3), 'foodLeft=10'), ((1, 3), 'foodLeft=12'), ((11, 5), 'foodLeft=10'), ((12, 5), 'foodLeft=11'), ((11, 5), 'foodLeft=11'), ((13, 4), 'foodLeft=11'), ((14, 3), 'foodLeft=12'), ((13, 3), 'foodLeft=11'), ((7, 3), 'foodLeft=12'), ((14, 3), 'foodLeft=11'), ((12, 3), 'foodLeft=11'), ((8, 5), 'foodLeft=11'), ((12, 3), 'foodLeft=12'), ((5, 5), 'foodLeft=11'), ((3, 5), 'foodLeft=11'), ((5, 3), 'foodLeft=11'), ((12, 5), 'foodLeft=10'), ((16, 3), 'foodLeft=13'), ((11, 5), 'foodLeft=10'), ((1, 3), 'foodLeft=11'), ((1, 5), 'foodLeft=11'), ((2, 5), 'foodLeft=10'), ((13, 4), 'foodLeft=9'), ((13, 5), 'foodLeft=11'), ((9, 5), 'foodLeft=11'), ((9, 3), 'foodLeft=11'), ((3, 3), 'foodLeft=11'), ((8, 3), 'foodLeft=11'), ((3, 5), 'foodLeft=12'), ((13, 5), 'foodLeft=10'), ((3, 3), 'foodLeft=12'), ((4, 4), 'foodLeft=11'), ((16, 3), 'foodLeft=12'), ((2, 5), 'foodLeft=10'), ((2, 5), 'foodLeft=11'), ((2, 5), 'foodLeft=11'), ((14, 5), 'foodLeft=9'), ((4, 4), 'foodLeft=10'), ((14, 3), 'foodLeft=12'), ((13, 4), 'foodLeft=10'), ((13, 4), 'foodLeft=11'), ((8, 5), 'foodLeft=12'), ((1, 3), 'foodLeft=11'), ((2, 3), 'foodLeft=10'), ((1, 3), 'foodLeft=12'), ((7, 4), 'foodLeft=11'), ((2, 5), 'foodLeft=10')]",123,12,47,59
123,"((1, 3), 'foodLeft=10')","((1, 4), 'foodLeft=10')",South,"[((1, 4), 'foodLeft=10'), ((2, 3), 'foodLeft=10')]","[((1, 3), 'foodLeft=10'), ((1, 5), 'foodLeft=9'), ((1, 3), 'foodLeft=9'), ((13, 3), 'foodLeft=10'), ((1, 3), 'foodLeft=12'), ((11, 5), 'foodLeft=10'), ((12, 5), 'foodLeft=11'), ((11, 5), 'foodLeft=11'), ((13, 4), 'foodLeft=11'), ((14, 3), 'foodLeft=12'), ((13, 3), 'foodLeft=11'), ((7, 3), 'foodLeft=12'), ((14, 3), 'foodLeft=11'), ((12, 3), 'foodLeft=11'), ((8, 5), 'foodLeft=11'), ((12, 3), 'foodLeft=12'), ((5, 5), 'foodLeft=11'), ((3, 5), 'foodLeft=11'), ((5, 3), 'foodLeft=11'), ((12, 5), 'foodLeft=10'), ((16, 3), 'foodLeft=13'), ((11, 5), 'foodLeft=10'), ((1, 3), 'foodLeft=11'), ((1, 5), 'foodLeft=11'), ((2, 5), 'foodLeft=10'), ((13, 4), 'foodLeft=9'), ((13, 5), 'foodLeft=11'), ((9, 5), 'foodLeft=11'), ((9, 3), 'foodLeft=11'), ((3, 3), 'foodLeft=11'), ((8, 3), 'foodLeft=11'), ((3, 5), 'foodLeft=12'), ((13, 5), 'foodLeft=10'), ((3, 3), 'foodLeft=12'), ((4, 4), 'foodLeft=11'), ((16, 3), 'foodLeft=12'), ((2, 5), 'foodLeft=10'), ((2, 5), 'foodLeft=11'), ((2, 5), 'foodLeft=11'), ((14, 5), 'foodLeft=9'), ((4, 4), 'foodLeft=10'), ((14, 3), 'foodLeft=12'), ((13, 4), 'foodLeft=10'), ((13, 4), 'foodLeft=11'), ((8, 5), 'foodLeft=12'), ((1, 3), 'foodLeft=11'), ((2, 3), 'foodLeft=10'), ((1, 3), 'foodLeft=12'), ((7, 4), 'foodLeft=11'), ((2, 5), 'foodLeft=10')]","[((1, 5), 'foodLeft=9'), ((1, 3), 'foodLeft=12'), ((1, 3), 'foodLeft=9'), ((13, 3), 'foodLeft=10'), ((13, 3), 'foodLeft=11'), ((11, 5), 'foodLeft=10'), ((12, 5), 'foodLeft=11'), ((11, 5), 'foodLeft=11'), ((13, 4), 'foodLeft=11'), ((14, 3), 'foodLeft=12'), ((1, 3), 'foodLeft=11'), ((7, 3), 'foodLeft=12'), ((14, 3), 'foodLeft=11'), ((12, 3), 'foodLeft=11'), ((8, 5), 'foodLeft=11'), ((12, 3), 'foodLeft=12'), ((5, 5), 'foodLeft=11'), ((3, 5), 'foodLeft=11'), ((5, 3), 'foodLeft=11'), ((12, 5), 'foodLeft=10'), ((16, 3), 'foodLeft=13'), ((11, 5), 'foodLeft=10'), ((2, 3), 'foodLeft=10'), ((1, 5), 'foodLeft=11'), ((2, 5), 'foodLeft=10'), ((13, 4), 'foodLeft=9'), ((13, 5), 'foodLeft=11'), ((9, 5), 'foodLeft=11'), ((9, 3), 'foodLeft=11'), ((3, 3), 'foodLeft=11'), ((8, 3), 'foodLeft=11'), ((3, 5), 'foodLeft=12'), ((13, 5), 'foodLeft=10'), ((3, 3), 'foodLeft=12'), ((4, 4), 'foodLeft=11'), ((16, 3), 'foodLeft=12'), ((2, 5), 'foodLeft=10'), ((2, 5), 'foodLeft=11'), ((2, 5), 'foodLeft=11'), ((14, 5), 'foodLeft=9'), ((4, 4), 'foodLeft=10'), ((14, 3), 'foodLeft=12'), ((13, 4), 'foodLeft=10'), ((13, 4), 'foodLeft=11'), ((8, 5), 'foodLeft=12'), ((1, 3), 'foodLeft=11'), ((2, 5), 'foodLeft=10'), ((1, 3), 'foodLeft=12'), ((7, 4), 'foodLeft=11'), ((2, 3), 'foodLeft=10')]",124,12,47,59
124,"((1, 5), 'foodLeft=9')","((1, 4), 'foodLeft=9')",North,"[((1, 4), 'foodLeft=9'), ((2, 5), 'foodLeft=9')]","[((1, 5), 'foodLeft=9'), ((1, 3), 'foodLeft=12'), ((1, 3), 'foodLeft=9'), ((13, 3), 'foodLeft=10'), ((13, 3), 'foodLeft=11'), ((11, 5), 'foodLeft=10'), ((12, 5), 'foodLeft=11'), ((11, 5), 'foodLeft=11'), ((13, 4), 'foodLeft=11'), ((14, 3), 'foodLeft=12'), ((1, 3), 'foodLeft=11'), ((7, 3), 'foodLeft=12'), ((14, 3), 'foodLeft=11'), ((12, 3), 'foodLeft=11'), ((8, 5), 'foodLeft=11'), ((12, 3), 'foodLeft=12'), ((5, 5), 'foodLeft=11'), ((3, 5), 'foodLeft=11'), ((5, 3), 'foodLeft=11'), ((12, 5), 'foodLeft=10'), ((16, 3), 'foodLeft=13'), ((11, 5), 'foodLeft=10'), ((2, 3), 'foodLeft=10'), ((1, 5), 'foodLeft=11'), ((2, 5), 'foodLeft=10'), ((13, 4), 'foodLeft=9'), ((13, 5), 'foodLeft=11'), ((9, 5), 'foodLeft=11'), ((9, 3), 'foodLeft=11'), ((3, 3), 'foodLeft=11'), ((8, 3), 'foodLeft=11'), ((3, 5), 'foodLeft=12'), ((13, 5), 'foodLeft=10'), ((3, 3), 'foodLeft=12'), ((4, 4), 'foodLeft=11'), ((16, 3), 'foodLeft=12'), ((2, 5), 'foodLeft=10'), ((2, 5), 'foodLeft=11'), ((2, 5), 'foodLeft=11'), ((14, 5), 'foodLeft=9'), ((4, 4), 'foodLeft=10'), ((14, 3), 'foodLeft=12'), ((13, 4), 'foodLeft=10'), ((13, 4), 'foodLeft=11'), ((8, 5), 'foodLeft=12'), ((1, 3), 'foodLeft=11'), ((2, 5), 'foodLeft=10'), ((1, 3), 'foodLeft=12'), ((7, 4), 'foodLeft=11'), ((2, 3), 'foodLeft=10')]","[((1, 3), 'foodLeft=9'), ((1, 3), 'foodLeft=12'), ((11, 5), 'foodLeft=10'), ((13, 3), 'foodLeft=10'), ((13, 3), 'foodLeft=11'), ((7, 3), 'foodLeft=12'), ((12, 5), 'foodLeft=11'), ((11, 5), 'foodLeft=11'), ((13, 4), 'foodLeft=11'), ((14, 3), 'foodLeft=12'), ((1, 3), 'foodLeft=11'), ((1, 5), 'foodLeft=11'), ((14, 3), 'foodLeft=11'), ((12, 3), 'foodLeft=11'), ((8, 5), 'foodLeft=11'), ((12, 3), 'foodLeft=12'), ((5, 5), 'foodLeft=11'), ((3, 5), 'foodLeft=11'), ((5, 3), 'foodLeft=11'), ((12, 5), 'foodLeft=10'), ((16, 3), 'foodLeft=13'), ((11, 5), 'foodLeft=10'), ((2, 3), 'foodLeft=10'), ((2, 3), 'foodLeft=10'), ((2, 5), 'foodLeft=10'), ((13, 4), 'foodLeft=9'), ((13, 5), 'foodLeft=11'), ((9, 5), 'foodLeft=11'), ((9, 3), 'foodLeft=11'), ((3, 3), 'foodLeft=11'), ((8, 3), 'foodLeft=11'), ((3, 5), 'foodLeft=12'), ((13, 5), 'foodLeft=10'), ((3, 3), 'foodLeft=12'), ((4, 4), 'foodLeft=11'), ((16, 3), 'foodLeft=12'), ((2, 5), 'foodLeft=10'), ((2, 5), 'foodLeft=11'), ((2, 5), 'foodLeft=11'), ((14, 5), 'foodLeft=9'), ((4, 4), 'foodLeft=10'), ((14, 3), 'foodLeft=12'), ((13, 4), 'foodLeft=10'), ((13, 4), 'foodLeft=11'), ((8, 5), 'foodLeft=12'), ((1, 3), 'foodLeft=11'), ((2, 5), 'foodLeft=10'), ((1, 3), 'foodLeft=12'), ((7, 4), 'foodLeft=11'), ((2, 5), 'foodLeft=9')]",125,14,45,59
125,"((1, 3), 'foodLeft=9')","((1, 4), 'foodLeft=9')",South,"[((1, 4), 'foodLeft=9'), ((2, 3), 'foodLeft=9')]","[((1, 3), 'foodLeft=9'), ((1, 3), 'foodLeft=12'), ((11, 5), 'foodLeft=10'), ((13, 3), 'foodLeft=10'), ((13, 3), 'foodLeft=11'), ((7, 3), 'foodLeft=12'), ((12, 5), 'foodLeft=11'), ((11, 5), 'foodLeft=11'), ((13, 4), 'foodLeft=11'), ((14, 3), 'foodLeft=12'), ((1, 3), 'foodLeft=11'), ((1, 5), 'foodLeft=11'), ((14, 3), 'foodLeft=11'), ((12, 3), 'foodLeft=11'), ((8, 5), 'foodLeft=11'), ((12, 3), 'foodLeft=12'), ((5, 5), 'foodLeft=11'), ((3, 5), 'foodLeft=11'), ((5, 3), 'foodLeft=11'), ((12, 5), 'foodLeft=10'), ((16, 3), 'foodLeft=13'), ((11, 5), 'foodLeft=10'), ((2, 3), 'foodLeft=10'), ((2, 3), 'foodLeft=10'), ((2, 5), 'foodLeft=10'), ((13, 4), 'foodLeft=9'), ((13, 5), 'foodLeft=11'), ((9, 5), 'foodLeft=11'), ((9, 3), 'foodLeft=11'), ((3, 3), 'foodLeft=11'), ((8, 3), 'foodLeft=11'), ((3, 5), 'foodLeft=12'), ((13, 5), 'foodLeft=10'), ((3, 3), 'foodLeft=12'), ((4, 4), 'foodLeft=11'), ((16, 3), 'foodLeft=12'), ((2, 5), 'foodLeft=10'), ((2, 5), 'foodLeft=11'), ((2, 5), 'foodLeft=11'), ((14, 5), 'foodLeft=9'), ((4, 4), 'foodLeft=10'), ((14, 3), 'foodLeft=12'), ((13, 4), 'foodLeft=10'), ((13, 4), 'foodLeft=11'), ((8, 5), 'foodLeft=12'), ((1, 3), 'foodLeft=11'), ((2, 5), 'foodLeft=10'), ((1, 3), 'foodLeft=12'), ((7, 4), 'foodLeft=11'), ((2, 5), 'foodLeft=9')]","[((11, 5), 'foodLeft=10'), ((1, 3), 'foodLeft=12'), ((7, 3), 'foodLeft=12'), ((13, 3), 'foodLeft=10'), ((13, 3), 'foodLeft=11'), ((1, 5), 'foodLeft=11'), ((12, 5), 'foodLeft=11'), ((11, 5), 'foodLeft=11'), ((13, 4), 'foodLeft=11'), ((14, 3), 'foodLeft=12'), ((1, 3), 'foodLeft=11'), ((2, 5), 'foodLeft=10'), ((14, 3), 'foodLeft=11'), ((12, 3), 'foodLeft=11'), ((8, 5), 'foodLeft=11'), ((12, 3), 'foodLeft=12'), ((5, 5), 'foodLeft=11'), ((3, 5), 'foodLeft=11'), ((5, 3), 'foodLeft=11'), ((12, 5), 'foodLeft=10'), ((16, 3), 'foodLeft=13'), ((11, 5), 'foodLeft=10'), ((2, 3), 'foodLeft=10'), ((2, 3), 'foodLeft=10'), ((2, 5), 'foodLeft=9'), ((13, 4), 'foodLeft=9'), ((13, 5), 'foodLeft=11'), ((9, 5), 'foodLeft=11'), ((9, 3), 'foodLeft=11'), ((3, 3), 'foodLeft=11'), ((8, 3), 'foodLeft=11'), ((3, 5), 'foodLeft=12'), ((13, 5), 'foodLeft=10'), ((3, 3), 'foodLeft=12'), ((4, 4), 'foodLeft=11'), ((16, 3), 'foodLeft=12'), ((2, 5), 'foodLeft=10'), ((2, 5), 'foodLeft=11'), ((2, 5), 'foodLeft=11'), ((14, 5), 'foodLeft=9'), ((4, 4), 'foodLeft=10'), ((14, 3), 'foodLeft=12'), ((13, 4), 'foodLeft=10'), ((13, 4), 'foodLeft=11'), ((8, 5), 'foodLeft=12'), ((1, 3), 'foodLeft=11'), ((2, 5), 'foodLeft=10'), ((1, 3), 'foodLeft=12'), ((7, 4), 'foodLeft=11'), ((2, 3), 'foodLeft=9')]",126,14,45,59
126,"((11, 5), 'foodLeft=10')","((12, 5), 'foodLeft=10')",West,"[((12, 5), 'foodLeft=10'), ((10, 5), 'foodLeft=10')]","[((11, 5), 'foodLeft=10'), ((1, 3), 'foodLeft=12'), ((7, 3), 'foodLeft=12'), ((13, 3), 'foodLeft=10'), ((13, 3), 'foodLeft=11'), ((1, 5), 'foodLeft=11'), ((12, 5), 'foodLeft=11'), ((11, 5), 'foodLeft=11'), ((13, 4), 'foodLeft=11'), ((14, 3), 'foodLeft=12'), ((1, 3), 'foodLeft=11'), ((2, 5), 'foodLeft=10'), ((14, 3), 'foodLeft=11'), ((12, 3), 'foodLeft=11'), ((8, 5), 'foodLeft=11'), ((12, 3), 'foodLeft=12'), ((5, 5), 'foodLeft=11'), ((3, 5), 'foodLeft=11'), ((5, 3), 'foodLeft=11'), ((12, 5), 'foodLeft=10'), ((16, 3), 'foodLeft=13'), ((11, 5), 'foodLeft=10'), ((2, 3), 'foodLeft=10'), ((2, 3), 'foodLeft=10'), ((2, 5), 'foodLeft=9'), ((13, 4), 'foodLeft=9'), ((13, 5), 'foodLeft=11'), ((9, 5), 'foodLeft=11'), ((9, 3), 'foodLeft=11'), ((3, 3), 'foodLeft=11'), ((8, 3), 'foodLeft=11'), ((3, 5), 'foodLeft=12'), ((13, 5), 'foodLeft=10'), ((3, 3), 'foodLeft=12'), ((4, 4), 'foodLeft=11'), ((16, 3), 'foodLeft=12'), ((2, 5), 'foodLeft=10'), ((2, 5), 'foodLeft=11'), ((2, 5), 'foodLeft=11'), ((14, 5), 'foodLeft=9'), ((4, 4), 'foodLeft=10'), ((14, 3), 'foodLeft=12'), ((13, 4), 'foodLeft=10'), ((13, 4), 'foodLeft=11'), ((8, 5), 'foodLeft=12'), ((1, 3), 'foodLeft=11'), ((2, 5), 'foodLeft=10'), ((1, 3), 'foodLeft=12'), ((7, 4), 'foodLeft=11'), ((2, 3), 'foodLeft=9')]","[((7, 3), 'foodLeft=12'), ((1, 3), 'foodLeft=12'), ((1, 5), 'foodLeft=11'), ((13, 3), 'foodLeft=10'), ((13, 3), 'foodLeft=11'), ((2, 5), 'foodLeft=10'), ((12, 5), 'foodLeft=11'), ((11, 5), 'foodLeft=11'), ((13, 4), 'foodLeft=11'), ((14, 3), 'foodLeft=12'), ((1, 3), 'foodLeft=11'), ((2, 3), 'foodLeft=10'), ((14, 3), 'foodLeft=11'), ((12, 3), 'foodLeft=11'), ((8, 5), 'foodLeft=11'), ((12, 3), 'foodLeft=12'), ((5, 5), 'foodLeft=11'), ((3, 5), 'foodLeft=11'), ((5, 3), 'foodLeft=11'), ((12, 5), 'foodLeft=10'), ((16, 3), 'foodLeft=13'), ((11, 5), 'foodLeft=10'), ((2, 3), 'foodLeft=10'), ((2, 3), 'foodLeft=9'), ((2, 5), 'foodLeft=9'), ((13, 4), 'foodLeft=9'), ((13, 5), 'foodLeft=11'), ((9, 5), 'foodLeft=11'), ((9, 3), 'foodLeft=11'), ((3, 3), 'foodLeft=11'), ((8, 3), 'foodLeft=11'), ((3, 5), 'foodLeft=12'), ((13, 5), 'foodLeft=10'), ((3, 3), 'foodLeft=12'), ((4, 4), 'foodLeft=11'), ((16, 3), 'foodLeft=12'), ((2, 5), 'foodLeft=10'), ((2, 5), 'foodLeft=11'), ((2, 5), 'foodLeft=11'), ((14, 5), 'foodLeft=9'), ((4, 4), 'foodLeft=10'), ((14, 3), 'foodLeft=12'), ((13, 4), 'foodLeft=10'), ((13, 4), 'foodLeft=11'), ((8, 5), 'foodLeft=12'), ((1, 3), 'foodLeft=11'), ((2, 5), 'foodLeft=10'), ((1, 3), 'foodLeft=12'), ((7, 4), 'foodLeft=11'), ((10, 5), 'foodLeft=10')]",127,10,49,59
127,"((7, 3), 'foodLeft=12')","((6, 3), 'foodLeft=12')",East,"[((7, 4), 'foodLeft=11'), ((8, 3), 'foodLeft=12'), ((6, 3), 'foodLeft=12')]","[((7, 3), 'foodLeft=12'), ((1, 3), 'foodLeft=12'), ((1, 5), 'foodLeft=11'), ((13, 3), 'foodLeft=10'), ((13, 3), 'foodLeft=11'), ((2, 5), 'foodLeft=10'), ((12, 5), 'foodLeft=11'), ((11, 5), 'foodLeft=11'), ((13, 4), 'foodLeft=11'), ((14, 3), 'foodLeft=12'), ((1, 3), 'foodLeft=11'), ((2, 3), 'foodLeft=10'), ((14, 3), 'foodLeft=11'), ((12, 3), 'foodLeft=11'), ((8, 5), 'foodLeft=11'), ((12, 3), 'foodLeft=12'), ((5, 5), 'foodLeft=11'), ((3, 5), 'foodLeft=11'), ((5, 3), 'foodLeft=11'), ((12, 5), 'foodLeft=10'), ((16, 3), 'foodLeft=13'), ((11, 5), 'foodLeft=10'), ((2, 3), 'foodLeft=10'), ((2, 3), 'foodLeft=9'), ((2, 5), 'foodLeft=9'), ((13, 4), 'foodLeft=9'), ((13, 5), 'foodLeft=11'), ((9, 5), 'foodLeft=11'), ((9, 3), 'foodLeft=11'), ((3, 3), 'foodLeft=11'), ((8, 3), 'foodLeft=11'), ((3, 5), 'foodLeft=12'), ((13, 5), 'foodLeft=10'), ((3, 3), 'foodLeft=12'), ((4, 4), 'foodLeft=11'), ((16, 3), 'foodLeft=12'), ((2, 5), 'foodLeft=10'), ((2, 5), 'foodLeft=11'), ((2, 5), 'foodLeft=11'), ((14, 5), 'foodLeft=9'), ((4, 4), 'foodLeft=10'), ((14, 3), 'foodLeft=12'), ((13, 4), 'foodLeft=10'), ((13, 4), 'foodLeft=11'), ((8, 5), 'foodLeft=12'), ((1, 3), 'foodLeft=11'), ((2, 5), 'foodLeft=10'), ((1, 3), 'foodLeft=12'), ((7, 4), 'foodLeft=11'), ((10, 5), 'foodLeft=10')]","[((1, 3), 'foodLeft=12'), ((13, 3), 'foodLeft=11'), ((1, 5), 'foodLeft=11'), ((13, 3), 'foodLeft=10'), ((1, 3), 'foodLeft=11'), ((2, 5), 'foodLeft=10'), ((12, 5), 'foodLeft=11'), ((11, 5), 'foodLeft=11'), ((13, 4), 'foodLeft=11'), ((14, 3), 'foodLeft=12'), ((2, 3), 'foodLeft=10'), ((2, 3), 'foodLeft=10'), ((14, 3), 'foodLeft=11'), ((12, 3), 'foodLeft=11'), ((8, 5), 'foodLeft=11'), ((12, 3), 'foodLeft=12'), ((5, 5), 'foodLeft=11'), ((3, 5), 'foodLeft=11'), ((5, 3), 'foodLeft=11'), ((12, 5), 'foodLeft=10'), ((16, 3), 'foodLeft=13'), ((11, 5), 'foodLeft=10'), ((2, 5), 'foodLeft=10'), ((2, 3), 'foodLeft=9'), ((2, 5), 'foodLeft=9'), ((13, 4), 'foodLeft=9'), ((13, 5), 'foodLeft=11'), ((9, 5), 'foodLeft=11'), ((9, 3), 'foodLeft=11'), ((3, 3), 'foodLeft=11'), ((8, 3), 'foodLeft=11'), ((3, 5), 'foodLeft=12'), ((13, 5), 'foodLeft=10'), ((3, 3), 'foodLeft=12'), ((4, 4), 'foodLeft=11'), ((16, 3), 'foodLeft=12'), ((2, 5), 'foodLeft=10'), ((2, 5), 'foodLeft=11'), ((2, 5), 'foodLeft=11'), ((14, 5), 'foodLeft=9'), ((4, 4), 'foodLeft=10'), ((14, 3), 'foodLeft=12'), ((13, 4), 'foodLeft=10'), ((13, 4), 'foodLeft=11'), ((8, 5), 'foodLeft=12'), ((1, 3), 'foodLeft=11'), ((10, 5), 'foodLeft=10'), ((1, 3), 'foodLeft=12'), ((7, 4), 'foodLeft=11'), ((8, 3), 'foodLeft=12')]",128,10,49,59
128,"((1, 3), 'foodLeft=12')","((2, 3), 'foodLeft=12')",West,"[((1, 4), 'foodLeft=11'), ((2, 3), 'foodLeft=12')]","[((1, 3), 'foodLeft=12'), ((13, 3), 'foodLeft=11'), ((1, 5), 'foodLeft=11'), ((13, 3), 'foodLeft=10'), ((1, 3), 'foodLeft=11'), ((2, 5), 'foodLeft=10'), ((12, 5), 'foodLeft=11'), ((11, 5), 'foodLeft=11'), ((13, 4), 'foodLeft=11'), ((14, 3), 'foodLeft=12'), ((2, 3), 'foodLeft=10'), ((2, 3), 'foodLeft=10'), ((14, 3), 'foodLeft=11'), ((12, 3), 'foodLeft=11'), ((8, 5), 'foodLeft=11'), ((12, 3), 'foodLeft=12'), ((5, 5), 'foodLeft=11'), ((3, 5), 'foodLeft=11'), ((5, 3), 'foodLeft=11'), ((12, 5), 'foodLeft=10'), ((16, 3), 'foodLeft=13'), ((11, 5), 'foodLeft=10'), ((2, 5), 'foodLeft=10'), ((2, 3), 'foodLeft=9'), ((2, 5), 'foodLeft=9'), ((13, 4), 'foodLeft=9'), ((13, 5), 'foodLeft=11'), ((9, 5), 'foodLeft=11'), ((9, 3), 'foodLeft=11'), ((3, 3), 'foodLeft=11'), ((8, 3), 'foodLeft=11'), ((3, 5), 'foodLeft=12'), ((13, 5), 'foodLeft=10'), ((3, 3), 'foodLeft=12'), ((4, 4), 'foodLeft=11'), ((16, 3), 'foodLeft=12'), ((2, 5), 'foodLeft=10'), ((2, 5), 'foodLeft=11'), ((2, 5), 'foodLeft=11'), ((14, 5), 'foodLeft=9'), ((4, 4), 'foodLeft=10'), ((14, 3), 'foodLeft=12'), ((13, 4), 'foodLeft=10'), ((13, 4), 'foodLeft=11'), ((8, 5), 'foodLeft=12'), ((1, 3), 'foodLeft=11'), ((10, 5), 'foodLeft=10'), ((1, 3), 'foodLeft=12'), ((7, 4), 'foodLeft=11'), ((8, 3), 'foodLeft=12')]","[((1, 5), 'foodLeft=11'), ((13, 3), 'foodLeft=11'), ((2, 5), 'foodLeft=10'), ((13, 3), 'foodLeft=10'), ((1, 3), 'foodLeft=11'), ((2, 3), 'foodLeft=10'), ((12, 5), 'foodLeft=11'), ((11, 5), 'foodLeft=11'), ((13, 4), 'foodLeft=11'), ((14, 3), 'foodLeft=12'), ((2, 3), 'foodLeft=10'), ((2, 5), 'foodLeft=9'), ((14, 3), 'foodLeft=11'), ((12, 3), 'foodLeft=11'), ((8, 5), 'foodLeft=11'), ((12, 3), 'foodLeft=12'), ((5, 5), 'foodLeft=11'), ((3, 5), 'foodLeft=11'), ((5, 3), 'foodLeft=11'), ((12, 5), 'foodLeft=10'), ((16, 3), 'foodLeft=13'), ((11, 5), 'foodLeft=10'), ((2, 5), 'foodLeft=10'), ((2, 3), 'foodLeft=9'), ((1, 4), 'foodLeft=11'), ((13, 4), 'foodLeft=9'), ((13, 5), 'foodLeft=11'), ((9, 5), 'foodLeft=11'), ((9, 3), 'foodLeft=11'), ((3, 3), 'foodLeft=11'), ((8, 3), 'foodLeft=11'), ((3, 5), 'foodLeft=12'), ((13, 5), 'foodLeft=10'), ((3, 3), 'foodLeft=12'), ((4, 4), 'foodLeft=11'), ((16, 3), 'foodLeft=12'), ((2, 5), 'foodLeft=10'), ((2, 5), 'foodLeft=11'), ((2, 5), 'foodLeft=11'), ((14, 5), 'foodLeft=9'), ((4, 4), 'foodLeft=10'), ((14, 3), 'foodLeft=12'), ((13, 4), 'foodLeft=10'), ((13, 4), 'foodLeft=11'), ((8, 5), 'foodLeft=12'), ((1, 3), 'foodLeft=11'), ((10, 5), 'foodLeft=10'), ((1, 3), 'foodLeft=12'), ((7, 4), 'foodLeft=11'), ((8, 3), 'foodLeft=12')]",129,10,49,59
129,"((1, 5), 'foodLeft=11')","((1, 4), 'foodLeft=12')",North,"[((1, 4), 'foodLeft=11'), ((2, 5), 'foodLeft=11')]","[((1, 5), 'foodLeft=11'), ((13, 3), 'foodLeft=11'), ((2, 5), 'foodLeft=10'), ((13, 3), 'foodLeft=10'), ((1, 3), 'foodLeft=11'), ((2, 3), 'foodLeft=10'), ((12, 5), 'foodLeft=11'), ((11, 5), 'foodLeft=11'), ((13, 4), 'foodLeft=11'), ((14, 3), 'foodLeft=12'), ((2, 3), 'foodLeft=10'), ((2, 5), 'foodLeft=9'), ((14, 3), 'foodLeft=11'), ((12, 3), 'foodLeft=11'), ((8, 5), 'foodLeft=11'), ((12, 3), 'foodLeft=12'), ((5, 5), 'foodLeft=11'), ((3, 5), 'foodLeft=11'), ((5, 3), 'foodLeft=11'), ((12, 5), 'foodLeft=10'), ((16, 3), 'foodLeft=13'), ((11, 5), 'foodLeft=10'), ((2, 5), 'foodLeft=10'), ((2, 3), 'foodLeft=9'), ((1, 4), 'foodLeft=11'), ((13, 4), 'foodLeft=9'), ((13, 5), 'foodLeft=11'), ((9, 5), 'foodLeft=11'), ((9, 3), 'foodLeft=11'), ((3, 3), 'foodLeft=11'), ((8, 3), 'foodLeft=11'), ((3, 5), 'foodLeft=12'), ((13, 5), 'foodLeft=10'), ((3, 3), 'foodLeft=12'), ((4, 4), 'foodLeft=11'), ((16, 3), 'foodLeft=12'), ((2, 5), 'foodLeft=10'), ((2, 5), 'foodLeft=11'), ((2, 5), 'foodLeft=11'), ((14, 5), 'foodLeft=9'), ((4, 4), 'foodLeft=10'), ((14, 3), 'foodLeft=12'), ((13, 4), 'foodLeft=10'), ((13, 4), 'foodLeft=11'), ((8, 5), 'foodLeft=12'), ((1, 3), 'foodLeft=11'), ((10, 5), 'foodLeft=10'), ((1, 3), 'foodLeft=12'), ((7, 4), 'foodLeft=11'), ((8, 3), 'foodLeft=12')]","[((13, 3), 'foodLeft=11'), ((1, 3), 'foodLeft=11'), ((2, 5), 'foodLeft=10'), ((13, 3), 'foodLeft=10'), ((2, 3), 'foodLeft=10'), ((2, 3), 'foodLeft=10'), ((12, 5), 'foodLeft=11'), ((11, 5), 'foodLeft=11'), ((13, 4), 'foodLeft=11'), ((14, 3), 'foodLeft=12'), ((2, 5), 'foodLeft=10'), ((2, 5), 'foodLeft=9'), ((14, 3), 'foodLeft=11'), ((12, 3), 'foodLeft=11'), ((8, 5), 'foodLeft=11'), ((12, 3), 'foodLeft=12'), ((5, 5), 'foodLeft=11'), ((3, 5), 'foodLeft=11'), ((5, 3), 'foodLeft=11'), ((12, 5), 'foodLeft=10'), ((16, 3), 'foodLeft=13'), ((11, 5), 'foodLeft=10'), ((10, 5), 'foodLeft=10'), ((2, 3), 'foodLeft=9'), ((1, 4), 'foodLeft=11'), ((13, 4), 'foodLeft=9'), ((13, 5), 'foodLeft=11'), ((9, 5), 'foodLeft=11'), ((9, 3), 'foodLeft=11'), ((3, 3), 'foodLeft=11'), ((8, 3), 'foodLeft=11'), ((3, 5), 'foodLeft=12'), ((13, 5), 'foodLeft=10'), ((3, 3), 'foodLeft=12'), ((4, 4), 'foodLeft=11'), ((16, 3), 'foodLeft=12'), ((2, 5), 'foodLeft=10'), ((2, 5), 'foodLeft=11'), ((2, 5), 'foodLeft=11'), ((14, 5), 'foodLeft=9'), ((4, 4), 'foodLeft=10'), ((14, 3), 'foodLeft=12'), ((13, 4), 'foodLeft=10'), ((13, 4), 'foodLeft=11'), ((8, 5), 'foodLeft=12'), ((1, 3), 'foodLeft=11'), ((8, 3), 'foodLeft=12'), ((1, 3), 'foodLeft=12'), ((7, 4), 'foodLeft=11'), ((1, 4), 'foodLeft=11'), ((2, 5), 'foodLeft=11')]",130,10,49,59
130,"((13, 3), 'foodLeft=11')","((12, 3), 'foodLeft=11')",East,"[((13, 4), 'foodLeft=10'), ((14, 3), 'foodLeft=11'), ((12, 3), 'foodLeft=11')]","[((13, 3), 'foodLeft=11'), ((1, 3), 'foodLeft=11'), ((2, 5), 'foodLeft=10'), ((13, 3), 'foodLeft=10'), ((2, 3), 'foodLeft=10'), ((2, 3), 'foodLeft=10'), ((12, 5), 'foodLeft=11'), ((11, 5), 'foodLeft=11'), ((13, 4), 'foodLeft=11'), ((14, 3), 'foodLeft=12'), ((2, 5), 'foodLeft=10'), ((2, 5), 'foodLeft=9'), ((14, 3), 'foodLeft=11'), ((12, 3), 'foodLeft=11'), ((8, 5), 'foodLeft=11'), ((12, 3), 'foodLeft=12'), ((5, 5), 'foodLeft=11'), ((3, 5), 'foodLeft=11'), ((5, 3), 'foodLeft=11'), ((12, 5), 'foodLeft=10'), ((16, 3), 'foodLeft=13'), ((11, 5), 'foodLeft=10'), ((10, 5), 'foodLeft=10'), ((2, 3), 'foodLeft=9'), ((1, 4), 'foodLeft=11'), ((13, 4), 'foodLeft=9'), ((13, 5), 'foodLeft=11'), ((9, 5), 'foodLeft=11'), ((9, 3), 'foodLeft=11'), ((3, 3), 'foodLeft=11'), ((8, 3), 'foodLeft=11'), ((3, 5), 'foodLeft=12'), ((13, 5), 'foodLeft=10'), ((3, 3), 'foodLeft=12'), ((4, 4), 'foodLeft=11'), ((16, 3), 'foodLeft=12'), ((2, 5), 'foodLeft=10'), ((2, 5), 'foodLeft=11'), ((2, 5), 'foodLeft=11'), ((14, 5), 'foodLeft=9'), ((4, 4), 'foodLeft=10'), ((14, 3), 'foodLeft=12'), ((13, 4), 'foodLeft=10'), ((13, 4), 'foodLeft=11'), ((8, 5), 'foodLeft=12'), ((1, 3), 'foodLeft=11'), ((8, 3), 'foodLeft=12'), ((1, 3), 'foodLeft=12'), ((7, 4), 'foodLeft=11'), ((1, 4), 'foodLeft=11'), ((2, 5), 'foodLeft=11')]","[((1, 3), 'foodLeft=11'), ((2, 3), 'foodLeft=10'), ((2, 5), 'foodLeft=10'), ((13, 3), 'foodLeft=10'), ((2, 5), 'foodLeft=10'), ((2, 3), 'foodLeft=10'), ((12, 5), 'foodLeft=11'), ((11, 5), 'foodLeft=11'), ((13, 4), 'foodLeft=11'), ((14, 3), 'foodLeft=12'), ((10, 5), 'foodLeft=10'), ((2, 5), 'foodLeft=9'), ((14, 3), 'foodLeft=11'), ((12, 3), 'foodLeft=11'), ((8, 5), 'foodLeft=11'), ((12, 3), 'foodLeft=12'), ((5, 5), 'foodLeft=11'), ((3, 5), 'foodLeft=11'), ((5, 3), 'foodLeft=11'), ((12, 5), 'foodLeft=10'), ((16, 3), 'foodLeft=13'), ((11, 5), 'foodLeft=10'), ((2, 5), 'foodLeft=11'), ((2, 3), 'foodLeft=9'), ((1, 4), 'foodLeft=11'), ((14, 3), 'foodLeft=11'), ((13, 5), 'foodLeft=11'), ((9, 5), 'foodLeft=11'), ((9, 3), 'foodLeft=11'), ((3, 3), 'foodLeft=11'), ((8, 3), 'foodLeft=11'), ((3, 5), 'foodLeft=12'), ((13, 5), 'foodLeft=10'), ((3, 3), 'foodLeft=12'), ((4, 4), 'foodLeft=11'), ((16, 3), 'foodLeft=12'), ((2, 5), 'foodLeft=10'), ((2, 5), 'foodLeft=11'), ((2, 5), 'foodLeft=11'), ((14, 5), 'foodLeft=9'), ((4, 4), 'foodLeft=10'), ((14, 3), 'foodLeft=12'), ((13, 4), 'foodLeft=10'), ((13, 4), 'foodLeft=11'), ((8, 5), 'foodLeft=12'), ((1, 3), 'foodLeft=11'), ((8, 3), 'foodLeft=12'), ((1, 3), 'foodLeft=12'), ((7, 4), 'foodLeft=11'), ((1, 4), 'foodLeft=11'), ((13, 4), 'foodLeft=10'), ((13, 4), 'foodLeft=9')]",131,12,47,59
131,"((1, 3), 'foodLeft=11')","((2, 3), 'foodLeft=11')",West,"[((1, 4), 'foodLeft=10'), ((2, 3), 'foodLeft=11')]","[((1, 3), 'foodLeft=11'), ((2, 3), 'foodLeft=10'), ((2, 5), 'foodLeft=10'), ((13, 3), 'foodLeft=10'), ((2, 5), 'foodLeft=10'), ((2, 3), 'foodLeft=10'), ((12, 5), 'foodLeft=11'), ((11, 5), 'foodLeft=11'), ((13, 4), 'foodLeft=11'), ((14, 3), 'foodLeft=12'), ((10, 5), 'foodLeft=10'), ((2, 5), 'foodLeft=9'), ((14, 3), 'foodLeft=11'), ((12, 3), 'foodLeft=11'), ((8, 5), 'foodLeft=11'), ((12, 3), 'foodLeft=12'), ((5, 5), 'foodLeft=11'), ((3, 5), 'foodLeft=11'), ((5, 3), 'foodLeft=11'), ((12, 5), 'foodLeft=10'), ((16, 3), 'foodLeft=13'), ((11, 5), 'foodLeft=10'), ((2, 5), 'foodLeft=11'), ((2, 3), 'foodLeft=9'), ((1, 4), 'foodLeft=11'), ((14, 3), 'foodLeft=11'), ((13, 5), 'foodLeft=11'), ((9, 5), 'foodLeft=11'), ((9, 3), 'foodLeft=11'), ((3, 3), 'foodLeft=11'), ((8, 3), 'foodLeft=11'), ((3, 5), 'foodLeft=12'), ((13, 5), 'foodLeft=10'), ((3, 3), 'foodLeft=12'), ((4, 4), 'foodLeft=11'), ((16, 3), 'foodLeft=12'), ((2, 5), 'foodLeft=10'), ((2, 5), 'foodLeft=11'), ((2, 5), 'foodLeft=11'), ((14, 5), 'foodLeft=9'), ((4, 4), 'foodLeft=10'), ((14, 3), 'foodLeft=12'), ((13, 4), 'foodLeft=10'), ((13, 4), 'foodLeft=11'), ((8, 5), 'foodLeft=12'), ((1, 3), 'foodLeft=11'), ((8, 3), 'foodLeft=12'), ((1, 3), 'foodLeft=12'), ((7, 4), 'foodLeft=11'), ((1, 4), 'foodLeft=11'), ((13, 4), 'foodLeft=10'), ((13, 4), 'foodLeft=9')]","[((2, 5), 'foodLeft=10'), ((2, 3), 'foodLeft=10'), ((2, 3), 'foodLeft=10'), ((13, 3), 'foodLeft=10'), ((2, 5), 'foodLeft=10'), ((2, 5), 'foodLeft=9'), ((12, 5), 'foodLeft=11'), ((11, 5), 'foodLeft=11'), ((13, 4), 'foodLeft=11'), ((14, 3), 'foodLeft=12'), ((10, 5), 'foodLeft=10'), ((2, 3), 'foodLeft=9'), ((1, 4), 'foodLeft=10'), ((12, 3), 'foodLeft=11'), ((8, 5), 'foodLeft=11'), ((12, 3), 'foodLeft=12'), ((5, 5), 'foodLeft=11'), ((3, 5), 'foodLeft=11'), ((5, 3), 'foodLeft=11'), ((12, 5), 'foodLeft=10'), ((16, 3), 'foodLeft=13'), ((11, 5), 'foodLeft=10'), ((2, 5), 'foodLeft=11'), ((1, 3), 'foodLeft=12'), ((1, 4), 'foodLeft=11'), ((14, 3), 'foodLeft=11'), ((13, 5), 'foodLeft=11'), ((9, 5), 'foodLeft=11'), ((9, 3), 'foodLeft=11'), ((3, 3), 'foodLeft=11'), ((8, 3), 'foodLeft=11'), ((3, 5), 'foodLeft=12'), ((13, 5), 'foodLeft=10'), ((3, 3), 'foodLeft=12'), ((4, 4), 'foodLeft=11'), ((16, 3), 'foodLeft=12'), ((2, 5), 'foodLeft=10'), ((2, 5), 'foodLeft=11'), ((2, 5), 'foodLeft=11'), ((14, 5), 'foodLeft=9'), ((4, 4), 'foodLeft=10'), ((14, 3), 'foodLeft=12'), ((13, 4), 'foodLeft=10'), ((13, 4), 'foodLeft=11'), ((8, 5), 'foodLeft=12'), ((1, 3), 'foodLeft=11'), ((8, 3), 'foodLeft=12'), ((13, 4), 'foodLeft=9'), ((7, 4), 'foodLeft=11'), ((1, 4), 'foodLeft=11'), ((13, 4), 'foodLeft=10'), ((14, 3), 'foodLeft=11')]",132,12,47,59
132,"((2, 5), 'foodLeft=10')","((1, 5), 'foodLeft=10')",East,"[((3, 5), 'foodLeft=10'), ((1, 5), 'foodLeft=10')]","[((2, 5), 'foodLeft=10'), ((2, 3), 'foodLeft=10'), ((2, 3), 'foodLeft=10'), ((13, 3), 'foodLeft=10'), ((2, 5), 'foodLeft=10'), ((2, 5), 'foodLeft=9'), ((12, 5), 'foodLeft=11'), ((11, 5), 'foodLeft=11'), ((13, 4), 'foodLeft=11'), ((14, 3), 'foodLeft=12'), ((10, 5), 'foodLeft=10'), ((2, 3), 'foodLeft=9'), ((1, 4), 'foodLeft=10'), ((12, 3), 'foodLeft=11'), ((8, 5), 'foodLeft=11'), ((12, 3), 'foodLeft=12'), ((5, 5), 'foodLeft=11'), ((3, 5), 'foodLeft=11'), ((5, 3), 'foodLeft=11'), ((12, 5), 'foodLeft=10'), ((16, 3), 'foodLeft=13'), ((11, 5), 'foodLeft=10'), ((2, 5), 'foodLeft=11'), ((1, 3), 'foodLeft=12'), ((1, 4), 'foodLeft=11'), ((14, 3), 'foodLeft=11'), ((13, 5), 'foodLeft=11'), ((9, 5), 'foodLeft=11'), ((9, 3), 'foodLeft=11'), ((3, 3), 'foodLeft=11'), ((8, 3), 'foodLeft=11'), ((3, 5), 'foodLeft=12'), ((13, 5), 'foodLeft=10'), ((3, 3), 'foodLeft=12'), ((4, 4), 'foodLeft=11'), ((16, 3), 'foodLeft=12'), ((2, 5), 'foodLeft=10'), ((2, 5), 'foodLeft=11'), ((2, 5), 'foodLeft=11'), ((14, 5), 'foodLeft=9'), ((4, 4), 'foodLeft=10'), ((14, 3), 'foodLeft=12'), ((13, 4), 'foodLeft=10'), ((13, 4), 'foodLeft=11'), ((8, 5), 'foodLeft=12'), ((1, 3), 'foodLeft=11'), ((8, 3), 'foodLeft=12'), ((13, 4), 'foodLeft=9'), ((7, 4), 'foodLeft=11'), ((1, 4), 'foodLeft=11'), ((13, 4), 'foodLeft=10'), ((14, 3), 'foodLeft=11')]","[((2, 3), 'foodLeft=10'), ((2, 5), 'foodLeft=10'), ((2, 3), 'foodLeft=10'), ((13, 3), 'foodLeft=10'), ((10, 5), 'foodLeft=10'), ((2, 5), 'foodLeft=9'), ((12, 5), 'foodLeft=11'), ((11, 5), 'foodLeft=11'), ((13, 4), 'foodLeft=11'), ((14, 3), 'foodLeft=12'), ((2, 5), 'foodLeft=11'), ((2, 3), 'foodLeft=9'), ((1, 4), 'foodLeft=10'), ((12, 3), 'foodLeft=11'), ((8, 5), 'foodLeft=11'), ((12, 3), 'foodLeft=12'), ((5, 5), 'foodLeft=11'), ((3, 5), 'foodLeft=11'), ((5, 3), 'foodLeft=11'), ((12, 5), 'foodLeft=10'), ((16, 3), 'foodLeft=13'), ((11, 5), 'foodLeft=10'), ((1, 3), 'foodLeft=11'), ((1, 3), 'foodLeft=12'), ((1, 4), 'foodLeft=11'), ((3, 5), 'foodLeft=10'), ((13, 5), 'foodLeft=11'), ((9, 5), 'foodLeft=11'), ((9, 3), 'foodLeft=11'), ((3, 3), 'foodLeft=11'), ((8, 3), 'foodLeft=11'), ((3, 5), 'foodLeft=12'), ((13, 5), 'foodLeft=10'), ((3, 3), 'foodLeft=12'), ((4, 4), 'foodLeft=11'), ((16, 3), 'foodLeft=12'), ((2, 5), 'foodLeft=10'), ((2, 5), 'foodLeft=11'), ((2, 5), 'foodLeft=11'), ((14, 5), 'foodLeft=9'), ((4, 4), 'foodLeft=10'), ((14, 3), 'foodLeft=12'), ((13, 4), 'foodLeft=10'), ((13, 4), 'foodLeft=11'), ((8, 5), 'foodLeft=12'), ((14, 3), 'foodLeft=11'), ((8, 3), 'foodLeft=12'), ((13, 4), 'foodLeft=9'), ((7, 4), 'foodLeft=11'), ((1, 4), 'foodLeft=11'), ((13, 4), 'foodLeft=10'), ((14, 3), 'foodLeft=11')]",133,13,46,59
133,"((2, 3), 'foodLeft=10')","((1, 3), 'foodLeft=10')",East,"[((3, 3), 'foodLeft=10'), ((1, 3), 'foodLeft=10')]","[((2, 3), 'foodLeft=10'), ((2, 5), 'foodLeft=10'), ((2, 3), 'foodLeft=10'), ((13, 3), 'foodLeft=10'), ((10, 5), 'foodLeft=10'), ((2, 5), 'foodLeft=9'), ((12, 5), 'foodLeft=11'), ((11, 5), 'foodLeft=11'), ((13, 4), 'foodLeft=11'), ((14, 3), 'foodLeft=12'), ((2, 5), 'foodLeft=11'), ((2, 3), 'foodLeft=9'), ((1, 4), 'foodLeft=10'), ((12, 3), 'foodLeft=11'), ((8, 5), 'foodLeft=11'), ((12, 3), 'foodLeft=12'), ((5, 5), 'foodLeft=11'), ((3, 5), 'foodLeft=11'), ((5, 3), 'foodLeft=11'), ((12, 5), 'foodLeft=10'), ((16, 3), 'foodLeft=13'), ((11, 5), 'foodLeft=10'), ((1, 3), 'foodLeft=11'), ((1, 3), 'foodLeft=12'), ((1, 4), 'foodLeft=11'), ((3, 5), 'foodLeft=10'), ((13, 5), 'foodLeft=11'), ((9, 5), 'foodLeft=11'), ((9, 3), 'foodLeft=11'), ((3, 3), 'foodLeft=11'), ((8, 3), 'foodLeft=11'), ((3, 5), 'foodLeft=12'), ((13, 5), 'foodLeft=10'), ((3, 3), 'foodLeft=12'), ((4, 4), 'foodLeft=11'), ((16, 3), 'foodLeft=12'), ((2, 5), 'foodLeft=10'), ((2, 5), 'foodLeft=11'), ((2, 5), 'foodLeft=11'), ((14, 5), 'foodLeft=9'), ((4, 4), 'foodLeft=10'), ((14, 3), 'foodLeft=12'), ((13, 4), 'foodLeft=10'), ((13, 4), 'foodLeft=11'), ((8, 5), 'foodLeft=12'), ((14, 3), 'foodLeft=11'), ((8, 3), 'foodLeft=12'), ((13, 4), 'foodLeft=9'), ((7, 4), 'foodLeft=11'), ((1, 4), 'foodLeft=11'), ((13, 4), 'foodLeft=10'), ((14, 3), 'foodLeft=11')]","[((2, 5), 'foodLeft=10'), ((10, 5), 'foodLeft=10'), ((2, 3), 'foodLeft=10'), ((13, 3), 'foodLeft=10'), ((2, 5), 'foodLeft=11'), ((2, 5), 'foodLeft=9'), ((12, 5), 'foodLeft=11'), ((11, 5), 'foodLeft=11'), ((13, 4), 'foodLeft=11'), ((14, 3), 'foodLeft=12'), ((14, 3), 'foodLeft=11'), ((2, 3), 'foodLeft=9'), ((1, 4), 'foodLeft=10'), ((12, 3), 'foodLeft=11'), ((8, 5), 'foodLeft=11'), ((12, 3), 'foodLeft=12'), ((5, 5), 'foodLeft=11'), ((3, 5), 'foodLeft=11'), ((5, 3), 'foodLeft=11'), ((12, 5), 'foodLeft=10'), ((16, 3), 'foodLeft=13'), ((11, 5), 'foodLeft=10'), ((1, 3), 'foodLeft=11'), ((1, 3), 'foodLeft=12'), ((1, 4), 'foodLeft=11'), ((3, 5), 'foodLeft=10'), ((13, 5), 'foodLeft=11'), ((9, 5), 'foodLeft=11'), ((9, 3), 'foodLeft=11'), ((3, 3), 'foodLeft=11'), ((8, 3), 'foodLeft=11'), ((3, 5), 'foodLeft=12'), ((13, 5), 'foodLeft=10'), ((3, 3), 'foodLeft=12'), ((4, 4), 'foodLeft=11'), ((16, 3), 'foodLeft=12'), ((2, 5), 'foodLeft=10'), ((2, 5), 'foodLeft=11'), ((2, 5), 'foodLeft=11'), ((14, 5), 'foodLeft=9'), ((4, 4), 'foodLeft=10'), ((14, 3), 'foodLeft=12'), ((13, 4), 'foodLeft=10'), ((13, 4), 'foodLeft=11'), ((8, 5), 'foodLeft=12'), ((14, 3), 'foodLeft=11'), ((8, 3), 'foodLeft=12'), ((13, 4), 'foodLeft=9'), ((7, 4), 'foodLeft=11'), ((1, 4), 'foodLeft=11'), ((13, 4), 'foodLeft=10'), ((3, 3), 'foodLeft=10')]",134,13,46,59
134,"((2, 5), 'foodLeft=10')","((1, 5), 'foodLeft=10')",East,"[((3, 5), 'foodLeft=10'), ((1, 5), 'foodLeft=10')]","[((2, 5), 'foodLeft=10'), ((10, 5), 'foodLeft=10'), ((2, 3), 'foodLeft=10'), ((13, 3), 'foodLeft=10'), ((2, 5), 'foodLeft=11'), ((2, 5), 'foodLeft=9'), ((12, 5), 'foodLeft=11'), ((11, 5), 'foodLeft=11'), ((13, 4), 'foodLeft=11'), ((14, 3), 'foodLeft=12'), ((14, 3), 'foodLeft=11'), ((2, 3), 'foodLeft=9'), ((1, 4), 'foodLeft=10'), ((12, 3), 'foodLeft=11'), ((8, 5), 'foodLeft=11'), ((12, 3), 'foodLeft=12'), ((5, 5), 'foodLeft=11'), ((3, 5), 'foodLeft=11'), ((5, 3), 'foodLeft=11'), ((12, 5), 'foodLeft=10'), ((16, 3), 'foodLeft=13'), ((11, 5), 'foodLeft=10'), ((1, 3), 'foodLeft=11'), ((1, 3), 'foodLeft=12'), ((1, 4), 'foodLeft=11'), ((3, 5), 'foodLeft=10'), ((13, 5), 'foodLeft=11'), ((9, 5), 'foodLeft=11'), ((9, 3), 'foodLeft=11'), ((3, 3), 'foodLeft=11'), ((8, 3), 'foodLeft=11'), ((3, 5), 'foodLeft=12'), ((13, 5), 'foodLeft=10'), ((3, 3), 'foodLeft=12'), ((4, 4), 'foodLeft=11'), ((16, 3), 'foodLeft=12'), ((2, 5), 'foodLeft=10'), ((2, 5), 'foodLeft=11'), ((2, 5), 'foodLeft=11'), ((14, 5), 'foodLeft=9'), ((4, 4), 'foodLeft=10'), ((14, 3), 'foodLeft=12'), ((13, 4), 'foodLeft=10'), ((13, 4), 'foodLeft=11'), ((8, 5), 'foodLeft=12'), ((14, 3), 'foodLeft=11'), ((8, 3), 'foodLeft=12'), ((13, 4), 'foodLeft=9'), ((7, 4), 'foodLeft=11'), ((1, 4), 'foodLeft=11'), ((13, 4), 'foodLeft=10'), ((3, 3), 'foodLeft=10')]","[((2, 3), 'foodLeft=10'), ((10, 5), 'foodLeft=10'), ((2, 5), 'foodLeft=9'), ((13, 3), 'foodLeft=10'), ((2, 5), 'foodLeft=11'), ((2, 3), 'foodLeft=9'), ((12, 5), 'foodLeft=11'), ((11, 5), 'foodLeft=11'), ((13, 4), 'foodLeft=11'), ((14, 3), 'foodLeft=12'), ((14, 3), 'foodLeft=11'), ((1, 4), 'foodLeft=11'), ((1, 4), 'foodLeft=10'), ((12, 3), 'foodLeft=11'), ((8, 5), 'foodLeft=11'), ((12, 3), 'foodLeft=12'), ((5, 5), 'foodLeft=11'), ((3, 5), 'foodLeft=11'), ((5, 3), 'foodLeft=11'), ((12, 5), 'foodLeft=10'), ((16, 3), 'foodLeft=13'), ((11, 5), 'foodLeft=10'), ((1, 3), 'foodLeft=11'), ((1, 3), 'foodLeft=12'), ((3, 3), 'foodLeft=10'), ((3, 5), 'foodLeft=10'), ((13, 5), 'foodLeft=11'), ((9, 5), 'foodLeft=11'), ((9, 3), 'foodLeft=11'), ((3, 3), 'foodLeft=11'), ((8, 3), 'foodLeft=11'), ((3, 5), 'foodLeft=12'), ((13, 5), 'foodLeft=10'), ((3, 3), 'foodLeft=12'), ((4, 4), 'foodLeft=11'), ((16, 3), 'foodLeft=12'), ((2, 5), 'foodLeft=10'), ((2, 5), 'foodLeft=11'), ((2, 5), 'foodLeft=11'), ((14, 5), 'foodLeft=9'), ((4, 4), 'foodLeft=10'), ((14, 3), 'foodLeft=12'), ((13, 4), 'foodLeft=10'), ((13, 4), 'foodLeft=11'), ((8, 5), 'foodLeft=12'), ((14, 3), 'foodLeft=11'), ((8, 3), 'foodLeft=12'), ((13, 4), 'foodLeft=9'), ((7, 4), 'foodLeft=11'), ((1, 4), 'foodLeft=11'), ((13, 4), 'foodLeft=10'), ((3, 5), 'foodLeft=10')]",135,13,46,59
135,"((2, 3), 'foodLeft=10')","((1, 3), 'foodLeft=10')",East,"[((3, 3), 'foodLeft=10'), ((1, 3), 'foodLeft=10')]","[((2, 3), 'foodLeft=10'), ((10, 5), 'foodLeft=10'), ((2, 5), 'foodLeft=9'), ((13, 3), 'foodLeft=10'), ((2, 5), 'foodLeft=11'), ((2, 3), 'foodLeft=9'), ((12, 5), 'foodLeft=11'), ((11, 5), 'foodLeft=11'), ((13, 4), 'foodLeft=11'), ((14, 3), 'foodLeft=12'), ((14, 3), 'foodLeft=11'), ((1, 4), 'foodLeft=11'), ((1, 4), 'foodLeft=10'), ((12, 3), 'foodLeft=11'), ((8, 5), 'foodLeft=11'), ((12, 3), 'foodLeft=12'), ((5, 5), 'foodLeft=11'), ((3, 5), 'foodLeft=11'), ((5, 3), 'foodLeft=11'), ((12, 5), 'foodLeft=10'), ((16, 3), 'foodLeft=13'), ((11, 5), 'foodLeft=10'), ((1, 3), 'foodLeft=11'), ((1, 3), 'foodLeft=12'), ((3, 3), 'foodLeft=10'), ((3, 5), 'foodLeft=10'), ((13, 5), 'foodLeft=11'), ((9, 5), 'foodLeft=11'), ((9, 3), 'foodLeft=11'), ((3, 3), 'foodLeft=11'), ((8, 3), 'foodLeft=11'), ((3, 5), 'foodLeft=12'), ((13, 5), 'foodLeft=10'), ((3, 3), 'foodLeft=12'), ((4, 4), 'foodLeft=11'), ((16, 3), 'foodLeft=12'), ((2, 5), 'foodLeft=10'), ((2, 5), 'foodLeft=11'), ((2, 5), 'foodLeft=11'), ((14, 5), 'foodLeft=9'), ((4, 4), 'foodLeft=10'), ((14, 3), 'foodLeft=12'), ((13, 4), 'foodLeft=10'), ((13, 4), 'foodLeft=11'), ((8, 5), 'foodLeft=12'), ((14, 3), 'foodLeft=11'), ((8, 3), 'foodLeft=12'), ((13, 4), 'foodLeft=9'), ((7, 4), 'foodLeft=11'), ((1, 4), 'foodLeft=11'), ((13, 4), 'foodLeft=10'), ((3, 5), 'foodLeft=10')]","[((2, 5), 'foodLeft=9'), ((10, 5), 'foodLeft=10'), ((2, 3), 'foodLeft=9'), ((13, 3), 'foodLeft=10'), ((2, 5), 'foodLeft=11'), ((1, 4), 'foodLeft=11'), ((12, 5), 'foodLeft=11'), ((11, 5), 'foodLeft=11'), ((13, 4), 'foodLeft=11'), ((14, 3), 'foodLeft=12'), ((14, 3), 'foodLeft=11'), ((3, 3), 'foodLeft=10'), ((1, 4), 'foodLeft=10'), ((12, 3), 'foodLeft=11'), ((8, 5), 'foodLeft=11'), ((12, 3), 'foodLeft=12'), ((5, 5), 'foodLeft=11'), ((3, 5), 'foodLeft=11'), ((5, 3), 'foodLeft=11'), ((12, 5), 'foodLeft=10'), ((16, 3), 'foodLeft=13'), ((11, 5), 'foodLeft=10'), ((1, 3), 'foodLeft=11'), ((1, 3), 'foodLeft=12'), ((3, 5), 'foodLeft=10'), ((3, 5), 'foodLeft=10'), ((13, 5), 'foodLeft=11'), ((9, 5), 'foodLeft=11'), ((9, 3), 'foodLeft=11'), ((3, 3), 'foodLeft=11'), ((8, 3), 'foodLeft=11'), ((3, 5), 'foodLeft=12'), ((13, 5), 'foodLeft=10'), ((3, 3), 'foodLeft=12'), ((4, 4), 'foodLeft=11'), ((16, 3), 'foodLeft=12'), ((2, 5), 'foodLeft=10'), ((2, 5), 'foodLeft=11'), ((2, 5), 'foodLeft=11'), ((14, 5), 'foodLeft=9'), ((4, 4), 'foodLeft=10'), ((14, 3), 'foodLeft=12'), ((13, 4), 'foodLeft=10'), ((13, 4), 'foodLeft=11'), ((8, 5), 'foodLeft=12'), ((14, 3), 'foodLeft=11'), ((8, 3), 'foodLeft=12'), ((13, 4), 'foodLeft=9'), ((7, 4), 'foodLeft=11'), ((1, 4), 'foodLeft=11'), ((13, 4), 'foodLeft=10'), ((3, 3), 'foodLeft=10')]",136,13,46,59
136,"((2, 5), 'foodLeft=9')","((1, 5), 'foodLeft=9')",East,"[((3, 5), 'foodLeft=9'), ((1, 5), 'foodLeft=9')]","[((2, 5), 'foodLeft=9'), ((10, 5), 'foodLeft=10'), ((2, 3), 'foodLeft=9'), ((13, 3), 'foodLeft=10'), ((2, 5), 'foodLeft=11'), ((1, 4), 'foodLeft=11'), ((12, 5), 'foodLeft=11'), ((11, 5), 'foodLeft=11'), ((13, 4), 'foodLeft=11'), ((14, 3), 'foodLeft=12'), ((14, 3), 'foodLeft=11'), ((3, 3), 'foodLeft=10'), ((1, 4), 'foodLeft=10'), ((12, 3), 'foodLeft=11'), ((8, 5), 'foodLeft=11'), ((12, 3), 'foodLeft=12'), ((5, 5), 'foodLeft=11'), ((3, 5), 'foodLeft=11'), ((5, 3), 'foodLeft=11'), ((12, 5), 'foodLeft=10'), ((16, 3), 'foodLeft=13'), ((11, 5), 'foodLeft=10'), ((1, 3), 'foodLeft=11'), ((1, 3), 'foodLeft=12'), ((3, 5), 'foodLeft=10'), ((3, 5), 'foodLeft=10'), ((13, 5), 'foodLeft=11'), ((9, 5), 'foodLeft=11'), ((9, 3), 'foodLeft=11'), ((3, 3), 'foodLeft=11'), ((8, 3), 'foodLeft=11'), ((3, 5), 'foodLeft=12'), ((13, 5), 'foodLeft=10'), ((3, 3), 'foodLeft=12'), ((4, 4), 'foodLeft=11'), ((16, 3), 'foodLeft=12'), ((2, 5), 'foodLeft=10'), ((2, 5), 'foodLeft=11'), ((2, 5), 'foodLeft=11'), ((14, 5), 'foodLeft=9'), ((4, 4), 'foodLeft=10'), ((14, 3), 'foodLeft=12'), ((13, 4), 'foodLeft=10'), ((13, 4), 'foodLeft=11'), ((8, 5), 'foodLeft=12'), ((14, 3), 'foodLeft=11'), ((8, 3), 'foodLeft=12'), ((13, 4), 'foodLeft=9'), ((7, 4), 'foodLeft=11'), ((1, 4), 'foodLeft=11'), ((13, 4), 'foodLeft=10'), ((3, 3), 'foodLeft=10')]","[((2, 3), 'foodLeft=9'), ((10, 5), 'foodLeft=10'), ((1, 4), 'foodLeft=11'), ((13, 3), 'foodLeft=10'), ((2, 5), 'foodLeft=11'), ((1, 4), 'foodLeft=10'), ((12, 5), 'foodLeft=11'), ((11, 5), 'foodLeft=11'), ((13, 4), 'foodLeft=11'), ((14, 3), 'foodLeft=12'), ((14, 3), 'foodLeft=11'), ((3, 3), 'foodLeft=10'), ((3, 5), 'foodLeft=10'), ((12, 3), 'foodLeft=11'), ((8, 5), 'foodLeft=11'), ((12, 3), 'foodLeft=12'), ((5, 5), 'foodLeft=11'), ((3, 5), 'foodLeft=11'), ((5, 3), 'foodLeft=11'), ((12, 5), 'foodLeft=10'), ((16, 3), 'foodLeft=13'), ((11, 5), 'foodLeft=10'), ((1, 3), 'foodLeft=11'), ((1, 3), 'foodLeft=12'), ((3, 5), 'foodLeft=10'), ((3, 3), 'foodLeft=10'), ((13, 5), 'foodLeft=11'), ((9, 5), 'foodLeft=11'), ((9, 3), 'foodLeft=11'), ((3, 3), 'foodLeft=11'), ((8, 3), 'foodLeft=11'), ((3, 5), 'foodLeft=12'), ((13, 5), 'foodLeft=10'), ((3, 3), 'foodLeft=12'), ((4, 4), 'foodLeft=11'), ((16, 3), 'foodLeft=12'), ((2, 5), 'foodLeft=10'), ((2, 5), 'foodLeft=11'), ((2, 5), 'foodLeft=11'), ((14, 5), 'foodLeft=9'), ((4, 4), 'foodLeft=10'), ((14, 3), 'foodLeft=12'), ((13, 4), 'foodLeft=10'), ((13, 4), 'foodLeft=11'), ((8, 5), 'foodLeft=12'), ((14, 3), 'foodLeft=11'), ((8, 3), 'foodLeft=12'), ((13, 4), 'foodLeft=9'), ((7, 4), 'foodLeft=11'), ((1, 4), 'foodLeft=11'), ((13, 4), 'foodLeft=10'), ((3, 5), 'foodLeft=9')]",137,15,44,59
137,"((2, 3), 'foodLeft=9')","((1, 3), 'foodLeft=9')",East,"[((3, 3), 'foodLeft=9'), ((1, 3), 'foodLeft=9')]","[((2, 3), 'foodLeft=9'), ((10, 5), 'foodLeft=10'), ((1, 4), 'foodLeft=11'), ((13, 3), 'foodLeft=10'), ((2, 5), 'foodLeft=11'), ((1, 4), 'foodLeft=10'), ((12, 5), 'foodLeft=11'), ((11, 5), 'foodLeft=11'), ((13, 4), 'foodLeft=11'), ((14, 3), 'foodLeft=12'), ((14, 3), 'foodLeft=11'), ((3, 3), 'foodLeft=10'), ((3, 5), 'foodLeft=10'), ((12, 3), 'foodLeft=11'), ((8, 5), 'foodLeft=11'), ((12, 3), 'foodLeft=12'), ((5, 5), 'foodLeft=11'), ((3, 5), 'foodLeft=11'), ((5, 3), 'foodLeft=11'), ((12, 5), 'foodLeft=10'), ((16, 3), 'foodLeft=13'), ((11, 5), 'foodLeft=10'), ((1, 3), 'foodLeft=11'), ((1, 3), 'foodLeft=12'), ((3, 5), 'foodLeft=10'), ((3, 3), 'foodLeft=10'), ((13, 5), 'foodLeft=11'), ((9, 5), 'foodLeft=11'), ((9, 3), 'foodLeft=11'), ((3, 3), 'foodLeft=11'), ((8, 3), 'foodLeft=11'), ((3, 5), 'foodLeft=12'), ((13, 5), 'foodLeft=10'), ((3, 3), 'foodLeft=12'), ((4, 4), 'foodLeft=11'), ((16, 3), 'foodLeft=12'), ((2, 5), 'foodLeft=10'), ((2, 5), 'foodLeft=11'), ((2, 5), 'foodLeft=11'), ((14, 5), 'foodLeft=9'), ((4, 4), 'foodLeft=10'), ((14, 3), 'foodLeft=12'), ((13, 4), 'foodLeft=10'), ((13, 4), 'foodLeft=11'), ((8, 5), 'foodLeft=12'), ((14, 3), 'foodLeft=11'), ((8, 3), 'foodLeft=12'), ((13, 4), 'foodLeft=9'), ((7, 4), 'foodLeft=11'), ((1, 4), 'foodLeft=11'), ((13, 4), 'foodLeft=10'), ((3, 5), 'foodLeft=9')]","[((10, 5), 'foodLeft=10'), ((2, 5), 'foodLeft=11'), ((1, 4), 'foodLeft=11'), ((13, 3), 'foodLeft=10'), ((3, 5), 'foodLeft=9'), ((1, 4), 'foodLeft=10'), ((12, 5), 'foodLeft=11'), ((11, 5), 'foodLeft=11'), ((13, 4), 'foodLeft=11'), ((14, 3), 'foodLeft=12'), ((14, 3), 'foodLeft=11'), ((3, 3), 'foodLeft=10'), ((3, 5), 'foodLeft=10'), ((12, 3), 'foodLeft=11'), ((8, 5), 'foodLeft=11'), ((12, 3), 'foodLeft=12'), ((5, 5), 'foodLeft=11'), ((3, 5), 'foodLeft=11'), ((5, 3), 'foodLeft=11'), ((12, 5), 'foodLeft=10'), ((16, 3), 'foodLeft=13'), ((11, 5), 'foodLeft=10'), ((1, 3), 'foodLeft=11'), ((1, 3), 'foodLeft=12'), ((3, 5), 'foodLeft=10'), ((3, 3), 'foodLeft=10'), ((13, 5), 'foodLeft=11'), ((9, 5), 'foodLeft=11'), ((9, 3), 'foodLeft=11'), ((3, 3), 'foodLeft=11'), ((8, 3), 'foodLeft=11'), ((3, 5), 'foodLeft=12'), ((13, 5), 'foodLeft=10'), ((3, 3), 'foodLeft=12'), ((4, 4), 'foodLeft=11'), ((16, 3), 'foodLeft=12'), ((2, 5), 'foodLeft=10'), ((2, 5), 'foodLeft=11'), ((2, 5), 'foodLeft=11'), ((14, 5), 'foodLeft=9'), ((4, 4), 'foodLeft=10'), ((14, 3), 'foodLeft=12'), ((13, 4), 'foodLeft=10'), ((13, 4), 'foodLeft=11'), ((8, 5), 'foodLeft=12'), ((14, 3), 'foodLeft=11'), ((8, 3), 'foodLeft=12'), ((13, 4), 'foodLeft=9'), ((7, 4), 'foodLeft=11'), ((1, 4), 'foodLeft=11'), ((13, 4), 'foodLeft=10'), ((3, 3), 'foodLeft=9')]",138,15,44,59
138,"((10, 5), 'foodLeft=10')","((11, 5), 'foodLeft=10')",West,"[((10, 4), 'foodLeft=9'), ((11, 5), 'foodLeft=10'), ((9, 5), 'foodLeft=10')]","[((10, 5), 'foodLeft=10'), ((2, 5), 'foodLeft=11'), ((1, 4), 'foodLeft=11'), ((13, 3), 'foodLeft=10'), ((3, 5), 'foodLeft=9'), ((1, 4), 'foodLeft=10'), ((12, 5), 'foodLeft=11'), ((11, 5), 'foodLeft=11'), ((13, 4), 'foodLeft=11'), ((14, 3), 'foodLeft=12'), ((14, 3), 'foodLeft=11'), ((3, 3), 'foodLeft=10'), ((3, 5), 'foodLeft=10'), ((12, 3), 'foodLeft=11'), ((8, 5), 'foodLeft=11'), ((12, 3), 'foodLeft=12'), ((5, 5), 'foodLeft=11'), ((3, 5), 'foodLeft=11'), ((5, 3), 'foodLeft=11'), ((12, 5), 'foodLeft=10'), ((16, 3), 'foodLeft=13'), ((11, 5), 'foodLeft=10'), ((1, 3), 'foodLeft=11'), ((1, 3), 'foodLeft=12'), ((3, 5), 'foodLeft=10'), ((3, 3), 'foodLeft=10'), ((13, 5), 'foodLeft=11'), ((9, 5), 'foodLeft=11'), ((9, 3), 'foodLeft=11'), ((3, 3), 'foodLeft=11'), ((8, 3), 'foodLeft=11'), ((3, 5), 'foodLeft=12'), ((13, 5), 'foodLeft=10'), ((3, 3), 'foodLeft=12'), ((4, 4), 'foodLeft=11'), ((16, 3), 'foodLeft=12'), ((2, 5), 'foodLeft=10'), ((2, 5), 'foodLeft=11'), ((2, 5), 'foodLeft=11'), ((14, 5), 'foodLeft=9'), ((4, 4), 'foodLeft=10'), ((14, 3), 'foodLeft=12'), ((13, 4), 'foodLeft=10'), ((13, 4), 'foodLeft=11'), ((8, 5), 'foodLeft=12'), ((14, 3), 'foodLeft=11'), ((8, 3), 'foodLeft=12'), ((13, 4), 'foodLeft=9'), ((7, 4), 'foodLeft=11'), ((1, 4), 'foodLeft=11'), ((13, 4), 'foodLeft=10'), ((3, 3), 'foodLeft=9')]","[((1, 4), 'foodLeft=11'), ((2, 5), 'foodLeft=11'), ((1, 4), 'foodLeft=10'), ((13, 3), 'foodLeft=10'), ((3, 5), 'foodLeft=9'), ((3, 5), 'foodLeft=10'), ((12, 5), 'foodLeft=11'), ((11, 5), 'foodLeft=11'), ((13, 4), 'foodLeft=11'), ((14, 3), 'foodLeft=12'), ((14, 3), 'foodLeft=11'), ((3, 3), 'foodLeft=10'), ((3, 3), 'foodLeft=10'), ((12, 3), 'foodLeft=11'), ((8, 5), 'foodLeft=11'), ((12, 3), 'foodLeft=12'), ((5, 5), 'foodLeft=11'), ((3, 5), 'foodLeft=11'), ((5, 3), 'foodLeft=11'), ((12, 5), 'foodLeft=10'), ((16, 3), 'foodLeft=13'), ((11, 5), 'foodLeft=10'), ((1, 3), 'foodLeft=11'), ((1, 3), 'foodLeft=12'), ((3, 5), 'foodLeft=10'), ((3, 3), 'foodLeft=9'), ((13, 5), 'foodLeft=11'), ((9, 5), 'foodLeft=11'), ((9, 3), 'foodLeft=11'), ((3, 3), 'foodLeft=11'), ((8, 3), 'foodLeft=11'), ((3, 5), 'foodLeft=12'), ((13, 5), 'foodLeft=10'), ((3, 3), 'foodLeft=12'), ((4, 4), 'foodLeft=11'), ((16, 3), 'foodLeft=12'), ((2, 5), 'foodLeft=10'), ((2, 5), 'foodLeft=11'), ((2, 5), 'foodLeft=11'), ((14, 5), 'foodLeft=9'), ((4, 4), 'foodLeft=10'), ((14, 3), 'foodLeft=12'), ((13, 4), 'foodLeft=10'), ((13, 4), 'foodLeft=11'), ((8, 5), 'foodLeft=12'), ((14, 3), 'foodLeft=11'), ((8, 3), 'foodLeft=12'), ((13, 4), 'foodLeft=9'), ((7, 4), 'foodLeft=11'), ((1, 4), 'foodLeft=11'), ((13, 4), 'foodLeft=10'), ((10, 4), 'foodLeft=9'), ((9, 5), 'foodLeft=10')]",139,11,48,59
139,"((1, 4), 'foodLeft=11')","((1, 3), 'foodLeft=12')",North,"[((1, 5), 'foodLeft=10'), ((1, 3), 'foodLeft=11')]","[((1, 4), 'foodLeft=11'), ((2, 5), 'foodLeft=11'), ((1, 4), 'foodLeft=10'), ((13, 3), 'foodLeft=10'), ((3, 5), 'foodLeft=9'), ((3, 5), 'foodLeft=10'), ((12, 5), 'foodLeft=11'), ((11, 5), 'foodLeft=11'), ((13, 4), 'foodLeft=11'), ((14, 3), 'foodLeft=12'), ((14, 3), 'foodLeft=11'), ((3, 3), 'foodLeft=10'), ((3, 3), 'foodLeft=10'), ((12, 3), 'foodLeft=11'), ((8, 5), 'foodLeft=11'), ((12, 3), 'foodLeft=12'), ((5, 5), 'foodLeft=11'), ((3, 5), 'foodLeft=11'), ((5, 3), 'foodLeft=11'), ((12, 5), 'foodLeft=10'), ((16, 3), 'foodLeft=13'), ((11, 5), 'foodLeft=10'), ((1, 3), 'foodLeft=11'), ((1, 3), 'foodLeft=12'), ((3, 5), 'foodLeft=10'), ((3, 3), 'foodLeft=9'), ((13, 5), 'foodLeft=11'), ((9, 5), 'foodLeft=11'), ((9, 3), 'foodLeft=11'), ((3, 3), 'foodLeft=11'), ((8, 3), 'foodLeft=11'), ((3, 5), 'foodLeft=12'), ((13, 5), 'foodLeft=10'), ((3, 3), 'foodLeft=12'), ((4, 4), 'foodLeft=11'), ((16, 3), 'foodLeft=12'), ((2, 5), 'foodLeft=10'), ((2, 5), 'foodLeft=11'), ((2, 5), 'foodLeft=11'), ((14, 5), 'foodLeft=9'), ((4, 4), 'foodLeft=10'), ((14, 3), 'foodLeft=12'), ((13, 4), 'foodLeft=10'), ((13, 4), 'foodLeft=11'), ((8, 5), 'foodLeft=12'), ((14, 3), 'foodLeft=11'), ((8, 3), 'foodLeft=12'), ((13, 4), 'foodLeft=9'), ((7, 4), 'foodLeft=11'), ((1, 4), 'foodLeft=11'), ((13, 4), 'foodLeft=10'), ((10, 4), 'foodLeft=9'), ((9, 5), 'foodLeft=10')]","[((2, 5), 'foodLeft=11'), ((3, 5), 'foodLeft=9'), ((1, 4), 'foodLeft=10'), ((13, 3), 'foodLeft=10'), ((14, 3), 'foodLeft=12'), ((3, 5), 'foodLeft=10'), ((12, 5), 'foodLeft=11'), ((11, 5), 'foodLeft=11'), ((13, 4), 'foodLeft=11'), ((12, 5), 'foodLeft=10'), ((14, 3), 'foodLeft=11'), ((3, 3), 'foodLeft=10'), ((3, 3), 'foodLeft=10'), ((12, 3), 'foodLeft=11'), ((8, 5), 'foodLeft=11'), ((12, 3), 'foodLeft=12'), ((5, 5), 'foodLeft=11'), ((3, 5), 'foodLeft=11'), ((5, 3), 'foodLeft=11'), ((4, 4), 'foodLeft=10'), ((16, 3), 'foodLeft=13'), ((11, 5), 'foodLeft=10'), ((1, 3), 'foodLeft=11'), ((1, 3), 'foodLeft=12'), ((3, 5), 'foodLeft=10'), ((3, 3), 'foodLeft=9'), ((13, 5), 'foodLeft=11'), ((9, 5), 'foodLeft=11'), ((9, 3), 'foodLeft=11'), ((3, 3), 'foodLeft=11'), ((8, 3), 'foodLeft=11'), ((3, 5), 'foodLeft=12'), ((13, 5), 'foodLeft=10'), ((3, 3), 'foodLeft=12'), ((4, 4), 'foodLeft=11'), ((16, 3), 'foodLeft=12'), ((2, 5), 'foodLeft=10'), ((2, 5), 'foodLeft=11'), ((2, 5), 'foodLeft=11'), ((14, 5), 'foodLeft=9'), ((9, 5), 'foodLeft=10'), ((14, 3), 'foodLeft=12'), ((13, 4), 'foodLeft=10'), ((13, 4), 'foodLeft=11'), ((8, 5), 'foodLeft=12'), ((14, 3), 'foodLeft=11'), ((8, 3), 'foodLeft=12'), ((13, 4), 'foodLeft=9'), ((7, 4), 'foodLeft=11'), ((1, 4), 'foodLeft=11'), ((13, 4), 'foodLeft=10'), ((10, 4), 'foodLeft=9'), ((1, 3), 'foodLeft=11')]",140,11,48,59
140,"((2, 5), 'foodLeft=11')","((1, 5), 'foodLeft=11')",East,"[((3, 5), 'foodLeft=11'), ((1, 5), 'foodLeft=11')]","[((2, 5), 'foodLeft=11'), ((3, 5), 'foodLeft=9'), ((1, 4), 'foodLeft=10'), ((13, 3), 'foodLeft=10'), ((14, 3), 'foodLeft=12'), ((3, 5), 'foodLeft=10'), ((12, 5), 'foodLeft=11'), ((11, 5), 'foodLeft=11'), ((13, 4), 'foodLeft=11'), ((12, 5), 'foodLeft=10'), ((14, 3), 'foodLeft=11'), ((3, 3), 'foodLeft=10'), ((3, 3), 'foodLeft=10'), ((12, 3), 'foodLeft=11'), ((8, 5), 'foodLeft=11'), ((12, 3), 'foodLeft=12'), ((5, 5), 'foodLeft=11'), ((3, 5), 'foodLeft=11'), ((5, 3), 'foodLeft=11'), ((4, 4), 'foodLeft=10'), ((16, 3), 'foodLeft=13'), ((11, 5), 'foodLeft=10'), ((1, 3), 'foodLeft=11'), ((1, 3), 'foodLeft=12'), ((3, 5), 'foodLeft=10'), ((3, 3), 'foodLeft=9'), ((13, 5), 'foodLeft=11'), ((9, 5), 'foodLeft=11'), ((9, 3), 'foodLeft=11'), ((3, 3), 'foodLeft=11'), ((8, 3), 'foodLeft=11'), ((3, 5), 'foodLeft=12'), ((13, 5), 'foodLeft=10'), ((3, 3), 'foodLeft=12'), ((4, 4), 'foodLeft=11'), ((16, 3), 'foodLeft=12'), ((2, 5), 'foodLeft=10'), ((2, 5), 'foodLeft=11'), ((2, 5), 'foodLeft=11'), ((14, 5), 'foodLeft=9'), ((9, 5), 'foodLeft=10'), ((14, 3), 'foodLeft=12'), ((13, 4), 'foodLeft=10'), ((13, 4), 'foodLeft=11'), ((8, 5), 'foodLeft=12'), ((14, 3), 'foodLeft=11'), ((8, 3), 'foodLeft=12'), ((13, 4), 'foodLeft=9'), ((7, 4), 'foodLeft=11'), ((1, 4), 'foodLeft=11'), ((13, 4), 'foodLeft=10'), ((10, 4), 'foodLeft=9'), ((1, 3), 'foodLeft=11')]","[((1, 4), 'foodLeft=10'), ((3, 5), 'foodLeft=9'), ((3, 5), 'foodLeft=10'), ((13, 3), 'foodLeft=10'), ((14, 3), 'foodLeft=12'), ((3, 3), 'foodLeft=10'), ((12, 5), 'foodLeft=11'), ((11, 5), 'foodLeft=11'), ((13, 4), 'foodLeft=11'), ((12, 5), 'foodLeft=10'), ((14, 3), 'foodLeft=11'), ((3, 5), 'foodLeft=10'), ((3, 3), 'foodLeft=10'), ((12, 3), 'foodLeft=11'), ((8, 5), 'foodLeft=11'), ((12, 3), 'foodLeft=12'), ((5, 5), 'foodLeft=11'), ((3, 5), 'foodLeft=11'), ((5, 3), 'foodLeft=11'), ((4, 4), 'foodLeft=10'), ((16, 3), 'foodLeft=13'), ((11, 5), 'foodLeft=10'), ((1, 3), 'foodLeft=11'), ((1, 3), 'foodLeft=12'), ((13, 4), 'foodLeft=10'), ((3, 3), 'foodLeft=9'), ((13, 5), 'foodLeft=11'), ((9, 5), 'foodLeft=11'), ((9, 3), 'foodLeft=11'), ((3, 3), 'foodLeft=11'), ((8, 3), 'foodLeft=11'), ((3, 5), 'foodLeft=12'), ((13, 5), 'foodLeft=10'), ((3, 3), 'foodLeft=12'), ((4, 4), 'foodLeft=11'), ((16, 3), 'foodLeft=12'), ((2, 5), 'foodLeft=10'), ((2, 5), 'foodLeft=11'), ((2, 5), 'foodLeft=11'), ((14, 5), 'foodLeft=9'), ((9, 5), 'foodLeft=10'), ((14, 3), 'foodLeft=12'), ((13, 4), 'foodLeft=10'), ((13, 4), 'foodLeft=11'), ((8, 5), 'foodLeft=12'), ((14, 3), 'foodLeft=11'), ((8, 3), 'foodLeft=12'), ((13, 4), 'foodLeft=9'), ((7, 4), 'foodLeft=11'), ((1, 4), 'foodLeft=11'), ((1, 3), 'foodLeft=11'), ((10, 4), 'foodLeft=9'), ((3, 5), 'foodLeft=11')]",141,11,48,59
141,"((1, 4), 'foodLeft=10')","((1, 3), 'foodLeft=11')",North,"[((1, 5), 'foodLeft=9'), ((1, 3), 'foodLeft=10')]","[((1, 4), 'foodLeft=10'), ((3, 5), 'foodLeft=9'), ((3, 5), 'foodLeft=10'), ((13, 3), 'foodLeft=10'), ((14, 3), 'foodLeft=12'), ((3, 3), 'foodLeft=10'), ((12, 5), 'foodLeft=11'), ((11, 5), 'foodLeft=11'), ((13, 4), 'foodLeft=11'), ((12, 5), 'foodLeft=10'), ((14, 3), 'foodLeft=11'), ((3, 5), 'foodLeft=10'), ((3, 3), 'foodLeft=10'), ((12, 3), 'foodLeft=11'), ((8, 5), 'foodLeft=11'), ((12, 3), 'foodLeft=12'), ((5, 5), 'foodLeft=11'), ((3, 5), 'foodLeft=11'), ((5, 3), 'foodLeft=11'), ((4, 4), 'foodLeft=10'), ((16, 3), 'foodLeft=13'), ((11, 5), 'foodLeft=10'), ((1, 3), 'foodLeft=11'), ((1, 3), 'foodLeft=12'), ((13, 4), 'foodLeft=10'), ((3, 3), 'foodLeft=9'), ((13, 5), 'foodLeft=11'), ((9, 5), 'foodLeft=11'), ((9, 3), 'foodLeft=11'), ((3, 3), 'foodLeft=11'), ((8, 3), 'foodLeft=11'), ((3, 5), 'foodLeft=12'), ((13, 5), 'foodLeft=10'), ((3, 3), 'foodLeft=12'), ((4, 4), 'foodLeft=11'), ((16, 3), 'foodLeft=12'), ((2, 5), 'foodLeft=10'), ((2, 5), 'foodLeft=11'), ((2, 5), 'foodLeft=11'), ((14, 5), 'foodLeft=9'), ((9, 5), 'foodLeft=10'), ((14, 3), 'foodLeft=12'), ((13, 4), 'foodLeft=10'), ((13, 4), 'foodLeft=11'), ((8, 5), 'foodLeft=12'), ((14, 3), 'foodLeft=11'), ((8, 3), 'foodLeft=12'), ((13, 4), 'foodLeft=9'), ((7, 4), 'foodLeft=11'), ((1, 4), 'foodLeft=11'), ((1, 3), 'foodLeft=11'), ((10, 4), 'foodLeft=9'), ((3, 5), 'foodLeft=11')]","[((3, 5), 'foodLeft=10'), ((3, 5), 'foodLeft=9'), ((3, 3), 'foodLeft=10'), ((13, 3), 'foodLeft=10'), ((14, 3), 'foodLeft=12'), ((3, 5), 'foodLeft=10'), ((12, 5), 'foodLeft=11'), ((11, 5), 'foodLeft=11'), ((13, 4), 'foodLeft=11'), ((12, 5), 'foodLeft=10'), ((14, 3), 'foodLeft=11'), ((3, 5), 'foodLeft=11'), ((3, 3), 'foodLeft=10'), ((12, 3), 'foodLeft=11'), ((8, 5), 'foodLeft=11'), ((12, 3), 'foodLeft=12'), ((5, 5), 'foodLeft=11'), ((3, 5), 'foodLeft=11'), ((5, 3), 'foodLeft=11'), ((4, 4), 'foodLeft=10'), ((16, 3), 'foodLeft=13'), ((11, 5), 'foodLeft=10'), ((1, 3), 'foodLeft=11'), ((1, 3), 'foodLeft=12'), ((13, 4), 'foodLeft=10'), ((3, 3), 'foodLeft=9'), ((13, 5), 'foodLeft=11'), ((9, 5), 'foodLeft=11'), ((9, 3), 'foodLeft=11'), ((3, 3), 'foodLeft=11'), ((8, 3), 'foodLeft=11'), ((3, 5), 'foodLeft=12'), ((13, 5), 'foodLeft=10'), ((3, 3), 'foodLeft=12'), ((4, 4), 'foodLeft=11'), ((16, 3), 'foodLeft=12'), ((2, 5), 'foodLeft=10'), ((2, 5), 'foodLeft=11'), ((2, 5), 'foodLeft=11'), ((14, 5), 'foodLeft=9'), ((9, 5), 'foodLeft=10'), ((14, 3), 'foodLeft=12'), ((13, 4), 'foodLeft=10'), ((13, 4), 'foodLeft=11'), ((8, 5), 'foodLeft=12'), ((14, 3), 'foodLeft=11'), ((8, 3), 'foodLeft=12'), ((13, 4), 'foodLeft=9'), ((7, 4), 'foodLeft=11'), ((1, 4), 'foodLeft=11'), ((1, 3), 'foodLeft=11'), ((10, 4), 'foodLeft=9'), ((1, 3), 'foodLeft=10')]",142,13,46,59
142,"((3, 5), 'foodLeft=10')","((2, 5), 'foodLeft=10')",East,"[((4, 5), 'foodLeft=10'), ((2, 5), 'foodLeft=10')]","[((3, 5), 'foodLeft=10'), ((3, 5), 'foodLeft=9'), ((3, 3), 'foodLeft=10'), ((13, 3), 'foodLeft=10'), ((14, 3), 'foodLeft=12'), ((3, 5), 'foodLeft=10'), ((12, 5), 'foodLeft=11'), ((11, 5), 'foodLeft=11'), ((13, 4), 'foodLeft=11'), ((12, 5), 'foodLeft=10'), ((14, 3), 'foodLeft=11'), ((3, 5), 'foodLeft=11'), ((3, 3), 'foodLeft=10'), ((12, 3), 'foodLeft=11'), ((8, 5), 'foodLeft=11'), ((12, 3), 'foodLeft=12'), ((5, 5), 'foodLeft=11'), ((3, 5), 'foodLeft=11'), ((5, 3), 'foodLeft=11'), ((4, 4), 'foodLeft=10'), ((16, 3), 'foodLeft=13'), ((11, 5), 'foodLeft=10'), ((1, 3), 'foodLeft=11'), ((1, 3), 'foodLeft=12'), ((13, 4), 'foodLeft=10'), ((3, 3), 'foodLeft=9'), ((13, 5), 'foodLeft=11'), ((9, 5), 'foodLeft=11'), ((9, 3), 'foodLeft=11'), ((3, 3), 'foodLeft=11'), ((8, 3), 'foodLeft=11'), ((3, 5), 'foodLeft=12'), ((13, 5), 'foodLeft=10'), ((3, 3), 'foodLeft=12'), ((4, 4), 'foodLeft=11'), ((16, 3), 'foodLeft=12'), ((2, 5), 'foodLeft=10'), ((2, 5), 'foodLeft=11'), ((2, 5), 'foodLeft=11'), ((14, 5), 'foodLeft=9'), ((9, 5), 'foodLeft=10'), ((14, 3), 'foodLeft=12'), ((13, 4), 'foodLeft=10'), ((13, 4), 'foodLeft=11'), ((8, 5), 'foodLeft=12'), ((14, 3), 'foodLeft=11'), ((8, 3), 'foodLeft=12'), ((13, 4), 'foodLeft=9'), ((7, 4), 'foodLeft=11'), ((1, 4), 'foodLeft=11'), ((1, 3), 'foodLeft=11'), ((10, 4), 'foodLeft=9'), ((1, 3), 'foodLeft=10')]","[((3, 3), 'foodLeft=10'), ((3, 5), 'foodLeft=9'), ((3, 5), 'foodLeft=10'), ((13, 3), 'foodLeft=10'), ((14, 3), 'foodLeft=12'), ((3, 3), 'foodLeft=10'), ((12, 5), 'foodLeft=11'), ((11, 5), 'foodLeft=11'), ((13, 4), 'foodLeft=11'), ((12, 5), 'foodLeft=10'), ((14, 3), 'foodLeft=11'), ((3, 5), 'foodLeft=11'), ((3, 3), 'foodLeft=9'), ((12, 3), 'foodLeft=11'), ((8, 5), 'foodLeft=11'), ((12, 3), 'foodLeft=12'), ((5, 5), 'foodLeft=11'), ((3, 5), 'foodLeft=11'), ((5, 3), 'foodLeft=11'), ((4, 4), 'foodLeft=10'), ((16, 3), 'foodLeft=13'), ((11, 5), 'foodLeft=10'), ((1, 3), 'foodLeft=11'), ((1, 3), 'foodLeft=12'), ((13, 4), 'foodLeft=10'), ((4, 5), 'foodLeft=10'), ((13, 5), 'foodLeft=11'), ((9, 5), 'foodLeft=11'), ((9, 3), 'foodLeft=11'), ((3, 3), 'foodLeft=11'), ((8, 3), 'foodLeft=11'), ((3, 5), 'foodLeft=12'), ((13, 5), 'foodLeft=10'), ((3, 3), 'foodLeft=12'), ((4, 4), 'foodLeft=11'), ((16, 3), 'foodLeft=12'), ((2, 5), 'foodLeft=10'), ((2, 5), 'foodLeft=11'), ((2, 5), 'foodLeft=11'), ((14, 5), 'foodLeft=9'), ((9, 5), 'foodLeft=10'), ((14, 3), 'foodLeft=12'), ((13, 4), 'foodLeft=10'), ((13, 4), 'foodLeft=11'), ((8, 5), 'foodLeft=12'), ((14, 3), 'foodLeft=11'), ((8, 3), 'foodLeft=12'), ((13, 4), 'foodLeft=9'), ((7, 4), 'foodLeft=11'), ((1, 4), 'foodLeft=11'), ((1, 3), 'foodLeft=11'), ((10, 4), 'foodLeft=9'), ((1, 3), 'foodLeft=10')]",143,14,45,59
143,"((3, 3), 'foodLeft=10')","((2, 3), 'foodLeft=10')",East,"[((4, 3), 'foodLeft=10'), ((2, 3), 'foodLeft=10')]","[((3, 3), 'foodLeft=10'), ((3, 5), 'foodLeft=9'), ((3, 5), 'foodLeft=10'), ((13, 3), 'foodLeft=10'), ((14, 3), 'foodLeft=12'), ((3, 3), 'foodLeft=10'), ((12, 5), 'foodLeft=11'), ((11, 5), 'foodLeft=11'), ((13, 4), 'foodLeft=11'), ((12, 5), 'foodLeft=10'), ((14, 3), 'foodLeft=11'), ((3, 5), 'foodLeft=11'), ((3, 3), 'foodLeft=9'), ((12, 3), 'foodLeft=11'), ((8, 5), 'foodLeft=11'), ((12, 3), 'foodLeft=12'), ((5, 5), 'foodLeft=11'), ((3, 5), 'foodLeft=11'), ((5, 3), 'foodLeft=11'), ((4, 4), 'foodLeft=10'), ((16, 3), 'foodLeft=13'), ((11, 5), 'foodLeft=10'), ((1, 3), 'foodLeft=11'), ((1, 3), 'foodLeft=12'), ((13, 4), 'foodLeft=10'), ((4, 5), 'foodLeft=10'), ((13, 5), 'foodLeft=11'), ((9, 5), 'foodLeft=11'), ((9, 3), 'foodLeft=11'), ((3, 3), 'foodLeft=11'), ((8, 3), 'foodLeft=11'), ((3, 5), 'foodLeft=12'), ((13, 5), 'foodLeft=10'), ((3, 3), 'foodLeft=12'), ((4, 4), 'foodLeft=11'), ((16, 3), 'foodLeft=12'), ((2, 5), 'foodLeft=10'), ((2, 5), 'foodLeft=11'), ((2, 5), 'foodLeft=11'), ((14, 5), 'foodLeft=9'), ((9, 5), 'foodLeft=10'), ((14, 3), 'foodLeft=12'), ((13, 4), 'foodLeft=10'), ((13, 4), 'foodLeft=11'), ((8, 5), 'foodLeft=12'), ((14, 3), 'foodLeft=11'), ((8, 3), 'foodLeft=12'), ((13, 4), 'foodLeft=9'), ((7, 4), 'foodLeft=11'), ((1, 4), 'foodLeft=11'), ((1, 3), 'foodLeft=11'), ((10, 4), 'foodLeft=9'), ((1, 3), 'foodLeft=10')]","[((3, 5), 'foodLeft=10'), ((3, 5), 'foodLeft=9'), ((3, 3), 'foodLeft=10'), ((13, 3), 'foodLeft=10'), ((14, 3), 'foodLeft=12'), ((3, 3), 'foodLeft=9'), ((12, 5), 'foodLeft=11'), ((11, 5), 'foodLeft=11'), ((13, 4), 'foodLeft=11'), ((12, 5), 'foodLeft=10'), ((14, 3), 'foodLeft=11'), ((3, 5), 'foodLeft=11'), ((4, 5), 'foodLeft=10'), ((12, 3), 'foodLeft=11'), ((8, 5), 'foodLeft=11'), ((12, 3), 'foodLeft=12'), ((5, 5), 'foodLeft=11'), ((3, 5), 'foodLeft=11'), ((5, 3), 'foodLeft=11'), ((4, 4), 'foodLeft=10'), ((16, 3), 'foodLeft=13'), ((11, 5), 'foodLeft=10'), ((1, 3), 'foodLeft=11'), ((1, 3), 'foodLeft=12'), ((13, 4), 'foodLeft=10'), ((4, 3), 'foodLeft=10'), ((13, 5), 'foodLeft=11'), ((9, 5), 'foodLeft=11'), ((9, 3), 'foodLeft=11'), ((3, 3), 'foodLeft=11'), ((8, 3), 'foodLeft=11'), ((3, 5), 'foodLeft=12'), ((13, 5), 'foodLeft=10'), ((3, 3), 'foodLeft=12'), ((4, 4), 'foodLeft=11'), ((16, 3), 'foodLeft=12'), ((2, 5), 'foodLeft=10'), ((2, 5), 'foodLeft=11'), ((2, 5), 'foodLeft=11'), ((14, 5), 'foodLeft=9'), ((9, 5), 'foodLeft=10'), ((14, 3), 'foodLeft=12'), ((13, 4), 'foodLeft=10'), ((13, 4), 'foodLeft=11'), ((8, 5), 'foodLeft=12'), ((14, 3), 'foodLeft=11'), ((8, 3), 'foodLeft=12'), ((13, 4), 'foodLeft=9'), ((7, 4), 'foodLeft=11'), ((1, 4), 'foodLeft=11'), ((1, 3), 'foodLeft=11'), ((10, 4), 'foodLeft=9'), ((1, 3), 'foodLeft=10')]",144,14,45,59
144,"((3, 5), 'foodLeft=10')","((2, 5), 'foodLeft=10')",East,"[((4, 5), 'foodLeft=10'), ((2, 5), 'foodLeft=10')]","[((3, 5), 'foodLeft=10'), ((3, 5), 'foodLeft=9'), ((3, 3), 'foodLeft=10'), ((13, 3), 'foodLeft=10'), ((14, 3), 'foodLeft=12'), ((3, 3), 'foodLeft=9'), ((12, 5), 'foodLeft=11'), ((11, 5), 'foodLeft=11'), ((13, 4), 'foodLeft=11'), ((12, 5), 'foodLeft=10'), ((14, 3), 'foodLeft=11'), ((3, 5), 'foodLeft=11'), ((4, 5), 'foodLeft=10'), ((12, 3), 'foodLeft=11'), ((8, 5), 'foodLeft=11'), ((12, 3), 'foodLeft=12'), ((5, 5), 'foodLeft=11'), ((3, 5), 'foodLeft=11'), ((5, 3), 'foodLeft=11'), ((4, 4), 'foodLeft=10'), ((16, 3), 'foodLeft=13'), ((11, 5), 'foodLeft=10'), ((1, 3), 'foodLeft=11'), ((1, 3), 'foodLeft=12'), ((13, 4), 'foodLeft=10'), ((4, 3), 'foodLeft=10'), ((13, 5), 'foodLeft=11'), ((9, 5), 'foodLeft=11'), ((9, 3), 'foodLeft=11'), ((3, 3), 'foodLeft=11'), ((8, 3), 'foodLeft=11'), ((3, 5), 'foodLeft=12'), ((13, 5), 'foodLeft=10'), ((3, 3), 'foodLeft=12'), ((4, 4), 'foodLeft=11'), ((16, 3), 'foodLeft=12'), ((2, 5), 'foodLeft=10'), ((2, 5), 'foodLeft=11'), ((2, 5), 'foodLeft=11'), ((14, 5), 'foodLeft=9'), ((9, 5), 'foodLeft=10'), ((14, 3), 'foodLeft=12'), ((13, 4), 'foodLeft=10'), ((13, 4), 'foodLeft=11'), ((8, 5), 'foodLeft=12'), ((14, 3), 'foodLeft=11'), ((8, 3), 'foodLeft=12'), ((13, 4), 'foodLeft=9'), ((7, 4), 'foodLeft=11'), ((1, 4), 'foodLeft=11'), ((1, 3), 'foodLeft=11'), ((10, 4), 'foodLeft=9'), ((1, 3), 'foodLeft=10')]","[((3, 3), 'foodLeft=10'), ((3, 5), 'foodLeft=9'), ((3, 3), 'foodLeft=9'), ((13, 3), 'foodLeft=10'), ((14, 3), 'foodLeft=12'), ((3, 5), 'foodLeft=11'), ((12, 5), 'foodLeft=11'), ((11, 5), 'foodLeft=11'), ((13, 4), 'foodLeft=11'), ((12, 5), 'foodLeft=10'), ((14, 3), 'foodLeft=11'), ((13, 4), 'foodLeft=10'), ((4, 5), 'foodLeft=10'), ((12, 3), 'foodLeft=11'), ((8, 5), 'foodLeft=11'), ((12, 3), 'foodLeft=12'), ((5, 5), 'foodLeft=11'), ((3, 5), 'foodLeft=11'), ((5, 3), 'foodLeft=11'), ((4, 4), 'foodLeft=10'), ((16, 3), 'foodLeft=13'), ((11, 5), 'foodLeft=10'), ((1, 3), 'foodLeft=11'), ((1, 3), 'foodLeft=12'), ((1, 4), 'foodLeft=11'), ((4, 3), 'foodLeft=10'), ((13, 5), 'foodLeft=11'), ((9, 5), 'foodLeft=11'), ((9, 3), 'foodLeft=11'), ((3, 3), 'foodLeft=11'), ((8, 3), 'foodLeft=11'), ((3, 5), 'foodLeft=12'), ((13, 5), 'foodLeft=10'), ((3, 3), 'foodLeft=12'), ((4, 4), 'foodLeft=11'), ((16, 3), 'foodLeft=12'), ((2, 5), 'foodLeft=10'), ((2, 5), 'foodLeft=11'), ((2, 5), 'foodLeft=11'), ((14, 5), 'foodLeft=9'), ((9, 5), 'foodLeft=10'), ((14, 3), 'foodLeft=12'), ((13, 4), 'foodLeft=10'), ((13, 4), 'foodLeft=11'), ((8, 5), 'foodLeft=12'), ((14, 3), 'foodLeft=11'), ((8, 3), 'foodLeft=12'), ((13, 4), 'foodLeft=9'), ((7, 4), 'foodLeft=11'), ((1, 3), 'foodLeft=10'), ((1, 3), 'foodLeft=11'), ((10, 4), 'foodLeft=9'), ((4, 5), 'foodLeft=10')]",145,14,45,59
145,"((3, 3), 'foodLeft=10')","((2, 3), 'foodLeft=10')",East,"[((4, 3), 'foodLeft=10'), ((2, 3), 'foodLeft=10')]","[((3, 3), 'foodLeft=10'), ((3, 5), 'foodLeft=9'), ((3, 3), 'foodLeft=9'), ((13, 3), 'foodLeft=10'), ((14, 3), 'foodLeft=12'), ((3, 5), 'foodLeft=11'), ((12, 5), 'foodLeft=11'), ((11, 5), 'foodLeft=11'), ((13, 4), 'foodLeft=11'), ((12, 5), 'foodLeft=10'), ((14, 3), 'foodLeft=11'), ((13, 4), 'foodLeft=10'), ((4, 5), 'foodLeft=10'), ((12, 3), 'foodLeft=11'), ((8, 5), 'foodLeft=11'), ((12, 3), 'foodLeft=12'), ((5, 5), 'foodLeft=11'), ((3, 5), 'foodLeft=11'), ((5, 3), 'foodLeft=11'), ((4, 4), 'foodLeft=10'), ((16, 3), 'foodLeft=13'), ((11, 5), 'foodLeft=10'), ((1, 3), 'foodLeft=11'), ((1, 3), 'foodLeft=12'), ((1, 4), 'foodLeft=11'), ((4, 3), 'foodLeft=10'), ((13, 5), 'foodLeft=11'), ((9, 5), 'foodLeft=11'), ((9, 3), 'foodLeft=11'), ((3, 3), 'foodLeft=11'), ((8, 3), 'foodLeft=11'), ((3, 5), 'foodLeft=12'), ((13, 5), 'foodLeft=10'), ((3, 3), 'foodLeft=12'), ((4, 4), 'foodLeft=11'), ((16, 3), 'foodLeft=12'), ((2, 5), 'foodLeft=10'), ((2, 5), 'foodLeft=11'), ((2, 5), 'foodLeft=11'), ((14, 5), 'foodLeft=9'), ((9, 5), 'foodLeft=10'), ((14, 3), 'foodLeft=12'), ((13, 4), 'foodLeft=10'), ((13, 4), 'foodLeft=11'), ((8, 5), 'foodLeft=12'), ((14, 3), 'foodLeft=11'), ((8, 3), 'foodLeft=12'), ((13, 4), 'foodLeft=9'), ((7, 4), 'foodLeft=11'), ((1, 3), 'foodLeft=10'), ((1, 3), 'foodLeft=11'), ((10, 4), 'foodLeft=9'), ((4, 5), 'foodLeft=10')]","[((3, 5), 'foodLeft=9'), ((4, 5), 'foodLeft=10'), ((3, 3), 'foodLeft=9'), ((13, 3), 'foodLeft=10'), ((14, 3), 'foodLeft=12'), ((3, 5), 'foodLeft=11'), ((12, 5), 'foodLeft=11'), ((11, 5), 'foodLeft=11'), ((13, 4), 'foodLeft=11'), ((12, 5), 'foodLeft=10'), ((14, 3), 'foodLeft=11'), ((13, 4), 'foodLeft=10'), ((4, 5), 'foodLeft=10'), ((12, 3), 'foodLeft=11'), ((8, 5), 'foodLeft=11'), ((12, 3), 'foodLeft=12'), ((5, 5), 'foodLeft=11'), ((3, 5), 'foodLeft=11'), ((5, 3), 'foodLeft=11'), ((4, 4), 'foodLeft=10'), ((16, 3), 'foodLeft=13'), ((11, 5), 'foodLeft=10'), ((1, 3), 'foodLeft=11'), ((1, 3), 'foodLeft=12'), ((1, 4), 'foodLeft=11'), ((4, 3), 'foodLeft=10'), ((13, 5), 'foodLeft=11'), ((9, 5), 'foodLeft=11'), ((9, 3), 'foodLeft=11'), ((3, 3), 'foodLeft=11'), ((8, 3), 'foodLeft=11'), ((3, 5), 'foodLeft=12'), ((13, 5), 'foodLeft=10'), ((3, 3), 'foodLeft=12'), ((4, 4), 'foodLeft=11'), ((16, 3), 'foodLeft=12'), ((2, 5), 'foodLeft=10'), ((2, 5), 'foodLeft=11'), ((2, 5), 'foodLeft=11'), ((14, 5), 'foodLeft=9'), ((9, 5), 'foodLeft=10'), ((14, 3), 'foodLeft=12'), ((13, 4), 'foodLeft=10'), ((13, 4), 'foodLeft=11'), ((8, 5), 'foodLeft=12'), ((14, 3), 'foodLeft=11'), ((8, 3), 'foodLeft=12'), ((13, 4), 'foodLeft=9'), ((7, 4), 'foodLeft=11'), ((1, 3), 'foodLeft=10'), ((1, 3), 'foodLeft=11'), ((10, 4), 'foodLeft=9'), ((4, 3), 'foodLeft=10')]",146,14,45,59
146,"((3, 5), 'foodLeft=9')","((2, 5), 'foodLeft=9')",East,"[((4, 5), 'foodLeft=9'), ((2, 5), 'foodLeft=9')]","[((3, 5), 'foodLeft=9'), ((4, 5), 'foodLeft=10'), ((3, 3), 'foodLeft=9'), ((13, 3), 'foodLeft=10'), ((14, 3), 'foodLeft=12'), ((3, 5), 'foodLeft=11'), ((12, 5), 'foodLeft=11'), ((11, 5), 'foodLeft=11'), ((13, 4), 'foodLeft=11'), ((12, 5), 'foodLeft=10'), ((14, 3), 'foodLeft=11'), ((13, 4), 'foodLeft=10'), ((4, 5), 'foodLeft=10'), ((12, 3), 'foodLeft=11'), ((8, 5), 'foodLeft=11'), ((12, 3), 'foodLeft=12'), ((5, 5), 'foodLeft=11'), ((3, 5), 'foodLeft=11'), ((5, 3), 'foodLeft=11'), ((4, 4), 'foodLeft=10'), ((16, 3), 'foodLeft=13'), ((11, 5), 'foodLeft=10'), ((1, 3), 'foodLeft=11'), ((1, 3), 'foodLeft=12'), ((1, 4), 'foodLeft=11'), ((4, 3), 'foodLeft=10'), ((13, 5), 'foodLeft=11'), ((9, 5), 'foodLeft=11'), ((9, 3), 'foodLeft=11'), ((3, 3), 'foodLeft=11'), ((8, 3), 'foodLeft=11'), ((3, 5), 'foodLeft=12'), ((13, 5), 'foodLeft=10'), ((3, 3), 'foodLeft=12'), ((4, 4), 'foodLeft=11'), ((16, 3), 'foodLeft=12'), ((2, 5), 'foodLeft=10'), ((2, 5), 'foodLeft=11'), ((2, 5), 'foodLeft=11'), ((14, 5), 'foodLeft=9'), ((9, 5), 'foodLeft=10'), ((14, 3), 'foodLeft=12'), ((13, 4), 'foodLeft=10'), ((13, 4), 'foodLeft=11'), ((8, 5), 'foodLeft=12'), ((14, 3), 'foodLeft=11'), ((8, 3), 'foodLeft=12'), ((13, 4), 'foodLeft=9'), ((7, 4), 'foodLeft=11'), ((1, 3), 'foodLeft=10'), ((1, 3), 'foodLeft=11'), ((10, 4), 'foodLeft=9'), ((4, 3), 'foodLeft=10')]","[((3, 3), 'foodLeft=9'), ((4, 5), 'foodLeft=10'), ((3, 5), 'foodLeft=11'), ((13, 3), 'foodLeft=10'), ((14, 3), 'foodLeft=12'), ((4, 5), 'foodLeft=10'), ((12, 5), 'foodLeft=11'), ((11, 5), 'foodLeft=11'), ((13, 4), 'foodLeft=11'), ((12, 5), 'foodLeft=10'), ((14, 3), 'foodLeft=11'), ((13, 4), 'foodLeft=10'), ((4, 3), 'foodLeft=10'), ((12, 3), 'foodLeft=11'), ((8, 5), 'foodLeft=11'), ((12, 3), 'foodLeft=12'), ((5, 5), 'foodLeft=11'), ((3, 5), 'foodLeft=11'), ((5, 3), 'foodLeft=11'), ((4, 4), 'foodLeft=10'), ((16, 3), 'foodLeft=13'), ((11, 5), 'foodLeft=10'), ((1, 3), 'foodLeft=11'), ((1, 3), 'foodLeft=12'), ((1, 4), 'foodLeft=11'), ((4, 3), 'foodLeft=10'), ((13, 5), 'foodLeft=11'), ((9, 5), 'foodLeft=11'), ((9, 3), 'foodLeft=11'), ((3, 3), 'foodLeft=11'), ((8, 3), 'foodLeft=11'), ((3, 5), 'foodLeft=12'), ((13, 5), 'foodLeft=10'), ((3, 3), 'foodLeft=12'), ((4, 4), 'foodLeft=11'), ((16, 3), 'foodLeft=12'), ((2, 5), 'foodLeft=10'), ((2, 5), 'foodLeft=11'), ((2, 5), 'foodLeft=11'), ((14, 5), 'foodLeft=9'), ((9, 5), 'foodLeft=10'), ((14, 3), 'foodLeft=12'), ((13, 4), 'foodLeft=10'), ((13, 4), 'foodLeft=11'), ((8, 5), 'foodLeft=12'), ((14, 3), 'foodLeft=11'), ((8, 3), 'foodLeft=12'), ((13, 4), 'foodLeft=9'), ((7, 4), 'foodLeft=11'), ((1, 3), 'foodLeft=10'), ((1, 3), 'foodLeft=11'), ((10, 4), 'foodLeft=9'), ((4, 5), 'foodLeft=9')]",147,16,43,59
147,"((3, 3), 'foodLeft=9')","((2, 3), 'foodLeft=9')",East,"[((4, 3), 'foodLeft=9'), ((2, 3), 'foodLeft=9')]","[((3, 3), 'foodLeft=9'), ((4, 5), 'foodLeft=10'), ((3, 5), 'foodLeft=11'), ((13, 3), 'foodLeft=10'), ((14, 3), 'foodLeft=12'), ((4, 5), 'foodLeft=10'), ((12, 5), 'foodLeft=11'), ((11, 5), 'foodLeft=11'), ((13, 4), 'foodLeft=11'), ((12, 5), 'foodLeft=10'), ((14, 3), 'foodLeft=11'), ((13, 4), 'foodLeft=10'), ((4, 3), 'foodLeft=10'), ((12, 3), 'foodLeft=11'), ((8, 5), 'foodLeft=11'), ((12, 3), 'foodLeft=12'), ((5, 5), 'foodLeft=11'), ((3, 5), 'foodLeft=11'), ((5, 3), 'foodLeft=11'), ((4, 4), 'foodLeft=10'), ((16, 3), 'foodLeft=13'), ((11, 5), 'foodLeft=10'), ((1, 3), 'foodLeft=11'), ((1, 3), 'foodLeft=12'), ((1, 4), 'foodLeft=11'), ((4, 3), 'foodLeft=10'), ((13, 5), 'foodLeft=11'), ((9, 5), 'foodLeft=11'), ((9, 3), 'foodLeft=11'), ((3, 3), 'foodLeft=11'), ((8, 3), 'foodLeft=11'), ((3, 5), 'foodLeft=12'), ((13, 5), 'foodLeft=10'), ((3, 3), 'foodLeft=12'), ((4, 4), 'foodLeft=11'), ((16, 3), 'foodLeft=12'), ((2, 5), 'foodLeft=10'), ((2, 5), 'foodLeft=11'), ((2, 5), 'foodLeft=11'), ((14, 5), 'foodLeft=9'), ((9, 5), 'foodLeft=10'), ((14, 3), 'foodLeft=12'), ((13, 4), 'foodLeft=10'), ((13, 4), 'foodLeft=11'), ((8, 5), 'foodLeft=12'), ((14, 3), 'foodLeft=11'), ((8, 3), 'foodLeft=12'), ((13, 4), 'foodLeft=9'), ((7, 4), 'foodLeft=11'), ((1, 3), 'foodLeft=10'), ((1, 3), 'foodLeft=11'), ((10, 4), 'foodLeft=9'), ((4, 5), 'foodLeft=9')]","[((3, 5), 'foodLeft=11'), ((4, 5), 'foodLeft=10'), ((4, 5), 'foodLeft=10'), ((13, 3), 'foodLeft=10'), ((14, 3), 'foodLeft=12'), ((4, 3), 'foodLeft=10'), ((12, 5), 'foodLeft=11'), ((11, 5), 'foodLeft=11'), ((13, 4), 'foodLeft=11'), ((12, 5), 'foodLeft=10'), ((14, 3), 'foodLeft=11'), ((13, 4), 'foodLeft=10'), ((4, 3), 'foodLeft=10'), ((12, 3), 'foodLeft=11'), ((8, 5), 'foodLeft=11'), ((12, 3), 'foodLeft=12'), ((5, 5), 'foodLeft=11'), ((3, 5), 'foodLeft=11'), ((5, 3), 'foodLeft=11'), ((4, 4), 'foodLeft=10'), ((16, 3), 'foodLeft=13'), ((11, 5), 'foodLeft=10'), ((1, 3), 'foodLeft=11'), ((1, 3), 'foodLeft=12'), ((1, 4), 'foodLeft=11'), ((4, 5), 'foodLeft=9'), ((13, 5), 'foodLeft=11'), ((9, 5), 'foodLeft=11'), ((9, 3), 'foodLeft=11'), ((3, 3), 'foodLeft=11'), ((8, 3), 'foodLeft=11'), ((3, 5), 'foodLeft=12'), ((13, 5), 'foodLeft=10'), ((3, 3), 'foodLeft=12'), ((4, 4), 'foodLeft=11'), ((16, 3), 'foodLeft=12'), ((2, 5), 'foodLeft=10'), ((2, 5), 'foodLeft=11'), ((2, 5), 'foodLeft=11'), ((14, 5), 'foodLeft=9'), ((9, 5), 'foodLeft=10'), ((14, 3), 'foodLeft=12'), ((13, 4), 'foodLeft=10'), ((13, 4), 'foodLeft=11'), ((8, 5), 'foodLeft=12'), ((14, 3), 'foodLeft=11'), ((8, 3), 'foodLeft=12'), ((13, 4), 'foodLeft=9'), ((7, 4), 'foodLeft=11'), ((1, 3), 'foodLeft=10'), ((1, 3), 'foodLeft=11'), ((10, 4), 'foodLeft=9'), ((4, 3), 'foodLeft=9')]",148,16,43,59
148,"((3, 5), 'foodLeft=11')","((2, 5), 'foodLeft=11')",East,"[((4, 5), 'foodLeft=11'), ((2, 5), 'foodLeft=11')]","[((3, 5), 'foodLeft=11'), ((4, 5), 'foodLeft=10'), ((4, 5), 'foodLeft=10'), ((13, 3), 'foodLeft=10'), ((14, 3), 'foodLeft=12'), ((4, 3), 'foodLeft=10'), ((12, 5), 'foodLeft=11'), ((11, 5), 'foodLeft=11'), ((13, 4), 'foodLeft=11'), ((12, 5), 'foodLeft=10'), ((14, 3), 'foodLeft=11'), ((13, 4), 'foodLeft=10'), ((4, 3), 'foodLeft=10'), ((12, 3), 'foodLeft=11'), ((8, 5), 'foodLeft=11'), ((12, 3), 'foodLeft=12'), ((5, 5), 'foodLeft=11'), ((3, 5), 'foodLeft=11'), ((5, 3), 'foodLeft=11'), ((4, 4), 'foodLeft=10'), ((16, 3), 'foodLeft=13'), ((11, 5), 'foodLeft=10'), ((1, 3), 'foodLeft=11'), ((1, 3), 'foodLeft=12'), ((1, 4), 'foodLeft=11'), ((4, 5), 'foodLeft=9'), ((13, 5), 'foodLeft=11'), ((9, 5), 'foodLeft=11'), ((9, 3), 'foodLeft=11'), ((3, 3), 'foodLeft=11'), ((8, 3), 'foodLeft=11'), ((3, 5), 'foodLeft=12'), ((13, 5), 'foodLeft=10'), ((3, 3), 'foodLeft=12'), ((4, 4), 'foodLeft=11'), ((16, 3), 'foodLeft=12'), ((2, 5), 'foodLeft=10'), ((2, 5), 'foodLeft=11'), ((2, 5), 'foodLeft=11'), ((14, 5), 'foodLeft=9'), ((9, 5), 'foodLeft=10'), ((14, 3), 'foodLeft=12'), ((13, 4), 'foodLeft=10'), ((13, 4), 'foodLeft=11'), ((8, 5), 'foodLeft=12'), ((14, 3), 'foodLeft=11'), ((8, 3), 'foodLeft=12'), ((13, 4), 'foodLeft=9'), ((7, 4), 'foodLeft=11'), ((1, 3), 'foodLeft=10'), ((1, 3), 'foodLeft=11'), ((10, 4), 'foodLeft=9'), ((4, 3), 'foodLeft=9')]","[((4, 5), 'foodLeft=10'), ((4, 5), 'foodLeft=10'), ((4, 3), 'foodLeft=10'), ((13, 3), 'foodLeft=10'), ((14, 3), 'foodLeft=12'), ((4, 3), 'foodLeft=10'), ((12, 5), 'foodLeft=11'), ((11, 5), 'foodLeft=11'), ((13, 4), 'foodLeft=11'), ((12, 5), 'foodLeft=10'), ((14, 3), 'foodLeft=11'), ((13, 4), 'foodLeft=10'), ((4, 5), 'foodLeft=9'), ((12, 3), 'foodLeft=11'), ((8, 5), 'foodLeft=11'), ((12, 3), 'foodLeft=12'), ((5, 5), 'foodLeft=11'), ((3, 5), 'foodLeft=11'), ((5, 3), 'foodLeft=11'), ((4, 4), 'foodLeft=10'), ((16, 3), 'foodLeft=13'), ((11, 5), 'foodLeft=10'), ((1, 3), 'foodLeft=11'), ((1, 3), 'foodLeft=12'), ((1, 4), 'foodLeft=11'), ((4, 3), 'foodLeft=9'), ((13, 5), 'foodLeft=11'), ((9, 5), 'foodLeft=11'), ((9, 3), 'foodLeft=11'), ((3, 3), 'foodLeft=11'), ((8, 3), 'foodLeft=11'), ((3, 5), 'foodLeft=12'), ((13, 5), 'foodLeft=10'), ((3, 3), 'foodLeft=12'), ((4, 4), 'foodLeft=11'), ((16, 3), 'foodLeft=12'), ((2, 5), 'foodLeft=10'), ((2, 5), 'foodLeft=11'), ((2, 5), 'foodLeft=11'), ((14, 5), 'foodLeft=9'), ((9, 5), 'foodLeft=10'), ((14, 3), 'foodLeft=12'), ((13, 4), 'foodLeft=10'), ((13, 4), 'foodLeft=11'), ((8, 5), 'foodLeft=12'), ((14, 3), 'foodLeft=11'), ((8, 3), 'foodLeft=12'), ((13, 4), 'foodLeft=9'), ((7, 4), 'foodLeft=11'), ((1, 3), 'foodLeft=10'), ((1, 3), 'foodLeft=11'), ((10, 4), 'foodLeft=9'), ((4, 5), 'foodLeft=11')]",149,12,47,59
149,"((4, 5), 'foodLeft=10')","((3, 5), 'foodLeft=10')",East,"[((4, 4), 'foodLeft=9'), ((5, 5), 'foodLeft=10'), ((3, 5), 'foodLeft=10')]","[((4, 5), 'foodLeft=10'), ((4, 5), 'foodLeft=10'), ((4, 3), 'foodLeft=10'), ((13, 3), 'foodLeft=10'), ((14, 3), 'foodLeft=12'), ((4, 3), 'foodLeft=10'), ((12, 5), 'foodLeft=11'), ((11, 5), 'foodLeft=11'), ((13, 4), 'foodLeft=11'), ((12, 5), 'foodLeft=10'), ((14, 3), 'foodLeft=11'), ((13, 4), 'foodLeft=10'), ((4, 5), 'foodLeft=9'), ((12, 3), 'foodLeft=11'), ((8, 5), 'foodLeft=11'), ((12, 3), 'foodLeft=12'), ((5, 5), 'foodLeft=11'), ((3, 5), 'foodLeft=11'), ((5, 3), 'foodLeft=11'), ((4, 4), 'foodLeft=10'), ((16, 3), 'foodLeft=13'), ((11, 5), 'foodLeft=10'), ((1, 3), 'foodLeft=11'), ((1, 3), 'foodLeft=12'), ((1, 4), 'foodLeft=11'), ((4, 3), 'foodLeft=9'), ((13, 5), 'foodLeft=11'), ((9, 5), 'foodLeft=11'), ((9, 3), 'foodLeft=11'), ((3, 3), 'foodLeft=11'), ((8, 3), 'foodLeft=11'), ((3, 5), 'foodLeft=12'), ((13, 5), 'foodLeft=10'), ((3, 3), 'foodLeft=12'), ((4, 4), 'foodLeft=11'), ((16, 3), 'foodLeft=12'), ((2, 5), 'foodLeft=10'), ((2, 5), 'foodLeft=11'), ((2, 5), 'foodLeft=11'), ((14, 5), 'foodLeft=9'), ((9, 5), 'foodLeft=10'), ((14, 3), 'foodLeft=12'), ((13, 4), 'foodLeft=10'), ((13, 4), 'foodLeft=11'), ((8, 5), 'foodLeft=12'), ((14, 3), 'foodLeft=11'), ((8, 3), 'foodLeft=12'), ((13, 4), 'foodLeft=9'), ((7, 4), 'foodLeft=11'), ((1, 3), 'foodLeft=10'), ((1, 3), 'foodLeft=11'), ((10, 4), 'foodLeft=9'), ((4, 5), 'foodLeft=11')]","[((4, 3), 'foodLeft=10'), ((4, 5), 'foodLeft=10'), ((4, 3), 'foodLeft=10'), ((13, 3), 'foodLeft=10'), ((14, 3), 'foodLeft=12'), ((4, 5), 'foodLeft=9'), ((12, 5), 'foodLeft=11'), ((11, 5), 'foodLeft=11'), ((13, 4), 'foodLeft=11'), ((12, 5), 'foodLeft=10'), ((14, 3), 'foodLeft=11'), ((13, 4), 'foodLeft=10'), ((4, 3), 'foodLeft=9'), ((12, 3), 'foodLeft=11'), ((8, 5), 'foodLeft=11'), ((12, 3), 'foodLeft=12'), ((5, 5), 'foodLeft=11'), ((3, 5), 'foodLeft=11'), ((5, 3), 'foodLeft=11'), ((4, 4), 'foodLeft=10'), ((16, 3), 'foodLeft=13'), ((11, 5), 'foodLeft=10'), ((1, 3), 'foodLeft=11'), ((1, 3), 'foodLeft=12'), ((1, 4), 'foodLeft=11'), ((4, 5), 'foodLeft=11'), ((13, 5), 'foodLeft=11'), ((9, 5), 'foodLeft=11'), ((9, 3), 'foodLeft=11'), ((3, 3), 'foodLeft=11'), ((8, 3), 'foodLeft=11'), ((3, 5), 'foodLeft=12'), ((13, 5), 'foodLeft=10'), ((3, 3), 'foodLeft=12'), ((4, 4), 'foodLeft=11'), ((16, 3), 'foodLeft=12'), ((2, 5), 'foodLeft=10'), ((2, 5), 'foodLeft=11'), ((2, 5), 'foodLeft=11'), ((14, 5), 'foodLeft=9'), ((9, 5), 'foodLeft=10'), ((14, 3), 'foodLeft=12'), ((13, 4), 'foodLeft=10'), ((13, 4), 'foodLeft=11'), ((8, 5), 'foodLeft=12'), ((14, 3), 'foodLeft=11'), ((8, 3), 'foodLeft=12'), ((13, 4), 'foodLeft=9'), ((7, 4), 'foodLeft=11'), ((1, 3), 'foodLeft=10'), ((1, 3), 'foodLeft=11'), ((10, 4), 'foodLeft=9'), ((4, 4), 'foodLeft=9'), ((5, 5), 'foodLeft=10')]",150,15,44,59
150,"((4, 3), 'foodLeft=10')","((3, 3), 'foodLeft=10')",East,"[((4, 4), 'foodLeft=9'), ((5, 3), 'foodLeft=10'), ((3, 3), 'foodLeft=10')]","[((4, 3), 'foodLeft=10'), ((4, 5), 'foodLeft=10'), ((4, 3), 'foodLeft=10'), ((13, 3), 'foodLeft=10'), ((14, 3), 'foodLeft=12'), ((4, 5), 'foodLeft=9'), ((12, 5), 'foodLeft=11'), ((11, 5), 'foodLeft=11'), ((13, 4), 'foodLeft=11'), ((12, 5), 'foodLeft=10'), ((14, 3), 'foodLeft=11'), ((13, 4), 'foodLeft=10'), ((4, 3), 'foodLeft=9'), ((12, 3), 'foodLeft=11'), ((8, 5), 'foodLeft=11'), ((12, 3), 'foodLeft=12'), ((5, 5), 'foodLeft=11'), ((3, 5), 'foodLeft=11'), ((5, 3), 'foodLeft=11'), ((4, 4), 'foodLeft=10'), ((16, 3), 'foodLeft=13'), ((11, 5), 'foodLeft=10'), ((1, 3), 'foodLeft=11'), ((1, 3), 'foodLeft=12'), ((1, 4), 'foodLeft=11'), ((4, 5), 'foodLeft=11'), ((13, 5), 'foodLeft=11'), ((9, 5), 'foodLeft=11'), ((9, 3), 'foodLeft=11'), ((3, 3), 'foodLeft=11'), ((8, 3), 'foodLeft=11'), ((3, 5), 'foodLeft=12'), ((13, 5), 'foodLeft=10'), ((3, 3), 'foodLeft=12'), ((4, 4), 'foodLeft=11'), ((16, 3), 'foodLeft=12'), ((2, 5), 'foodLeft=10'), ((2, 5), 'foodLeft=11'), ((2, 5), 'foodLeft=11'), ((14, 5), 'foodLeft=9'), ((9, 5), 'foodLeft=10'), ((14, 3), 'foodLeft=12'), ((13, 4), 'foodLeft=10'), ((13, 4), 'foodLeft=11'), ((8, 5), 'foodLeft=12'), ((14, 3), 'foodLeft=11'), ((8, 3), 'foodLeft=12'), ((13, 4), 'foodLeft=9'), ((7, 4), 'foodLeft=11'), ((1, 3), 'foodLeft=10'), ((1, 3), 'foodLeft=11'), ((10, 4), 'foodLeft=9'), ((4, 4), 'foodLeft=9'), ((5, 5), 'foodLeft=10')]","[((4, 5), 'foodLeft=10'), ((13, 3), 'foodLeft=10'), ((4, 3), 'foodLeft=10'), ((11, 5), 'foodLeft=11'), ((14, 3), 'foodLeft=12'), ((4, 5), 'foodLeft=9'), ((12, 5), 'foodLeft=11'), ((12, 3), 'foodLeft=12'), ((13, 4), 'foodLeft=11'), ((12, 5), 'foodLeft=10'), ((14, 3), 'foodLeft=11'), ((13, 4), 'foodLeft=10'), ((4, 3), 'foodLeft=9'), ((12, 3), 'foodLeft=11'), ((8, 5), 'foodLeft=11'), ((3, 5), 'foodLeft=12'), ((5, 5), 'foodLeft=11'), ((3, 5), 'foodLeft=11'), ((5, 3), 'foodLeft=11'), ((4, 4), 'foodLeft=10'), ((16, 3), 'foodLeft=13'), ((11, 5), 'foodLeft=10'), ((1, 3), 'foodLeft=11'), ((1, 3), 'foodLeft=12'), ((1, 4), 'foodLeft=11'), ((4, 5), 'foodLeft=11'), ((13, 5), 'foodLeft=11'), ((9, 5), 'foodLeft=11'), ((9, 3), 'foodLeft=11'), ((3, 3), 'foodLeft=11'), ((8, 3), 'foodLeft=11'), ((5, 5), 'foodLeft=10'), ((13, 5), 'foodLeft=10'), ((3, 3), 'foodLeft=12'), ((4, 4), 'foodLeft=11'), ((16, 3), 'foodLeft=12'), ((2, 5), 'foodLeft=10'), ((2, 5), 'foodLeft=11'), ((2, 5), 'foodLeft=11'), ((14, 5), 'foodLeft=9'), ((9, 5), 'foodLeft=10'), ((14, 3), 'foodLeft=12'), ((13, 4), 'foodLeft=10'), ((13, 4), 'foodLeft=11'), ((8, 5), 'foodLeft=12'), ((14, 3), 'foodLeft=11'), ((8, 3), 'foodLeft=12'), ((13, 4), 'foodLeft=9'), ((7, 4), 'foodLeft=11'), ((1, 3), 'foodLeft=10'), ((1, 3), 'foodLeft=11'), ((10, 4), 'foodLeft=9'), ((4, 4), 'foodLeft=9'), ((5, 3), 'foodLeft=10')]",151,15,44,59
151,"((4, 5), 'foodLeft=10')","((3, 5), 'foodLeft=10')",East,"[((4, 4), 'foodLeft=10'), ((5, 5), 'foodLeft=10'), ((3, 5), 'foodLeft=10')]","[((4, 5), 'foodLeft=10'), ((13, 3), 'foodLeft=10'), ((4, 3), 'foodLeft=10'), ((11, 5), 'foodLeft=11'), ((14, 3), 'foodLeft=12'), ((4, 5), 'foodLeft=9'), ((12, 5), 'foodLeft=11'), ((12, 3), 'foodLeft=12'), ((13, 4), 'foodLeft=11'), ((12, 5), 'foodLeft=10'), ((14, 3), 'foodLeft=11'), ((13, 4), 'foodLeft=10'), ((4, 3), 'foodLeft=9'), ((12, 3), 'foodLeft=11'), ((8, 5), 'foodLeft=11'), ((3, 5), 'foodLeft=12'), ((5, 5), 'foodLeft=11'), ((3, 5), 'foodLeft=11'), ((5, 3), 'foodLeft=11'), ((4, 4), 'foodLeft=10'), ((16, 3), 'foodLeft=13'), ((11, 5), 'foodLeft=10'), ((1, 3), 'foodLeft=11'), ((1, 3), 'foodLeft=12'), ((1, 4), 'foodLeft=11'), ((4, 5), 'foodLeft=11'), ((13, 5), 'foodLeft=11'), ((9, 5), 'foodLeft=11'), ((9, 3), 'foodLeft=11'), ((3, 3), 'foodLeft=11'), ((8, 3), 'foodLeft=11'), ((5, 5), 'foodLeft=10'), ((13, 5), 'foodLeft=10'), ((3, 3), 'foodLeft=12'), ((4, 4), 'foodLeft=11'), ((16, 3), 'foodLeft=12'), ((2, 5), 'foodLeft=10'), ((2, 5), 'foodLeft=11'), ((2, 5), 'foodLeft=11'), ((14, 5), 'foodLeft=9'), ((9, 5), 'foodLeft=10'), ((14, 3), 'foodLeft=12'), ((13, 4), 'foodLeft=10'), ((13, 4), 'foodLeft=11'), ((8, 5), 'foodLeft=12'), ((14, 3), 'foodLeft=11'), ((8, 3), 'foodLeft=12'), ((13, 4), 'foodLeft=9'), ((7, 4), 'foodLeft=11'), ((1, 3), 'foodLeft=10'), ((1, 3), 'foodLeft=11'), ((10, 4), 'foodLeft=9'), ((4, 4), 'foodLeft=9'), ((5, 3), 'foodLeft=10')]","[((4, 3), 'foodLeft=10'), ((13, 3), 'foodLeft=10'), ((4, 5), 'foodLeft=9'), ((11, 5), 'foodLeft=11'), ((14, 3), 'foodLeft=12'), ((4, 3), 'foodLeft=9'), ((12, 5), 'foodLeft=11'), ((12, 3), 'foodLeft=12'), ((13, 4), 'foodLeft=11'), ((12, 5), 'foodLeft=10'), ((14, 3), 'foodLeft=11'), ((13, 4), 'foodLeft=10'), ((4, 5), 'foodLeft=11'), ((12, 3), 'foodLeft=11'), ((8, 5), 'foodLeft=11'), ((3, 5), 'foodLeft=12'), ((5, 5), 'foodLeft=11'), ((3, 5), 'foodLeft=11'), ((5, 3), 'foodLeft=11'), ((4, 4), 'foodLeft=10'), ((16, 3), 'foodLeft=13'), ((11, 5), 'foodLeft=10'), ((1, 3), 'foodLeft=11'), ((1, 3), 'foodLeft=12'), ((1, 4), 'foodLeft=11'), ((4, 4), 'foodLeft=9'), ((5, 5), 'foodLeft=10'), ((9, 5), 'foodLeft=11'), ((9, 3), 'foodLeft=11'), ((3, 3), 'foodLeft=11'), ((8, 3), 'foodLeft=11'), ((5, 5), 'foodLeft=10'), ((13, 5), 'foodLeft=10'), ((3, 3), 'foodLeft=12'), ((4, 4), 'foodLeft=11'), ((16, 3), 'foodLeft=12'), ((2, 5), 'foodLeft=10'), ((2, 5), 'foodLeft=11'), ((2, 5), 'foodLeft=11'), ((14, 5), 'foodLeft=9'), ((9, 5), 'foodLeft=10'), ((14, 3), 'foodLeft=12'), ((13, 4), 'foodLeft=10'), ((13, 4), 'foodLeft=11'), ((8, 5), 'foodLeft=12'), ((14, 3), 'foodLeft=11'), ((8, 3), 'foodLeft=12'), ((13, 4), 'foodLeft=9'), ((7, 4), 'foodLeft=11'), ((1, 3), 'foodLeft=10'), ((1, 3), 'foodLeft=11'), ((10, 4), 'foodLeft=9'), ((5, 3), 'foodLeft=10'), ((4, 4), 'foodLeft=10'), ((13, 5), 'foodLeft=11')]",152,15,44,59
152,"((4, 3), 'foodLeft=10')","((3, 3), 'foodLeft=10')",East,"[((4, 4), 'foodLeft=10'), ((5, 3), 'foodLeft=10'), ((3, 3), 'foodLeft=10')]","[((4, 3), 'foodLeft=10'), ((13, 3), 'foodLeft=10'), ((4, 5), 'foodLeft=9'), ((11, 5), 'foodLeft=11'), ((14, 3), 'foodLeft=12'), ((4, 3), 'foodLeft=9'), ((12, 5), 'foodLeft=11'), ((12, 3), 'foodLeft=12'), ((13, 4), 'foodLeft=11'), ((12, 5), 'foodLeft=10'), ((14, 3), 'foodLeft=11'), ((13, 4), 'foodLeft=10'), ((4, 5), 'foodLeft=11'), ((12, 3), 'foodLeft=11'), ((8, 5), 'foodLeft=11'), ((3, 5), 'foodLeft=12'), ((5, 5), 'foodLeft=11'), ((3, 5), 'foodLeft=11'), ((5, 3), 'foodLeft=11'), ((4, 4), 'foodLeft=10'), ((16, 3), 'foodLeft=13'), ((11, 5), 'foodLeft=10'), ((1, 3), 'foodLeft=11'), ((1, 3), 'foodLeft=12'), ((1, 4), 'foodLeft=11'), ((4, 4), 'foodLeft=9'), ((5, 5), 'foodLeft=10'), ((9, 5), 'foodLeft=11'), ((9, 3), 'foodLeft=11'), ((3, 3), 'foodLeft=11'), ((8, 3), 'foodLeft=11'), ((5, 5), 'foodLeft=10'), ((13, 5), 'foodLeft=10'), ((3, 3), 'foodLeft=12'), ((4, 4), 'foodLeft=11'), ((16, 3), 'foodLeft=12'), ((2, 5), 'foodLeft=10'), ((2, 5), 'foodLeft=11'), ((2, 5), 'foodLeft=11'), ((14, 5), 'foodLeft=9'), ((9, 5), 'foodLeft=10'), ((14, 3), 'foodLeft=12'), ((13, 4), 'foodLeft=10'), ((13, 4), 'foodLeft=11'), ((8, 5), 'foodLeft=12'), ((14, 3), 'foodLeft=11'), ((8, 3), 'foodLeft=12'), ((13, 4), 'foodLeft=9'), ((7, 4), 'foodLeft=11'), ((1, 3), 'foodLeft=10'), ((1, 3), 'foodLeft=11'), ((10, 4), 'foodLeft=9'), ((5, 3), 'foodLeft=10'), ((4, 4), 'foodLeft=10'), ((13, 5), 'foodLeft=11')]","[((4, 5), 'foodLeft=9'), ((13, 3), 'foodLeft=10'), ((4, 3), 'foodLeft=9'), ((11, 5), 'foodLeft=11'), ((14, 3), 'foodLeft=12'), ((4, 5), 'foodLeft=11'), ((12, 5), 'foodLeft=11'), ((12, 3), 'foodLeft=12'), ((13, 4), 'foodLeft=11'), ((12, 5), 'foodLeft=10'), ((14, 3), 'foodLeft=11'), ((13, 4), 'foodLeft=10'), ((4, 4), 'foodLeft=9'), ((12, 3), 'foodLeft=11'), ((8, 5), 'foodLeft=11'), ((3, 5), 'foodLeft=12'), ((5, 5), 'foodLeft=11'), ((3, 5), 'foodLeft=11'), ((5, 3), 'foodLeft=11'), ((4, 4), 'foodLeft=10'), ((16, 3), 'foodLeft=13'), ((11, 5), 'foodLeft=10'), ((1, 3), 'foodLeft=11'), ((1, 3), 'foodLeft=12'), ((1, 4), 'foodLeft=11'), ((13, 5), 'foodLeft=11'), ((5, 5), 'foodLeft=10'), ((9, 5), 'foodLeft=11'), ((9, 3), 'foodLeft=11'), ((3, 3), 'foodLeft=11'), ((8, 3), 'foodLeft=11'), ((5, 5), 'foodLeft=10'), ((13, 5), 'foodLeft=10'), ((3, 3), 'foodLeft=12'), ((4, 4), 'foodLeft=11'), ((16, 3), 'foodLeft=12'), ((2, 5), 'foodLeft=10'), ((2, 5), 'foodLeft=11'), ((2, 5), 'foodLeft=11'), ((14, 5), 'foodLeft=9'), ((9, 5), 'foodLeft=10'), ((14, 3), 'foodLeft=12'), ((13, 4), 'foodLeft=10'), ((13, 4), 'foodLeft=11'), ((8, 5), 'foodLeft=12'), ((14, 3), 'foodLeft=11'), ((8, 3), 'foodLeft=12'), ((13, 4), 'foodLeft=9'), ((7, 4), 'foodLeft=11'), ((1, 3), 'foodLeft=10'), ((1, 3), 'foodLeft=11'), ((10, 4), 'foodLeft=9'), ((5, 3), 'foodLeft=10'), ((4, 4), 'foodLeft=10'), ((5, 3), 'foodLeft=10')]",153,15,44,59
153,"((4, 5), 'foodLeft=9')","((3, 5), 'foodLeft=9')",East,"[((4, 4), 'foodLeft=9'), ((5, 5), 'foodLeft=9'), ((3, 5), 'foodLeft=9')]","[((4, 5), 'foodLeft=9'), ((13, 3), 'foodLeft=10'), ((4, 3), 'foodLeft=9'), ((11, 5), 'foodLeft=11'), ((14, 3), 'foodLeft=12'), ((4, 5), 'foodLeft=11'), ((12, 5), 'foodLeft=11'), ((12, 3), 'foodLeft=12'), ((13, 4), 'foodLeft=11'), ((12, 5), 'foodLeft=10'), ((14, 3), 'foodLeft=11'), ((13, 4), 'foodLeft=10'), ((4, 4), 'foodLeft=9'), ((12, 3), 'foodLeft=11'), ((8, 5), 'foodLeft=11'), ((3, 5), 'foodLeft=12'), ((5, 5), 'foodLeft=11'), ((3, 5), 'foodLeft=11'), ((5, 3), 'foodLeft=11'), ((4, 4), 'foodLeft=10'), ((16, 3), 'foodLeft=13'), ((11, 5), 'foodLeft=10'), ((1, 3), 'foodLeft=11'), ((1, 3), 'foodLeft=12'), ((1, 4), 'foodLeft=11'), ((13, 5), 'foodLeft=11'), ((5, 5), 'foodLeft=10'), ((9, 5), 'foodLeft=11'), ((9, 3), 'foodLeft=11'), ((3, 3), 'foodLeft=11'), ((8, 3), 'foodLeft=11'), ((5, 5), 'foodLeft=10'), ((13, 5), 'foodLeft=10'), ((3, 3), 'foodLeft=12'), ((4, 4), 'foodLeft=11'), ((16, 3), 'foodLeft=12'), ((2, 5), 'foodLeft=10'), ((2, 5), 'foodLeft=11'), ((2, 5), 'foodLeft=11'), ((14, 5), 'foodLeft=9'), ((9, 5), 'foodLeft=10'), ((14, 3), 'foodLeft=12'), ((13, 4), 'foodLeft=10'), ((13, 4), 'foodLeft=11'), ((8, 5), 'foodLeft=12'), ((14, 3), 'foodLeft=11'), ((8, 3), 'foodLeft=12'), ((13, 4), 'foodLeft=9'), ((7, 4), 'foodLeft=11'), ((1, 3), 'foodLeft=10'), ((1, 3), 'foodLeft=11'), ((10, 4), 'foodLeft=9'), ((5, 3), 'foodLeft=10'), ((4, 4), 'foodLeft=10'), ((5, 3), 'foodLeft=10')]","[((4, 3), 'foodLeft=9'), ((13, 3), 'foodLeft=10'), ((4, 5), 'foodLeft=11'), ((11, 5), 'foodLeft=11'), ((14, 3), 'foodLeft=12'), ((4, 4), 'foodLeft=9'), ((12, 5), 'foodLeft=11'), ((12, 3), 'foodLeft=12'), ((13, 4), 'foodLeft=11'), ((12, 5), 'foodLeft=10'), ((14, 3), 'foodLeft=11'), ((13, 4), 'foodLeft=10'), ((5, 5), 'foodLeft=10'), ((12, 3), 'foodLeft=11'), ((8, 5), 'foodLeft=11'), ((3, 5), 'foodLeft=12'), ((5, 5), 'foodLeft=11'), ((3, 5), 'foodLeft=11'), ((5, 3), 'foodLeft=11'), ((4, 4), 'foodLeft=10'), ((16, 3), 'foodLeft=13'), ((11, 5), 'foodLeft=10'), ((1, 3), 'foodLeft=11'), ((1, 3), 'foodLeft=12'), ((1, 4), 'foodLeft=11'), ((13, 5), 'foodLeft=11'), ((5, 3), 'foodLeft=10'), ((9, 5), 'foodLeft=11'), ((9, 3), 'foodLeft=11'), ((3, 3), 'foodLeft=11'), ((8, 3), 'foodLeft=11'), ((5, 5), 'foodLeft=10'), ((13, 5), 'foodLeft=10'), ((3, 3), 'foodLeft=12'), ((4, 4), 'foodLeft=11'), ((16, 3), 'foodLeft=12'), ((2, 5), 'foodLeft=10'), ((2, 5), 'foodLeft=11'), ((2, 5), 'foodLeft=11'), ((14, 5), 'foodLeft=9'), ((9, 5), 'foodLeft=10'), ((14, 3), 'foodLeft=12'), ((13, 4), 'foodLeft=10'), ((13, 4), 'foodLeft=11'), ((8, 5), 'foodLeft=12'), ((14, 3), 'foodLeft=11'), ((8, 3), 'foodLeft=12'), ((13, 4), 'foodLeft=9'), ((7, 4), 'foodLeft=11'), ((1, 3), 'foodLeft=10'), ((1, 3), 'foodLeft=11'), ((10, 4), 'foodLeft=9'), ((5, 3), 'foodLeft=10'), ((4, 4), 'foodLeft=10'), ((5, 5), 'foodLeft=9')]",154,17,42,59
154,"((4, 3), 'foodLeft=9')","((3, 3), 'foodLeft=9')",East,"[((4, 4), 'foodLeft=9'), ((5, 3), 'foodLeft=9'), ((3, 3), 'foodLeft=9')]","[((4, 3), 'foodLeft=9'), ((13, 3), 'foodLeft=10'), ((4, 5), 'foodLeft=11'), ((11, 5), 'foodLeft=11'), ((14, 3), 'foodLeft=12'), ((4, 4), 'foodLeft=9'), ((12, 5), 'foodLeft=11'), ((12, 3), 'foodLeft=12'), ((13, 4), 'foodLeft=11'), ((12, 5), 'foodLeft=10'), ((14, 3), 'foodLeft=11'), ((13, 4), 'foodLeft=10'), ((5, 5), 'foodLeft=10'), ((12, 3), 'foodLeft=11'), ((8, 5), 'foodLeft=11'), ((3, 5), 'foodLeft=12'), ((5, 5), 'foodLeft=11'), ((3, 5), 'foodLeft=11'), ((5, 3), 'foodLeft=11'), ((4, 4), 'foodLeft=10'), ((16, 3), 'foodLeft=13'), ((11, 5), 'foodLeft=10'), ((1, 3), 'foodLeft=11'), ((1, 3), 'foodLeft=12'), ((1, 4), 'foodLeft=11'), ((13, 5), 'foodLeft=11'), ((5, 3), 'foodLeft=10'), ((9, 5), 'foodLeft=11'), ((9, 3), 'foodLeft=11'), ((3, 3), 'foodLeft=11'), ((8, 3), 'foodLeft=11'), ((5, 5), 'foodLeft=10'), ((13, 5), 'foodLeft=10'), ((3, 3), 'foodLeft=12'), ((4, 4), 'foodLeft=11'), ((16, 3), 'foodLeft=12'), ((2, 5), 'foodLeft=10'), ((2, 5), 'foodLeft=11'), ((2, 5), 'foodLeft=11'), ((14, 5), 'foodLeft=9'), ((9, 5), 'foodLeft=10'), ((14, 3), 'foodLeft=12'), ((13, 4), 'foodLeft=10'), ((13, 4), 'foodLeft=11'), ((8, 5), 'foodLeft=12'), ((14, 3), 'foodLeft=11'), ((8, 3), 'foodLeft=12'), ((13, 4), 'foodLeft=9'), ((7, 4), 'foodLeft=11'), ((1, 3), 'foodLeft=10'), ((1, 3), 'foodLeft=11'), ((10, 4), 'foodLeft=9'), ((5, 3), 'foodLeft=10'), ((4, 4), 'foodLeft=10'), ((5, 5), 'foodLeft=9')]","[((4, 5), 'foodLeft=11'), ((13, 3), 'foodLeft=10'), ((4, 4), 'foodLeft=9'), ((11, 5), 'foodLeft=11'), ((14, 3), 'foodLeft=12'), ((5, 5), 'foodLeft=10'), ((12, 5), 'foodLeft=11'), ((12, 3), 'foodLeft=12'), ((13, 4), 'foodLeft=11'), ((12, 5), 'foodLeft=10'), ((14, 3), 'foodLeft=11'), ((13, 4), 'foodLeft=10'), ((5, 3), 'foodLeft=10'), ((12, 3), 'foodLeft=11'), ((8, 5), 'foodLeft=11'), ((3, 5), 'foodLeft=12'), ((5, 5), 'foodLeft=11'), ((3, 5), 'foodLeft=11'), ((5, 3), 'foodLeft=11'), ((4, 4), 'foodLeft=10'), ((16, 3), 'foodLeft=13'), ((11, 5), 'foodLeft=10'), ((1, 3), 'foodLeft=11'), ((1, 3), 'foodLeft=12'), ((1, 4), 'foodLeft=11'), ((13, 5), 'foodLeft=11'), ((5, 5), 'foodLeft=9'), ((9, 5), 'foodLeft=11'), ((9, 3), 'foodLeft=11'), ((3, 3), 'foodLeft=11'), ((8, 3), 'foodLeft=11'), ((5, 5), 'foodLeft=10'), ((13, 5), 'foodLeft=10'), ((3, 3), 'foodLeft=12'), ((4, 4), 'foodLeft=11'), ((16, 3), 'foodLeft=12'), ((2, 5), 'foodLeft=10'), ((2, 5), 'foodLeft=11'), ((2, 5), 'foodLeft=11'), ((14, 5), 'foodLeft=9'), ((9, 5), 'foodLeft=10'), ((14, 3), 'foodLeft=12'), ((13, 4), 'foodLeft=10'), ((13, 4), 'foodLeft=11'), ((8, 5), 'foodLeft=12'), ((14, 3), 'foodLeft=11'), ((8, 3), 'foodLeft=12'), ((13, 4), 'foodLeft=9'), ((7, 4), 'foodLeft=11'), ((1, 3), 'foodLeft=10'), ((1, 3), 'foodLeft=11'), ((10, 4), 'foodLeft=9'), ((5, 3), 'foodLeft=10'), ((4, 4), 'foodLeft=10'), ((5, 3), 'foodLeft=9')]",155,17,42,59
155,"((4, 5), 'foodLeft=11')","((3, 5), 'foodLeft=11')",East,"[((4, 4), 'foodLeft=10'), ((5, 5), 'foodLeft=11'), ((3, 5), 'foodLeft=11')]","[((4, 5), 'foodLeft=11'), ((13, 3), 'foodLeft=10'), ((4, 4), 'foodLeft=9'), ((11, 5), 'foodLeft=11'), ((14, 3), 'foodLeft=12'), ((5, 5), 'foodLeft=10'), ((12, 5), 'foodLeft=11'), ((12, 3), 'foodLeft=12'), ((13, 4), 'foodLeft=11'), ((12, 5), 'foodLeft=10'), ((14, 3), 'foodLeft=11'), ((13, 4), 'foodLeft=10'), ((5, 3), 'foodLeft=10'), ((12, 3), 'foodLeft=11'), ((8, 5), 'foodLeft=11'), ((3, 5), 'foodLeft=12'), ((5, 5), 'foodLeft=11'), ((3, 5), 'foodLeft=11'), ((5, 3), 'foodLeft=11'), ((4, 4), 'foodLeft=10'), ((16, 3), 'foodLeft=13'), ((11, 5), 'foodLeft=10'), ((1, 3), 'foodLeft=11'), ((1, 3), 'foodLeft=12'), ((1, 4), 'foodLeft=11'), ((13, 5), 'foodLeft=11'), ((5, 5), 'foodLeft=9'), ((9, 5), 'foodLeft=11'), ((9, 3), 'foodLeft=11'), ((3, 3), 'foodLeft=11'), ((8, 3), 'foodLeft=11'), ((5, 5), 'foodLeft=10'), ((13, 5), 'foodLeft=10'), ((3, 3), 'foodLeft=12'), ((4, 4), 'foodLeft=11'), ((16, 3), 'foodLeft=12'), ((2, 5), 'foodLeft=10'), ((2, 5), 'foodLeft=11'), ((2, 5), 'foodLeft=11'), ((14, 5), 'foodLeft=9'), ((9, 5), 'foodLeft=10'), ((14, 3), 'foodLeft=12'), ((13, 4), 'foodLeft=10'), ((13, 4), 'foodLeft=11'), ((8, 5), 'foodLeft=12'), ((14, 3), 'foodLeft=11'), ((8, 3), 'foodLeft=12'), ((13, 4), 'foodLeft=9'), ((7, 4), 'foodLeft=11'), ((1, 3), 'foodLeft=10'), ((1, 3), 'foodLeft=11'), ((10, 4), 'foodLeft=9'), ((5, 3), 'foodLeft=10'), ((4, 4), 'foodLeft=10'), ((5, 3), 'foodLeft=9')]","[((4, 4), 'foodLeft=9'), ((13, 3), 'foodLeft=10'), ((4, 4), 'foodLeft=10'), ((11, 5), 'foodLeft=11'), ((14, 3), 'foodLeft=12'), ((5, 5), 'foodLeft=10'), ((12, 5), 'foodLeft=11'), ((12, 3), 'foodLeft=12'), ((13, 4), 'foodLeft=11'), ((12, 5), 'foodLeft=10'), ((14, 3), 'foodLeft=11'), ((13, 4), 'foodLeft=10'), ((5, 3), 'foodLeft=10'), ((12, 3), 'foodLeft=11'), ((8, 5), 'foodLeft=11'), ((3, 5), 'foodLeft=12'), ((5, 5), 'foodLeft=11'), ((3, 5), 'foodLeft=11'), ((5, 3), 'foodLeft=11'), ((4, 4), 'foodLeft=10'), ((16, 3), 'foodLeft=13'), ((11, 5), 'foodLeft=10'), ((1, 3), 'foodLeft=11'), ((1, 3), 'foodLeft=12'), ((1, 4), 'foodLeft=11'), ((13, 5), 'foodLeft=11'), ((5, 5), 'foodLeft=9'), ((9, 5), 'foodLeft=11'), ((9, 3), 'foodLeft=11'), ((3, 3), 'foodLeft=11'), ((8, 3), 'foodLeft=11'), ((5, 5), 'foodLeft=10'), ((13, 5), 'foodLeft=10'), ((3, 3), 'foodLeft=12'), ((4, 4), 'foodLeft=11'), ((16, 3), 'foodLeft=12'), ((2, 5), 'foodLeft=10'), ((2, 5), 'foodLeft=11'), ((2, 5), 'foodLeft=11'), ((14, 5), 'foodLeft=9'), ((9, 5), 'foodLeft=10'), ((14, 3), 'foodLeft=12'), ((13, 4), 'foodLeft=10'), ((13, 4), 'foodLeft=11'), ((8, 5), 'foodLeft=12'), ((14, 3), 'foodLeft=11'), ((8, 3), 'foodLeft=12'), ((13, 4), 'foodLeft=9'), ((7, 4), 'foodLeft=11'), ((1, 3), 'foodLeft=10'), ((1, 3), 'foodLeft=11'), ((10, 4), 'foodLeft=9'), ((5, 3), 'foodLeft=10'), ((5, 3), 'foodLeft=9'), ((5, 5), 'foodLeft=11')]",156,13,46,59
156,"((4, 4), 'foodLeft=9')","((4, 5), 'foodLeft=10')",South,"[((4, 5), 'foodLeft=9'), ((4, 3), 'foodLeft=9')]","[((4, 4), 'foodLeft=9'), ((13, 3), 'foodLeft=10'), ((4, 4), 'foodLeft=10'), ((11, 5), 'foodLeft=11'), ((14, 3), 'foodLeft=12'), ((5, 5), 'foodLeft=10'), ((12, 5), 'foodLeft=11'), ((12, 3), 'foodLeft=12'), ((13, 4), 'foodLeft=11'), ((12, 5), 'foodLeft=10'), ((14, 3), 'foodLeft=11'), ((13, 4), 'foodLeft=10'), ((5, 3), 'foodLeft=10'), ((12, 3), 'foodLeft=11'), ((8, 5), 'foodLeft=11'), ((3, 5), 'foodLeft=12'), ((5, 5), 'foodLeft=11'), ((3, 5), 'foodLeft=11'), ((5, 3), 'foodLeft=11'), ((4, 4), 'foodLeft=10'), ((16, 3), 'foodLeft=13'), ((11, 5), 'foodLeft=10'), ((1, 3), 'foodLeft=11'), ((1, 3), 'foodLeft=12'), ((1, 4), 'foodLeft=11'), ((13, 5), 'foodLeft=11'), ((5, 5), 'foodLeft=9'), ((9, 5), 'foodLeft=11'), ((9, 3), 'foodLeft=11'), ((3, 3), 'foodLeft=11'), ((8, 3), 'foodLeft=11'), ((5, 5), 'foodLeft=10'), ((13, 5), 'foodLeft=10'), ((3, 3), 'foodLeft=12'), ((4, 4), 'foodLeft=11'), ((16, 3), 'foodLeft=12'), ((2, 5), 'foodLeft=10'), ((2, 5), 'foodLeft=11'), ((2, 5), 'foodLeft=11'), ((14, 5), 'foodLeft=9'), ((9, 5), 'foodLeft=10'), ((14, 3), 'foodLeft=12'), ((13, 4), 'foodLeft=10'), ((13, 4), 'foodLeft=11'), ((8, 5), 'foodLeft=12'), ((14, 3), 'foodLeft=11'), ((8, 3), 'foodLeft=12'), ((13, 4), 'foodLeft=9'), ((7, 4), 'foodLeft=11'), ((1, 3), 'foodLeft=10'), ((1, 3), 'foodLeft=11'), ((10, 4), 'foodLeft=9'), ((5, 3), 'foodLeft=10'), ((5, 3), 'foodLeft=9'), ((5, 5), 'foodLeft=11')]","[((4, 4), 'foodLeft=10'), ((13, 3), 'foodLeft=10'), ((5, 5), 'foodLeft=10'), ((11, 5), 'foodLeft=11'), ((14, 3), 'foodLeft=12'), ((5, 3), 'foodLeft=10'), ((12, 5), 'foodLeft=11'), ((12, 3), 'foodLeft=12'), ((13, 4), 'foodLeft=11'), ((12, 5), 'foodLeft=10'), ((14, 3), 'foodLeft=11'), ((13, 4), 'foodLeft=10'), ((5, 5), 'foodLeft=9'), ((12, 3), 'foodLeft=11'), ((8, 5), 'foodLeft=11'), ((3, 5), 'foodLeft=12'), ((5, 5), 'foodLeft=11'), ((3, 5), 'foodLeft=11'), ((5, 3), 'foodLeft=11'), ((4, 4), 'foodLeft=10'), ((16, 3), 'foodLeft=13'), ((11, 5), 'foodLeft=10'), ((1, 3), 'foodLeft=11'), ((1, 3), 'foodLeft=12'), ((1, 4), 'foodLeft=11'), ((13, 5), 'foodLeft=11'), ((5, 3), 'foodLeft=9'), ((9, 5), 'foodLeft=11'), ((9, 3), 'foodLeft=11'), ((3, 3), 'foodLeft=11'), ((8, 3), 'foodLeft=11'), ((5, 5), 'foodLeft=10'), ((13, 5), 'foodLeft=10'), ((3, 3), 'foodLeft=12'), ((4, 4), 'foodLeft=11'), ((16, 3), 'foodLeft=12'), ((2, 5), 'foodLeft=10'), ((2, 5), 'foodLeft=11'), ((2, 5), 'foodLeft=11'), ((14, 5), 'foodLeft=9'), ((9, 5), 'foodLeft=10'), ((14, 3), 'foodLeft=12'), ((13, 4), 'foodLeft=10'), ((13, 4), 'foodLeft=11'), ((8, 5), 'foodLeft=12'), ((14, 3), 'foodLeft=11'), ((8, 3), 'foodLeft=12'), ((13, 4), 'foodLeft=9'), ((7, 4), 'foodLeft=11'), ((1, 3), 'foodLeft=10'), ((1, 3), 'foodLeft=11'), ((10, 4), 'foodLeft=9'), ((5, 3), 'foodLeft=10'), ((5, 5), 'foodLeft=11')]",157,16,43,59
157,"((4, 4), 'foodLeft=10')","((4, 5), 'foodLeft=10')",South,"[((4, 5), 'foodLeft=10'), ((4, 3), 'foodLeft=10')]","[((4, 4), 'foodLeft=10'), ((13, 3), 'foodLeft=10'), ((5, 5), 'foodLeft=10'), ((11, 5), 'foodLeft=11'), ((14, 3), 'foodLeft=12'), ((5, 3), 'foodLeft=10'), ((12, 5), 'foodLeft=11'), ((12, 3), 'foodLeft=12'), ((13, 4), 'foodLeft=11'), ((12, 5), 'foodLeft=10'), ((14, 3), 'foodLeft=11'), ((13, 4), 'foodLeft=10'), ((5, 5), 'foodLeft=9'), ((12, 3), 'foodLeft=11'), ((8, 5), 'foodLeft=11'), ((3, 5), 'foodLeft=12'), ((5, 5), 'foodLeft=11'), ((3, 5), 'foodLeft=11'), ((5, 3), 'foodLeft=11'), ((4, 4), 'foodLeft=10'), ((16, 3), 'foodLeft=13'), ((11, 5), 'foodLeft=10'), ((1, 3), 'foodLeft=11'), ((1, 3), 'foodLeft=12'), ((1, 4), 'foodLeft=11'), ((13, 5), 'foodLeft=11'), ((5, 3), 'foodLeft=9'), ((9, 5), 'foodLeft=11'), ((9, 3), 'foodLeft=11'), ((3, 3), 'foodLeft=11'), ((8, 3), 'foodLeft=11'), ((5, 5), 'foodLeft=10'), ((13, 5), 'foodLeft=10'), ((3, 3), 'foodLeft=12'), ((4, 4), 'foodLeft=11'), ((16, 3), 'foodLeft=12'), ((2, 5), 'foodLeft=10'), ((2, 5), 'foodLeft=11'), ((2, 5), 'foodLeft=11'), ((14, 5), 'foodLeft=9'), ((9, 5), 'foodLeft=10'), ((14, 3), 'foodLeft=12'), ((13, 4), 'foodLeft=10'), ((13, 4), 'foodLeft=11'), ((8, 5), 'foodLeft=12'), ((14, 3), 'foodLeft=11'), ((8, 3), 'foodLeft=12'), ((13, 4), 'foodLeft=9'), ((7, 4), 'foodLeft=11'), ((1, 3), 'foodLeft=10'), ((1, 3), 'foodLeft=11'), ((10, 4), 'foodLeft=9'), ((5, 3), 'foodLeft=10'), ((5, 5), 'foodLeft=11')]","[((5, 5), 'foodLeft=10'), ((13, 3), 'foodLeft=10'), ((5, 3), 'foodLeft=10'), ((11, 5), 'foodLeft=11'), ((14, 3), 'foodLeft=12'), ((5, 5), 'foodLeft=9'), ((12, 5), 'foodLeft=11'), ((12, 3), 'foodLeft=12'), ((13, 4), 'foodLeft=11'), ((12, 5), 'foodLeft=10'), ((14, 3), 'foodLeft=11'), ((13, 4), 'foodLeft=10'), ((5, 3), 'foodLeft=9'), ((12, 3), 'foodLeft=11'), ((8, 5), 'foodLeft=11'), ((3, 5), 'foodLeft=12'), ((5, 5), 'foodLeft=11'), ((3, 5), 'foodLeft=11'), ((5, 3), 'foodLeft=11'), ((4, 4), 'foodLeft=10'), ((16, 3), 'foodLeft=13'), ((11, 5), 'foodLeft=10'), ((1, 3), 'foodLeft=11'), ((1, 3), 'foodLeft=12'), ((1, 4), 'foodLeft=11'), ((13, 5), 'foodLeft=11'), ((5, 5), 'foodLeft=11'), ((9, 5), 'foodLeft=11'), ((9, 3), 'foodLeft=11'), ((3, 3), 'foodLeft=11'), ((8, 3), 'foodLeft=11'), ((5, 5), 'foodLeft=10'), ((13, 5), 'foodLeft=10'), ((3, 3), 'foodLeft=12'), ((4, 4), 'foodLeft=11'), ((16, 3), 'foodLeft=12'), ((2, 5), 'foodLeft=10'), ((2, 5), 'foodLeft=11'), ((2, 5), 'foodLeft=11'), ((14, 5), 'foodLeft=9'), ((9, 5), 'foodLeft=10'), ((14, 3), 'foodLeft=12'), ((13, 4), 'foodLeft=10'), ((13, 4), 'foodLeft=11'), ((8, 5), 'foodLeft=12'), ((14, 3), 'foodLeft=11'), ((8, 3), 'foodLeft=12'), ((13, 4), 'foodLeft=9'), ((7, 4), 'foodLeft=11'), ((1, 3), 'foodLeft=10'), ((1, 3), 'foodLeft=11'), ((10, 4), 'foodLeft=9'), ((5, 3), 'foodLeft=10')]",158,14,45,59
158,"((5, 5), 'foodLeft=10')","((4, 5), 'foodLeft=10')",East,"[((6, 5), 'foodLeft=10'), ((4, 5), 'foodLeft=10')]","[((5, 5), 'foodLeft=10'), ((13, 3), 'foodLeft=10'), ((5, 3), 'foodLeft=10'), ((11, 5), 'foodLeft=11'), ((14, 3), 'foodLeft=12'), ((5, 5), 'foodLeft=9'), ((12, 5), 'foodLeft=11'), ((12, 3), 'foodLeft=12'), ((13, 4), 'foodLeft=11'), ((12, 5), 'foodLeft=10'), ((14, 3), 'foodLeft=11'), ((13, 4), 'foodLeft=10'), ((5, 3), 'foodLeft=9'), ((12, 3), 'foodLeft=11'), ((8, 5), 'foodLeft=11'), ((3, 5), 'foodLeft=12'), ((5, 5), 'foodLeft=11'), ((3, 5), 'foodLeft=11'), ((5, 3), 'foodLeft=11'), ((4, 4), 'foodLeft=10'), ((16, 3), 'foodLeft=13'), ((11, 5), 'foodLeft=10'), ((1, 3), 'foodLeft=11'), ((1, 3), 'foodLeft=12'), ((1, 4), 'foodLeft=11'), ((13, 5), 'foodLeft=11'), ((5, 5), 'foodLeft=11'), ((9, 5), 'foodLeft=11'), ((9, 3), 'foodLeft=11'), ((3, 3), 'foodLeft=11'), ((8, 3), 'foodLeft=11'), ((5, 5), 'foodLeft=10'), ((13, 5), 'foodLeft=10'), ((3, 3), 'foodLeft=12'), ((4, 4), 'foodLeft=11'), ((16, 3), 'foodLeft=12'), ((2, 5), 'foodLeft=10'), ((2, 5), 'foodLeft=11'), ((2, 5), 'foodLeft=11'), ((14, 5), 'foodLeft=9'), ((9, 5), 'foodLeft=10'), ((14, 3), 'foodLeft=12'), ((13, 4), 'foodLeft=10'), ((13, 4), 'foodLeft=11'), ((8, 5), 'foodLeft=12'), ((14, 3), 'foodLeft=11'), ((8, 3), 'foodLeft=12'), ((13, 4), 'foodLeft=9'), ((7, 4), 'foodLeft=11'), ((1, 3), 'foodLeft=10'), ((1, 3), 'foodLeft=11'), ((10, 4), 'foodLeft=9'), ((5, 3), 'foodLeft=10')]","[((5, 3), 'foodLeft=10'), ((13, 3), 'foodLeft=10'), ((5, 5), 'foodLeft=9'), ((11, 5), 'foodLeft=11'), ((14, 3), 'foodLeft=12'), ((5, 3), 'foodLeft=9'), ((12, 5), 'foodLeft=11'), ((12, 3), 'foodLeft=12'), ((13, 4), 'foodLeft=11'), ((12, 5), 'foodLeft=10'), ((14, 3), 'foodLeft=11'), ((13, 4), 'foodLeft=10'), ((6, 5), 'foodLeft=10'), ((12, 3), 'foodLeft=11'), ((8, 5), 'foodLeft=11'), ((3, 5), 'foodLeft=12'), ((5, 5), 'foodLeft=11'), ((3, 5), 'foodLeft=11'), ((5, 3), 'foodLeft=11'), ((4, 4), 'foodLeft=10'), ((16, 3), 'foodLeft=13'), ((11, 5), 'foodLeft=10'), ((1, 3), 'foodLeft=11'), ((1, 3), 'foodLeft=12'), ((1, 4), 'foodLeft=11'), ((13, 5), 'foodLeft=11'), ((5, 5), 'foodLeft=11'), ((9, 5), 'foodLeft=11'), ((9, 3), 'foodLeft=11'), ((3, 3), 'foodLeft=11'), ((8, 3), 'foodLeft=11'), ((5, 5), 'foodLeft=10'), ((13, 5), 'foodLeft=10'), ((3, 3), 'foodLeft=12'), ((4, 4), 'foodLeft=11'), ((16, 3), 'foodLeft=12'), ((2, 5), 'foodLeft=10'), ((2, 5), 'foodLeft=11'), ((2, 5), 'foodLeft=11'), ((14, 5), 'foodLeft=9'), ((9, 5), 'foodLeft=10'), ((14, 3), 'foodLeft=12'), ((13, 4), 'foodLeft=10'), ((13, 4), 'foodLeft=11'), ((8, 5), 'foodLeft=12'), ((14, 3), 'foodLeft=11'), ((8, 3), 'foodLeft=12'), ((13, 4), 'foodLeft=9'), ((7, 4), 'foodLeft=11'), ((1, 3), 'foodLeft=10'), ((1, 3), 'foodLeft=11'), ((10, 4), 'foodLeft=9'), ((5, 3), 'foodLeft=10')]",159,16,43,59
159,"((5, 3), 'foodLeft=10')","((4, 3), 'foodLeft=10')",East,"[((6, 3), 'foodLeft=10'), ((4, 3), 'foodLeft=10')]","[((5, 3), 'foodLeft=10'), ((13, 3), 'foodLeft=10'), ((5, 5), 'foodLeft=9'), ((11, 5), 'foodLeft=11'), ((14, 3), 'foodLeft=12'), ((5, 3), 'foodLeft=9'), ((12, 5), 'foodLeft=11'), ((12, 3), 'foodLeft=12'), ((13, 4), 'foodLeft=11'), ((12, 5), 'foodLeft=10'), ((14, 3), 'foodLeft=11'), ((13, 4), 'foodLeft=10'), ((6, 5), 'foodLeft=10'), ((12, 3), 'foodLeft=11'), ((8, 5), 'foodLeft=11'), ((3, 5), 'foodLeft=12'), ((5, 5), 'foodLeft=11'), ((3, 5), 'foodLeft=11'), ((5, 3), 'foodLeft=11'), ((4, 4), 'foodLeft=10'), ((16, 3), 'foodLeft=13'), ((11, 5), 'foodLeft=10'), ((1, 3), 'foodLeft=11'), ((1, 3), 'foodLeft=12'), ((1, 4), 'foodLeft=11'), ((13, 5), 'foodLeft=11'), ((5, 5), 'foodLeft=11'), ((9, 5), 'foodLeft=11'), ((9, 3), 'foodLeft=11'), ((3, 3), 'foodLeft=11'), ((8, 3), 'foodLeft=11'), ((5, 5), 'foodLeft=10'), ((13, 5), 'foodLeft=10'), ((3, 3), 'foodLeft=12'), ((4, 4), 'foodLeft=11'), ((16, 3), 'foodLeft=12'), ((2, 5), 'foodLeft=10'), ((2, 5), 'foodLeft=11'), ((2, 5), 'foodLeft=11'), ((14, 5), 'foodLeft=9'), ((9, 5), 'foodLeft=10'), ((14, 3), 'foodLeft=12'), ((13, 4), 'foodLeft=10'), ((13, 4), 'foodLeft=11'), ((8, 5), 'foodLeft=12'), ((14, 3), 'foodLeft=11'), ((8, 3), 'foodLeft=12'), ((13, 4), 'foodLeft=9'), ((7, 4), 'foodLeft=11'), ((1, 3), 'foodLeft=10'), ((1, 3), 'foodLeft=11'), ((10, 4), 'foodLeft=9'), ((5, 3), 'foodLeft=10')]","[((5, 5), 'foodLeft=9'), ((13, 3), 'foodLeft=10'), ((5, 3), 'foodLeft=9'), ((11, 5), 'foodLeft=11'), ((14, 3), 'foodLeft=12'), ((6, 5), 'foodLeft=10'), ((12, 5), 'foodLeft=11'), ((12, 3), 'foodLeft=12'), ((13, 4), 'foodLeft=11'), ((12, 5), 'foodLeft=10'), ((14, 3), 'foodLeft=11'), ((13, 4), 'foodLeft=10'), ((6, 3), 'foodLeft=10'), ((12, 3), 'foodLeft=11'), ((8, 5), 'foodLeft=11'), ((3, 5), 'foodLeft=12'), ((5, 5), 'foodLeft=11'), ((3, 5), 'foodLeft=11'), ((5, 3), 'foodLeft=11'), ((4, 4), 'foodLeft=10'), ((16, 3), 'foodLeft=13'), ((11, 5), 'foodLeft=10'), ((1, 3), 'foodLeft=11'), ((1, 3), 'foodLeft=12'), ((1, 4), 'foodLeft=11'), ((13, 5), 'foodLeft=11'), ((5, 5), 'foodLeft=11'), ((9, 5), 'foodLeft=11'), ((9, 3), 'foodLeft=11'), ((3, 3), 'foodLeft=11'), ((8, 3), 'foodLeft=11'), ((5, 5), 'foodLeft=10'), ((13, 5), 'foodLeft=10'), ((3, 3), 'foodLeft=12'), ((4, 4), 'foodLeft=11'), ((16, 3), 'foodLeft=12'), ((2, 5), 'foodLeft=10'), ((2, 5), 'foodLeft=11'), ((2, 5), 'foodLeft=11'), ((14, 5), 'foodLeft=9'), ((9, 5), 'foodLeft=10'), ((14, 3), 'foodLeft=12'), ((13, 4), 'foodLeft=10'), ((13, 4), 'foodLeft=11'), ((8, 5), 'foodLeft=12'), ((14, 3), 'foodLeft=11'), ((8, 3), 'foodLeft=12'), ((13, 4), 'foodLeft=9'), ((7, 4), 'foodLeft=11'), ((1, 3), 'foodLeft=10'), ((1, 3), 'foodLeft=11'), ((10, 4), 'foodLeft=9'), ((5, 3), 'foodLeft=10')]",160,16,43,59
160,"((5, 5), 'foodLeft=9')","((4, 5), 'foodLeft=9')",East,"[((6, 5), 'foodLeft=9'), ((4, 5), 'foodLeft=9')]","[((5, 5), 'foodLeft=9'), ((13, 3), 'foodLeft=10'), ((5, 3), 'foodLeft=9'), ((11, 5), 'foodLeft=11'), ((14, 3), 'foodLeft=12'), ((6, 5), 'foodLeft=10'), ((12, 5), 'foodLeft=11'), ((12, 3), 'foodLeft=12'), ((13, 4), 'foodLeft=11'), ((12, 5), 'foodLeft=10'), ((14, 3), 'foodLeft=11'), ((13, 4), 'foodLeft=10'), ((6, 3), 'foodLeft=10'), ((12, 3), 'foodLeft=11'), ((8, 5), 'foodLeft=11'), ((3, 5), 'foodLeft=12'), ((5, 5), 'foodLeft=11'), ((3, 5), 'foodLeft=11'), ((5, 3), 'foodLeft=11'), ((4, 4), 'foodLeft=10'), ((16, 3), 'foodLeft=13'), ((11, 5), 'foodLeft=10'), ((1, 3), 'foodLeft=11'), ((1, 3), 'foodLeft=12'), ((1, 4), 'foodLeft=11'), ((13, 5), 'foodLeft=11'), ((5, 5), 'foodLeft=11'), ((9, 5), 'foodLeft=11'), ((9, 3), 'foodLeft=11'), ((3, 3), 'foodLeft=11'), ((8, 3), 'foodLeft=11'), ((5, 5), 'foodLeft=10'), ((13, 5), 'foodLeft=10'), ((3, 3), 'foodLeft=12'), ((4, 4), 'foodLeft=11'), ((16, 3), 'foodLeft=12'), ((2, 5), 'foodLeft=10'), ((2, 5), 'foodLeft=11'), ((2, 5), 'foodLeft=11'), ((14, 5), 'foodLeft=9'), ((9, 5), 'foodLeft=10'), ((14, 3), 'foodLeft=12'), ((13, 4), 'foodLeft=10'), ((13, 4), 'foodLeft=11'), ((8, 5), 'foodLeft=12'), ((14, 3), 'foodLeft=11'), ((8, 3), 'foodLeft=12'), ((13, 4), 'foodLeft=9'), ((7, 4), 'foodLeft=11'), ((1, 3), 'foodLeft=10'), ((1, 3), 'foodLeft=11'), ((10, 4), 'foodLeft=9'), ((5, 3), 'foodLeft=10')]","[((5, 3), 'foodLeft=9'), ((13, 3), 'foodLeft=10'), ((6, 5), 'foodLeft=10'), ((11, 5), 'foodLeft=11'), ((14, 3), 'foodLeft=12'), ((6, 3), 'foodLeft=10'), ((12, 5), 'foodLeft=11'), ((12, 3), 'foodLeft=12'), ((13, 4), 'foodLeft=11'), ((12, 5), 'foodLeft=10'), ((14, 3), 'foodLeft=11'), ((13, 4), 'foodLeft=10'), ((6, 5), 'foodLeft=9'), ((12, 3), 'foodLeft=11'), ((8, 5), 'foodLeft=11'), ((3, 5), 'foodLeft=12'), ((5, 5), 'foodLeft=11'), ((3, 5), 'foodLeft=11'), ((5, 3), 'foodLeft=11'), ((4, 4), 'foodLeft=10'), ((16, 3), 'foodLeft=13'), ((11, 5), 'foodLeft=10'), ((1, 3), 'foodLeft=11'), ((1, 3), 'foodLeft=12'), ((1, 4), 'foodLeft=11'), ((13, 5), 'foodLeft=11'), ((5, 5), 'foodLeft=11'), ((9, 5), 'foodLeft=11'), ((9, 3), 'foodLeft=11'), ((3, 3), 'foodLeft=11'), ((8, 3), 'foodLeft=11'), ((5, 5), 'foodLeft=10'), ((13, 5), 'foodLeft=10'), ((3, 3), 'foodLeft=12'), ((4, 4), 'foodLeft=11'), ((16, 3), 'foodLeft=12'), ((2, 5), 'foodLeft=10'), ((2, 5), 'foodLeft=11'), ((2, 5), 'foodLeft=11'), ((14, 5), 'foodLeft=9'), ((9, 5), 'foodLeft=10'), ((14, 3), 'foodLeft=12'), ((13, 4), 'foodLeft=10'), ((13, 4), 'foodLeft=11'), ((8, 5), 'foodLeft=12'), ((14, 3), 'foodLeft=11'), ((8, 3), 'foodLeft=12'), ((13, 4), 'foodLeft=9'), ((7, 4), 'foodLeft=11'), ((1, 3), 'foodLeft=10'), ((1, 3), 'foodLeft=11'), ((10, 4), 'foodLeft=9'), ((5, 3), 'foodLeft=10')]",161,18,41,59
161,"((5, 3), 'foodLeft=9')","((4, 3), 'foodLeft=9')",East,"[((6, 3), 'foodLeft=9'), ((4, 3), 'foodLeft=9')]","[((5, 3), 'foodLeft=9'), ((13, 3), 'foodLeft=10'), ((6, 5), 'foodLeft=10'), ((11, 5), 'foodLeft=11'), ((14, 3), 'foodLeft=12'), ((6, 3), 'foodLeft=10'), ((12, 5), 'foodLeft=11'), ((12, 3), 'foodLeft=12'), ((13, 4), 'foodLeft=11'), ((12, 5), 'foodLeft=10'), ((14, 3), 'foodLeft=11'), ((13, 4), 'foodLeft=10'), ((6, 5), 'foodLeft=9'), ((12, 3), 'foodLeft=11'), ((8, 5), 'foodLeft=11'), ((3, 5), 'foodLeft=12'), ((5, 5), 'foodLeft=11'), ((3, 5), 'foodLeft=11'), ((5, 3), 'foodLeft=11'), ((4, 4), 'foodLeft=10'), ((16, 3), 'foodLeft=13'), ((11, 5), 'foodLeft=10'), ((1, 3), 'foodLeft=11'), ((1, 3), 'foodLeft=12'), ((1, 4), 'foodLeft=11'), ((13, 5), 'foodLeft=11'), ((5, 5), 'foodLeft=11'), ((9, 5), 'foodLeft=11'), ((9, 3), 'foodLeft=11'), ((3, 3), 'foodLeft=11'), ((8, 3), 'foodLeft=11'), ((5, 5), 'foodLeft=10'), ((13, 5), 'foodLeft=10'), ((3, 3), 'foodLeft=12'), ((4, 4), 'foodLeft=11'), ((16, 3), 'foodLeft=12'), ((2, 5), 'foodLeft=10'), ((2, 5), 'foodLeft=11'), ((2, 5), 'foodLeft=11'), ((14, 5), 'foodLeft=9'), ((9, 5), 'foodLeft=10'), ((14, 3), 'foodLeft=12'), ((13, 4), 'foodLeft=10'), ((13, 4), 'foodLeft=11'), ((8, 5), 'foodLeft=12'), ((14, 3), 'foodLeft=11'), ((8, 3), 'foodLeft=12'), ((13, 4), 'foodLeft=9'), ((7, 4), 'foodLeft=11'), ((1, 3), 'foodLeft=10'), ((1, 3), 'foodLeft=11'), ((10, 4), 'foodLeft=9'), ((5, 3), 'foodLeft=10')]","[((6, 5), 'foodLeft=10'), ((13, 3), 'foodLeft=10'), ((6, 3), 'foodLeft=10'), ((11, 5), 'foodLeft=11'), ((14, 3), 'foodLeft=12'), ((6, 5), 'foodLeft=9'), ((12, 5), 'foodLeft=11'), ((12, 3), 'foodLeft=12'), ((13, 4), 'foodLeft=11'), ((12, 5), 'foodLeft=10'), ((14, 3), 'foodLeft=11'), ((13, 4), 'foodLeft=10'), ((6, 3), 'foodLeft=9'), ((12, 3), 'foodLeft=11'), ((8, 5), 'foodLeft=11'), ((3, 5), 'foodLeft=12'), ((5, 5), 'foodLeft=11'), ((3, 5), 'foodLeft=11'), ((5, 3), 'foodLeft=11'), ((4, 4), 'foodLeft=10'), ((16, 3), 'foodLeft=13'), ((11, 5), 'foodLeft=10'), ((1, 3), 'foodLeft=11'), ((1, 3), 'foodLeft=12'), ((1, 4), 'foodLeft=11'), ((13, 5), 'foodLeft=11'), ((5, 5), 'foodLeft=11'), ((9, 5), 'foodLeft=11'), ((9, 3), 'foodLeft=11'), ((3, 3), 'foodLeft=11'), ((8, 3), 'foodLeft=11'), ((5, 5), 'foodLeft=10'), ((13, 5), 'foodLeft=10'), ((3, 3), 'foodLeft=12'), ((4, 4), 'foodLeft=11'), ((16, 3), 'foodLeft=12'), ((2, 5), 'foodLeft=10'), ((2, 5), 'foodLeft=11'), ((2, 5), 'foodLeft=11'), ((14, 5), 'foodLeft=9'), ((9, 5), 'foodLeft=10'), ((14, 3), 'foodLeft=12'), ((13, 4), 'foodLeft=10'), ((13, 4), 'foodLeft=11'), ((8, 5), 'foodLeft=12'), ((14, 3), 'foodLeft=11'), ((8, 3), 'foodLeft=12'), ((13, 4), 'foodLeft=9'), ((7, 4), 'foodLeft=11'), ((1, 3), 'foodLeft=10'), ((1, 3), 'foodLeft=11'), ((10, 4), 'foodLeft=9'), ((5, 3), 'foodLeft=10')]",162,18,41,59
162,"((6, 5), 'foodLeft=10')","((5, 5), 'foodLeft=10')",East,"[((7, 5), 'foodLeft=10'), ((5, 5), 'foodLeft=10')]","[((6, 5), 'foodLeft=10'), ((13, 3), 'foodLeft=10'), ((6, 3), 'foodLeft=10'), ((11, 5), 'foodLeft=11'), ((14, 3), 'foodLeft=12'), ((6, 5), 'foodLeft=9'), ((12, 5), 'foodLeft=11'), ((12, 3), 'foodLeft=12'), ((13, 4), 'foodLeft=11'), ((12, 5), 'foodLeft=10'), ((14, 3), 'foodLeft=11'), ((13, 4), 'foodLeft=10'), ((6, 3), 'foodLeft=9'), ((12, 3), 'foodLeft=11'), ((8, 5), 'foodLeft=11'), ((3, 5), 'foodLeft=12'), ((5, 5), 'foodLeft=11'), ((3, 5), 'foodLeft=11'), ((5, 3), 'foodLeft=11'), ((4, 4), 'foodLeft=10'), ((16, 3), 'foodLeft=13'), ((11, 5), 'foodLeft=10'), ((1, 3), 'foodLeft=11'), ((1, 3), 'foodLeft=12'), ((1, 4), 'foodLeft=11'), ((13, 5), 'foodLeft=11'), ((5, 5), 'foodLeft=11'), ((9, 5), 'foodLeft=11'), ((9, 3), 'foodLeft=11'), ((3, 3), 'foodLeft=11'), ((8, 3), 'foodLeft=11'), ((5, 5), 'foodLeft=10'), ((13, 5), 'foodLeft=10'), ((3, 3), 'foodLeft=12'), ((4, 4), 'foodLeft=11'), ((16, 3), 'foodLeft=12'), ((2, 5), 'foodLeft=10'), ((2, 5), 'foodLeft=11'), ((2, 5), 'foodLeft=11'), ((14, 5), 'foodLeft=9'), ((9, 5), 'foodLeft=10'), ((14, 3), 'foodLeft=12'), ((13, 4), 'foodLeft=10'), ((13, 4), 'foodLeft=11'), ((8, 5), 'foodLeft=12'), ((14, 3), 'foodLeft=11'), ((8, 3), 'foodLeft=12'), ((13, 4), 'foodLeft=9'), ((7, 4), 'foodLeft=11'), ((1, 3), 'foodLeft=10'), ((1, 3), 'foodLeft=11'), ((10, 4), 'foodLeft=9'), ((5, 3), 'foodLeft=10')]","[((6, 3), 'foodLeft=10'), ((13, 3), 'foodLeft=10'), ((6, 5), 'foodLeft=9'), ((11, 5), 'foodLeft=11'), ((14, 3), 'foodLeft=12'), ((6, 3), 'foodLeft=9'), ((12, 5), 'foodLeft=11'), ((12, 3), 'foodLeft=12'), ((13, 4), 'foodLeft=11'), ((12, 5), 'foodLeft=10'), ((14, 3), 'foodLeft=11'), ((13, 4), 'foodLeft=10'), ((7, 5), 'foodLeft=10'), ((12, 3), 'foodLeft=11'), ((8, 5), 'foodLeft=11'), ((3, 5), 'foodLeft=12'), ((5, 5), 'foodLeft=11'), ((3, 5), 'foodLeft=11'), ((5, 3), 'foodLeft=11'), ((4, 4), 'foodLeft=10'), ((16, 3), 'foodLeft=13'), ((11, 5), 'foodLeft=10'), ((1, 3), 'foodLeft=11'), ((1, 3), 'foodLeft=12'), ((1, 4), 'foodLeft=11'), ((13, 5), 'foodLeft=11'), ((5, 5), 'foodLeft=11'), ((9, 5), 'foodLeft=11'), ((9, 3), 'foodLeft=11'), ((3, 3), 'foodLeft=11'), ((8, 3), 'foodLeft=11'), ((5, 5), 'foodLeft=10'), ((13, 5), 'foodLeft=10'), ((3, 3), 'foodLeft=12'), ((4, 4), 'foodLeft=11'), ((16, 3), 'foodLeft=12'), ((2, 5), 'foodLeft=10'), ((2, 5), 'foodLeft=11'), ((2, 5), 'foodLeft=11'), ((14, 5), 'foodLeft=9'), ((9, 5), 'foodLeft=10'), ((14, 3), 'foodLeft=12'), ((13, 4), 'foodLeft=10'), ((13, 4), 'foodLeft=11'), ((8, 5), 'foodLeft=12'), ((14, 3), 'foodLeft=11'), ((8, 3), 'foodLeft=12'), ((13, 4), 'foodLeft=9'), ((7, 4), 'foodLeft=11'), ((1, 3), 'foodLeft=10'), ((1, 3), 'foodLeft=11'), ((10, 4), 'foodLeft=9'), ((5, 3), 'foodLeft=10')]",163,17,42,59
163,"((6, 3), 'foodLeft=10')","((5, 3), 'foodLeft=10')",East,"[((7, 3), 'foodLeft=10'), ((5, 3), 'foodLeft=10')]","[((6, 3), 'foodLeft=10'), ((13, 3), 'foodLeft=10'), ((6, 5), 'foodLeft=9'), ((11, 5), 'foodLeft=11'), ((14, 3), 'foodLeft=12'), ((6, 3), 'foodLeft=9'), ((12, 5), 'foodLeft=11'), ((12, 3), 'foodLeft=12'), ((13, 4), 'foodLeft=11'), ((12, 5), 'foodLeft=10'), ((14, 3), 'foodLeft=11'), ((13, 4), 'foodLeft=10'), ((7, 5), 'foodLeft=10'), ((12, 3), 'foodLeft=11'), ((8, 5), 'foodLeft=11'), ((3, 5), 'foodLeft=12'), ((5, 5), 'foodLeft=11'), ((3, 5), 'foodLeft=11'), ((5, 3), 'foodLeft=11'), ((4, 4), 'foodLeft=10'), ((16, 3), 'foodLeft=13'), ((11, 5), 'foodLeft=10'), ((1, 3), 'foodLeft=11'), ((1, 3), 'foodLeft=12'), ((1, 4), 'foodLeft=11'), ((13, 5), 'foodLeft=11'), ((5, 5), 'foodLeft=11'), ((9, 5), 'foodLeft=11'), ((9, 3), 'foodLeft=11'), ((3, 3), 'foodLeft=11'), ((8, 3), 'foodLeft=11'), ((5, 5), 'foodLeft=10'), ((13, 5), 'foodLeft=10'), ((3, 3), 'foodLeft=12'), ((4, 4), 'foodLeft=11'), ((16, 3), 'foodLeft=12'), ((2, 5), 'foodLeft=10'), ((2, 5), 'foodLeft=11'), ((2, 5), 'foodLeft=11'), ((14, 5), 'foodLeft=9'), ((9, 5), 'foodLeft=10'), ((14, 3), 'foodLeft=12'), ((13, 4), 'foodLeft=10'), ((13, 4), 'foodLeft=11'), ((8, 5), 'foodLeft=12'), ((14, 3), 'foodLeft=11'), ((8, 3), 'foodLeft=12'), ((13, 4), 'foodLeft=9'), ((7, 4), 'foodLeft=11'), ((1, 3), 'foodLeft=10'), ((1, 3), 'foodLeft=11'), ((10, 4), 'foodLeft=9'), ((5, 3), 'foodLeft=10')]","[((6, 5), 'foodLeft=9'), ((13, 3), 'foodLeft=10'), ((6, 3), 'foodLeft=9'), ((11, 5), 'foodLeft=11'), ((14, 3), 'foodLeft=12'), ((7, 5), 'foodLeft=10'), ((12, 5), 'foodLeft=11'), ((12, 3), 'foodLeft=12'), ((13, 4), 'foodLeft=11'), ((12, 5), 'foodLeft=10'), ((14, 3), 'foodLeft=11'), ((13, 4), 'foodLeft=10'), ((7, 3), 'foodLeft=10'), ((12, 3), 'foodLeft=11'), ((8, 5), 'foodLeft=11'), ((3, 5), 'foodLeft=12'), ((5, 5), 'foodLeft=11'), ((3, 5), 'foodLeft=11'), ((5, 3), 'foodLeft=11'), ((4, 4), 'foodLeft=10'), ((16, 3), 'foodLeft=13'), ((11, 5), 'foodLeft=10'), ((1, 3), 'foodLeft=11'), ((1, 3), 'foodLeft=12'), ((1, 4), 'foodLeft=11'), ((13, 5), 'foodLeft=11'), ((5, 5), 'foodLeft=11'), ((9, 5), 'foodLeft=11'), ((9, 3), 'foodLeft=11'), ((3, 3), 'foodLeft=11'), ((8, 3), 'foodLeft=11'), ((5, 5), 'foodLeft=10'), ((13, 5), 'foodLeft=10'), ((3, 3), 'foodLeft=12'), ((4, 4), 'foodLeft=11'), ((16, 3), 'foodLeft=12'), ((2, 5), 'foodLeft=10'), ((2, 5), 'foodLeft=11'), ((2, 5), 'foodLeft=11'), ((14, 5), 'foodLeft=9'), ((9, 5), 'foodLeft=10'), ((14, 3), 'foodLeft=12'), ((13, 4), 'foodLeft=10'), ((13, 4), 'foodLeft=11'), ((8, 5), 'foodLeft=12'), ((14, 3), 'foodLeft=11'), ((8, 3), 'foodLeft=12'), ((13, 4), 'foodLeft=9'), ((7, 4), 'foodLeft=11'), ((1, 3), 'foodLeft=10'), ((1, 3), 'foodLeft=11'), ((10, 4), 'foodLeft=9'), ((5, 3), 'foodLeft=10')]",164,17,42,59
164,"((6, 5), 'foodLeft=9')","((5, 5), 'foodLeft=9')",East,"[((7, 5), 'foodLeft=9'), ((5, 5), 'foodLeft=9')]","[((6, 5), 'foodLeft=9'), ((13, 3), 'foodLeft=10'), ((6, 3), 'foodLeft=9'), ((11, 5), 'foodLeft=11'), ((14, 3), 'foodLeft=12'), ((7, 5), 'foodLeft=10'), ((12, 5), 'foodLeft=11'), ((12, 3), 'foodLeft=12'), ((13, 4), 'foodLeft=11'), ((12, 5), 'foodLeft=10'), ((14, 3), 'foodLeft=11'), ((13, 4), 'foodLeft=10'), ((7, 3), 'foodLeft=10'), ((12, 3), 'foodLeft=11'), ((8, 5), 'foodLeft=11'), ((3, 5), 'foodLeft=12'), ((5, 5), 'foodLeft=11'), ((3, 5), 'foodLeft=11'), ((5, 3), 'foodLeft=11'), ((4, 4), 'foodLeft=10'), ((16, 3), 'foodLeft=13'), ((11, 5), 'foodLeft=10'), ((1, 3), 'foodLeft=11'), ((1, 3), 'foodLeft=12'), ((1, 4), 'foodLeft=11'), ((13, 5), 'foodLeft=11'), ((5, 5), 'foodLeft=11'), ((9, 5), 'foodLeft=11'), ((9, 3), 'foodLeft=11'), ((3, 3), 'foodLeft=11'), ((8, 3), 'foodLeft=11'), ((5, 5), 'foodLeft=10'), ((13, 5), 'foodLeft=10'), ((3, 3), 'foodLeft=12'), ((4, 4), 'foodLeft=11'), ((16, 3), 'foodLeft=12'), ((2, 5), 'foodLeft=10'), ((2, 5), 'foodLeft=11'), ((2, 5), 'foodLeft=11'), ((14, 5), 'foodLeft=9'), ((9, 5), 'foodLeft=10'), ((14, 3), 'foodLeft=12'), ((13, 4), 'foodLeft=10'), ((13, 4), 'foodLeft=11'), ((8, 5), 'foodLeft=12'), ((14, 3), 'foodLeft=11'), ((8, 3), 'foodLeft=12'), ((13, 4), 'foodLeft=9'), ((7, 4), 'foodLeft=11'), ((1, 3), 'foodLeft=10'), ((1, 3), 'foodLeft=11'), ((10, 4), 'foodLeft=9'), ((5, 3), 'foodLeft=10')]","[((6, 3), 'foodLeft=9'), ((13, 3), 'foodLeft=10'), ((7, 5), 'foodLeft=10'), ((11, 5), 'foodLeft=11'), ((14, 3), 'foodLeft=12'), ((7, 3), 'foodLeft=10'), ((12, 5), 'foodLeft=11'), ((12, 3), 'foodLeft=12'), ((13, 4), 'foodLeft=11'), ((12, 5), 'foodLeft=10'), ((14, 3), 'foodLeft=11'), ((13, 4), 'foodLeft=10'), ((7, 5), 'foodLeft=9'), ((12, 3), 'foodLeft=11'), ((8, 5), 'foodLeft=11'), ((3, 5), 'foodLeft=12'), ((5, 5), 'foodLeft=11'), ((3, 5), 'foodLeft=11'), ((5, 3), 'foodLeft=11'), ((4, 4), 'foodLeft=10'), ((16, 3), 'foodLeft=13'), ((11, 5), 'foodLeft=10'), ((1, 3), 'foodLeft=11'), ((1, 3), 'foodLeft=12'), ((1, 4), 'foodLeft=11'), ((13, 5), 'foodLeft=11'), ((5, 5), 'foodLeft=11'), ((9, 5), 'foodLeft=11'), ((9, 3), 'foodLeft=11'), ((3, 3), 'foodLeft=11'), ((8, 3), 'foodLeft=11'), ((5, 5), 'foodLeft=10'), ((13, 5), 'foodLeft=10'), ((3, 3), 'foodLeft=12'), ((4, 4), 'foodLeft=11'), ((16, 3), 'foodLeft=12'), ((2, 5), 'foodLeft=10'), ((2, 5), 'foodLeft=11'), ((2, 5), 'foodLeft=11'), ((14, 5), 'foodLeft=9'), ((9, 5), 'foodLeft=10'), ((14, 3), 'foodLeft=12'), ((13, 4), 'foodLeft=10'), ((13, 4), 'foodLeft=11'), ((8, 5), 'foodLeft=12'), ((14, 3), 'foodLeft=11'), ((8, 3), 'foodLeft=12'), ((13, 4), 'foodLeft=9'), ((7, 4), 'foodLeft=11'), ((1, 3), 'foodLeft=10'), ((1, 3), 'foodLeft=11'), ((10, 4), 'foodLeft=9'), ((5, 3), 'foodLeft=10')]",165,19,40,59
165,"((6, 3), 'foodLeft=9')","((5, 3), 'foodLeft=9')",East,"[((7, 3), 'foodLeft=9'), ((5, 3), 'foodLeft=9')]","[((6, 3), 'foodLeft=9'), ((13, 3), 'foodLeft=10'), ((7, 5), 'foodLeft=10'), ((11, 5), 'foodLeft=11'), ((14, 3), 'foodLeft=12'), ((7, 3), 'foodLeft=10'), ((12, 5), 'foodLeft=11'), ((12, 3), 'foodLeft=12'), ((13, 4), 'foodLeft=11'), ((12, 5), 'foodLeft=10'), ((14, 3), 'foodLeft=11'), ((13, 4), 'foodLeft=10'), ((7, 5), 'foodLeft=9'), ((12, 3), 'foodLeft=11'), ((8, 5), 'foodLeft=11'), ((3, 5), 'foodLeft=12'), ((5, 5), 'foodLeft=11'), ((3, 5), 'foodLeft=11'), ((5, 3), 'foodLeft=11'), ((4, 4), 'foodLeft=10'), ((16, 3), 'foodLeft=13'), ((11, 5), 'foodLeft=10'), ((1, 3), 'foodLeft=11'), ((1, 3), 'foodLeft=12'), ((1, 4), 'foodLeft=11'), ((13, 5), 'foodLeft=11'), ((5, 5), 'foodLeft=11'), ((9, 5), 'foodLeft=11'), ((9, 3), 'foodLeft=11'), ((3, 3), 'foodLeft=11'), ((8, 3), 'foodLeft=11'), ((5, 5), 'foodLeft=10'), ((13, 5), 'foodLeft=10'), ((3, 3), 'foodLeft=12'), ((4, 4), 'foodLeft=11'), ((16, 3), 'foodLeft=12'), ((2, 5), 'foodLeft=10'), ((2, 5), 'foodLeft=11'), ((2, 5), 'foodLeft=11'), ((14, 5), 'foodLeft=9'), ((9, 5), 'foodLeft=10'), ((14, 3), 'foodLeft=12'), ((13, 4), 'foodLeft=10'), ((13, 4), 'foodLeft=11'), ((8, 5), 'foodLeft=12'), ((14, 3), 'foodLeft=11'), ((8, 3), 'foodLeft=12'), ((13, 4), 'foodLeft=9'), ((7, 4), 'foodLeft=11'), ((1, 3), 'foodLeft=10'), ((1, 3), 'foodLeft=11'), ((10, 4), 'foodLeft=9'), ((5, 3), 'foodLeft=10')]","[((7, 5), 'foodLeft=10'), ((13, 3), 'foodLeft=10'), ((7, 3), 'foodLeft=10'), ((11, 5), 'foodLeft=11'), ((14, 3), 'foodLeft=12'), ((7, 5), 'foodLeft=9'), ((12, 5), 'foodLeft=11'), ((12, 3), 'foodLeft=12'), ((13, 4), 'foodLeft=11'), ((12, 5), 'foodLeft=10'), ((14, 3), 'foodLeft=11'), ((13, 4), 'foodLeft=10'), ((7, 3), 'foodLeft=9'), ((12, 3), 'foodLeft=11'), ((8, 5), 'foodLeft=11'), ((3, 5), 'foodLeft=12'), ((5, 5), 'foodLeft=11'), ((3, 5), 'foodLeft=11'), ((5, 3), 'foodLeft=11'), ((4, 4), 'foodLeft=10'), ((16, 3), 'foodLeft=13'), ((11, 5), 'foodLeft=10'), ((1, 3), 'foodLeft=11'), ((1, 3), 'foodLeft=12'), ((1, 4), 'foodLeft=11'), ((13, 5), 'foodLeft=11'), ((5, 5), 'foodLeft=11'), ((9, 5), 'foodLeft=11'), ((9, 3), 'foodLeft=11'), ((3, 3), 'foodLeft=11'), ((8, 3), 'foodLeft=11'), ((5, 5), 'foodLeft=10'), ((13, 5), 'foodLeft=10'), ((3, 3), 'foodLeft=12'), ((4, 4), 'foodLeft=11'), ((16, 3), 'foodLeft=12'), ((2, 5), 'foodLeft=10'), ((2, 5), 'foodLeft=11'), ((2, 5), 'foodLeft=11'), ((14, 5), 'foodLeft=9'), ((9, 5), 'foodLeft=10'), ((14, 3), 'foodLeft=12'), ((13, 4), 'foodLeft=10'), ((13, 4), 'foodLeft=11'), ((8, 5), 'foodLeft=12'), ((14, 3), 'foodLeft=11'), ((8, 3), 'foodLeft=12'), ((13, 4), 'foodLeft=9'), ((7, 4), 'foodLeft=11'), ((1, 3), 'foodLeft=10'), ((1, 3), 'foodLeft=11'), ((10, 4), 'foodLeft=9'), ((5, 3), 'foodLeft=10')]",166,19,40,59
166,"((7, 5), 'foodLeft=10')","((6, 5), 'foodLeft=10')",East,"[((7, 4), 'foodLeft=9'), ((8, 5), 'foodLeft=10'), ((6, 5), 'foodLeft=10')]","[((7, 5), 'foodLeft=10'), ((13, 3), 'foodLeft=10'), ((7, 3), 'foodLeft=10'), ((11, 5), 'foodLeft=11'), ((14, 3), 'foodLeft=12'), ((7, 5), 'foodLeft=9'), ((12, 5), 'foodLeft=11'), ((12, 3), 'foodLeft=12'), ((13, 4), 'foodLeft=11'), ((12, 5), 'foodLeft=10'), ((14, 3), 'foodLeft=11'), ((13, 4), 'foodLeft=10'), ((7, 3), 'foodLeft=9'), ((12, 3), 'foodLeft=11'), ((8, 5), 'foodLeft=11'), ((3, 5), 'foodLeft=12'), ((5, 5), 'foodLeft=11'), ((3, 5), 'foodLeft=11'), ((5, 3), 'foodLeft=11'), ((4, 4), 'foodLeft=10'), ((16, 3), 'foodLeft=13'), ((11, 5), 'foodLeft=10'), ((1, 3), 'foodLeft=11'), ((1, 3), 'foodLeft=12'), ((1, 4), 'foodLeft=11'), ((13, 5), 'foodLeft=11'), ((5, 5), 'foodLeft=11'), ((9, 5), 'foodLeft=11'), ((9, 3), 'foodLeft=11'), ((3, 3), 'foodLeft=11'), ((8, 3), 'foodLeft=11'), ((5, 5), 'foodLeft=10'), ((13, 5), 'foodLeft=10'), ((3, 3), 'foodLeft=12'), ((4, 4), 'foodLeft=11'), ((16, 3), 'foodLeft=12'), ((2, 5), 'foodLeft=10'), ((2, 5), 'foodLeft=11'), ((2, 5), 'foodLeft=11'), ((14, 5), 'foodLeft=9'), ((9, 5), 'foodLeft=10'), ((14, 3), 'foodLeft=12'), ((13, 4), 'foodLeft=10'), ((13, 4), 'foodLeft=11'), ((8, 5), 'foodLeft=12'), ((14, 3), 'foodLeft=11'), ((8, 3), 'foodLeft=12'), ((13, 4), 'foodLeft=9'), ((7, 4), 'foodLeft=11'), ((1, 3), 'foodLeft=10'), ((1, 3), 'foodLeft=11'), ((10, 4), 'foodLeft=9'), ((5, 3), 'foodLeft=10')]","[((7, 3), 'foodLeft=10'), ((13, 3), 'foodLeft=10'), ((7, 5), 'foodLeft=9'), ((11, 5), 'foodLeft=11'), ((14, 3), 'foodLeft=12'), ((7, 3), 'foodLeft=9'), ((12, 5), 'foodLeft=11'), ((12, 3), 'foodLeft=12'), ((13, 4), 'foodLeft=11'), ((12, 5), 'foodLeft=10'), ((14, 3), 'foodLeft=11'), ((13, 4), 'foodLeft=10'), ((7, 4), 'foodLeft=9'), ((12, 3), 'foodLeft=11'), ((8, 5), 'foodLeft=11'), ((3, 5), 'foodLeft=12'), ((5, 5), 'foodLeft=11'), ((3, 5), 'foodLeft=11'), ((5, 3), 'foodLeft=11'), ((4, 4), 'foodLeft=10'), ((16, 3), 'foodLeft=13'), ((11, 5), 'foodLeft=10'), ((1, 3), 'foodLeft=11'), ((1, 3), 'foodLeft=12'), ((1, 4), 'foodLeft=11'), ((13, 5), 'foodLeft=11'), ((5, 5), 'foodLeft=11'), ((9, 5), 'foodLeft=11'), ((9, 3), 'foodLeft=11'), ((3, 3), 'foodLeft=11'), ((8, 3), 'foodLeft=11'), ((5, 5), 'foodLeft=10'), ((13, 5), 'foodLeft=10'), ((3, 3), 'foodLeft=12'), ((4, 4), 'foodLeft=11'), ((16, 3), 'foodLeft=12'), ((2, 5), 'foodLeft=10'), ((2, 5), 'foodLeft=11'), ((2, 5), 'foodLeft=11'), ((14, 5), 'foodLeft=9'), ((9, 5), 'foodLeft=10'), ((14, 3), 'foodLeft=12'), ((13, 4), 'foodLeft=10'), ((13, 4), 'foodLeft=11'), ((8, 5), 'foodLeft=12'), ((14, 3), 'foodLeft=11'), ((8, 3), 'foodLeft=12'), ((13, 4), 'foodLeft=9'), ((7, 4), 'foodLeft=11'), ((1, 3), 'foodLeft=10'), ((1, 3), 'foodLeft=11'), ((10, 4), 'foodLeft=9'), ((5, 3), 'foodLeft=10'), ((8, 5), 'foodLeft=10')]",167,18,41,59
167,"((7, 3), 'foodLeft=10')","((6, 3), 'foodLeft=10')",East,"[((7, 4), 'foodLeft=9'), ((8, 3), 'foodLeft=10'), ((6, 3), 'foodLeft=10')]","[((7, 3), 'foodLeft=10'), ((13, 3), 'foodLeft=10'), ((7, 5), 'foodLeft=9'), ((11, 5), 'foodLeft=11'), ((14, 3), 'foodLeft=12'), ((7, 3), 'foodLeft=9'), ((12, 5), 'foodLeft=11'), ((12, 3), 'foodLeft=12'), ((13, 4), 'foodLeft=11'), ((12, 5), 'foodLeft=10'), ((14, 3), 'foodLeft=11'), ((13, 4), 'foodLeft=10'), ((7, 4), 'foodLeft=9'), ((12, 3), 'foodLeft=11'), ((8, 5), 'foodLeft=11'), ((3, 5), 'foodLeft=12'), ((5, 5), 'foodLeft=11'), ((3, 5), 'foodLeft=11'), ((5, 3), 'foodLeft=11'), ((4, 4), 'foodLeft=10'), ((16, 3), 'foodLeft=13'), ((11, 5), 'foodLeft=10'), ((1, 3), 'foodLeft=11'), ((1, 3), 'foodLeft=12'), ((1, 4), 'foodLeft=11'), ((13, 5), 'foodLeft=11'), ((5, 5), 'foodLeft=11'), ((9, 5), 'foodLeft=11'), ((9, 3), 'foodLeft=11'), ((3, 3), 'foodLeft=11'), ((8, 3), 'foodLeft=11'), ((5, 5), 'foodLeft=10'), ((13, 5), 'foodLeft=10'), ((3, 3), 'foodLeft=12'), ((4, 4), 'foodLeft=11'), ((16, 3), 'foodLeft=12'), ((2, 5), 'foodLeft=10'), ((2, 5), 'foodLeft=11'), ((2, 5), 'foodLeft=11'), ((14, 5), 'foodLeft=9'), ((9, 5), 'foodLeft=10'), ((14, 3), 'foodLeft=12'), ((13, 4), 'foodLeft=10'), ((13, 4), 'foodLeft=11'), ((8, 5), 'foodLeft=12'), ((14, 3), 'foodLeft=11'), ((8, 3), 'foodLeft=12'), ((13, 4), 'foodLeft=9'), ((7, 4), 'foodLeft=11'), ((1, 3), 'foodLeft=10'), ((1, 3), 'foodLeft=11'), ((10, 4), 'foodLeft=9'), ((5, 3), 'foodLeft=10'), ((8, 5), 'foodLeft=10')]","[((7, 5), 'foodLeft=9'), ((13, 3), 'foodLeft=10'), ((7, 3), 'foodLeft=9'), ((11, 5), 'foodLeft=11'), ((14, 3), 'foodLeft=12'), ((7, 4), 'foodLeft=9'), ((12, 5), 'foodLeft=11'), ((12, 3), 'foodLeft=12'), ((13, 4), 'foodLeft=11'), ((12, 5), 'foodLeft=10'), ((14, 3), 'foodLeft=11'), ((13, 4), 'foodLeft=10'), ((13, 5), 'foodLeft=11'), ((12, 3), 'foodLeft=11'), ((8, 5), 'foodLeft=11'), ((3, 5), 'foodLeft=12'), ((5, 5), 'foodLeft=11'), ((3, 5), 'foodLeft=11'), ((5, 3), 'foodLeft=11'), ((4, 4), 'foodLeft=10'), ((16, 3), 'foodLeft=13'), ((11, 5), 'foodLeft=10'), ((1, 3), 'foodLeft=11'), ((1, 3), 'foodLeft=12'), ((1, 4), 'foodLeft=11'), ((5, 3), 'foodLeft=10'), ((5, 5), 'foodLeft=11'), ((9, 5), 'foodLeft=11'), ((9, 3), 'foodLeft=11'), ((3, 3), 'foodLeft=11'), ((8, 3), 'foodLeft=11'), ((5, 5), 'foodLeft=10'), ((13, 5), 'foodLeft=10'), ((3, 3), 'foodLeft=12'), ((4, 4), 'foodLeft=11'), ((16, 3), 'foodLeft=12'), ((2, 5), 'foodLeft=10'), ((2, 5), 'foodLeft=11'), ((2, 5), 'foodLeft=11'), ((14, 5), 'foodLeft=9'), ((9, 5), 'foodLeft=10'), ((14, 3), 'foodLeft=12'), ((13, 4), 'foodLeft=10'), ((13, 4), 'foodLeft=11'), ((8, 5), 'foodLeft=12'), ((14, 3), 'foodLeft=11'), ((8, 3), 'foodLeft=12'), ((13, 4), 'foodLeft=9'), ((7, 4), 'foodLeft=11'), ((1, 3), 'foodLeft=10'), ((1, 3), 'foodLeft=11'), ((10, 4), 'foodLeft=9'), ((8, 5), 'foodLeft=10'), ((8, 3), 'foodLeft=10')]",168,18,41,59
168,"((7, 5), 'foodLeft=9')","((6, 5), 'foodLeft=9')",East,"[((7, 4), 'foodLeft=9'), ((8, 5), 'foodLeft=9'), ((6, 5), 'foodLeft=9')]","[((7, 5), 'foodLeft=9'), ((13, 3), 'foodLeft=10'), ((7, 3), 'foodLeft=9'), ((11, 5), 'foodLeft=11'), ((14, 3), 'foodLeft=12'), ((7, 4), 'foodLeft=9'), ((12, 5), 'foodLeft=11'), ((12, 3), 'foodLeft=12'), ((13, 4), 'foodLeft=11'), ((12, 5), 'foodLeft=10'), ((14, 3), 'foodLeft=11'), ((13, 4), 'foodLeft=10'), ((13, 5), 'foodLeft=11'), ((12, 3), 'foodLeft=11'), ((8, 5), 'foodLeft=11'), ((3, 5), 'foodLeft=12'), ((5, 5), 'foodLeft=11'), ((3, 5), 'foodLeft=11'), ((5, 3), 'foodLeft=11'), ((4, 4), 'foodLeft=10'), ((16, 3), 'foodLeft=13'), ((11, 5), 'foodLeft=10'), ((1, 3), 'foodLeft=11'), ((1, 3), 'foodLeft=12'), ((1, 4), 'foodLeft=11'), ((5, 3), 'foodLeft=10'), ((5, 5), 'foodLeft=11'), ((9, 5), 'foodLeft=11'), ((9, 3), 'foodLeft=11'), ((3, 3), 'foodLeft=11'), ((8, 3), 'foodLeft=11'), ((5, 5), 'foodLeft=10'), ((13, 5), 'foodLeft=10'), ((3, 3), 'foodLeft=12'), ((4, 4), 'foodLeft=11'), ((16, 3), 'foodLeft=12'), ((2, 5), 'foodLeft=10'), ((2, 5), 'foodLeft=11'), ((2, 5), 'foodLeft=11'), ((14, 5), 'foodLeft=9'), ((9, 5), 'foodLeft=10'), ((14, 3), 'foodLeft=12'), ((13, 4), 'foodLeft=10'), ((13, 4), 'foodLeft=11'), ((8, 5), 'foodLeft=12'), ((14, 3), 'foodLeft=11'), ((8, 3), 'foodLeft=12'), ((13, 4), 'foodLeft=9'), ((7, 4), 'foodLeft=11'), ((1, 3), 'foodLeft=10'), ((1, 3), 'foodLeft=11'), ((10, 4), 'foodLeft=9'), ((8, 5), 'foodLeft=10'), ((8, 3), 'foodLeft=10')]","[((7, 3), 'foodLeft=9'), ((13, 3), 'foodLeft=10'), ((7, 4), 'foodLeft=9'), ((11, 5), 'foodLeft=11'), ((14, 3), 'foodLeft=12'), ((8, 5), 'foodLeft=9'), ((12, 5), 'foodLeft=11'), ((12, 3), 'foodLeft=12'), ((13, 4), 'foodLeft=11'), ((12, 5), 'foodLeft=10'), ((14, 3), 'foodLeft=11'), ((13, 4), 'foodLeft=10'), ((13, 5), 'foodLeft=11'), ((12, 3), 'foodLeft=11'), ((8, 5), 'foodLeft=11'), ((3, 5), 'foodLeft=12'), ((5, 5), 'foodLeft=11'), ((3, 5), 'foodLeft=11'), ((5, 3), 'foodLeft=11'), ((4, 4), 'foodLeft=10'), ((16, 3), 'foodLeft=13'), ((11, 5), 'foodLeft=10'), ((1, 3), 'foodLeft=11'), ((1, 3), 'foodLeft=12'), ((1, 4), 'foodLeft=11'), ((8, 5), 'foodLeft=10'), ((5, 3), 'foodLeft=10'), ((9, 5), 'foodLeft=11'), ((9, 3), 'foodLeft=11'), ((3, 3), 'foodLeft=11'), ((8, 3), 'foodLeft=11'), ((5, 5), 'foodLeft=10'), ((13, 5), 'foodLeft=10'), ((3, 3), 'foodLeft=12'), ((4, 4), 'foodLeft=11'), ((16, 3), 'foodLeft=12'), ((2, 5), 'foodLeft=10'), ((2, 5), 'foodLeft=11'), ((2, 5), 'foodLeft=11'), ((14, 5), 'foodLeft=9'), ((9, 5), 'foodLeft=10'), ((14, 3), 'foodLeft=12'), ((13, 4), 'foodLeft=10'), ((13, 4), 'foodLeft=11'), ((8, 5), 'foodLeft=12'), ((14, 3), 'foodLeft=11'), ((8, 3), 'foodLeft=12'), ((13, 4), 'foodLeft=9'), ((7, 4), 'foodLeft=11'), ((1, 3), 'foodLeft=10'), ((1, 3), 'foodLeft=11'), ((10, 4), 'foodLeft=9'), ((8, 3), 'foodLeft=10'), ((5, 5), 'foodLeft=11')]",169,20,39,59
169,"((7, 3), 'foodLeft=9')","((6, 3), 'foodLeft=9')",East,"[((7, 4), 'foodLeft=9'), ((8, 3), 'foodLeft=9'), ((6, 3), 'foodLeft=9')]","[((7, 3), 'foodLeft=9'), ((13, 3), 'foodLeft=10'), ((7, 4), 'foodLeft=9'), ((11, 5), 'foodLeft=11'), ((14, 3), 'foodLeft=12'), ((8, 5), 'foodLeft=9'), ((12, 5), 'foodLeft=11'), ((12, 3), 'foodLeft=12'), ((13, 4), 'foodLeft=11'), ((12, 5), 'foodLeft=10'), ((14, 3), 'foodLeft=11'), ((13, 4), 'foodLeft=10'), ((13, 5), 'foodLeft=11'), ((12, 3), 'foodLeft=11'), ((8, 5), 'foodLeft=11'), ((3, 5), 'foodLeft=12'), ((5, 5), 'foodLeft=11'), ((3, 5), 'foodLeft=11'), ((5, 3), 'foodLeft=11'), ((4, 4), 'foodLeft=10'), ((16, 3), 'foodLeft=13'), ((11, 5), 'foodLeft=10'), ((1, 3), 'foodLeft=11'), ((1, 3), 'foodLeft=12'), ((1, 4), 'foodLeft=11'), ((8, 5), 'foodLeft=10'), ((5, 3), 'foodLeft=10'), ((9, 5), 'foodLeft=11'), ((9, 3), 'foodLeft=11'), ((3, 3), 'foodLeft=11'), ((8, 3), 'foodLeft=11'), ((5, 5), 'foodLeft=10'), ((13, 5), 'foodLeft=10'), ((3, 3), 'foodLeft=12'), ((4, 4), 'foodLeft=11'), ((16, 3), 'foodLeft=12'), ((2, 5), 'foodLeft=10'), ((2, 5), 'foodLeft=11'), ((2, 5), 'foodLeft=11'), ((14, 5), 'foodLeft=9'), ((9, 5), 'foodLeft=10'), ((14, 3), 'foodLeft=12'), ((13, 4), 'foodLeft=10'), ((13, 4), 'foodLeft=11'), ((8, 5), 'foodLeft=12'), ((14, 3), 'foodLeft=11'), ((8, 3), 'foodLeft=12'), ((13, 4), 'foodLeft=9'), ((7, 4), 'foodLeft=11'), ((1, 3), 'foodLeft=10'), ((1, 3), 'foodLeft=11'), ((10, 4), 'foodLeft=9'), ((8, 3), 'foodLeft=10'), ((5, 5), 'foodLeft=11')]","[((7, 4), 'foodLeft=9'), ((13, 3), 'foodLeft=10'), ((8, 5), 'foodLeft=9'), ((11, 5), 'foodLeft=11'), ((14, 3), 'foodLeft=12'), ((8, 3), 'foodLeft=9'), ((12, 5), 'foodLeft=11'), ((12, 3), 'foodLeft=12'), ((13, 4), 'foodLeft=11'), ((12, 5), 'foodLeft=10'), ((14, 3), 'foodLeft=11'), ((13, 4), 'foodLeft=10'), ((13, 5), 'foodLeft=11'), ((12, 3), 'foodLeft=11'), ((8, 5), 'foodLeft=11'), ((3, 5), 'foodLeft=12'), ((5, 5), 'foodLeft=11'), ((3, 5), 'foodLeft=11'), ((5, 3), 'foodLeft=11'), ((4, 4), 'foodLeft=10'), ((16, 3), 'foodLeft=13'), ((11, 5), 'foodLeft=10'), ((1, 3), 'foodLeft=11'), ((1, 3), 'foodLeft=12'), ((1, 4), 'foodLeft=11'), ((8, 5), 'foodLeft=10'), ((5, 3), 'foodLeft=10'), ((9, 5), 'foodLeft=11'), ((9, 3), 'foodLeft=11'), ((3, 3), 'foodLeft=11'), ((8, 3), 'foodLeft=11'), ((5, 5), 'foodLeft=10'), ((13, 5), 'foodLeft=10'), ((3, 3), 'foodLeft=12'), ((4, 4), 'foodLeft=11'), ((16, 3), 'foodLeft=12'), ((2, 5), 'foodLeft=10'), ((2, 5), 'foodLeft=11'), ((2, 5), 'foodLeft=11'), ((14, 5), 'foodLeft=9'), ((9, 5), 'foodLeft=10'), ((14, 3), 'foodLeft=12'), ((13, 4), 'foodLeft=10'), ((13, 4), 'foodLeft=11'), ((8, 5), 'foodLeft=12'), ((14, 3), 'foodLeft=11'), ((8, 3), 'foodLeft=12'), ((13, 4), 'foodLeft=9'), ((7, 4), 'foodLeft=11'), ((1, 3), 'foodLeft=10'), ((1, 3), 'foodLeft=11'), ((10, 4), 'foodLeft=9'), ((8, 3), 'foodLeft=10'), ((5, 5), 'foodLeft=11')]",170,20,39,59
170,"((7, 4), 'foodLeft=9')","((7, 5), 'foodLeft=10')",South,"[((7, 5), 'foodLeft=9'), ((7, 3), 'foodLeft=9')]","[((7, 4), 'foodLeft=9'), ((13, 3), 'foodLeft=10'), ((8, 5), 'foodLeft=9'), ((11, 5), 'foodLeft=11'), ((14, 3), 'foodLeft=12'), ((8, 3), 'foodLeft=9'), ((12, 5), 'foodLeft=11'), ((12, 3), 'foodLeft=12'), ((13, 4), 'foodLeft=11'), ((12, 5), 'foodLeft=10'), ((14, 3), 'foodLeft=11'), ((13, 4), 'foodLeft=10'), ((13, 5), 'foodLeft=11'), ((12, 3), 'foodLeft=11'), ((8, 5), 'foodLeft=11'), ((3, 5), 'foodLeft=12'), ((5, 5), 'foodLeft=11'), ((3, 5), 'foodLeft=11'), ((5, 3), 'foodLeft=11'), ((4, 4), 'foodLeft=10'), ((16, 3), 'foodLeft=13'), ((11, 5), 'foodLeft=10'), ((1, 3), 'foodLeft=11'), ((1, 3), 'foodLeft=12'), ((1, 4), 'foodLeft=11'), ((8, 5), 'foodLeft=10'), ((5, 3), 'foodLeft=10'), ((9, 5), 'foodLeft=11'), ((9, 3), 'foodLeft=11'), ((3, 3), 'foodLeft=11'), ((8, 3), 'foodLeft=11'), ((5, 5), 'foodLeft=10'), ((13, 5), 'foodLeft=10'), ((3, 3), 'foodLeft=12'), ((4, 4), 'foodLeft=11'), ((16, 3), 'foodLeft=12'), ((2, 5), 'foodLeft=10'), ((2, 5), 'foodLeft=11'), ((2, 5), 'foodLeft=11'), ((14, 5), 'foodLeft=9'), ((9, 5), 'foodLeft=10'), ((14, 3), 'foodLeft=12'), ((13, 4), 'foodLeft=10'), ((13, 4), 'foodLeft=11'), ((8, 5), 'foodLeft=12'), ((14, 3), 'foodLeft=11'), ((8, 3), 'foodLeft=12'), ((13, 4), 'foodLeft=9'), ((7, 4), 'foodLeft=11'), ((1, 3), 'foodLeft=10'), ((1, 3), 'foodLeft=11'), ((10, 4), 'foodLeft=9'), ((8, 3), 'foodLeft=10'), ((5, 5), 'foodLeft=11')]","[((8, 5), 'foodLeft=9'), ((13, 3), 'foodLeft=10'), ((8, 3), 'foodLeft=9'), ((11, 5), 'foodLeft=11'), ((14, 3), 'foodLeft=12'), ((13, 5), 'foodLeft=11'), ((12, 5), 'foodLeft=11'), ((12, 3), 'foodLeft=12'), ((13, 4), 'foodLeft=11'), ((12, 5), 'foodLeft=10'), ((14, 3), 'foodLeft=11'), ((13, 4), 'foodLeft=10'), ((5, 3), 'foodLeft=10'), ((12, 3), 'foodLeft=11'), ((8, 5), 'foodLeft=11'), ((3, 5), 'foodLeft=12'), ((5, 5), 'foodLeft=11'), ((3, 5), 'foodLeft=11'), ((5, 3), 'foodLeft=11'), ((4, 4), 'foodLeft=10'), ((16, 3), 'foodLeft=13'), ((11, 5), 'foodLeft=10'), ((1, 3), 'foodLeft=11'), ((1, 3), 'foodLeft=12'), ((1, 4), 'foodLeft=11'), ((8, 5), 'foodLeft=10'), ((5, 5), 'foodLeft=11'), ((9, 5), 'foodLeft=11'), ((9, 3), 'foodLeft=11'), ((3, 3), 'foodLeft=11'), ((8, 3), 'foodLeft=11'), ((5, 5), 'foodLeft=10'), ((13, 5), 'foodLeft=10'), ((3, 3), 'foodLeft=12'), ((4, 4), 'foodLeft=11'), ((16, 3), 'foodLeft=12'), ((2, 5), 'foodLeft=10'), ((2, 5), 'foodLeft=11'), ((2, 5), 'foodLeft=11'), ((14, 5), 'foodLeft=9'), ((9, 5), 'foodLeft=10'), ((14, 3), 'foodLeft=12'), ((13, 4), 'foodLeft=10'), ((13, 4), 'foodLeft=11'), ((8, 5), 'foodLeft=12'), ((14, 3), 'foodLeft=11'), ((8, 3), 'foodLeft=12'), ((13, 4), 'foodLeft=9'), ((7, 4), 'foodLeft=11'), ((1, 3), 'foodLeft=10'), ((1, 3), 'foodLeft=11'), ((10, 4), 'foodLeft=9'), ((8, 3), 'foodLeft=10')]",171,19,40,59
171,"((8, 5), 'foodLeft=9')","((7, 5), 'foodLeft=9')",East,"[((9, 5), 'foodLeft=9'), ((7, 5), 'foodLeft=9')]","[((8, 5), 'foodLeft=9'), ((13, 3), 'foodLeft=10'), ((8, 3), 'foodLeft=9'), ((11, 5), 'foodLeft=11'), ((14, 3), 'foodLeft=12'), ((13, 5), 'foodLeft=11'), ((12, 5), 'foodLeft=11'), ((12, 3), 'foodLeft=12'), ((13, 4), 'foodLeft=11'), ((12, 5), 'foodLeft=10'), ((14, 3), 'foodLeft=11'), ((13, 4), 'foodLeft=10'), ((5, 3), 'foodLeft=10'), ((12, 3), 'foodLeft=11'), ((8, 5), 'foodLeft=11'), ((3, 5), 'foodLeft=12'), ((5, 5), 'foodLeft=11'), ((3, 5), 'foodLeft=11'), ((5, 3), 'foodLeft=11'), ((4, 4), 'foodLeft=10'), ((16, 3), 'foodLeft=13'), ((11, 5), 'foodLeft=10'), ((1, 3), 'foodLeft=11'), ((1, 3), 'foodLeft=12'), ((1, 4), 'foodLeft=11'), ((8, 5), 'foodLeft=10'), ((5, 5), 'foodLeft=11'), ((9, 5), 'foodLeft=11'), ((9, 3), 'foodLeft=11'), ((3, 3), 'foodLeft=11'), ((8, 3), 'foodLeft=11'), ((5, 5), 'foodLeft=10'), ((13, 5), 'foodLeft=10'), ((3, 3), 'foodLeft=12'), ((4, 4), 'foodLeft=11'), ((16, 3), 'foodLeft=12'), ((2, 5), 'foodLeft=10'), ((2, 5), 'foodLeft=11'), ((2, 5), 'foodLeft=11'), ((14, 5), 'foodLeft=9'), ((9, 5), 'foodLeft=10'), ((14, 3), 'foodLeft=12'), ((13, 4), 'foodLeft=10'), ((13, 4), 'foodLeft=11'), ((8, 5), 'foodLeft=12'), ((14, 3), 'foodLeft=11'), ((8, 3), 'foodLeft=12'), ((13, 4), 'foodLeft=9'), ((7, 4), 'foodLeft=11'), ((1, 3), 'foodLeft=10'), ((1, 3), 'foodLeft=11'), ((10, 4), 'foodLeft=9'), ((8, 3), 'foodLeft=10')]","[((8, 3), 'foodLeft=9'), ((13, 3), 'foodLeft=10'), ((9, 5), 'foodLeft=9'), ((11, 5), 'foodLeft=11'), ((14, 3), 'foodLeft=12'), ((12, 5), 'foodLeft=11'), ((12, 3), 'foodLeft=11'), ((12, 3), 'foodLeft=12'), ((13, 4), 'foodLeft=11'), ((12, 5), 'foodLeft=10'), ((14, 3), 'foodLeft=11'), ((13, 4), 'foodLeft=10'), ((13, 5), 'foodLeft=11'), ((9, 5), 'foodLeft=11'), ((8, 5), 'foodLeft=11'), ((3, 5), 'foodLeft=12'), ((5, 5), 'foodLeft=11'), ((3, 5), 'foodLeft=11'), ((5, 3), 'foodLeft=11'), ((4, 4), 'foodLeft=10'), ((16, 3), 'foodLeft=13'), ((11, 5), 'foodLeft=10'), ((1, 3), 'foodLeft=11'), ((1, 3), 'foodLeft=12'), ((1, 4), 'foodLeft=11'), ((5, 3), 'foodLeft=10'), ((5, 5), 'foodLeft=11'), ((8, 3), 'foodLeft=10'), ((9, 3), 'foodLeft=11'), ((3, 3), 'foodLeft=11'), ((8, 3), 'foodLeft=11'), ((5, 5), 'foodLeft=10'), ((13, 5), 'foodLeft=10'), ((3, 3), 'foodLeft=12'), ((4, 4), 'foodLeft=11'), ((16, 3), 'foodLeft=12'), ((2, 5), 'foodLeft=10'), ((2, 5), 'foodLeft=11'), ((2, 5), 'foodLeft=11'), ((14, 5), 'foodLeft=9'), ((9, 5), 'foodLeft=10'), ((14, 3), 'foodLeft=12'), ((13, 4), 'foodLeft=10'), ((13, 4), 'foodLeft=11'), ((8, 5), 'foodLeft=12'), ((14, 3), 'foodLeft=11'), ((8, 3), 'foodLeft=12'), ((13, 4), 'foodLeft=9'), ((7, 4), 'foodLeft=11'), ((1, 3), 'foodLeft=10'), ((1, 3), 'foodLeft=11'), ((10, 4), 'foodLeft=9'), ((8, 5), 'foodLeft=10')]",172,21,38,59
172,"((8, 3), 'foodLeft=9')","((7, 3), 'foodLeft=9')",East,"[((9, 3), 'foodLeft=9'), ((7, 3), 'foodLeft=9')]","[((8, 3), 'foodLeft=9'), ((13, 3), 'foodLeft=10'), ((9, 5), 'foodLeft=9'), ((11, 5), 'foodLeft=11'), ((14, 3), 'foodLeft=12'), ((12, 5), 'foodLeft=11'), ((12, 3), 'foodLeft=11'), ((12, 3), 'foodLeft=12'), ((13, 4), 'foodLeft=11'), ((12, 5), 'foodLeft=10'), ((14, 3), 'foodLeft=11'), ((13, 4), 'foodLeft=10'), ((13, 5), 'foodLeft=11'), ((9, 5), 'foodLeft=11'), ((8, 5), 'foodLeft=11'), ((3, 5), 'foodLeft=12'), ((5, 5), 'foodLeft=11'), ((3, 5), 'foodLeft=11'), ((5, 3), 'foodLeft=11'), ((4, 4), 'foodLeft=10'), ((16, 3), 'foodLeft=13'), ((11, 5), 'foodLeft=10'), ((1, 3), 'foodLeft=11'), ((1, 3), 'foodLeft=12'), ((1, 4), 'foodLeft=11'), ((5, 3), 'foodLeft=10'), ((5, 5), 'foodLeft=11'), ((8, 3), 'foodLeft=10'), ((9, 3), 'foodLeft=11'), ((3, 3), 'foodLeft=11'), ((8, 3), 'foodLeft=11'), ((5, 5), 'foodLeft=10'), ((13, 5), 'foodLeft=10'), ((3, 3), 'foodLeft=12'), ((4, 4), 'foodLeft=11'), ((16, 3), 'foodLeft=12'), ((2, 5), 'foodLeft=10'), ((2, 5), 'foodLeft=11'), ((2, 5), 'foodLeft=11'), ((14, 5), 'foodLeft=9'), ((9, 5), 'foodLeft=10'), ((14, 3), 'foodLeft=12'), ((13, 4), 'foodLeft=10'), ((13, 4), 'foodLeft=11'), ((8, 5), 'foodLeft=12'), ((14, 3), 'foodLeft=11'), ((8, 3), 'foodLeft=12'), ((13, 4), 'foodLeft=9'), ((7, 4), 'foodLeft=11'), ((1, 3), 'foodLeft=10'), ((1, 3), 'foodLeft=11'), ((10, 4), 'foodLeft=9'), ((8, 5), 'foodLeft=10')]","[((9, 5), 'foodLeft=9'), ((13, 3), 'foodLeft=10'), ((9, 3), 'foodLeft=9'), ((11, 5), 'foodLeft=11'), ((14, 3), 'foodLeft=12'), ((12, 5), 'foodLeft=11'), ((12, 3), 'foodLeft=11'), ((12, 3), 'foodLeft=12'), ((13, 4), 'foodLeft=11'), ((12, 5), 'foodLeft=10'), ((14, 3), 'foodLeft=11'), ((13, 4), 'foodLeft=10'), ((13, 5), 'foodLeft=11'), ((9, 5), 'foodLeft=11'), ((8, 5), 'foodLeft=11'), ((3, 5), 'foodLeft=12'), ((5, 5), 'foodLeft=11'), ((3, 5), 'foodLeft=11'), ((5, 3), 'foodLeft=11'), ((4, 4), 'foodLeft=10'), ((16, 3), 'foodLeft=13'), ((11, 5), 'foodLeft=10'), ((1, 3), 'foodLeft=11'), ((1, 3), 'foodLeft=12'), ((1, 4), 'foodLeft=11'), ((5, 3), 'foodLeft=10'), ((5, 5), 'foodLeft=11'), ((8, 3), 'foodLeft=10'), ((9, 3), 'foodLeft=11'), ((3, 3), 'foodLeft=11'), ((8, 3), 'foodLeft=11'), ((5, 5), 'foodLeft=10'), ((13, 5), 'foodLeft=10'), ((3, 3), 'foodLeft=12'), ((4, 4), 'foodLeft=11'), ((16, 3), 'foodLeft=12'), ((2, 5), 'foodLeft=10'), ((2, 5), 'foodLeft=11'), ((2, 5), 'foodLeft=11'), ((14, 5), 'foodLeft=9'), ((9, 5), 'foodLeft=10'), ((14, 3), 'foodLeft=12'), ((13, 4), 'foodLeft=10'), ((13, 4), 'foodLeft=11'), ((8, 5), 'foodLeft=12'), ((14, 3), 'foodLeft=11'), ((8, 3), 'foodLeft=12'), ((13, 4), 'foodLeft=9'), ((7, 4), 'foodLeft=11'), ((1, 3), 'foodLeft=10'), ((1, 3), 'foodLeft=11'), ((10, 4), 'foodLeft=9'), ((8, 5), 'foodLeft=10')]",173,21,38,59
173,"((9, 5), 'foodLeft=9')","((8, 5), 'foodLeft=9')",East,"[((10, 5), 'foodLeft=9'), ((8, 5), 'foodLeft=9')]","[((9, 5), 'foodLeft=9'), ((13, 3), 'foodLeft=10'), ((9, 3), 'foodLeft=9'), ((11, 5), 'foodLeft=11'), ((14, 3), 'foodLeft=12'), ((12, 5), 'foodLeft=11'), ((12, 3), 'foodLeft=11'), ((12, 3), 'foodLeft=12'), ((13, 4), 'foodLeft=11'), ((12, 5), 'foodLeft=10'), ((14, 3), 'foodLeft=11'), ((13, 4), 'foodLeft=10'), ((13, 5), 'foodLeft=11'), ((9, 5), 'foodLeft=11'), ((8, 5), 'foodLeft=11'), ((3, 5), 'foodLeft=12'), ((5, 5), 'foodLeft=11'), ((3, 5), 'foodLeft=11'), ((5, 3), 'foodLeft=11'), ((4, 4), 'foodLeft=10'), ((16, 3), 'foodLeft=13'), ((11, 5), 'foodLeft=10'), ((1, 3), 'foodLeft=11'), ((1, 3), 'foodLeft=12'), ((1, 4), 'foodLeft=11'), ((5, 3), 'foodLeft=10'), ((5, 5), 'foodLeft=11'), ((8, 3), 'foodLeft=10'), ((9, 3), 'foodLeft=11'), ((3, 3), 'foodLeft=11'), ((8, 3), 'foodLeft=11'), ((5, 5), 'foodLeft=10'), ((13, 5), 'foodLeft=10'), ((3, 3), 'foodLeft=12'), ((4, 4), 'foodLeft=11'), ((16, 3), 'foodLeft=12'), ((2, 5), 'foodLeft=10'), ((2, 5), 'foodLeft=11'), ((2, 5), 'foodLeft=11'), ((14, 5), 'foodLeft=9'), ((9, 5), 'foodLeft=10'), ((14, 3), 'foodLeft=12'), ((13, 4), 'foodLeft=10'), ((13, 4), 'foodLeft=11'), ((8, 5), 'foodLeft=12'), ((14, 3), 'foodLeft=11'), ((8, 3), 'foodLeft=12'), ((13, 4), 'foodLeft=9'), ((7, 4), 'foodLeft=11'), ((1, 3), 'foodLeft=10'), ((1, 3), 'foodLeft=11'), ((10, 4), 'foodLeft=9'), ((8, 5), 'foodLeft=10')]","[((9, 3), 'foodLeft=9'), ((13, 3), 'foodLeft=10'), ((10, 5), 'foodLeft=9'), ((11, 5), 'foodLeft=11'), ((14, 3), 'foodLeft=12'), ((12, 5), 'foodLeft=11'), ((12, 3), 'foodLeft=11'), ((12, 3), 'foodLeft=12'), ((13, 4), 'foodLeft=11'), ((12, 5), 'foodLeft=10'), ((14, 3), 'foodLeft=11'), ((13, 4), 'foodLeft=10'), ((13, 5), 'foodLeft=11'), ((9, 5), 'foodLeft=11'), ((8, 5), 'foodLeft=11'), ((3, 5), 'foodLeft=12'), ((5, 5), 'foodLeft=11'), ((3, 5), 'foodLeft=11'), ((5, 3), 'foodLeft=11'), ((4, 4), 'foodLeft=10'), ((16, 3), 'foodLeft=13'), ((11, 5), 'foodLeft=10'), ((1, 3), 'foodLeft=11'), ((1, 3), 'foodLeft=12'), ((1, 4), 'foodLeft=11'), ((5, 3), 'foodLeft=10'), ((5, 5), 'foodLeft=11'), ((8, 3), 'foodLeft=10'), ((9, 3), 'foodLeft=11'), ((3, 3), 'foodLeft=11'), ((8, 3), 'foodLeft=11'), ((5, 5), 'foodLeft=10'), ((13, 5), 'foodLeft=10'), ((3, 3), 'foodLeft=12'), ((4, 4), 'foodLeft=11'), ((16, 3), 'foodLeft=12'), ((2, 5), 'foodLeft=10'), ((2, 5), 'foodLeft=11'), ((2, 5), 'foodLeft=11'), ((14, 5), 'foodLeft=9'), ((9, 5), 'foodLeft=10'), ((14, 3), 'foodLeft=12'), ((13, 4), 'foodLeft=10'), ((13, 4), 'foodLeft=11'), ((8, 5), 'foodLeft=12'), ((14, 3), 'foodLeft=11'), ((8, 3), 'foodLeft=12'), ((13, 4), 'foodLeft=9'), ((7, 4), 'foodLeft=11'), ((1, 3), 'foodLeft=10'), ((1, 3), 'foodLeft=11'), ((10, 4), 'foodLeft=9'), ((8, 5), 'foodLeft=10')]",174,22,37,59
174,"((9, 3), 'foodLeft=9')","((8, 3), 'foodLeft=9')",East,"[((10, 3), 'foodLeft=9'), ((8, 3), 'foodLeft=9')]","[((9, 3), 'foodLeft=9'), ((13, 3), 'foodLeft=10'), ((10, 5), 'foodLeft=9'), ((11, 5), 'foodLeft=11'), ((14, 3), 'foodLeft=12'), ((12, 5), 'foodLeft=11'), ((12, 3), 'foodLeft=11'), ((12, 3), 'foodLeft=12'), ((13, 4), 'foodLeft=11'), ((12, 5), 'foodLeft=10'), ((14, 3), 'foodLeft=11'), ((13, 4), 'foodLeft=10'), ((13, 5), 'foodLeft=11'), ((9, 5), 'foodLeft=11'), ((8, 5), 'foodLeft=11'), ((3, 5), 'foodLeft=12'), ((5, 5), 'foodLeft=11'), ((3, 5), 'foodLeft=11'), ((5, 3), 'foodLeft=11'), ((4, 4), 'foodLeft=10'), ((16, 3), 'foodLeft=13'), ((11, 5), 'foodLeft=10'), ((1, 3), 'foodLeft=11'), ((1, 3), 'foodLeft=12'), ((1, 4), 'foodLeft=11'), ((5, 3), 'foodLeft=10'), ((5, 5), 'foodLeft=11'), ((8, 3), 'foodLeft=10'), ((9, 3), 'foodLeft=11'), ((3, 3), 'foodLeft=11'), ((8, 3), 'foodLeft=11'), ((5, 5), 'foodLeft=10'), ((13, 5), 'foodLeft=10'), ((3, 3), 'foodLeft=12'), ((4, 4), 'foodLeft=11'), ((16, 3), 'foodLeft=12'), ((2, 5), 'foodLeft=10'), ((2, 5), 'foodLeft=11'), ((2, 5), 'foodLeft=11'), ((14, 5), 'foodLeft=9'), ((9, 5), 'foodLeft=10'), ((14, 3), 'foodLeft=12'), ((13, 4), 'foodLeft=10'), ((13, 4), 'foodLeft=11'), ((8, 5), 'foodLeft=12'), ((14, 3), 'foodLeft=11'), ((8, 3), 'foodLeft=12'), ((13, 4), 'foodLeft=9'), ((7, 4), 'foodLeft=11'), ((1, 3), 'foodLeft=10'), ((1, 3), 'foodLeft=11'), ((10, 4), 'foodLeft=9'), ((8, 5), 'foodLeft=10')]","[((10, 5), 'foodLeft=9'), ((13, 3), 'foodLeft=10'), ((10, 3), 'foodLeft=9'), ((11, 5), 'foodLeft=11'), ((14, 3), 'foodLeft=12'), ((12, 5), 'foodLeft=11'), ((12, 3), 'foodLeft=11'), ((12, 3), 'foodLeft=12'), ((13, 4), 'foodLeft=11'), ((12, 5), 'foodLeft=10'), ((14, 3), 'foodLeft=11'), ((13, 4), 'foodLeft=10'), ((13, 5), 'foodLeft=11'), ((9, 5), 'foodLeft=11'), ((8, 5), 'foodLeft=11'), ((3, 5), 'foodLeft=12'), ((5, 5), 'foodLeft=11'), ((3, 5), 'foodLeft=11'), ((5, 3), 'foodLeft=11'), ((4, 4), 'foodLeft=10'), ((16, 3), 'foodLeft=13'), ((11, 5), 'foodLeft=10'), ((1, 3), 'foodLeft=11'), ((1, 3), 'foodLeft=12'), ((1, 4), 'foodLeft=11'), ((5, 3), 'foodLeft=10'), ((5, 5), 'foodLeft=11'), ((8, 3), 'foodLeft=10'), ((9, 3), 'foodLeft=11'), ((3, 3), 'foodLeft=11'), ((8, 3), 'foodLeft=11'), ((5, 5), 'foodLeft=10'), ((13, 5), 'foodLeft=10'), ((3, 3), 'foodLeft=12'), ((4, 4), 'foodLeft=11'), ((16, 3), 'foodLeft=12'), ((2, 5), 'foodLeft=10'), ((2, 5), 'foodLeft=11'), ((2, 5), 'foodLeft=11'), ((14, 5), 'foodLeft=9'), ((9, 5), 'foodLeft=10'), ((14, 3), 'foodLeft=12'), ((13, 4), 'foodLeft=10'), ((13, 4), 'foodLeft=11'), ((8, 5), 'foodLeft=12'), ((14, 3), 'foodLeft=11'), ((8, 3), 'foodLeft=12'), ((13, 4), 'foodLeft=9'), ((7, 4), 'foodLeft=11'), ((1, 3), 'foodLeft=10'), ((1, 3), 'foodLeft=11'), ((10, 4), 'foodLeft=9'), ((8, 5), 'foodLeft=10')]",175,22,37,59
175,"((10, 5), 'foodLeft=9')","((9, 5), 'foodLeft=9')",East,"[((10, 4), 'foodLeft=8'), ((11, 5), 'foodLeft=9'), ((9, 5), 'foodLeft=9')]","[((10, 5), 'foodLeft=9'), ((13, 3), 'foodLeft=10'), ((10, 3), 'foodLeft=9'), ((11, 5), 'foodLeft=11'), ((14, 3), 'foodLeft=12'), ((12, 5), 'foodLeft=11'), ((12, 3), 'foodLeft=11'), ((12, 3), 'foodLeft=12'), ((13, 4), 'foodLeft=11'), ((12, 5), 'foodLeft=10'), ((14, 3), 'foodLeft=11'), ((13, 4), 'foodLeft=10'), ((13, 5), 'foodLeft=11'), ((9, 5), 'foodLeft=11'), ((8, 5), 'foodLeft=11'), ((3, 5), 'foodLeft=12'), ((5, 5), 'foodLeft=11'), ((3, 5), 'foodLeft=11'), ((5, 3), 'foodLeft=11'), ((4, 4), 'foodLeft=10'), ((16, 3), 'foodLeft=13'), ((11, 5), 'foodLeft=10'), ((1, 3), 'foodLeft=11'), ((1, 3), 'foodLeft=12'), ((1, 4), 'foodLeft=11'), ((5, 3), 'foodLeft=10'), ((5, 5), 'foodLeft=11'), ((8, 3), 'foodLeft=10'), ((9, 3), 'foodLeft=11'), ((3, 3), 'foodLeft=11'), ((8, 3), 'foodLeft=11'), ((5, 5), 'foodLeft=10'), ((13, 5), 'foodLeft=10'), ((3, 3), 'foodLeft=12'), ((4, 4), 'foodLeft=11'), ((16, 3), 'foodLeft=12'), ((2, 5), 'foodLeft=10'), ((2, 5), 'foodLeft=11'), ((2, 5), 'foodLeft=11'), ((14, 5), 'foodLeft=9'), ((9, 5), 'foodLeft=10'), ((14, 3), 'foodLeft=12'), ((13, 4), 'foodLeft=10'), ((13, 4), 'foodLeft=11'), ((8, 5), 'foodLeft=12'), ((14, 3), 'foodLeft=11'), ((8, 3), 'foodLeft=12'), ((13, 4), 'foodLeft=9'), ((7, 4), 'foodLeft=11'), ((1, 3), 'foodLeft=10'), ((1, 3), 'foodLeft=11'), ((10, 4), 'foodLeft=9'), ((8, 5), 'foodLeft=10')]","[((10, 3), 'foodLeft=9'), ((13, 3), 'foodLeft=10'), ((10, 4), 'foodLeft=8'), ((11, 5), 'foodLeft=11'), ((14, 3), 'foodLeft=12'), ((12, 5), 'foodLeft=11'), ((12, 3), 'foodLeft=11'), ((12, 3), 'foodLeft=12'), ((13, 4), 'foodLeft=11'), ((12, 5), 'foodLeft=10'), ((14, 3), 'foodLeft=11'), ((13, 4), 'foodLeft=10'), ((13, 5), 'foodLeft=11'), ((9, 5), 'foodLeft=11'), ((8, 5), 'foodLeft=11'), ((3, 5), 'foodLeft=12'), ((5, 5), 'foodLeft=11'), ((3, 5), 'foodLeft=11'), ((5, 3), 'foodLeft=11'), ((4, 4), 'foodLeft=10'), ((16, 3), 'foodLeft=13'), ((11, 5), 'foodLeft=10'), ((1, 3), 'foodLeft=11'), ((1, 3), 'foodLeft=12'), ((1, 4), 'foodLeft=11'), ((5, 3), 'foodLeft=10'), ((5, 5), 'foodLeft=11'), ((8, 3), 'foodLeft=10'), ((9, 3), 'foodLeft=11'), ((3, 3), 'foodLeft=11'), ((8, 3), 'foodLeft=11'), ((5, 5), 'foodLeft=10'), ((13, 5), 'foodLeft=10'), ((3, 3), 'foodLeft=12'), ((4, 4), 'foodLeft=11'), ((16, 3), 'foodLeft=12'), ((2, 5), 'foodLeft=10'), ((2, 5), 'foodLeft=11'), ((2, 5), 'foodLeft=11'), ((14, 5), 'foodLeft=9'), ((9, 5), 'foodLeft=10'), ((14, 3), 'foodLeft=12'), ((13, 4), 'foodLeft=10'), ((13, 4), 'foodLeft=11'), ((8, 5), 'foodLeft=12'), ((14, 3), 'foodLeft=11'), ((8, 3), 'foodLeft=12'), ((13, 4), 'foodLeft=9'), ((7, 4), 'foodLeft=11'), ((1, 3), 'foodLeft=10'), ((1, 3), 'foodLeft=11'), ((10, 4), 'foodLeft=9'), ((8, 5), 'foodLeft=10'), ((11, 5), 'foodLeft=9')]",176,23,36,59
176,"((10, 3), 'foodLeft=9')","((9, 3), 'foodLeft=9')",East,"[((10, 4), 'foodLeft=8'), ((11, 3), 'foodLeft=9'), ((9, 3), 'foodLeft=9')]","[((10, 3), 'foodLeft=9'), ((13, 3), 'foodLeft=10'), ((10, 4), 'foodLeft=8'), ((11, 5), 'foodLeft=11'), ((14, 3), 'foodLeft=12'), ((12, 5), 'foodLeft=11'), ((12, 3), 'foodLeft=11'), ((12, 3), 'foodLeft=12'), ((13, 4), 'foodLeft=11'), ((12, 5), 'foodLeft=10'), ((14, 3), 'foodLeft=11'), ((13, 4), 'foodLeft=10'), ((13, 5), 'foodLeft=11'), ((9, 5), 'foodLeft=11'), ((8, 5), 'foodLeft=11'), ((3, 5), 'foodLeft=12'), ((5, 5), 'foodLeft=11'), ((3, 5), 'foodLeft=11'), ((5, 3), 'foodLeft=11'), ((4, 4), 'foodLeft=10'), ((16, 3), 'foodLeft=13'), ((11, 5), 'foodLeft=10'), ((1, 3), 'foodLeft=11'), ((1, 3), 'foodLeft=12'), ((1, 4), 'foodLeft=11'), ((5, 3), 'foodLeft=10'), ((5, 5), 'foodLeft=11'), ((8, 3), 'foodLeft=10'), ((9, 3), 'foodLeft=11'), ((3, 3), 'foodLeft=11'), ((8, 3), 'foodLeft=11'), ((5, 5), 'foodLeft=10'), ((13, 5), 'foodLeft=10'), ((3, 3), 'foodLeft=12'), ((4, 4), 'foodLeft=11'), ((16, 3), 'foodLeft=12'), ((2, 5), 'foodLeft=10'), ((2, 5), 'foodLeft=11'), ((2, 5), 'foodLeft=11'), ((14, 5), 'foodLeft=9'), ((9, 5), 'foodLeft=10'), ((14, 3), 'foodLeft=12'), ((13, 4), 'foodLeft=10'), ((13, 4), 'foodLeft=11'), ((8, 5), 'foodLeft=12'), ((14, 3), 'foodLeft=11'), ((8, 3), 'foodLeft=12'), ((13, 4), 'foodLeft=9'), ((7, 4), 'foodLeft=11'), ((1, 3), 'foodLeft=10'), ((1, 3), 'foodLeft=11'), ((10, 4), 'foodLeft=9'), ((8, 5), 'foodLeft=10'), ((11, 5), 'foodLeft=9')]","[((10, 4), 'foodLeft=8'), ((13, 3), 'foodLeft=10'), ((12, 5), 'foodLeft=11'), ((11, 5), 'foodLeft=11'), ((14, 3), 'foodLeft=12'), ((13, 5), 'foodLeft=11'), ((12, 3), 'foodLeft=11'), ((12, 3), 'foodLeft=12'), ((13, 4), 'foodLeft=11'), ((12, 5), 'foodLeft=10'), ((14, 3), 'foodLeft=11'), ((13, 4), 'foodLeft=10'), ((5, 3), 'foodLeft=10'), ((9, 5), 'foodLeft=11'), ((8, 5), 'foodLeft=11'), ((3, 5), 'foodLeft=12'), ((5, 5), 'foodLeft=11'), ((3, 5), 'foodLeft=11'), ((5, 3), 'foodLeft=11'), ((4, 4), 'foodLeft=10'), ((16, 3), 'foodLeft=13'), ((11, 5), 'foodLeft=10'), ((1, 3), 'foodLeft=11'), ((1, 3), 'foodLeft=12'), ((1, 4), 'foodLeft=11'), ((8, 5), 'foodLeft=10'), ((5, 5), 'foodLeft=11'), ((8, 3), 'foodLeft=10'), ((9, 3), 'foodLeft=11'), ((3, 3), 'foodLeft=11'), ((8, 3), 'foodLeft=11'), ((5, 5), 'foodLeft=10'), ((13, 5), 'foodLeft=10'), ((3, 3), 'foodLeft=12'), ((4, 4), 'foodLeft=11'), ((16, 3), 'foodLeft=12'), ((2, 5), 'foodLeft=10'), ((2, 5), 'foodLeft=11'), ((2, 5), 'foodLeft=11'), ((14, 5), 'foodLeft=9'), ((9, 5), 'foodLeft=10'), ((14, 3), 'foodLeft=12'), ((13, 4), 'foodLeft=10'), ((13, 4), 'foodLeft=11'), ((8, 5), 'foodLeft=12'), ((14, 3), 'foodLeft=11'), ((8, 3), 'foodLeft=12'), ((13, 4), 'foodLeft=9'), ((7, 4), 'foodLeft=11'), ((1, 3), 'foodLeft=10'), ((1, 3), 'foodLeft=11'), ((10, 4), 'foodLeft=9'), ((11, 5), 'foodLeft=9'), ((11, 3), 'foodLeft=9')]",177,23,36,59
177,"((10, 4), 'foodLeft=8')","((10, 5), 'foodLeft=9')",South,"[((10, 5), 'foodLeft=8'), ((10, 3), 'foodLeft=8')]","[((10, 4), 'foodLeft=8'), ((13, 3), 'foodLeft=10'), ((12, 5), 'foodLeft=11'), ((11, 5), 'foodLeft=11'), ((14, 3), 'foodLeft=12'), ((13, 5), 'foodLeft=11'), ((12, 3), 'foodLeft=11'), ((12, 3), 'foodLeft=12'), ((13, 4), 'foodLeft=11'), ((12, 5), 'foodLeft=10'), ((14, 3), 'foodLeft=11'), ((13, 4), 'foodLeft=10'), ((5, 3), 'foodLeft=10'), ((9, 5), 'foodLeft=11'), ((8, 5), 'foodLeft=11'), ((3, 5), 'foodLeft=12'), ((5, 5), 'foodLeft=11'), ((3, 5), 'foodLeft=11'), ((5, 3), 'foodLeft=11'), ((4, 4), 'foodLeft=10'), ((16, 3), 'foodLeft=13'), ((11, 5), 'foodLeft=10'), ((1, 3), 'foodLeft=11'), ((1, 3), 'foodLeft=12'), ((1, 4), 'foodLeft=11'), ((8, 5), 'foodLeft=10'), ((5, 5), 'foodLeft=11'), ((8, 3), 'foodLeft=10'), ((9, 3), 'foodLeft=11'), ((3, 3), 'foodLeft=11'), ((8, 3), 'foodLeft=11'), ((5, 5), 'foodLeft=10'), ((13, 5), 'foodLeft=10'), ((3, 3), 'foodLeft=12'), ((4, 4), 'foodLeft=11'), ((16, 3), 'foodLeft=12'), ((2, 5), 'foodLeft=10'), ((2, 5), 'foodLeft=11'), ((2, 5), 'foodLeft=11'), ((14, 5), 'foodLeft=9'), ((9, 5), 'foodLeft=10'), ((14, 3), 'foodLeft=12'), ((13, 4), 'foodLeft=10'), ((13, 4), 'foodLeft=11'), ((8, 5), 'foodLeft=12'), ((14, 3), 'foodLeft=11'), ((8, 3), 'foodLeft=12'), ((13, 4), 'foodLeft=9'), ((7, 4), 'foodLeft=11'), ((1, 3), 'foodLeft=10'), ((1, 3), 'foodLeft=11'), ((10, 4), 'foodLeft=9'), ((11, 5), 'foodLeft=9'), ((11, 3), 'foodLeft=9')]","[((10, 5), 'foodLeft=8'), ((11, 5), 'foodLeft=11'), ((13, 3), 'foodLeft=10'), ((13, 4), 'foodLeft=11'), ((14, 3), 'foodLeft=12'), ((12, 5), 'foodLeft=11'), ((12, 3), 'foodLeft=11'), ((12, 3), 'foodLeft=12'), ((3, 5), 'foodLeft=11'), ((12, 5), 'foodLeft=10'), ((14, 3), 'foodLeft=11'), ((13, 4), 'foodLeft=10'), ((13, 5), 'foodLeft=11'), ((9, 5), 'foodLeft=11'), ((8, 5), 'foodLeft=11'), ((3, 5), 'foodLeft=12'), ((5, 5), 'foodLeft=11'), ((16, 3), 'foodLeft=12'), ((5, 3), 'foodLeft=11'), ((4, 4), 'foodLeft=10'), ((16, 3), 'foodLeft=13'), ((11, 5), 'foodLeft=10'), ((1, 3), 'foodLeft=11'), ((1, 3), 'foodLeft=12'), ((1, 4), 'foodLeft=11'), ((8, 5), 'foodLeft=10'), ((10, 3), 'foodLeft=8'), ((8, 3), 'foodLeft=10'), ((9, 3), 'foodLeft=11'), ((3, 3), 'foodLeft=11'), ((8, 3), 'foodLeft=11'), ((5, 5), 'foodLeft=10'), ((13, 5), 'foodLeft=10'), ((3, 3), 'foodLeft=12'), ((4, 4), 'foodLeft=11'), ((11, 3), 'foodLeft=9'), ((2, 5), 'foodLeft=10'), ((2, 5), 'foodLeft=11'), ((2, 5), 'foodLeft=11'), ((14, 5), 'foodLeft=9'), ((9, 5), 'foodLeft=10'), ((14, 3), 'foodLeft=12'), ((13, 4), 'foodLeft=10'), ((13, 4), 'foodLeft=11'), ((8, 5), 'foodLeft=12'), ((14, 3), 'foodLeft=11'), ((8, 3), 'foodLeft=12'), ((13, 4), 'foodLeft=9'), ((7, 4), 'foodLeft=11'), ((1, 3), 'foodLeft=10'), ((1, 3), 'foodLeft=11'), ((10, 4), 'foodLeft=9'), ((11, 5), 'foodLeft=9'), ((5, 5), 'foodLeft=11'), ((5, 3), 'foodLeft=10')]",178,24,35,59
178,"((10, 5), 'foodLeft=8')","((10, 4), 'foodLeft=8')",North,"[((10, 4), 'foodLeft=8'), ((11, 5), 'foodLeft=8'), ((9, 5), 'foodLeft=8')]","[((10, 5), 'foodLeft=8'), ((11, 5), 'foodLeft=11'), ((13, 3), 'foodLeft=10'), ((13, 4), 'foodLeft=11'), ((14, 3), 'foodLeft=12'), ((12, 5), 'foodLeft=11'), ((12, 3), 'foodLeft=11'), ((12, 3), 'foodLeft=12'), ((3, 5), 'foodLeft=11'), ((12, 5), 'foodLeft=10'), ((14, 3), 'foodLeft=11'), ((13, 4), 'foodLeft=10'), ((13, 5), 'foodLeft=11'), ((9, 5), 'foodLeft=11'), ((8, 5), 'foodLeft=11'), ((3, 5), 'foodLeft=12'), ((5, 5), 'foodLeft=11'), ((16, 3), 'foodLeft=12'), ((5, 3), 'foodLeft=11'), ((4, 4), 'foodLeft=10'), ((16, 3), 'foodLeft=13'), ((11, 5), 'foodLeft=10'), ((1, 3), 'foodLeft=11'), ((1, 3), 'foodLeft=12'), ((1, 4), 'foodLeft=11'), ((8, 5), 'foodLeft=10'), ((10, 3), 'foodLeft=8'), ((8, 3), 'foodLeft=10'), ((9, 3), 'foodLeft=11'), ((3, 3), 'foodLeft=11'), ((8, 3), 'foodLeft=11'), ((5, 5), 'foodLeft=10'), ((13, 5), 'foodLeft=10'), ((3, 3), 'foodLeft=12'), ((4, 4), 'foodLeft=11'), ((11, 3), 'foodLeft=9'), ((2, 5), 'foodLeft=10'), ((2, 5), 'foodLeft=11'), ((2, 5), 'foodLeft=11'), ((14, 5), 'foodLeft=9'), ((9, 5), 'foodLeft=10'), ((14, 3), 'foodLeft=12'), ((13, 4), 'foodLeft=10'), ((13, 4), 'foodLeft=11'), ((8, 5), 'foodLeft=12'), ((14, 3), 'foodLeft=11'), ((8, 3), 'foodLeft=12'), ((13, 4), 'foodLeft=9'), ((7, 4), 'foodLeft=11'), ((1, 3), 'foodLeft=10'), ((1, 3), 'foodLeft=11'), ((10, 4), 'foodLeft=9'), ((11, 5), 'foodLeft=9'), ((5, 5), 'foodLeft=11'), ((5, 3), 'foodLeft=10')]","[((11, 5), 'foodLeft=8'), ((11, 5), 'foodLeft=11'), ((13, 3), 'foodLeft=10'), ((13, 4), 'foodLeft=11'), ((14, 3), 'foodLeft=12'), ((12, 5), 'foodLeft=11'), ((12, 3), 'foodLeft=11'), ((12, 3), 'foodLeft=12'), ((3, 5), 'foodLeft=11'), ((12, 5), 'foodLeft=10'), ((14, 3), 'foodLeft=11'), ((13, 4), 'foodLeft=10'), ((13, 5), 'foodLeft=11'), ((9, 5), 'foodLeft=11'), ((8, 5), 'foodLeft=11'), ((3, 5), 'foodLeft=12'), ((5, 5), 'foodLeft=11'), ((16, 3), 'foodLeft=12'), ((5, 3), 'foodLeft=11'), ((4, 4), 'foodLeft=10'), ((16, 3), 'foodLeft=13'), ((11, 5), 'foodLeft=10'), ((1, 3), 'foodLeft=11'), ((1, 3), 'foodLeft=12'), ((1, 4), 'foodLeft=11'), ((8, 5), 'foodLeft=10'), ((10, 3), 'foodLeft=8'), ((8, 3), 'foodLeft=10'), ((9, 3), 'foodLeft=11'), ((3, 3), 'foodLeft=11'), ((8, 3), 'foodLeft=11'), ((5, 5), 'foodLeft=10'), ((13, 5), 'foodLeft=10'), ((3, 3), 'foodLeft=12'), ((4, 4), 'foodLeft=11'), ((11, 3), 'foodLeft=9'), ((2, 5), 'foodLeft=10'), ((2, 5), 'foodLeft=11'), ((2, 5), 'foodLeft=11'), ((14, 5), 'foodLeft=9'), ((9, 5), 'foodLeft=10'), ((14, 3), 'foodLeft=12'), ((13, 4), 'foodLeft=10'), ((13, 4), 'foodLeft=11'), ((8, 5), 'foodLeft=12'), ((14, 3), 'foodLeft=11'), ((8, 3), 'foodLeft=12'), ((13, 4), 'foodLeft=9'), ((7, 4), 'foodLeft=11'), ((1, 3), 'foodLeft=10'), ((1, 3), 'foodLeft=11'), ((10, 4), 'foodLeft=9'), ((11, 5), 'foodLeft=9'), ((5, 5), 'foodLeft=11'), ((5, 3), 'foodLeft=10'), ((9, 5), 'foodLeft=8')]",179,25,34,59
179,"((11, 5), 'foodLeft=8')","((10, 5), 'foodLeft=8')",East,"[((12, 5), 'foodLeft=8'), ((10, 5), 'foodLeft=8')]","[((11, 5), 'foodLeft=8'), ((11, 5), 'foodLeft=11'), ((13, 3), 'foodLeft=10'), ((13, 4), 'foodLeft=11'), ((14, 3), 'foodLeft=12'), ((12, 5), 'foodLeft=11'), ((12, 3), 'foodLeft=11'), ((12, 3), 'foodLeft=12'), ((3, 5), 'foodLeft=11'), ((12, 5), 'foodLeft=10'), ((14, 3), 'foodLeft=11'), ((13, 4), 'foodLeft=10'), ((13, 5), 'foodLeft=11'), ((9, 5), 'foodLeft=11'), ((8, 5), 'foodLeft=11'), ((3, 5), 'foodLeft=12'), ((5, 5), 'foodLeft=11'), ((16, 3), 'foodLeft=12'), ((5, 3), 'foodLeft=11'), ((4, 4), 'foodLeft=10'), ((16, 3), 'foodLeft=13'), ((11, 5), 'foodLeft=10'), ((1, 3), 'foodLeft=11'), ((1, 3), 'foodLeft=12'), ((1, 4), 'foodLeft=11'), ((8, 5), 'foodLeft=10'), ((10, 3), 'foodLeft=8'), ((8, 3), 'foodLeft=10'), ((9, 3), 'foodLeft=11'), ((3, 3), 'foodLeft=11'), ((8, 3), 'foodLeft=11'), ((5, 5), 'foodLeft=10'), ((13, 5), 'foodLeft=10'), ((3, 3), 'foodLeft=12'), ((4, 4), 'foodLeft=11'), ((11, 3), 'foodLeft=9'), ((2, 5), 'foodLeft=10'), ((2, 5), 'foodLeft=11'), ((2, 5), 'foodLeft=11'), ((14, 5), 'foodLeft=9'), ((9, 5), 'foodLeft=10'), ((14, 3), 'foodLeft=12'), ((13, 4), 'foodLeft=10'), ((13, 4), 'foodLeft=11'), ((8, 5), 'foodLeft=12'), ((14, 3), 'foodLeft=11'), ((8, 3), 'foodLeft=12'), ((13, 4), 'foodLeft=9'), ((7, 4), 'foodLeft=11'), ((1, 3), 'foodLeft=10'), ((1, 3), 'foodLeft=11'), ((10, 4), 'foodLeft=9'), ((11, 5), 'foodLeft=9'), ((5, 5), 'foodLeft=11'), ((5, 3), 'foodLeft=10'), ((9, 5), 'foodLeft=8')]","[((12, 5), 'foodLeft=8'), ((11, 5), 'foodLeft=11'), ((13, 3), 'foodLeft=10'), ((13, 4), 'foodLeft=11'), ((14, 3), 'foodLeft=12'), ((13, 5), 'foodLeft=11'), ((12, 5), 'foodLeft=11'), ((12, 3), 'foodLeft=12'), ((3, 5), 'foodLeft=11'), ((12, 5), 'foodLeft=10'), ((14, 3), 'foodLeft=11'), ((13, 4), 'foodLeft=10'), ((10, 3), 'foodLeft=8'), ((12, 3), 'foodLeft=11'), ((8, 5), 'foodLeft=11'), ((3, 5), 'foodLeft=12'), ((5, 5), 'foodLeft=11'), ((16, 3), 'foodLeft=12'), ((5, 3), 'foodLeft=11'), ((4, 4), 'foodLeft=10'), ((16, 3), 'foodLeft=13'), ((11, 5), 'foodLeft=10'), ((1, 3), 'foodLeft=11'), ((1, 3), 'foodLeft=12'), ((1, 4), 'foodLeft=11'), ((8, 5), 'foodLeft=10'), ((5, 3), 'foodLeft=10'), ((9, 5), 'foodLeft=11'), ((9, 3), 'foodLeft=11'), ((3, 3), 'foodLeft=11'), ((8, 3), 'foodLeft=11'), ((5, 5), 'foodLeft=10'), ((13, 5), 'foodLeft=10'), ((3, 3), 'foodLeft=12'), ((4, 4), 'foodLeft=11'), ((11, 3), 'foodLeft=9'), ((2, 5), 'foodLeft=10'), ((2, 5), 'foodLeft=11'), ((2, 5), 'foodLeft=11'), ((14, 5), 'foodLeft=9'), ((9, 5), 'foodLeft=10'), ((14, 3), 'foodLeft=12'), ((13, 4), 'foodLeft=10'), ((13, 4), 'foodLeft=11'), ((8, 5), 'foodLeft=12'), ((14, 3), 'foodLeft=11'), ((8, 3), 'foodLeft=12'), ((13, 4), 'foodLeft=9'), ((7, 4), 'foodLeft=11'), ((1, 3), 'foodLeft=10'), ((1, 3), 'foodLeft=11'), ((10, 4), 'foodLeft=9'), ((11, 5), 'foodLeft=9'), ((5, 5), 'foodLeft=11'), ((9, 5), 'foodLeft=8'), ((8, 3), 'foodLeft=10')]",180,26,33,59
180,"((12, 5), 'foodLeft=8')","((11, 5), 'foodLeft=8')",East,"[((13, 5), 'foodLeft=7'), ((11, 5), 'foodLeft=8')]","[((12, 5), 'foodLeft=8'), ((11, 5), 'foodLeft=11'), ((13, 3), 'foodLeft=10'), ((13, 4), 'foodLeft=11'), ((14, 3), 'foodLeft=12'), ((13, 5), 'foodLeft=11'), ((12, 5), 'foodLeft=11'), ((12, 3), 'foodLeft=12'), ((3, 5), 'foodLeft=11'), ((12, 5), 'foodLeft=10'), ((14, 3), 'foodLeft=11'), ((13, 4), 'foodLeft=10'), ((10, 3), 'foodLeft=8'), ((12, 3), 'foodLeft=11'), ((8, 5), 'foodLeft=11'), ((3, 5), 'foodLeft=12'), ((5, 5), 'foodLeft=11'), ((16, 3), 'foodLeft=12'), ((5, 3), 'foodLeft=11'), ((4, 4), 'foodLeft=10'), ((16, 3), 'foodLeft=13'), ((11, 5), 'foodLeft=10'), ((1, 3), 'foodLeft=11'), ((1, 3), 'foodLeft=12'), ((1, 4), 'foodLeft=11'), ((8, 5), 'foodLeft=10'), ((5, 3), 'foodLeft=10'), ((9, 5), 'foodLeft=11'), ((9, 3), 'foodLeft=11'), ((3, 3), 'foodLeft=11'), ((8, 3), 'foodLeft=11'), ((5, 5), 'foodLeft=10'), ((13, 5), 'foodLeft=10'), ((3, 3), 'foodLeft=12'), ((4, 4), 'foodLeft=11'), ((11, 3), 'foodLeft=9'), ((2, 5), 'foodLeft=10'), ((2, 5), 'foodLeft=11'), ((2, 5), 'foodLeft=11'), ((14, 5), 'foodLeft=9'), ((9, 5), 'foodLeft=10'), ((14, 3), 'foodLeft=12'), ((13, 4), 'foodLeft=10'), ((13, 4), 'foodLeft=11'), ((8, 5), 'foodLeft=12'), ((14, 3), 'foodLeft=11'), ((8, 3), 'foodLeft=12'), ((13, 4), 'foodLeft=9'), ((7, 4), 'foodLeft=11'), ((1, 3), 'foodLeft=10'), ((1, 3), 'foodLeft=11'), ((10, 4), 'foodLeft=9'), ((11, 5), 'foodLeft=9'), ((5, 5), 'foodLeft=11'), ((9, 5), 'foodLeft=8'), ((8, 3), 'foodLeft=10')]","[((13, 3), 'foodLeft=10'), ((11, 5), 'foodLeft=11'), ((12, 5), 'foodLeft=11'), ((13, 4), 'foodLeft=11'), ((14, 3), 'foodLeft=12'), ((13, 5), 'foodLeft=11'), ((12, 3), 'foodLeft=11'), ((12, 3), 'foodLeft=12'), ((3, 5), 'foodLeft=11'), ((12, 5), 'foodLeft=10'), ((14, 3), 'foodLeft=11'), ((13, 4), 'foodLeft=10'), ((10, 3), 'foodLeft=8'), ((9, 5), 'foodLeft=11'), ((8, 5), 'foodLeft=11'), ((3, 5), 'foodLeft=12'), ((5, 5), 'foodLeft=11'), ((16, 3), 'foodLeft=12'), ((5, 3), 'foodLeft=11'), ((4, 4), 'foodLeft=10'), ((16, 3), 'foodLeft=13'), ((11, 5), 'foodLeft=10'), ((1, 3), 'foodLeft=11'), ((1, 3), 'foodLeft=12'), ((1, 4), 'foodLeft=11'), ((8, 5), 'foodLeft=10'), ((5, 3), 'foodLeft=10'), ((13, 5), 'foodLeft=7'), ((9, 3), 'foodLeft=11'), ((3, 3), 'foodLeft=11'), ((8, 3), 'foodLeft=11'), ((5, 5), 'foodLeft=10'), ((13, 5), 'foodLeft=10'), ((3, 3), 'foodLeft=12'), ((4, 4), 'foodLeft=11'), ((11, 3), 'foodLeft=9'), ((2, 5), 'foodLeft=10'), ((2, 5), 'foodLeft=11'), ((2, 5), 'foodLeft=11'), ((14, 5), 'foodLeft=9'), ((9, 5), 'foodLeft=10'), ((14, 3), 'foodLeft=12'), ((13, 4), 'foodLeft=10'), ((13, 4), 'foodLeft=11'), ((8, 5), 'foodLeft=12'), ((14, 3), 'foodLeft=11'), ((8, 3), 'foodLeft=12'), ((13, 4), 'foodLeft=9'), ((7, 4), 'foodLeft=11'), ((1, 3), 'foodLeft=10'), ((1, 3), 'foodLeft=11'), ((10, 4), 'foodLeft=9'), ((11, 5), 'foodLeft=9'), ((5, 5), 'foodLeft=11'), ((9, 5), 'foodLeft=8'), ((8, 3), 'foodLeft=10')]",181,27,32,59
181,"((13, 3), 'foodLeft=10')","((13, 4), 'foodLeft=10')",South,"[((13, 4), 'foodLeft=10'), ((14, 3), 'foodLeft=10'), ((12, 3), 'foodLeft=10')]","[((13, 3), 'foodLeft=10'), ((11, 5), 'foodLeft=11'), ((12, 5), 'foodLeft=11'), ((13, 4), 'foodLeft=11'), ((14, 3), 'foodLeft=12'), ((13, 5), 'foodLeft=11'), ((12, 3), 'foodLeft=11'), ((12, 3), 'foodLeft=12'), ((3, 5), 'foodLeft=11'), ((12, 5), 'foodLeft=10'), ((14, 3), 'foodLeft=11'), ((13, 4), 'foodLeft=10'), ((10, 3), 'foodLeft=8'), ((9, 5), 'foodLeft=11'), ((8, 5), 'foodLeft=11'), ((3, 5), 'foodLeft=12'), ((5, 5), 'foodLeft=11'), ((16, 3), 'foodLeft=12'), ((5, 3), 'foodLeft=11'), ((4, 4), 'foodLeft=10'), ((16, 3), 'foodLeft=13'), ((11, 5), 'foodLeft=10'), ((1, 3), 'foodLeft=11'), ((1, 3), 'foodLeft=12'), ((1, 4), 'foodLeft=11'), ((8, 5), 'foodLeft=10'), ((5, 3), 'foodLeft=10'), ((13, 5), 'foodLeft=7'), ((9, 3), 'foodLeft=11'), ((3, 3), 'foodLeft=11'), ((8, 3), 'foodLeft=11'), ((5, 5), 'foodLeft=10'), ((13, 5), 'foodLeft=10'), ((3, 3), 'foodLeft=12'), ((4, 4), 'foodLeft=11'), ((11, 3), 'foodLeft=9'), ((2, 5), 'foodLeft=10'), ((2, 5), 'foodLeft=11'), ((2, 5), 'foodLeft=11'), ((14, 5), 'foodLeft=9'), ((9, 5), 'foodLeft=10'), ((14, 3), 'foodLeft=12'), ((13, 4), 'foodLeft=10'), ((13, 4), 'foodLeft=11'), ((8, 5), 'foodLeft=12'), ((14, 3), 'foodLeft=11'), ((8, 3), 'foodLeft=12'), ((13, 4), 'foodLeft=9'), ((7, 4), 'foodLeft=11'), ((1, 3), 'foodLeft=10'), ((1, 3), 'foodLeft=11'), ((10, 4), 'foodLeft=9'), ((11, 5), 'foodLeft=9'), ((5, 5), 'foodLeft=11'), ((9, 5), 'foodLeft=8'), ((8, 3), 'foodLeft=10')]","[((11, 5), 'foodLeft=11'), ((13, 4), 'foodLeft=11'), ((12, 5), 'foodLeft=11'), ((12, 3), 'foodLeft=12'), ((14, 3), 'foodLeft=12'), ((13, 5), 'foodLeft=11'), ((12, 3), 'foodLeft=11'), ((5, 5), 'foodLeft=11'), ((3, 5), 'foodLeft=11'), ((12, 5), 'foodLeft=10'), ((14, 3), 'foodLeft=11'), ((13, 4), 'foodLeft=10'), ((10, 3), 'foodLeft=8'), ((9, 5), 'foodLeft=11'), ((8, 5), 'foodLeft=11'), ((3, 5), 'foodLeft=12'), ((4, 4), 'foodLeft=11'), ((16, 3), 'foodLeft=12'), ((5, 3), 'foodLeft=11'), ((4, 4), 'foodLeft=10'), ((16, 3), 'foodLeft=13'), ((11, 5), 'foodLeft=10'), ((1, 3), 'foodLeft=11'), ((1, 3), 'foodLeft=12'), ((1, 4), 'foodLeft=11'), ((8, 5), 'foodLeft=10'), ((5, 3), 'foodLeft=10'), ((13, 5), 'foodLeft=7'), ((9, 3), 'foodLeft=11'), ((3, 3), 'foodLeft=11'), ((8, 3), 'foodLeft=11'), ((5, 5), 'foodLeft=10'), ((13, 5), 'foodLeft=10'), ((3, 3), 'foodLeft=12'), ((8, 3), 'foodLeft=10'), ((11, 3), 'foodLeft=9'), ((2, 5), 'foodLeft=10'), ((2, 5), 'foodLeft=11'), ((2, 5), 'foodLeft=11'), ((14, 5), 'foodLeft=9'), ((9, 5), 'foodLeft=10'), ((14, 3), 'foodLeft=12'), ((13, 4), 'foodLeft=10'), ((13, 4), 'foodLeft=11'), ((8, 5), 'foodLeft=12'), ((14, 3), 'foodLeft=11'), ((8, 3), 'foodLeft=12'), ((13, 4), 'foodLeft=9'), ((7, 4), 'foodLeft=11'), ((1, 3), 'foodLeft=10'), ((1, 3), 'foodLeft=11'), ((10, 4), 'foodLeft=9'), ((11, 5), 'foodLeft=9'), ((5, 5), 'foodLeft=11'), ((9, 5), 'foodLeft=8'), ((14, 3), 'foodLeft=10'), ((12, 3), 'foodLeft=10')]",182,8,52,60
182,"((11, 5), 'foodLeft=11')","((12, 5), 'foodLeft=11')",West,"[((12, 5), 'foodLeft=11'), ((10, 5), 'foodLeft=11')]","[((11, 5), 'foodLeft=11'), ((13, 4), 'foodLeft=11'), ((12, 5), 'foodLeft=11'), ((12, 3), 'foodLeft=12'), ((14, 3), 'foodLeft=12'), ((13, 5), 'foodLeft=11'), ((12, 3), 'foodLeft=11'), ((5, 5), 'foodLeft=11'), ((3, 5), 'foodLeft=11'), ((12, 5), 'foodLeft=10'), ((14, 3), 'foodLeft=11'), ((13, 4), 'foodLeft=10'), ((10, 3), 'foodLeft=8'), ((9, 5), 'foodLeft=11'), ((8, 5), 'foodLeft=11'), ((3, 5), 'foodLeft=12'), ((4, 4), 'foodLeft=11'), ((16, 3), 'foodLeft=12'), ((5, 3), 'foodLeft=11'), ((4, 4), 'foodLeft=10'), ((16, 3), 'foodLeft=13'), ((11, 5), 'foodLeft=10'), ((1, 3), 'foodLeft=11'), ((1, 3), 'foodLeft=12'), ((1, 4), 'foodLeft=11'), ((8, 5), 'foodLeft=10'), ((5, 3), 'foodLeft=10'), ((13, 5), 'foodLeft=7'), ((9, 3), 'foodLeft=11'), ((3, 3), 'foodLeft=11'), ((8, 3), 'foodLeft=11'), ((5, 5), 'foodLeft=10'), ((13, 5), 'foodLeft=10'), ((3, 3), 'foodLeft=12'), ((8, 3), 'foodLeft=10'), ((11, 3), 'foodLeft=9'), ((2, 5), 'foodLeft=10'), ((2, 5), 'foodLeft=11'), ((2, 5), 'foodLeft=11'), ((14, 5), 'foodLeft=9'), ((9, 5), 'foodLeft=10'), ((14, 3), 'foodLeft=12'), ((13, 4), 'foodLeft=10'), ((13, 4), 'foodLeft=11'), ((8, 5), 'foodLeft=12'), ((14, 3), 'foodLeft=11'), ((8, 3), 'foodLeft=12'), ((13, 4), 'foodLeft=9'), ((7, 4), 'foodLeft=11'), ((1, 3), 'foodLeft=10'), ((1, 3), 'foodLeft=11'), ((10, 4), 'foodLeft=9'), ((11, 5), 'foodLeft=9'), ((5, 5), 'foodLeft=11'), ((9, 5), 'foodLeft=8'), ((14, 3), 'foodLeft=10'), ((12, 3), 'foodLeft=10')]","[((13, 4), 'foodLeft=11'), ((14, 3), 'foodLeft=12'), ((12, 5), 'foodLeft=11'), ((12, 3), 'foodLeft=12'), ((12, 5), 'foodLeft=10'), ((13, 5), 'foodLeft=11'), ((12, 3), 'foodLeft=11'), ((5, 5), 'foodLeft=11'), ((3, 5), 'foodLeft=11'), ((4, 4), 'foodLeft=10'), ((14, 3), 'foodLeft=11'), ((13, 4), 'foodLeft=10'), ((10, 3), 'foodLeft=8'), ((9, 5), 'foodLeft=11'), ((8, 5), 'foodLeft=11'), ((3, 5), 'foodLeft=12'), ((4, 4), 'foodLeft=11'), ((16, 3), 'foodLeft=12'), ((5, 3), 'foodLeft=11'), ((9, 5), 'foodLeft=10'), ((16, 3), 'foodLeft=13'), ((11, 5), 'foodLeft=10'), ((1, 3), 'foodLeft=11'), ((1, 3), 'foodLeft=12'), ((1, 4), 'foodLeft=11'), ((8, 5), 'foodLeft=10'), ((5, 3), 'foodLeft=10'), ((13, 5), 'foodLeft=7'), ((9, 3), 'foodLeft=11'), ((3, 3), 'foodLeft=11'), ((8, 3), 'foodLeft=11'), ((5, 5), 'foodLeft=10'), ((13, 5), 'foodLeft=10'), ((3, 3), 'foodLeft=12'), ((8, 3), 'foodLeft=10'), ((11, 3), 'foodLeft=9'), ((2, 5), 'foodLeft=10'), ((2, 5), 'foodLeft=11'), ((2, 5), 'foodLeft=11'), ((14, 5), 'foodLeft=9'), ((12, 3), 'foodLeft=10'), ((14, 3), 'foodLeft=12'), ((13, 4), 'foodLeft=10'), ((13, 4), 'foodLeft=11'), ((8, 5), 'foodLeft=12'), ((14, 3), 'foodLeft=11'), ((8, 3), 'foodLeft=12'), ((13, 4), 'foodLeft=9'), ((7, 4), 'foodLeft=11'), ((1, 3), 'foodLeft=10'), ((1, 3), 'foodLeft=11'), ((10, 4), 'foodLeft=9'), ((11, 5), 'foodLeft=9'), ((5, 5), 'foodLeft=11'), ((9, 5), 'foodLeft=8'), ((14, 3), 'foodLeft=10'), ((10, 5), 'foodLeft=11')]",183,8,52,60
183,"((13, 4), 'foodLeft=11')","((13, 5), 'foodLeft=11')",South,"[((13, 5), 'foodLeft=11'), ((13, 3), 'foodLeft=11')]","[((13, 4), 'foodLeft=11'), ((14, 3), 'foodLeft=12'), ((12, 5), 'foodLeft=11'), ((12, 3), 'foodLeft=12'), ((12, 5), 'foodLeft=10'), ((13, 5), 'foodLeft=11'), ((12, 3), 'foodLeft=11'), ((5, 5), 'foodLeft=11'), ((3, 5), 'foodLeft=11'), ((4, 4), 'foodLeft=10'), ((14, 3), 'foodLeft=11'), ((13, 4), 'foodLeft=10'), ((10, 3), 'foodLeft=8'), ((9, 5), 'foodLeft=11'), ((8, 5), 'foodLeft=11'), ((3, 5), 'foodLeft=12'), ((4, 4), 'foodLeft=11'), ((16, 3), 'foodLeft=12'), ((5, 3), 'foodLeft=11'), ((9, 5), 'foodLeft=10'), ((16, 3), 'foodLeft=13'), ((11, 5), 'foodLeft=10'), ((1, 3), 'foodLeft=11'), ((1, 3), 'foodLeft=12'), ((1, 4), 'foodLeft=11'), ((8, 5), 'foodLeft=10'), ((5, 3), 'foodLeft=10'), ((13, 5), 'foodLeft=7'), ((9, 3), 'foodLeft=11'), ((3, 3), 'foodLeft=11'), ((8, 3), 'foodLeft=11'), ((5, 5), 'foodLeft=10'), ((13, 5), 'foodLeft=10'), ((3, 3), 'foodLeft=12'), ((8, 3), 'foodLeft=10'), ((11, 3), 'foodLeft=9'), ((2, 5), 'foodLeft=10'), ((2, 5), 'foodLeft=11'), ((2, 5), 'foodLeft=11'), ((14, 5), 'foodLeft=9'), ((12, 3), 'foodLeft=10'), ((14, 3), 'foodLeft=12'), ((13, 4), 'foodLeft=10'), ((13, 4), 'foodLeft=11'), ((8, 5), 'foodLeft=12'), ((14, 3), 'foodLeft=11'), ((8, 3), 'foodLeft=12'), ((13, 4), 'foodLeft=9'), ((7, 4), 'foodLeft=11'), ((1, 3), 'foodLeft=10'), ((1, 3), 'foodLeft=11'), ((10, 4), 'foodLeft=9'), ((11, 5), 'foodLeft=9'), ((5, 5), 'foodLeft=11'), ((9, 5), 'foodLeft=8'), ((14, 3), 'foodLeft=10'), ((10, 5), 'foodLeft=11')]","[((12, 5), 'foodLeft=11'), ((14, 3), 'foodLeft=12'), ((12, 3), 'foodLeft=11'), ((12, 3), 'foodLeft=12'), ((12, 5), 'foodLeft=10'), ((13, 5), 'foodLeft=11'), ((8, 5), 'foodLeft=11'), ((5, 5), 'foodLeft=11'), ((3, 5), 'foodLeft=11'), ((4, 4), 'foodLeft=10'), ((14, 3), 'foodLeft=11'), ((13, 4), 'foodLeft=10'), ((10, 3), 'foodLeft=8'), ((9, 5), 'foodLeft=11'), ((8, 3), 'foodLeft=11'), ((3, 5), 'foodLeft=12'), ((4, 4), 'foodLeft=11'), ((16, 3), 'foodLeft=12'), ((5, 3), 'foodLeft=11'), ((9, 5), 'foodLeft=10'), ((16, 3), 'foodLeft=13'), ((11, 5), 'foodLeft=10'), ((1, 3), 'foodLeft=11'), ((1, 3), 'foodLeft=12'), ((1, 4), 'foodLeft=11'), ((8, 5), 'foodLeft=10'), ((5, 3), 'foodLeft=10'), ((13, 5), 'foodLeft=7'), ((9, 3), 'foodLeft=11'), ((3, 3), 'foodLeft=11'), ((10, 5), 'foodLeft=11'), ((5, 5), 'foodLeft=10'), ((13, 5), 'foodLeft=10'), ((3, 3), 'foodLeft=12'), ((8, 3), 'foodLeft=10'), ((11, 3), 'foodLeft=9'), ((2, 5), 'foodLeft=10'), ((2, 5), 'foodLeft=11'), ((2, 5), 'foodLeft=11'), ((14, 5), 'foodLeft=9'), ((12, 3), 'foodLeft=10'), ((14, 3), 'foodLeft=12'), ((13, 4), 'foodLeft=10'), ((13, 4), 'foodLeft=11'), ((8, 5), 'foodLeft=12'), ((14, 3), 'foodLeft=11'), ((8, 3), 'foodLeft=12'), ((13, 4), 'foodLeft=9'), ((7, 4), 'foodLeft=11'), ((1, 3), 'foodLeft=10'), ((1, 3), 'foodLeft=11'), ((10, 4), 'foodLeft=9'), ((11, 5), 'foodLeft=9'), ((5, 5), 'foodLeft=11'), ((9, 5), 'foodLeft=8'), ((14, 3), 'foodLeft=10'), ((13, 3), 'foodLeft=11')]",184,7,53,60
184,"((12, 5), 'foodLeft=11')","((13, 5), 'foodLeft=11')",West,"[((13, 5), 'foodLeft=11'), ((11, 5), 'foodLeft=11')]","[((12, 5), 'foodLeft=11'), ((14, 3), 'foodLeft=12'), ((12, 3), 'foodLeft=11'), ((12, 3), 'foodLeft=12'), ((12, 5), 'foodLeft=10'), ((13, 5), 'foodLeft=11'), ((8, 5), 'foodLeft=11'), ((5, 5), 'foodLeft=11'), ((3, 5), 'foodLeft=11'), ((4, 4), 'foodLeft=10'), ((14, 3), 'foodLeft=11'), ((13, 4), 'foodLeft=10'), ((10, 3), 'foodLeft=8'), ((9, 5), 'foodLeft=11'), ((8, 3), 'foodLeft=11'), ((3, 5), 'foodLeft=12'), ((4, 4), 'foodLeft=11'), ((16, 3), 'foodLeft=12'), ((5, 3), 'foodLeft=11'), ((9, 5), 'foodLeft=10'), ((16, 3), 'foodLeft=13'), ((11, 5), 'foodLeft=10'), ((1, 3), 'foodLeft=11'), ((1, 3), 'foodLeft=12'), ((1, 4), 'foodLeft=11'), ((8, 5), 'foodLeft=10'), ((5, 3), 'foodLeft=10'), ((13, 5), 'foodLeft=7'), ((9, 3), 'foodLeft=11'), ((3, 3), 'foodLeft=11'), ((10, 5), 'foodLeft=11'), ((5, 5), 'foodLeft=10'), ((13, 5), 'foodLeft=10'), ((3, 3), 'foodLeft=12'), ((8, 3), 'foodLeft=10'), ((11, 3), 'foodLeft=9'), ((2, 5), 'foodLeft=10'), ((2, 5), 'foodLeft=11'), ((2, 5), 'foodLeft=11'), ((14, 5), 'foodLeft=9'), ((12, 3), 'foodLeft=10'), ((14, 3), 'foodLeft=12'), ((13, 4), 'foodLeft=10'), ((13, 4), 'foodLeft=11'), ((8, 5), 'foodLeft=12'), ((14, 3), 'foodLeft=11'), ((8, 3), 'foodLeft=12'), ((13, 4), 'foodLeft=9'), ((7, 4), 'foodLeft=11'), ((1, 3), 'foodLeft=10'), ((1, 3), 'foodLeft=11'), ((10, 4), 'foodLeft=9'), ((11, 5), 'foodLeft=9'), ((5, 5), 'foodLeft=11'), ((9, 5), 'foodLeft=8'), ((14, 3), 'foodLeft=10'), ((13, 3), 'foodLeft=11')]","[((14, 3), 'foodLeft=12'), ((12, 3), 'foodLeft=12'), ((12, 3), 'foodLeft=11'), ((5, 5), 'foodLeft=11'), ((12, 5), 'foodLeft=10'), ((13, 5), 'foodLeft=11'), ((8, 5), 'foodLeft=11'), ((4, 4), 'foodLeft=11'), ((3, 5), 'foodLeft=11'), ((4, 4), 'foodLeft=10'), ((14, 3), 'foodLeft=11'), ((13, 4), 'foodLeft=10'), ((10, 3), 'foodLeft=8'), ((9, 5), 'foodLeft=11'), ((8, 3), 'foodLeft=11'), ((3, 5), 'foodLeft=12'), ((3, 3), 'foodLeft=12'), ((16, 3), 'foodLeft=12'), ((5, 3), 'foodLeft=11'), ((9, 5), 'foodLeft=10'), ((16, 3), 'foodLeft=13'), ((11, 5), 'foodLeft=10'), ((1, 3), 'foodLeft=11'), ((1, 3), 'foodLeft=12'), ((1, 4), 'foodLeft=11'), ((8, 5), 'foodLeft=10'), ((5, 3), 'foodLeft=10'), ((13, 5), 'foodLeft=7'), ((9, 3), 'foodLeft=11'), ((3, 3), 'foodLeft=11'), ((10, 5), 'foodLeft=11'), ((5, 5), 'foodLeft=10'), ((13, 5), 'foodLeft=10'), ((13, 3), 'foodLeft=11'), ((8, 3), 'foodLeft=10'), ((11, 3), 'foodLeft=9'), ((2, 5), 'foodLeft=10'), ((2, 5), 'foodLeft=11'), ((2, 5), 'foodLeft=11'), ((14, 5), 'foodLeft=9'), ((12, 3), 'foodLeft=10'), ((14, 3), 'foodLeft=12'), ((13, 4), 'foodLeft=10'), ((13, 4), 'foodLeft=11'), ((8, 5), 'foodLeft=12'), ((14, 3), 'foodLeft=11'), ((8, 3), 'foodLeft=12'), ((13, 4), 'foodLeft=9'), ((7, 4), 'foodLeft=11'), ((1, 3), 'foodLeft=10'), ((1, 3), 'foodLeft=11'), ((10, 4), 'foodLeft=9'), ((11, 5), 'foodLeft=9'), ((5, 5), 'foodLeft=11'), ((9, 5), 'foodLeft=8'), ((14, 3), 'foodLeft=10'), ((11, 5), 'foodLeft=11')]",185,7,53,60
185,"((14, 3), 'foodLeft=12')","((13, 3), 'foodLeft=12')",East,"[((15, 3), 'foodLeft=12'), ((13, 3), 'foodLeft=12')]","[((14, 3), 'foodLeft=12'), ((12, 3), 'foodLeft=12'), ((12, 3), 'foodLeft=11'), ((5, 5), 'foodLeft=11'), ((12, 5), 'foodLeft=10'), ((13, 5), 'foodLeft=11'), ((8, 5), 'foodLeft=11'), ((4, 4), 'foodLeft=11'), ((3, 5), 'foodLeft=11'), ((4, 4), 'foodLeft=10'), ((14, 3), 'foodLeft=11'), ((13, 4), 'foodLeft=10'), ((10, 3), 'foodLeft=8'), ((9, 5), 'foodLeft=11'), ((8, 3), 'foodLeft=11'), ((3, 5), 'foodLeft=12'), ((3, 3), 'foodLeft=12'), ((16, 3), 'foodLeft=12'), ((5, 3), 'foodLeft=11'), ((9, 5), 'foodLeft=10'), ((16, 3), 'foodLeft=13'), ((11, 5), 'foodLeft=10'), ((1, 3), 'foodLeft=11'), ((1, 3), 'foodLeft=12'), ((1, 4), 'foodLeft=11'), ((8, 5), 'foodLeft=10'), ((5, 3), 'foodLeft=10'), ((13, 5), 'foodLeft=7'), ((9, 3), 'foodLeft=11'), ((3, 3), 'foodLeft=11'), ((10, 5), 'foodLeft=11'), ((5, 5), 'foodLeft=10'), ((13, 5), 'foodLeft=10'), ((13, 3), 'foodLeft=11'), ((8, 3), 'foodLeft=10'), ((11, 3), 'foodLeft=9'), ((2, 5), 'foodLeft=10'), ((2, 5), 'foodLeft=11'), ((2, 5), 'foodLeft=11'), ((14, 5), 'foodLeft=9'), ((12, 3), 'foodLeft=10'), ((14, 3), 'foodLeft=12'), ((13, 4), 'foodLeft=10'), ((13, 4), 'foodLeft=11'), ((8, 5), 'foodLeft=12'), ((14, 3), 'foodLeft=11'), ((8, 3), 'foodLeft=12'), ((13, 4), 'foodLeft=9'), ((7, 4), 'foodLeft=11'), ((1, 3), 'foodLeft=10'), ((1, 3), 'foodLeft=11'), ((10, 4), 'foodLeft=9'), ((11, 5), 'foodLeft=9'), ((5, 5), 'foodLeft=11'), ((9, 5), 'foodLeft=8'), ((14, 3), 'foodLeft=10'), ((11, 5), 'foodLeft=11')]","[((12, 3), 'foodLeft=12'), ((12, 5), 'foodLeft=10'), ((12, 3), 'foodLeft=11'), ((5, 5), 'foodLeft=11'), ((14, 3), 'foodLeft=11'), ((13, 5), 'foodLeft=11'), ((8, 5), 'foodLeft=11'), ((4, 4), 'foodLeft=11'), ((3, 5), 'foodLeft=11'), ((4, 4), 'foodLeft=10'), ((11, 5), 'foodLeft=10'), ((13, 4), 'foodLeft=10'), ((10, 3), 'foodLeft=8'), ((9, 5), 'foodLeft=11'), ((8, 3), 'foodLeft=11'), ((3, 5), 'foodLeft=12'), ((3, 3), 'foodLeft=12'), ((16, 3), 'foodLeft=12'), ((5, 3), 'foodLeft=11'), ((9, 5), 'foodLeft=10'), ((16, 3), 'foodLeft=13'), ((13, 4), 'foodLeft=11'), ((1, 3), 'foodLeft=11'), ((1, 3), 'foodLeft=12'), ((1, 4), 'foodLeft=11'), ((8, 5), 'foodLeft=10'), ((5, 3), 'foodLeft=10'), ((13, 5), 'foodLeft=7'), ((9, 3), 'foodLeft=11'), ((3, 3), 'foodLeft=11'), ((10, 5), 'foodLeft=11'), ((5, 5), 'foodLeft=10'), ((13, 5), 'foodLeft=10'), ((13, 3), 'foodLeft=11'), ((8, 3), 'foodLeft=10'), ((11, 3), 'foodLeft=9'), ((2, 5), 'foodLeft=10'), ((2, 5), 'foodLeft=11'), ((2, 5), 'foodLeft=11'), ((14, 5), 'foodLeft=9'), ((12, 3), 'foodLeft=10'), ((14, 3), 'foodLeft=12'), ((13, 4), 'foodLeft=10'), ((11, 5), 'foodLeft=11'), ((8, 5), 'foodLeft=12'), ((14, 3), 'foodLeft=11'), ((8, 3), 'foodLeft=12'), ((13, 4), 'foodLeft=9'), ((7, 4), 'foodLeft=11'), ((1, 3), 'foodLeft=10'), ((1, 3), 'foodLeft=11'), ((10, 4), 'foodLeft=9'), ((11, 5), 'foodLeft=9'), ((5, 5), 'foodLeft=11'), ((9, 5), 'foodLeft=8'), ((14, 3), 'foodLeft=10'), ((15, 3), 'foodLeft=12')]",186,7,53,60
186,"((12, 3), 'foodLeft=12')","((13, 3), 'foodLeft=12')",West,"[((13, 3), 'foodLeft=12'), ((11, 3), 'foodLeft=12')]","[((12, 3), 'foodLeft=12'), ((12, 5), 'foodLeft=10'), ((12, 3), 'foodLeft=11'), ((5, 5), 'foodLeft=11'), ((14, 3), 'foodLeft=11'), ((13, 5), 'foodLeft=11'), ((8, 5), 'foodLeft=11'), ((4, 4), 'foodLeft=11'), ((3, 5), 'foodLeft=11'), ((4, 4), 'foodLeft=10'), ((11, 5), 'foodLeft=10'), ((13, 4), 'foodLeft=10'), ((10, 3), 'foodLeft=8'), ((9, 5), 'foodLeft=11'), ((8, 3), 'foodLeft=11'), ((3, 5), 'foodLeft=12'), ((3, 3), 'foodLeft=12'), ((16, 3), 'foodLeft=12'), ((5, 3), 'foodLeft=11'), ((9, 5), 'foodLeft=10'), ((16, 3), 'foodLeft=13'), ((13, 4), 'foodLeft=11'), ((1, 3), 'foodLeft=11'), ((1, 3), 'foodLeft=12'), ((1, 4), 'foodLeft=11'), ((8, 5), 'foodLeft=10'), ((5, 3), 'foodLeft=10'), ((13, 5), 'foodLeft=7'), ((9, 3), 'foodLeft=11'), ((3, 3), 'foodLeft=11'), ((10, 5), 'foodLeft=11'), ((5, 5), 'foodLeft=10'), ((13, 5), 'foodLeft=10'), ((13, 3), 'foodLeft=11'), ((8, 3), 'foodLeft=10'), ((11, 3), 'foodLeft=9'), ((2, 5), 'foodLeft=10'), ((2, 5), 'foodLeft=11'), ((2, 5), 'foodLeft=11'), ((14, 5), 'foodLeft=9'), ((12, 3), 'foodLeft=10'), ((14, 3), 'foodLeft=12'), ((13, 4), 'foodLeft=10'), ((11, 5), 'foodLeft=11'), ((8, 5), 'foodLeft=12'), ((14, 3), 'foodLeft=11'), ((8, 3), 'foodLeft=12'), ((13, 4), 'foodLeft=9'), ((7, 4), 'foodLeft=11'), ((1, 3), 'foodLeft=10'), ((1, 3), 'foodLeft=11'), ((10, 4), 'foodLeft=9'), ((11, 5), 'foodLeft=9'), ((5, 5), 'foodLeft=11'), ((9, 5), 'foodLeft=8'), ((14, 3), 'foodLeft=10'), ((15, 3), 'foodLeft=12')]","[((12, 5), 'foodLeft=10'), ((14, 3), 'foodLeft=11'), ((12, 3), 'foodLeft=11'), ((5, 5), 'foodLeft=11'), ((11, 5), 'foodLeft=10'), ((13, 5), 'foodLeft=11'), ((8, 5), 'foodLeft=11'), ((4, 4), 'foodLeft=11'), ((3, 5), 'foodLeft=11'), ((4, 4), 'foodLeft=10'), ((13, 4), 'foodLeft=11'), ((13, 4), 'foodLeft=10'), ((10, 3), 'foodLeft=8'), ((9, 5), 'foodLeft=11'), ((8, 3), 'foodLeft=11'), ((3, 5), 'foodLeft=12'), ((3, 3), 'foodLeft=12'), ((16, 3), 'foodLeft=12'), ((5, 3), 'foodLeft=11'), ((9, 5), 'foodLeft=10'), ((16, 3), 'foodLeft=13'), ((8, 5), 'foodLeft=12'), ((1, 3), 'foodLeft=11'), ((1, 3), 'foodLeft=12'), ((1, 4), 'foodLeft=11'), ((8, 5), 'foodLeft=10'), ((5, 3), 'foodLeft=10'), ((13, 5), 'foodLeft=7'), ((9, 3), 'foodLeft=11'), ((3, 3), 'foodLeft=11'), ((10, 5), 'foodLeft=11'), ((5, 5), 'foodLeft=10'), ((13, 5), 'foodLeft=10'), ((13, 3), 'foodLeft=11'), ((8, 3), 'foodLeft=10'), ((11, 3), 'foodLeft=9'), ((2, 5), 'foodLeft=10'), ((2, 5), 'foodLeft=11'), ((2, 5), 'foodLeft=11'), ((14, 5), 'foodLeft=9'), ((12, 3), 'foodLeft=10'), ((14, 3), 'foodLeft=12'), ((13, 4), 'foodLeft=10'), ((11, 5), 'foodLeft=11'), ((15, 3), 'foodLeft=12'), ((14, 3), 'foodLeft=11'), ((8, 3), 'foodLeft=12'), ((13, 4), 'foodLeft=9'), ((7, 4), 'foodLeft=11'), ((1, 3), 'foodLeft=10'), ((1, 3), 'foodLeft=11'), ((10, 4), 'foodLeft=9'), ((11, 5), 'foodLeft=9'), ((5, 5), 'foodLeft=11'), ((9, 5), 'foodLeft=8'), ((14, 3), 'foodLeft=10'), ((11, 3), 'foodLeft=12')]",187,7,53,60
187,"((12, 5), 'foodLeft=10')","((13, 5), 'foodLeft=10')",West,"[((13, 5), 'foodLeft=10'), ((11, 5), 'foodLeft=10')]","[((12, 5), 'foodLeft=10'), ((14, 3), 'foodLeft=11'), ((12, 3), 'foodLeft=11'), ((5, 5), 'foodLeft=11'), ((11, 5), 'foodLeft=10'), ((13, 5), 'foodLeft=11'), ((8, 5), 'foodLeft=11'), ((4, 4), 'foodLeft=11'), ((3, 5), 'foodLeft=11'), ((4, 4), 'foodLeft=10'), ((13, 4), 'foodLeft=11'), ((13, 4), 'foodLeft=10'), ((10, 3), 'foodLeft=8'), ((9, 5), 'foodLeft=11'), ((8, 3), 'foodLeft=11'), ((3, 5), 'foodLeft=12'), ((3, 3), 'foodLeft=12'), ((16, 3), 'foodLeft=12'), ((5, 3), 'foodLeft=11'), ((9, 5), 'foodLeft=10'), ((16, 3), 'foodLeft=13'), ((8, 5), 'foodLeft=12'), ((1, 3), 'foodLeft=11'), ((1, 3), 'foodLeft=12'), ((1, 4), 'foodLeft=11'), ((8, 5), 'foodLeft=10'), ((5, 3), 'foodLeft=10'), ((13, 5), 'foodLeft=7'), ((9, 3), 'foodLeft=11'), ((3, 3), 'foodLeft=11'), ((10, 5), 'foodLeft=11'), ((5, 5), 'foodLeft=10'), ((13, 5), 'foodLeft=10'), ((13, 3), 'foodLeft=11'), ((8, 3), 'foodLeft=10'), ((11, 3), 'foodLeft=9'), ((2, 5), 'foodLeft=10'), ((2, 5), 'foodLeft=11'), ((2, 5), 'foodLeft=11'), ((14, 5), 'foodLeft=9'), ((12, 3), 'foodLeft=10'), ((14, 3), 'foodLeft=12'), ((13, 4), 'foodLeft=10'), ((11, 5), 'foodLeft=11'), ((15, 3), 'foodLeft=12'), ((14, 3), 'foodLeft=11'), ((8, 3), 'foodLeft=12'), ((13, 4), 'foodLeft=9'), ((7, 4), 'foodLeft=11'), ((1, 3), 'foodLeft=10'), ((1, 3), 'foodLeft=11'), ((10, 4), 'foodLeft=9'), ((11, 5), 'foodLeft=9'), ((5, 5), 'foodLeft=11'), ((9, 5), 'foodLeft=8'), ((14, 3), 'foodLeft=10'), ((11, 3), 'foodLeft=12')]","[((14, 3), 'foodLeft=11'), ((11, 5), 'foodLeft=10'), ((12, 3), 'foodLeft=11'), ((5, 5), 'foodLeft=11'), ((4, 4), 'foodLeft=10'), ((13, 5), 'foodLeft=11'), ((8, 5), 'foodLeft=11'), ((4, 4), 'foodLeft=11'), ((3, 5), 'foodLeft=11'), ((11, 3), 'foodLeft=12'), ((13, 4), 'foodLeft=11'), ((13, 4), 'foodLeft=10'), ((10, 3), 'foodLeft=8'), ((9, 5), 'foodLeft=11'), ((8, 3), 'foodLeft=11'), ((3, 5), 'foodLeft=12'), ((3, 3), 'foodLeft=12'), ((16, 3), 'foodLeft=12'), ((5, 3), 'foodLeft=11'), ((9, 5), 'foodLeft=10'), ((16, 3), 'foodLeft=13'), ((8, 5), 'foodLeft=12'), ((1, 3), 'foodLeft=11'), ((1, 3), 'foodLeft=12'), ((1, 4), 'foodLeft=11'), ((8, 5), 'foodLeft=10'), ((5, 3), 'foodLeft=10'), ((13, 5), 'foodLeft=7'), ((9, 3), 'foodLeft=11'), ((3, 3), 'foodLeft=11'), ((10, 5), 'foodLeft=11'), ((5, 5), 'foodLeft=10'), ((13, 5), 'foodLeft=10'), ((13, 3), 'foodLeft=11'), ((8, 3), 'foodLeft=10'), ((11, 3), 'foodLeft=9'), ((2, 5), 'foodLeft=10'), ((2, 5), 'foodLeft=11'), ((2, 5), 'foodLeft=11'), ((14, 5), 'foodLeft=9'), ((12, 3), 'foodLeft=10'), ((14, 3), 'foodLeft=12'), ((13, 4), 'foodLeft=10'), ((11, 5), 'foodLeft=11'), ((15, 3), 'foodLeft=12'), ((14, 3), 'foodLeft=11'), ((8, 3), 'foodLeft=12'), ((13, 4), 'foodLeft=9'), ((7, 4), 'foodLeft=11'), ((1, 3), 'foodLeft=10'), ((1, 3), 'foodLeft=11'), ((10, 4), 'foodLeft=9'), ((11, 5), 'foodLeft=9'), ((5, 5), 'foodLeft=11'), ((9, 5), 'foodLeft=8'), ((14, 3), 'foodLeft=10'), ((11, 5), 'foodLeft=10')]",188,9,51,60
188,"((14, 3), 'foodLeft=11')","((13, 3), 'foodLeft=11')",East,"[((15, 3), 'foodLeft=11'), ((13, 3), 'foodLeft=11')]","[((14, 3), 'foodLeft=11'), ((11, 5), 'foodLeft=10'), ((12, 3), 'foodLeft=11'), ((5, 5), 'foodLeft=11'), ((4, 4), 'foodLeft=10'), ((13, 5), 'foodLeft=11'), ((8, 5), 'foodLeft=11'), ((4, 4), 'foodLeft=11'), ((3, 5), 'foodLeft=11'), ((11, 3), 'foodLeft=12'), ((13, 4), 'foodLeft=11'), ((13, 4), 'foodLeft=10'), ((10, 3), 'foodLeft=8'), ((9, 5), 'foodLeft=11'), ((8, 3), 'foodLeft=11'), ((3, 5), 'foodLeft=12'), ((3, 3), 'foodLeft=12'), ((16, 3), 'foodLeft=12'), ((5, 3), 'foodLeft=11'), ((9, 5), 'foodLeft=10'), ((16, 3), 'foodLeft=13'), ((8, 5), 'foodLeft=12'), ((1, 3), 'foodLeft=11'), ((1, 3), 'foodLeft=12'), ((1, 4), 'foodLeft=11'), ((8, 5), 'foodLeft=10'), ((5, 3), 'foodLeft=10'), ((13, 5), 'foodLeft=7'), ((9, 3), 'foodLeft=11'), ((3, 3), 'foodLeft=11'), ((10, 5), 'foodLeft=11'), ((5, 5), 'foodLeft=10'), ((13, 5), 'foodLeft=10'), ((13, 3), 'foodLeft=11'), ((8, 3), 'foodLeft=10'), ((11, 3), 'foodLeft=9'), ((2, 5), 'foodLeft=10'), ((2, 5), 'foodLeft=11'), ((2, 5), 'foodLeft=11'), ((14, 5), 'foodLeft=9'), ((12, 3), 'foodLeft=10'), ((14, 3), 'foodLeft=12'), ((13, 4), 'foodLeft=10'), ((11, 5), 'foodLeft=11'), ((15, 3), 'foodLeft=12'), ((14, 3), 'foodLeft=11'), ((8, 3), 'foodLeft=12'), ((13, 4), 'foodLeft=9'), ((7, 4), 'foodLeft=11'), ((1, 3), 'foodLeft=10'), ((1, 3), 'foodLeft=11'), ((10, 4), 'foodLeft=9'), ((11, 5), 'foodLeft=9'), ((5, 5), 'foodLeft=11'), ((9, 5), 'foodLeft=8'), ((14, 3), 'foodLeft=10'), ((11, 5), 'foodLeft=10')]","[((12, 3), 'foodLeft=11'), ((11, 5), 'foodLeft=10'), ((8, 5), 'foodLeft=11'), ((5, 5), 'foodLeft=11'), ((4, 4), 'foodLeft=10'), ((13, 5), 'foodLeft=11'), ((8, 3), 'foodLeft=11'), ((4, 4), 'foodLeft=11'), ((3, 5), 'foodLeft=11'), ((11, 3), 'foodLeft=12'), ((13, 4), 'foodLeft=11'), ((13, 4), 'foodLeft=10'), ((10, 3), 'foodLeft=8'), ((9, 5), 'foodLeft=11'), ((3, 3), 'foodLeft=11'), ((3, 5), 'foodLeft=12'), ((3, 3), 'foodLeft=12'), ((16, 3), 'foodLeft=12'), ((5, 3), 'foodLeft=11'), ((9, 5), 'foodLeft=10'), ((16, 3), 'foodLeft=13'), ((8, 5), 'foodLeft=12'), ((1, 3), 'foodLeft=11'), ((1, 3), 'foodLeft=12'), ((1, 4), 'foodLeft=11'), ((8, 5), 'foodLeft=10'), ((5, 3), 'foodLeft=10'), ((13, 5), 'foodLeft=7'), ((9, 3), 'foodLeft=11'), ((11, 5), 'foodLeft=10'), ((10, 5), 'foodLeft=11'), ((5, 5), 'foodLeft=10'), ((13, 5), 'foodLeft=10'), ((13, 3), 'foodLeft=11'), ((8, 3), 'foodLeft=10'), ((11, 3), 'foodLeft=9'), ((2, 5), 'foodLeft=10'), ((2, 5), 'foodLeft=11'), ((2, 5), 'foodLeft=11'), ((14, 5), 'foodLeft=9'), ((12, 3), 'foodLeft=10'), ((14, 3), 'foodLeft=12'), ((13, 4), 'foodLeft=10'), ((11, 5), 'foodLeft=11'), ((15, 3), 'foodLeft=12'), ((14, 3), 'foodLeft=11'), ((8, 3), 'foodLeft=12'), ((13, 4), 'foodLeft=9'), ((7, 4), 'foodLeft=11'), ((1, 3), 'foodLeft=10'), ((1, 3), 'foodLeft=11'), ((10, 4), 'foodLeft=9'), ((11, 5), 'foodLeft=9'), ((5, 5), 'foodLeft=11'), ((9, 5), 'foodLeft=8'), ((14, 3), 'foodLeft=10'), ((15, 3), 'foodLeft=11')]",189,9,51,60
189,"((12, 3), 'foodLeft=11')","((13, 3), 'foodLeft=11')",West,"[((13, 3), 'foodLeft=11'), ((11, 3), 'foodLeft=11')]","[((12, 3), 'foodLeft=11'), ((11, 5), 'foodLeft=10'), ((8, 5), 'foodLeft=11'), ((5, 5), 'foodLeft=11'), ((4, 4), 'foodLeft=10'), ((13, 5), 'foodLeft=11'), ((8, 3), 'foodLeft=11'), ((4, 4), 'foodLeft=11'), ((3, 5), 'foodLeft=11'), ((11, 3), 'foodLeft=12'), ((13, 4), 'foodLeft=11'), ((13, 4), 'foodLeft=10'), ((10, 3), 'foodLeft=8'), ((9, 5), 'foodLeft=11'), ((3, 3), 'foodLeft=11'), ((3, 5), 'foodLeft=12'), ((3, 3), 'foodLeft=12'), ((16, 3), 'foodLeft=12'), ((5, 3), 'foodLeft=11'), ((9, 5), 'foodLeft=10'), ((16, 3), 'foodLeft=13'), ((8, 5), 'foodLeft=12'), ((1, 3), 'foodLeft=11'), ((1, 3), 'foodLeft=12'), ((1, 4), 'foodLeft=11'), ((8, 5), 'foodLeft=10'), ((5, 3), 'foodLeft=10'), ((13, 5), 'foodLeft=7'), ((9, 3), 'foodLeft=11'), ((11, 5), 'foodLeft=10'), ((10, 5), 'foodLeft=11'), ((5, 5), 'foodLeft=10'), ((13, 5), 'foodLeft=10'), ((13, 3), 'foodLeft=11'), ((8, 3), 'foodLeft=10'), ((11, 3), 'foodLeft=9'), ((2, 5), 'foodLeft=10'), ((2, 5), 'foodLeft=11'), ((2, 5), 'foodLeft=11'), ((14, 5), 'foodLeft=9'), ((12, 3), 'foodLeft=10'), ((14, 3), 'foodLeft=12'), ((13, 4), 'foodLeft=10'), ((11, 5), 'foodLeft=11'), ((15, 3), 'foodLeft=12'), ((14, 3), 'foodLeft=11'), ((8, 3), 'foodLeft=12'), ((13, 4), 'foodLeft=9'), ((7, 4), 'foodLeft=11'), ((1, 3), 'foodLeft=10'), ((1, 3), 'foodLeft=11'), ((10, 4), 'foodLeft=9'), ((11, 5), 'foodLeft=9'), ((5, 5), 'foodLeft=11'), ((9, 5), 'foodLeft=8'), ((14, 3), 'foodLeft=10'), ((15, 3), 'foodLeft=11')]","[((11, 5), 'foodLeft=10'), ((5, 5), 'foodLeft=11'), ((8, 5), 'foodLeft=11'), ((4, 4), 'foodLeft=11'), ((4, 4), 'foodLeft=10'), ((13, 5), 'foodLeft=11'), ((8, 3), 'foodLeft=11'), ((3, 5), 'foodLeft=12'), ((3, 5), 'foodLeft=11'), ((11, 3), 'foodLeft=12'), ((13, 4), 'foodLeft=11'), ((13, 4), 'foodLeft=10'), ((10, 3), 'foodLeft=8'), ((9, 5), 'foodLeft=11'), ((3, 3), 'foodLeft=11'), ((13, 5), 'foodLeft=10'), ((3, 3), 'foodLeft=12'), ((16, 3), 'foodLeft=12'), ((5, 3), 'foodLeft=11'), ((9, 5), 'foodLeft=10'), ((16, 3), 'foodLeft=13'), ((8, 5), 'foodLeft=12'), ((1, 3), 'foodLeft=11'), ((1, 3), 'foodLeft=12'), ((1, 4), 'foodLeft=11'), ((8, 5), 'foodLeft=10'), ((5, 3), 'foodLeft=10'), ((13, 5), 'foodLeft=7'), ((9, 3), 'foodLeft=11'), ((11, 5), 'foodLeft=10'), ((10, 5), 'foodLeft=11'), ((5, 5), 'foodLeft=10'), ((15, 3), 'foodLeft=11'), ((13, 3), 'foodLeft=11'), ((8, 3), 'foodLeft=10'), ((11, 3), 'foodLeft=9'), ((2, 5), 'foodLeft=10'), ((2, 5), 'foodLeft=11'), ((2, 5), 'foodLeft=11'), ((14, 5), 'foodLeft=9'), ((12, 3), 'foodLeft=10'), ((14, 3), 'foodLeft=12'), ((13, 4), 'foodLeft=10'), ((11, 5), 'foodLeft=11'), ((15, 3), 'foodLeft=12'), ((14, 3), 'foodLeft=11'), ((8, 3), 'foodLeft=12'), ((13, 4), 'foodLeft=9'), ((7, 4), 'foodLeft=11'), ((1, 3), 'foodLeft=10'), ((1, 3), 'foodLeft=11'), ((10, 4), 'foodLeft=9'), ((11, 5), 'foodLeft=9'), ((5, 5), 'foodLeft=11'), ((9, 5), 'foodLeft=8'), ((14, 3), 'foodLeft=10'), ((11, 3), 'foodLeft=11')]",190,9,51,60
190,"((11, 5), 'foodLeft=10')","((12, 5), 'foodLeft=10')",West,"[((12, 5), 'foodLeft=10'), ((10, 5), 'foodLeft=10')]","[((11, 5), 'foodLeft=10'), ((5, 5), 'foodLeft=11'), ((8, 5), 'foodLeft=11'), ((4, 4), 'foodLeft=11'), ((4, 4), 'foodLeft=10'), ((13, 5), 'foodLeft=11'), ((8, 3), 'foodLeft=11'), ((3, 5), 'foodLeft=12'), ((3, 5), 'foodLeft=11'), ((11, 3), 'foodLeft=12'), ((13, 4), 'foodLeft=11'), ((13, 4), 'foodLeft=10'), ((10, 3), 'foodLeft=8'), ((9, 5), 'foodLeft=11'), ((3, 3), 'foodLeft=11'), ((13, 5), 'foodLeft=10'), ((3, 3), 'foodLeft=12'), ((16, 3), 'foodLeft=12'), ((5, 3), 'foodLeft=11'), ((9, 5), 'foodLeft=10'), ((16, 3), 'foodLeft=13'), ((8, 5), 'foodLeft=12'), ((1, 3), 'foodLeft=11'), ((1, 3), 'foodLeft=12'), ((1, 4), 'foodLeft=11'), ((8, 5), 'foodLeft=10'), ((5, 3), 'foodLeft=10'), ((13, 5), 'foodLeft=7'), ((9, 3), 'foodLeft=11'), ((11, 5), 'foodLeft=10'), ((10, 5), 'foodLeft=11'), ((5, 5), 'foodLeft=10'), ((15, 3), 'foodLeft=11'), ((13, 3), 'foodLeft=11'), ((8, 3), 'foodLeft=10'), ((11, 3), 'foodLeft=9'), ((2, 5), 'foodLeft=10'), ((2, 5), 'foodLeft=11'), ((2, 5), 'foodLeft=11'), ((14, 5), 'foodLeft=9'), ((12, 3), 'foodLeft=10'), ((14, 3), 'foodLeft=12'), ((13, 4), 'foodLeft=10'), ((11, 5), 'foodLeft=11'), ((15, 3), 'foodLeft=12'), ((14, 3), 'foodLeft=11'), ((8, 3), 'foodLeft=12'), ((13, 4), 'foodLeft=9'), ((7, 4), 'foodLeft=11'), ((1, 3), 'foodLeft=10'), ((1, 3), 'foodLeft=11'), ((10, 4), 'foodLeft=9'), ((11, 5), 'foodLeft=9'), ((5, 5), 'foodLeft=11'), ((9, 5), 'foodLeft=8'), ((14, 3), 'foodLeft=10'), ((11, 3), 'foodLeft=11')]","[((8, 5), 'foodLeft=11'), ((5, 5), 'foodLeft=11'), ((8, 3), 'foodLeft=11'), ((4, 4), 'foodLeft=11'), ((4, 4), 'foodLeft=10'), ((13, 5), 'foodLeft=11'), ((9, 5), 'foodLeft=11'), ((3, 5), 'foodLeft=12'), ((3, 5), 'foodLeft=11'), ((11, 3), 'foodLeft=12'), ((13, 4), 'foodLeft=11'), ((13, 4), 'foodLeft=10'), ((10, 3), 'foodLeft=8'), ((13, 5), 'foodLeft=7'), ((3, 3), 'foodLeft=11'), ((13, 5), 'foodLeft=10'), ((3, 3), 'foodLeft=12'), ((16, 3), 'foodLeft=12'), ((5, 3), 'foodLeft=11'), ((9, 5), 'foodLeft=10'), ((16, 3), 'foodLeft=13'), ((8, 5), 'foodLeft=12'), ((1, 3), 'foodLeft=11'), ((1, 3), 'foodLeft=12'), ((1, 4), 'foodLeft=11'), ((8, 5), 'foodLeft=10'), ((5, 3), 'foodLeft=10'), ((14, 3), 'foodLeft=10'), ((9, 3), 'foodLeft=11'), ((11, 5), 'foodLeft=10'), ((10, 5), 'foodLeft=11'), ((5, 5), 'foodLeft=10'), ((15, 3), 'foodLeft=11'), ((13, 3), 'foodLeft=11'), ((8, 3), 'foodLeft=10'), ((11, 3), 'foodLeft=9'), ((2, 5), 'foodLeft=10'), ((2, 5), 'foodLeft=11'), ((2, 5), 'foodLeft=11'), ((14, 5), 'foodLeft=9'), ((12, 3), 'foodLeft=10'), ((14, 3), 'foodLeft=12'), ((13, 4), 'foodLeft=10'), ((11, 5), 'foodLeft=11'), ((15, 3), 'foodLeft=12'), ((14, 3), 'foodLeft=11'), ((8, 3), 'foodLeft=12'), ((13, 4), 'foodLeft=9'), ((7, 4), 'foodLeft=11'), ((1, 3), 'foodLeft=10'), ((1, 3), 'foodLeft=11'), ((10, 4), 'foodLeft=9'), ((11, 5), 'foodLeft=9'), ((5, 5), 'foodLeft=11'), ((9, 5), 'foodLeft=8'), ((11, 3), 'foodLeft=11'), ((10, 5), 'foodLeft=10')]",191,10,50,60
191,"((8, 5), 'foodLeft=11')","((7, 5), 'foodLeft=11')",East,"[((9, 5), 'foodLeft=11'), ((7, 5), 'foodLeft=11')]","[((8, 5), 'foodLeft=11'), ((5, 5), 'foodLeft=11'), ((8, 3), 'foodLeft=11'), ((4, 4), 'foodLeft=11'), ((4, 4), 'foodLeft=10'), ((13, 5), 'foodLeft=11'), ((9, 5), 'foodLeft=11'), ((3, 5), 'foodLeft=12'), ((3, 5), 'foodLeft=11'), ((11, 3), 'foodLeft=12'), ((13, 4), 'foodLeft=11'), ((13, 4), 'foodLeft=10'), ((10, 3), 'foodLeft=8'), ((13, 5), 'foodLeft=7'), ((3, 3), 'foodLeft=11'), ((13, 5), 'foodLeft=10'), ((3, 3), 'foodLeft=12'), ((16, 3), 'foodLeft=12'), ((5, 3), 'foodLeft=11'), ((9, 5), 'foodLeft=10'), ((16, 3), 'foodLeft=13'), ((8, 5), 'foodLeft=12'), ((1, 3), 'foodLeft=11'), ((1, 3), 'foodLeft=12'), ((1, 4), 'foodLeft=11'), ((8, 5), 'foodLeft=10'), ((5, 3), 'foodLeft=10'), ((14, 3), 'foodLeft=10'), ((9, 3), 'foodLeft=11'), ((11, 5), 'foodLeft=10'), ((10, 5), 'foodLeft=11'), ((5, 5), 'foodLeft=10'), ((15, 3), 'foodLeft=11'), ((13, 3), 'foodLeft=11'), ((8, 3), 'foodLeft=10'), ((11, 3), 'foodLeft=9'), ((2, 5), 'foodLeft=10'), ((2, 5), 'foodLeft=11'), ((2, 5), 'foodLeft=11'), ((14, 5), 'foodLeft=9'), ((12, 3), 'foodLeft=10'), ((14, 3), 'foodLeft=12'), ((13, 4), 'foodLeft=10'), ((11, 5), 'foodLeft=11'), ((15, 3), 'foodLeft=12'), ((14, 3), 'foodLeft=11'), ((8, 3), 'foodLeft=12'), ((13, 4), 'foodLeft=9'), ((7, 4), 'foodLeft=11'), ((1, 3), 'foodLeft=10'), ((1, 3), 'foodLeft=11'), ((10, 4), 'foodLeft=9'), ((11, 5), 'foodLeft=9'), ((5, 5), 'foodLeft=11'), ((9, 5), 'foodLeft=8'), ((11, 3), 'foodLeft=11'), ((10, 5), 'foodLeft=10')]","[((8, 3), 'foodLeft=11'), ((5, 5), 'foodLeft=11'), ((9, 5), 'foodLeft=11'), ((4, 4), 'foodLeft=11'), ((4, 4), 'foodLeft=10'), ((13, 5), 'foodLeft=11'), ((3, 3), 'foodLeft=11'), ((3, 5), 'foodLeft=12'), ((3, 5), 'foodLeft=11'), ((11, 3), 'foodLeft=12'), ((13, 4), 'foodLeft=11'), ((13, 4), 'foodLeft=10'), ((10, 3), 'foodLeft=8'), ((13, 5), 'foodLeft=7'), ((10, 5), 'foodLeft=11'), ((13, 5), 'foodLeft=10'), ((3, 3), 'foodLeft=12'), ((16, 3), 'foodLeft=12'), ((5, 3), 'foodLeft=11'), ((9, 5), 'foodLeft=10'), ((16, 3), 'foodLeft=13'), ((8, 5), 'foodLeft=12'), ((1, 3), 'foodLeft=11'), ((1, 3), 'foodLeft=12'), ((1, 4), 'foodLeft=11'), ((8, 5), 'foodLeft=10'), ((5, 3), 'foodLeft=10'), ((14, 3), 'foodLeft=10'), ((9, 3), 'foodLeft=11'), ((11, 5), 'foodLeft=10'), ((10, 5), 'foodLeft=10'), ((5, 5), 'foodLeft=10'), ((15, 3), 'foodLeft=11'), ((13, 3), 'foodLeft=11'), ((8, 3), 'foodLeft=10'), ((11, 3), 'foodLeft=9'), ((2, 5), 'foodLeft=10'), ((2, 5), 'foodLeft=11'), ((2, 5), 'foodLeft=11'), ((14, 5), 'foodLeft=9'), ((12, 3), 'foodLeft=10'), ((14, 3), 'foodLeft=12'), ((13, 4), 'foodLeft=10'), ((11, 5), 'foodLeft=11'), ((15, 3), 'foodLeft=12'), ((14, 3), 'foodLeft=11'), ((8, 3), 'foodLeft=12'), ((13, 4), 'foodLeft=9'), ((7, 4), 'foodLeft=11'), ((1, 3), 'foodLeft=10'), ((1, 3), 'foodLeft=11'), ((10, 4), 'foodLeft=9'), ((11, 5), 'foodLeft=9'), ((5, 5), 'foodLeft=11'), ((9, 5), 'foodLeft=8'), ((11, 3), 'foodLeft=11')]",192,9,51,60
192,"((8, 3), 'foodLeft=11')","((7, 3), 'foodLeft=11')",East,"[((9, 3), 'foodLeft=11'), ((7, 3), 'foodLeft=11')]","[((8, 3), 'foodLeft=11'), ((5, 5), 'foodLeft=11'), ((9, 5), 'foodLeft=11'), ((4, 4), 'foodLeft=11'), ((4, 4), 'foodLeft=10'), ((13, 5), 'foodLeft=11'), ((3, 3), 'foodLeft=11'), ((3, 5), 'foodLeft=12'), ((3, 5), 'foodLeft=11'), ((11, 3), 'foodLeft=12'), ((13, 4), 'foodLeft=11'), ((13, 4), 'foodLeft=10'), ((10, 3), 'foodLeft=8'), ((13, 5), 'foodLeft=7'), ((10, 5), 'foodLeft=11'), ((13, 5), 'foodLeft=10'), ((3, 3), 'foodLeft=12'), ((16, 3), 'foodLeft=12'), ((5, 3), 'foodLeft=11'), ((9, 5), 'foodLeft=10'), ((16, 3), 'foodLeft=13'), ((8, 5), 'foodLeft=12'), ((1, 3), 'foodLeft=11'), ((1, 3), 'foodLeft=12'), ((1, 4), 'foodLeft=11'), ((8, 5), 'foodLeft=10'), ((5, 3), 'foodLeft=10'), ((14, 3), 'foodLeft=10'), ((9, 3), 'foodLeft=11'), ((11, 5), 'foodLeft=10'), ((10, 5), 'foodLeft=10'), ((5, 5), 'foodLeft=10'), ((15, 3), 'foodLeft=11'), ((13, 3), 'foodLeft=11'), ((8, 3), 'foodLeft=10'), ((11, 3), 'foodLeft=9'), ((2, 5), 'foodLeft=10'), ((2, 5), 'foodLeft=11'), ((2, 5), 'foodLeft=11'), ((14, 5), 'foodLeft=9'), ((12, 3), 'foodLeft=10'), ((14, 3), 'foodLeft=12'), ((13, 4), 'foodLeft=10'), ((11, 5), 'foodLeft=11'), ((15, 3), 'foodLeft=12'), ((14, 3), 'foodLeft=11'), ((8, 3), 'foodLeft=12'), ((13, 4), 'foodLeft=9'), ((7, 4), 'foodLeft=11'), ((1, 3), 'foodLeft=10'), ((1, 3), 'foodLeft=11'), ((10, 4), 'foodLeft=9'), ((11, 5), 'foodLeft=9'), ((5, 5), 'foodLeft=11'), ((9, 5), 'foodLeft=8'), ((11, 3), 'foodLeft=11')]","[((9, 5), 'foodLeft=11'), ((5, 5), 'foodLeft=11'), ((13, 5), 'foodLeft=11'), ((4, 4), 'foodLeft=11'), ((4, 4), 'foodLeft=10'), ((13, 4), 'foodLeft=10'), ((3, 3), 'foodLeft=11'), ((3, 5), 'foodLeft=12'), ((3, 5), 'foodLeft=11'), ((11, 3), 'foodLeft=12'), ((13, 4), 'foodLeft=11'), ((1, 3), 'foodLeft=12'), ((10, 3), 'foodLeft=8'), ((13, 5), 'foodLeft=7'), ((10, 5), 'foodLeft=11'), ((13, 5), 'foodLeft=10'), ((3, 3), 'foodLeft=12'), ((16, 3), 'foodLeft=12'), ((5, 3), 'foodLeft=11'), ((9, 5), 'foodLeft=10'), ((16, 3), 'foodLeft=13'), ((8, 5), 'foodLeft=12'), ((1, 3), 'foodLeft=11'), ((13, 4), 'foodLeft=9'), ((1, 4), 'foodLeft=11'), ((8, 5), 'foodLeft=10'), ((5, 3), 'foodLeft=10'), ((14, 3), 'foodLeft=10'), ((9, 3), 'foodLeft=11'), ((11, 5), 'foodLeft=10'), ((10, 5), 'foodLeft=10'), ((5, 5), 'foodLeft=10'), ((15, 3), 'foodLeft=11'), ((13, 3), 'foodLeft=11'), ((8, 3), 'foodLeft=10'), ((11, 3), 'foodLeft=9'), ((2, 5), 'foodLeft=10'), ((2, 5), 'foodLeft=11'), ((2, 5), 'foodLeft=11'), ((14, 5), 'foodLeft=9'), ((12, 3), 'foodLeft=10'), ((14, 3), 'foodLeft=12'), ((13, 4), 'foodLeft=10'), ((11, 5), 'foodLeft=11'), ((15, 3), 'foodLeft=12'), ((14, 3), 'foodLeft=11'), ((8, 3), 'foodLeft=12'), ((11, 3), 'foodLeft=11'), ((7, 4), 'foodLeft=11'), ((1, 3), 'foodLeft=10'), ((1, 3), 'foodLeft=11'), ((10, 4), 'foodLeft=9'), ((11, 5), 'foodLeft=9'), ((5, 5), 'foodLeft=11'), ((9, 5), 'foodLeft=8')]",193,9,51,60
193,"((9, 5), 'foodLeft=11')","((10, 5), 'foodLeft=11')",West,"[((10, 5), 'foodLeft=11'), ((8, 5), 'foodLeft=11')]","[((9, 5), 'foodLeft=11'), ((5, 5), 'foodLeft=11'), ((13, 5), 'foodLeft=11'), ((4, 4), 'foodLeft=11'), ((4, 4), 'foodLeft=10'), ((13, 4), 'foodLeft=10'), ((3, 3), 'foodLeft=11'), ((3, 5), 'foodLeft=12'), ((3, 5), 'foodLeft=11'), ((11, 3), 'foodLeft=12'), ((13, 4), 'foodLeft=11'), ((1, 3), 'foodLeft=12'), ((10, 3), 'foodLeft=8'), ((13, 5), 'foodLeft=7'), ((10, 5), 'foodLeft=11'), ((13, 5), 'foodLeft=10'), ((3, 3), 'foodLeft=12'), ((16, 3), 'foodLeft=12'), ((5, 3), 'foodLeft=11'), ((9, 5), 'foodLeft=10'), ((16, 3), 'foodLeft=13'), ((8, 5), 'foodLeft=12'), ((1, 3), 'foodLeft=11'), ((13, 4), 'foodLeft=9'), ((1, 4), 'foodLeft=11'), ((8, 5), 'foodLeft=10'), ((5, 3), 'foodLeft=10'), ((14, 3), 'foodLeft=10'), ((9, 3), 'foodLeft=11'), ((11, 5), 'foodLeft=10'), ((10, 5), 'foodLeft=10'), ((5, 5), 'foodLeft=10'), ((15, 3), 'foodLeft=11'), ((13, 3), 'foodLeft=11'), ((8, 3), 'foodLeft=10'), ((11, 3), 'foodLeft=9'), ((2, 5), 'foodLeft=10'), ((2, 5), 'foodLeft=11'), ((2, 5), 'foodLeft=11'), ((14, 5), 'foodLeft=9'), ((12, 3), 'foodLeft=10'), ((14, 3), 'foodLeft=12'), ((13, 4), 'foodLeft=10'), ((11, 5), 'foodLeft=11'), ((15, 3), 'foodLeft=12'), ((14, 3), 'foodLeft=11'), ((8, 3), 'foodLeft=12'), ((11, 3), 'foodLeft=11'), ((7, 4), 'foodLeft=11'), ((1, 3), 'foodLeft=10'), ((1, 3), 'foodLeft=11'), ((10, 4), 'foodLeft=9'), ((11, 5), 'foodLeft=9'), ((5, 5), 'foodLeft=11'), ((9, 5), 'foodLeft=8')]","[((13, 5), 'foodLeft=11'), ((5, 5), 'foodLeft=11'), ((3, 3), 'foodLeft=11'), ((4, 4), 'foodLeft=11'), ((4, 4), 'foodLeft=10'), ((13, 4), 'foodLeft=10'), ((13, 5), 'foodLeft=7'), ((3, 5), 'foodLeft=12'), ((3, 5), 'foodLeft=11'), ((11, 3), 'foodLeft=12'), ((13, 4), 'foodLeft=11'), ((1, 3), 'foodLeft=12'), ((10, 3), 'foodLeft=8'), ((9, 3), 'foodLeft=11'), ((10, 5), 'foodLeft=11'), ((13, 5), 'foodLeft=10'), ((3, 3), 'foodLeft=12'), ((16, 3), 'foodLeft=12'), ((5, 3), 'foodLeft=11'), ((9, 5), 'foodLeft=10'), ((16, 3), 'foodLeft=13'), ((8, 5), 'foodLeft=12'), ((1, 3), 'foodLeft=11'), ((13, 4), 'foodLeft=9'), ((1, 4), 'foodLeft=11'), ((8, 5), 'foodLeft=10'), ((5, 3), 'foodLeft=10'), ((14, 3), 'foodLeft=10'), ((9, 5), 'foodLeft=8'), ((11, 5), 'foodLeft=10'), ((10, 5), 'foodLeft=10'), ((5, 5), 'foodLeft=10'), ((15, 3), 'foodLeft=11'), ((13, 3), 'foodLeft=11'), ((8, 3), 'foodLeft=10'), ((11, 3), 'foodLeft=9'), ((2, 5), 'foodLeft=10'), ((2, 5), 'foodLeft=11'), ((2, 5), 'foodLeft=11'), ((14, 5), 'foodLeft=9'), ((12, 3), 'foodLeft=10'), ((14, 3), 'foodLeft=12'), ((13, 4), 'foodLeft=10'), ((11, 5), 'foodLeft=11'), ((15, 3), 'foodLeft=12'), ((14, 3), 'foodLeft=11'), ((8, 3), 'foodLeft=12'), ((11, 3), 'foodLeft=11'), ((7, 4), 'foodLeft=11'), ((1, 3), 'foodLeft=10'), ((1, 3), 'foodLeft=11'), ((10, 4), 'foodLeft=9'), ((11, 5), 'foodLeft=9'), ((5, 5), 'foodLeft=11')]",194,10,50,60
194,"((13, 5), 'foodLeft=11')","((12, 5), 'foodLeft=12')",East,"[((13, 4), 'foodLeft=10'), ((14, 5), 'foodLeft=10'), ((12, 5), 'foodLeft=11')]","[((13, 5), 'foodLeft=11'), ((5, 5), 'foodLeft=11'), ((3, 3), 'foodLeft=11'), ((4, 4), 'foodLeft=11'), ((4, 4), 'foodLeft=10'), ((13, 4), 'foodLeft=10'), ((13, 5), 'foodLeft=7'), ((3, 5), 'foodLeft=12'), ((3, 5), 'foodLeft=11'), ((11, 3), 'foodLeft=12'), ((13, 4), 'foodLeft=11'), ((1, 3), 'foodLeft=12'), ((10, 3), 'foodLeft=8'), ((9, 3), 'foodLeft=11'), ((10, 5), 'foodLeft=11'), ((13, 5), 'foodLeft=10'), ((3, 3), 'foodLeft=12'), ((16, 3), 'foodLeft=12'), ((5, 3), 'foodLeft=11'), ((9, 5), 'foodLeft=10'), ((16, 3), 'foodLeft=13'), ((8, 5), 'foodLeft=12'), ((1, 3), 'foodLeft=11'), ((13, 4), 'foodLeft=9'), ((1, 4), 'foodLeft=11'), ((8, 5), 'foodLeft=10'), ((5, 3), 'foodLeft=10'), ((14, 3), 'foodLeft=10'), ((9, 5), 'foodLeft=8'), ((11, 5), 'foodLeft=10'), ((10, 5), 'foodLeft=10'), ((5, 5), 'foodLeft=10'), ((15, 3), 'foodLeft=11'), ((13, 3), 'foodLeft=11'), ((8, 3), 'foodLeft=10'), ((11, 3), 'foodLeft=9'), ((2, 5), 'foodLeft=10'), ((2, 5), 'foodLeft=11'), ((2, 5), 'foodLeft=11'), ((14, 5), 'foodLeft=9'), ((12, 3), 'foodLeft=10'), ((14, 3), 'foodLeft=12'), ((13, 4), 'foodLeft=10'), ((11, 5), 'foodLeft=11'), ((15, 3), 'foodLeft=12'), ((14, 3), 'foodLeft=11'), ((8, 3), 'foodLeft=12'), ((11, 3), 'foodLeft=11'), ((7, 4), 'foodLeft=11'), ((1, 3), 'foodLeft=10'), ((1, 3), 'foodLeft=11'), ((10, 4), 'foodLeft=9'), ((11, 5), 'foodLeft=9'), ((5, 5), 'foodLeft=11')]","[((5, 5), 'foodLeft=11'), ((4, 4), 'foodLeft=11'), ((3, 3), 'foodLeft=11'), ((3, 5), 'foodLeft=12'), ((4, 4), 'foodLeft=10'), ((13, 4), 'foodLeft=10'), ((13, 5), 'foodLeft=7'), ((3, 3), 'foodLeft=12'), ((3, 5), 'foodLeft=11'), ((11, 3), 'foodLeft=12'), ((13, 4), 'foodLeft=11'), ((1, 3), 'foodLeft=12'), ((10, 3), 'foodLeft=8'), ((9, 3), 'foodLeft=11'), ((10, 5), 'foodLeft=11'), ((13, 5), 'foodLeft=10'), ((5, 5), 'foodLeft=11'), ((16, 3), 'foodLeft=12'), ((5, 3), 'foodLeft=11'), ((9, 5), 'foodLeft=10'), ((16, 3), 'foodLeft=13'), ((8, 5), 'foodLeft=12'), ((1, 3), 'foodLeft=11'), ((13, 4), 'foodLeft=9'), ((1, 4), 'foodLeft=11'), ((8, 5), 'foodLeft=10'), ((14, 5), 'foodLeft=10'), ((14, 3), 'foodLeft=10'), ((9, 5), 'foodLeft=8'), ((11, 5), 'foodLeft=10'), ((10, 5), 'foodLeft=10'), ((5, 5), 'foodLeft=10'), ((15, 3), 'foodLeft=11'), ((13, 3), 'foodLeft=11'), ((8, 3), 'foodLeft=10'), ((11, 3), 'foodLeft=9'), ((2, 5), 'foodLeft=10'), ((2, 5), 'foodLeft=11'), ((2, 5), 'foodLeft=11'), ((14, 5), 'foodLeft=9'), ((12, 3), 'foodLeft=10'), ((14, 3), 'foodLeft=12'), ((13, 4), 'foodLeft=10'), ((11, 5), 'foodLeft=11'), ((15, 3), 'foodLeft=12'), ((14, 3), 'foodLeft=11'), ((8, 3), 'foodLeft=12'), ((11, 3), 'foodLeft=11'), ((7, 4), 'foodLeft=11'), ((1, 3), 'foodLeft=10'), ((1, 3), 'foodLeft=11'), ((10, 4), 'foodLeft=9'), ((11, 5), 'foodLeft=9'), ((13, 4), 'foodLeft=10'), ((5, 3), 'foodLeft=10'), ((12, 5), 'foodLeft=11')]",195,10,50,60
195,"((5, 5), 'foodLeft=11')","((4, 5), 'foodLeft=11')",East,"[((6, 5), 'foodLeft=11'), ((4, 5), 'foodLeft=11')]","[((5, 5), 'foodLeft=11'), ((4, 4), 'foodLeft=11'), ((3, 3), 'foodLeft=11'), ((3, 5), 'foodLeft=12'), ((4, 4), 'foodLeft=10'), ((13, 4), 'foodLeft=10'), ((13, 5), 'foodLeft=7'), ((3, 3), 'foodLeft=12'), ((3, 5), 'foodLeft=11'), ((11, 3), 'foodLeft=12'), ((13, 4), 'foodLeft=11'), ((1, 3), 'foodLeft=12'), ((10, 3), 'foodLeft=8'), ((9, 3), 'foodLeft=11'), ((10, 5), 'foodLeft=11'), ((13, 5), 'foodLeft=10'), ((5, 5), 'foodLeft=11'), ((16, 3), 'foodLeft=12'), ((5, 3), 'foodLeft=11'), ((9, 5), 'foodLeft=10'), ((16, 3), 'foodLeft=13'), ((8, 5), 'foodLeft=12'), ((1, 3), 'foodLeft=11'), ((13, 4), 'foodLeft=9'), ((1, 4), 'foodLeft=11'), ((8, 5), 'foodLeft=10'), ((14, 5), 'foodLeft=10'), ((14, 3), 'foodLeft=10'), ((9, 5), 'foodLeft=8'), ((11, 5), 'foodLeft=10'), ((10, 5), 'foodLeft=10'), ((5, 5), 'foodLeft=10'), ((15, 3), 'foodLeft=11'), ((13, 3), 'foodLeft=11'), ((8, 3), 'foodLeft=10'), ((11, 3), 'foodLeft=9'), ((2, 5), 'foodLeft=10'), ((2, 5), 'foodLeft=11'), ((2, 5), 'foodLeft=11'), ((14, 5), 'foodLeft=9'), ((12, 3), 'foodLeft=10'), ((14, 3), 'foodLeft=12'), ((13, 4), 'foodLeft=10'), ((11, 5), 'foodLeft=11'), ((15, 3), 'foodLeft=12'), ((14, 3), 'foodLeft=11'), ((8, 3), 'foodLeft=12'), ((11, 3), 'foodLeft=11'), ((7, 4), 'foodLeft=11'), ((1, 3), 'foodLeft=10'), ((1, 3), 'foodLeft=11'), ((10, 4), 'foodLeft=9'), ((11, 5), 'foodLeft=9'), ((13, 4), 'foodLeft=10'), ((5, 3), 'foodLeft=10'), ((12, 5), 'foodLeft=11')]","[((4, 4), 'foodLeft=11'), ((3, 5), 'foodLeft=12'), ((3, 3), 'foodLeft=11'), ((3, 3), 'foodLeft=12'), ((4, 4), 'foodLeft=10'), ((13, 4), 'foodLeft=10'), ((13, 5), 'foodLeft=7'), ((13, 5), 'foodLeft=10'), ((3, 5), 'foodLeft=11'), ((11, 3), 'foodLeft=12'), ((13, 4), 'foodLeft=11'), ((1, 3), 'foodLeft=12'), ((10, 3), 'foodLeft=8'), ((9, 3), 'foodLeft=11'), ((10, 5), 'foodLeft=11'), ((5, 5), 'foodLeft=10'), ((5, 5), 'foodLeft=11'), ((16, 3), 'foodLeft=12'), ((5, 3), 'foodLeft=11'), ((9, 5), 'foodLeft=10'), ((16, 3), 'foodLeft=13'), ((8, 5), 'foodLeft=12'), ((1, 3), 'foodLeft=11'), ((13, 4), 'foodLeft=9'), ((1, 4), 'foodLeft=11'), ((8, 5), 'foodLeft=10'), ((14, 5), 'foodLeft=10'), ((14, 3), 'foodLeft=10'), ((9, 5), 'foodLeft=8'), ((11, 5), 'foodLeft=10'), ((10, 5), 'foodLeft=10'), ((12, 5), 'foodLeft=11'), ((15, 3), 'foodLeft=11'), ((13, 3), 'foodLeft=11'), ((8, 3), 'foodLeft=10'), ((11, 3), 'foodLeft=9'), ((2, 5), 'foodLeft=10'), ((2, 5), 'foodLeft=11'), ((2, 5), 'foodLeft=11'), ((14, 5), 'foodLeft=9'), ((12, 3), 'foodLeft=10'), ((14, 3), 'foodLeft=12'), ((13, 4), 'foodLeft=10'), ((11, 5), 'foodLeft=11'), ((15, 3), 'foodLeft=12'), ((14, 3), 'foodLeft=11'), ((8, 3), 'foodLeft=12'), ((11, 3), 'foodLeft=11'), ((7, 4), 'foodLeft=11'), ((1, 3), 'foodLeft=10'), ((1, 3), 'foodLeft=11'), ((10, 4), 'foodLeft=9'), ((11, 5), 'foodLeft=9'), ((13, 4), 'foodLeft=10'), ((5, 3), 'foodLeft=10'), ((6, 5), 'foodLeft=11')]",196,10,50,60
196,"((4, 4), 'foodLeft=11')","((4, 5), 'foodLeft=12')",South,"[((4, 5), 'foodLeft=11'), ((4, 3), 'foodLeft=11')]","[((4, 4), 'foodLeft=11'), ((3, 5), 'foodLeft=12'), ((3, 3), 'foodLeft=11'), ((3, 3), 'foodLeft=12'), ((4, 4), 'foodLeft=10'), ((13, 4), 'foodLeft=10'), ((13, 5), 'foodLeft=7'), ((13, 5), 'foodLeft=10'), ((3, 5), 'foodLeft=11'), ((11, 3), 'foodLeft=12'), ((13, 4), 'foodLeft=11'), ((1, 3), 'foodLeft=12'), ((10, 3), 'foodLeft=8'), ((9, 3), 'foodLeft=11'), ((10, 5), 'foodLeft=11'), ((5, 5), 'foodLeft=10'), ((5, 5), 'foodLeft=11'), ((16, 3), 'foodLeft=12'), ((5, 3), 'foodLeft=11'), ((9, 5), 'foodLeft=10'), ((16, 3), 'foodLeft=13'), ((8, 5), 'foodLeft=12'), ((1, 3), 'foodLeft=11'), ((13, 4), 'foodLeft=9'), ((1, 4), 'foodLeft=11'), ((8, 5), 'foodLeft=10'), ((14, 5), 'foodLeft=10'), ((14, 3), 'foodLeft=10'), ((9, 5), 'foodLeft=8'), ((11, 5), 'foodLeft=10'), ((10, 5), 'foodLeft=10'), ((12, 5), 'foodLeft=11'), ((15, 3), 'foodLeft=11'), ((13, 3), 'foodLeft=11'), ((8, 3), 'foodLeft=10'), ((11, 3), 'foodLeft=9'), ((2, 5), 'foodLeft=10'), ((2, 5), 'foodLeft=11'), ((2, 5), 'foodLeft=11'), ((14, 5), 'foodLeft=9'), ((12, 3), 'foodLeft=10'), ((14, 3), 'foodLeft=12'), ((13, 4), 'foodLeft=10'), ((11, 5), 'foodLeft=11'), ((15, 3), 'foodLeft=12'), ((14, 3), 'foodLeft=11'), ((8, 3), 'foodLeft=12'), ((11, 3), 'foodLeft=11'), ((7, 4), 'foodLeft=11'), ((1, 3), 'foodLeft=10'), ((1, 3), 'foodLeft=11'), ((10, 4), 'foodLeft=9'), ((11, 5), 'foodLeft=9'), ((13, 4), 'foodLeft=10'), ((5, 3), 'foodLeft=10'), ((6, 5), 'foodLeft=11')]","[((3, 5), 'foodLeft=12'), ((3, 3), 'foodLeft=12'), ((3, 3), 'foodLeft=11'), ((13, 5), 'foodLeft=10'), ((4, 4), 'foodLeft=10'), ((13, 4), 'foodLeft=10'), ((13, 5), 'foodLeft=7'), ((5, 5), 'foodLeft=10'), ((3, 5), 'foodLeft=11'), ((11, 3), 'foodLeft=12'), ((13, 4), 'foodLeft=11'), ((1, 3), 'foodLeft=12'), ((10, 3), 'foodLeft=8'), ((4, 5), 'foodLeft=11'), ((10, 5), 'foodLeft=11'), ((15, 3), 'foodLeft=11'), ((5, 5), 'foodLeft=11'), ((16, 3), 'foodLeft=12'), ((5, 3), 'foodLeft=11'), ((9, 5), 'foodLeft=10'), ((16, 3), 'foodLeft=13'), ((8, 5), 'foodLeft=12'), ((1, 3), 'foodLeft=11'), ((13, 4), 'foodLeft=9'), ((1, 4), 'foodLeft=11'), ((8, 5), 'foodLeft=10'), ((14, 5), 'foodLeft=10'), ((9, 3), 'foodLeft=11'), ((9, 5), 'foodLeft=8'), ((11, 5), 'foodLeft=10'), ((10, 5), 'foodLeft=10'), ((12, 5), 'foodLeft=11'), ((6, 5), 'foodLeft=11'), ((13, 3), 'foodLeft=11'), ((8, 3), 'foodLeft=10'), ((11, 3), 'foodLeft=9'), ((2, 5), 'foodLeft=10'), ((2, 5), 'foodLeft=11'), ((2, 5), 'foodLeft=11'), ((14, 5), 'foodLeft=9'), ((12, 3), 'foodLeft=10'), ((14, 3), 'foodLeft=12'), ((13, 4), 'foodLeft=10'), ((11, 5), 'foodLeft=11'), ((15, 3), 'foodLeft=12'), ((14, 3), 'foodLeft=11'), ((8, 3), 'foodLeft=12'), ((11, 3), 'foodLeft=11'), ((7, 4), 'foodLeft=11'), ((1, 3), 'foodLeft=10'), ((1, 3), 'foodLeft=11'), ((10, 4), 'foodLeft=9'), ((11, 5), 'foodLeft=9'), ((13, 4), 'foodLeft=10'), ((5, 3), 'foodLeft=10'), ((14, 3), 'foodLeft=10'), ((4, 3), 'foodLeft=11')]",197,10,50,60
197,"((3, 5), 'foodLeft=12')","((4, 5), 'foodLeft=12')",West,"[((4, 5), 'foodLeft=12'), ((2, 5), 'foodLeft=12')]","[((3, 5), 'foodLeft=12'), ((3, 3), 'foodLeft=12'), ((3, 3), 'foodLeft=11'), ((13, 5), 'foodLeft=10'), ((4, 4), 'foodLeft=10'), ((13, 4), 'foodLeft=10'), ((13, 5), 'foodLeft=7'), ((5, 5), 'foodLeft=10'), ((3, 5), 'foodLeft=11'), ((11, 3), 'foodLeft=12'), ((13, 4), 'foodLeft=11'), ((1, 3), 'foodLeft=12'), ((10, 3), 'foodLeft=8'), ((4, 5), 'foodLeft=11'), ((10, 5), 'foodLeft=11'), ((15, 3), 'foodLeft=11'), ((5, 5), 'foodLeft=11'), ((16, 3), 'foodLeft=12'), ((5, 3), 'foodLeft=11'), ((9, 5), 'foodLeft=10'), ((16, 3), 'foodLeft=13'), ((8, 5), 'foodLeft=12'), ((1, 3), 'foodLeft=11'), ((13, 4), 'foodLeft=9'), ((1, 4), 'foodLeft=11'), ((8, 5), 'foodLeft=10'), ((14, 5), 'foodLeft=10'), ((9, 3), 'foodLeft=11'), ((9, 5), 'foodLeft=8'), ((11, 5), 'foodLeft=10'), ((10, 5), 'foodLeft=10'), ((12, 5), 'foodLeft=11'), ((6, 5), 'foodLeft=11'), ((13, 3), 'foodLeft=11'), ((8, 3), 'foodLeft=10'), ((11, 3), 'foodLeft=9'), ((2, 5), 'foodLeft=10'), ((2, 5), 'foodLeft=11'), ((2, 5), 'foodLeft=11'), ((14, 5), 'foodLeft=9'), ((12, 3), 'foodLeft=10'), ((14, 3), 'foodLeft=12'), ((13, 4), 'foodLeft=10'), ((11, 5), 'foodLeft=11'), ((15, 3), 'foodLeft=12'), ((14, 3), 'foodLeft=11'), ((8, 3), 'foodLeft=12'), ((11, 3), 'foodLeft=11'), ((7, 4), 'foodLeft=11'), ((1, 3), 'foodLeft=10'), ((1, 3), 'foodLeft=11'), ((10, 4), 'foodLeft=9'), ((11, 5), 'foodLeft=9'), ((13, 4), 'foodLeft=10'), ((5, 3), 'foodLeft=10'), ((14, 3), 'foodLeft=10'), ((4, 3), 'foodLeft=11')]","[((3, 3), 'foodLeft=12'), ((13, 5), 'foodLeft=10'), ((3, 3), 'foodLeft=11'), ((3, 5), 'foodLeft=11'), ((4, 4), 'foodLeft=10'), ((13, 4), 'foodLeft=10'), ((13, 5), 'foodLeft=7'), ((5, 5), 'foodLeft=10'), ((16, 3), 'foodLeft=12'), ((11, 3), 'foodLeft=12'), ((13, 4), 'foodLeft=11'), ((1, 3), 'foodLeft=12'), ((10, 3), 'foodLeft=8'), ((4, 5), 'foodLeft=11'), ((10, 5), 'foodLeft=11'), ((15, 3), 'foodLeft=11'), ((5, 5), 'foodLeft=11'), ((2, 5), 'foodLeft=10'), ((5, 3), 'foodLeft=11'), ((9, 5), 'foodLeft=10'), ((16, 3), 'foodLeft=13'), ((8, 5), 'foodLeft=12'), ((1, 3), 'foodLeft=11'), ((13, 4), 'foodLeft=9'), ((1, 4), 'foodLeft=11'), ((8, 5), 'foodLeft=10'), ((14, 5), 'foodLeft=10'), ((2, 5), 'foodLeft=12'), ((9, 5), 'foodLeft=8'), ((11, 5), 'foodLeft=10'), ((10, 5), 'foodLeft=10'), ((12, 5), 'foodLeft=11'), ((6, 5), 'foodLeft=11'), ((13, 3), 'foodLeft=11'), ((8, 3), 'foodLeft=10'), ((11, 3), 'foodLeft=9'), ((4, 3), 'foodLeft=11'), ((2, 5), 'foodLeft=11'), ((2, 5), 'foodLeft=11'), ((14, 5), 'foodLeft=9'), ((12, 3), 'foodLeft=10'), ((14, 3), 'foodLeft=12'), ((13, 4), 'foodLeft=10'), ((11, 5), 'foodLeft=11'), ((15, 3), 'foodLeft=12'), ((14, 3), 'foodLeft=11'), ((8, 3), 'foodLeft=12'), ((11, 3), 'foodLeft=11'), ((7, 4), 'foodLeft=11'), ((1, 3), 'foodLeft=10'), ((1, 3), 'foodLeft=11'), ((10, 4), 'foodLeft=9'), ((11, 5), 'foodLeft=9'), ((13, 4), 'foodLeft=10'), ((5, 3), 'foodLeft=10'), ((14, 3), 'foodLeft=10'), ((9, 3), 'foodLeft=11')]",198,10,50,60
198,"((3, 3), 'foodLeft=12')","((4, 3), 'foodLeft=12')",West,"[((4, 3), 'foodLeft=12'), ((2, 3), 'foodLeft=12')]","[((3, 3), 'foodLeft=12'), ((13, 5), 'foodLeft=10'), ((3, 3), 'foodLeft=11'), ((3, 5), 'foodLeft=11'), ((4, 4), 'foodLeft=10'), ((13, 4), 'foodLeft=10'), ((13, 5), 'foodLeft=7'), ((5, 5), 'foodLeft=10'), ((16, 3), 'foodLeft=12'), ((11, 3), 'foodLeft=12'), ((13, 4), 'foodLeft=11'), ((1, 3), 'foodLeft=12'), ((10, 3), 'foodLeft=8'), ((4, 5), 'foodLeft=11'), ((10, 5), 'foodLeft=11'), ((15, 3), 'foodLeft=11'), ((5, 5), 'foodLeft=11'), ((2, 5), 'foodLeft=10'), ((5, 3), 'foodLeft=11'), ((9, 5), 'foodLeft=10'), ((16, 3), 'foodLeft=13'), ((8, 5), 'foodLeft=12'), ((1, 3), 'foodLeft=11'), ((13, 4), 'foodLeft=9'), ((1, 4), 'foodLeft=11'), ((8, 5), 'foodLeft=10'), ((14, 5), 'foodLeft=10'), ((2, 5), 'foodLeft=12'), ((9, 5), 'foodLeft=8'), ((11, 5), 'foodLeft=10'), ((10, 5), 'foodLeft=10'), ((12, 5), 'foodLeft=11'), ((6, 5), 'foodLeft=11'), ((13, 3), 'foodLeft=11'), ((8, 3), 'foodLeft=10'), ((11, 3), 'foodLeft=9'), ((4, 3), 'foodLeft=11'), ((2, 5), 'foodLeft=11'), ((2, 5), 'foodLeft=11'), ((14, 5), 'foodLeft=9'), ((12, 3), 'foodLeft=10'), ((14, 3), 'foodLeft=12'), ((13, 4), 'foodLeft=10'), ((11, 5), 'foodLeft=11'), ((15, 3), 'foodLeft=12'), ((14, 3), 'foodLeft=11'), ((8, 3), 'foodLeft=12'), ((11, 3), 'foodLeft=11'), ((7, 4), 'foodLeft=11'), ((1, 3), 'foodLeft=10'), ((1, 3), 'foodLeft=11'), ((10, 4), 'foodLeft=9'), ((11, 5), 'foodLeft=9'), ((13, 4), 'foodLeft=10'), ((5, 3), 'foodLeft=10'), ((14, 3), 'foodLeft=10'), ((9, 3), 'foodLeft=11')]","[((13, 5), 'foodLeft=10'), ((4, 4), 'foodLeft=10'), ((3, 3), 'foodLeft=11'), ((3, 5), 'foodLeft=11'), ((13, 4), 'foodLeft=11'), ((13, 4), 'foodLeft=10'), ((13, 5), 'foodLeft=7'), ((5, 5), 'foodLeft=10'), ((16, 3), 'foodLeft=12'), ((11, 3), 'foodLeft=12'), ((9, 3), 'foodLeft=11'), ((1, 3), 'foodLeft=12'), ((10, 3), 'foodLeft=8'), ((4, 5), 'foodLeft=11'), ((10, 5), 'foodLeft=11'), ((15, 3), 'foodLeft=11'), ((5, 5), 'foodLeft=11'), ((2, 5), 'foodLeft=10'), ((5, 3), 'foodLeft=11'), ((9, 5), 'foodLeft=10'), ((16, 3), 'foodLeft=13'), ((8, 5), 'foodLeft=12'), ((1, 3), 'foodLeft=11'), ((13, 4), 'foodLeft=9'), ((1, 4), 'foodLeft=11'), ((8, 5), 'foodLeft=10'), ((14, 5), 'foodLeft=10'), ((2, 5), 'foodLeft=12'), ((9, 5), 'foodLeft=8'), ((11, 5), 'foodLeft=10'), ((10, 5), 'foodLeft=10'), ((12, 5), 'foodLeft=11'), ((6, 5), 'foodLeft=11'), ((13, 3), 'foodLeft=11'), ((8, 3), 'foodLeft=10'), ((11, 3), 'foodLeft=9'), ((4, 3), 'foodLeft=11'), ((2, 5), 'foodLeft=11'), ((2, 5), 'foodLeft=11'), ((14, 5), 'foodLeft=9'), ((12, 3), 'foodLeft=10'), ((14, 3), 'foodLeft=12'), ((13, 4), 'foodLeft=10'), ((11, 5), 'foodLeft=11'), ((15, 3), 'foodLeft=12'), ((14, 3), 'foodLeft=11'), ((8, 3), 'foodLeft=12'), ((11, 3), 'foodLeft=11'), ((7, 4), 'foodLeft=11'), ((1, 3), 'foodLeft=10'), ((1, 3), 'foodLeft=11'), ((10, 4), 'foodLeft=9'), ((11, 5), 'foodLeft=9'), ((13, 4), 'foodLeft=10'), ((5, 3), 'foodLeft=10'), ((14, 3), 'foodLeft=10'), ((2, 3), 'foodLeft=12')]",199,10,50,60
199,"((13, 5), 'foodLeft=10')","((12, 5), 'foodLeft=11')",East,"[((13, 4), 'foodLeft=9'), ((14, 5), 'foodLeft=9'), ((12, 5), 'foodLeft=10')]","[((13, 5), 'foodLeft=10'), ((4, 4), 'foodLeft=10'), ((3, 3), 'foodLeft=11'), ((3, 5), 'foodLeft=11'), ((13, 4), 'foodLeft=11'), ((13, 4), 'foodLeft=10'), ((13, 5), 'foodLeft=7'), ((5, 5), 'foodLeft=10'), ((16, 3), 'foodLeft=12'), ((11, 3), 'foodLeft=12'), ((9, 3), 'foodLeft=11'), ((1, 3), 'foodLeft=12'), ((10, 3), 'foodLeft=8'), ((4, 5), 'foodLeft=11'), ((10, 5), 'foodLeft=11'), ((15, 3), 'foodLeft=11'), ((5, 5), 'foodLeft=11'), ((2, 5), 'foodLeft=10'), ((5, 3), 'foodLeft=11'), ((9, 5), 'foodLeft=10'), ((16, 3), 'foodLeft=13'), ((8, 5), 'foodLeft=12'), ((1, 3), 'foodLeft=11'), ((13, 4), 'foodLeft=9'), ((1, 4), 'foodLeft=11'), ((8, 5), 'foodLeft=10'), ((14, 5), 'foodLeft=10'), ((2, 5), 'foodLeft=12'), ((9, 5), 'foodLeft=8'), ((11, 5), 'foodLeft=10'), ((10, 5), 'foodLeft=10'), ((12, 5), 'foodLeft=11'), ((6, 5), 'foodLeft=11'), ((13, 3), 'foodLeft=11'), ((8, 3), 'foodLeft=10'), ((11, 3), 'foodLeft=9'), ((4, 3), 'foodLeft=11'), ((2, 5), 'foodLeft=11'), ((2, 5), 'foodLeft=11'), ((14, 5), 'foodLeft=9'), ((12, 3), 'foodLeft=10'), ((14, 3), 'foodLeft=12'), ((13, 4), 'foodLeft=10'), ((11, 5), 'foodLeft=11'), ((15, 3), 'foodLeft=12'), ((14, 3), 'foodLeft=11'), ((8, 3), 'foodLeft=12'), ((11, 3), 'foodLeft=11'), ((7, 4), 'foodLeft=11'), ((1, 3), 'foodLeft=10'), ((1, 3), 'foodLeft=11'), ((10, 4), 'foodLeft=9'), ((11, 5), 'foodLeft=9'), ((13, 4), 'foodLeft=10'), ((5, 3), 'foodLeft=10'), ((14, 3), 'foodLeft=10'), ((2, 3), 'foodLeft=12')]","[((4, 4), 'foodLeft=10'), ((3, 5), 'foodLeft=11'), ((3, 3), 'foodLeft=11'), ((16, 3), 'foodLeft=12'), ((13, 4), 'foodLeft=11'), ((13, 4), 'foodLeft=10'), ((13, 5), 'foodLeft=7'), ((5, 5), 'foodLeft=10'), ((5, 3), 'foodLeft=11'), ((11, 3), 'foodLeft=12'), ((9, 3), 'foodLeft=11'), ((1, 3), 'foodLeft=12'), ((10, 3), 'foodLeft=8'), ((4, 5), 'foodLeft=11'), ((10, 5), 'foodLeft=11'), ((15, 3), 'foodLeft=11'), ((5, 5), 'foodLeft=11'), ((2, 5), 'foodLeft=10'), ((2, 5), 'foodLeft=11'), ((9, 5), 'foodLeft=10'), ((16, 3), 'foodLeft=13'), ((8, 5), 'foodLeft=12'), ((1, 3), 'foodLeft=11'), ((13, 4), 'foodLeft=9'), ((1, 4), 'foodLeft=11'), ((8, 5), 'foodLeft=10'), ((14, 5), 'foodLeft=10'), ((2, 5), 'foodLeft=12'), ((14, 5), 'foodLeft=9'), ((11, 5), 'foodLeft=10'), ((10, 5), 'foodLeft=10'), ((12, 5), 'foodLeft=11'), ((6, 5), 'foodLeft=11'), ((13, 3), 'foodLeft=11'), ((8, 3), 'foodLeft=10'), ((11, 3), 'foodLeft=9'), ((4, 3), 'foodLeft=11'), ((2, 3), 'foodLeft=12'), ((2, 5), 'foodLeft=11'), ((14, 5), 'foodLeft=9'), ((12, 3), 'foodLeft=10'), ((14, 3), 'foodLeft=12'), ((13, 4), 'foodLeft=10'), ((11, 5), 'foodLeft=11'), ((15, 3), 'foodLeft=12'), ((14, 3), 'foodLeft=11'), ((8, 3), 'foodLeft=12'), ((11, 3), 'foodLeft=11'), ((7, 4), 'foodLeft=11'), ((1, 3), 'foodLeft=10'), ((1, 3), 'foodLeft=11'), ((10, 4), 'foodLeft=9'), ((11, 5), 'foodLeft=9'), ((13, 4), 'foodLeft=10'), ((5, 3), 'foodLeft=10'), ((14, 3), 'foodLeft=10'), ((13, 4), 'foodLeft=9'), ((9, 5), 'foodLeft=8'), ((12, 5), 'foodLeft=10')]",200,12,48,60
200,"((4, 4), 'foodLeft=10')","((4, 5), 'foodLeft=11')",South,"[((4, 5), 'foodLeft=10'), ((4, 3), 'foodLeft=10')]","[((4, 4), 'foodLeft=10'), ((3, 5), 'foodLeft=11'), ((3, 3), 'foodLeft=11'), ((16, 3), 'foodLeft=12'), ((13, 4), 'foodLeft=11'), ((13, 4), 'foodLeft=10'), ((13, 5), 'foodLeft=7'), ((5, 5), 'foodLeft=10'), ((5, 3), 'foodLeft=11'), ((11, 3), 'foodLeft=12'), ((9, 3), 'foodLeft=11'), ((1, 3), 'foodLeft=12'), ((10, 3), 'foodLeft=8'), ((4, 5), 'foodLeft=11'), ((10, 5), 'foodLeft=11'), ((15, 3), 'foodLeft=11'), ((5, 5), 'foodLeft=11'), ((2, 5), 'foodLeft=10'), ((2, 5), 'foodLeft=11'), ((9, 5), 'foodLeft=10'), ((16, 3), 'foodLeft=13'), ((8, 5), 'foodLeft=12'), ((1, 3), 'foodLeft=11'), ((13, 4), 'foodLeft=9'), ((1, 4), 'foodLeft=11'), ((8, 5), 'foodLeft=10'), ((14, 5), 'foodLeft=10'), ((2, 5), 'foodLeft=12'), ((14, 5), 'foodLeft=9'), ((11, 5), 'foodLeft=10'), ((10, 5), 'foodLeft=10'), ((12, 5), 'foodLeft=11'), ((6, 5), 'foodLeft=11'), ((13, 3), 'foodLeft=11'), ((8, 3), 'foodLeft=10'), ((11, 3), 'foodLeft=9'), ((4, 3), 'foodLeft=11'), ((2, 3), 'foodLeft=12'), ((2, 5), 'foodLeft=11'), ((14, 5), 'foodLeft=9'), ((12, 3), 'foodLeft=10'), ((14, 3), 'foodLeft=12'), ((13, 4), 'foodLeft=10'), ((11, 5), 'foodLeft=11'), ((15, 3), 'foodLeft=12'), ((14, 3), 'foodLeft=11'), ((8, 3), 'foodLeft=12'), ((11, 3), 'foodLeft=11'), ((7, 4), 'foodLeft=11'), ((1, 3), 'foodLeft=10'), ((1, 3), 'foodLeft=11'), ((10, 4), 'foodLeft=9'), ((11, 5), 'foodLeft=9'), ((13, 4), 'foodLeft=10'), ((5, 3), 'foodLeft=10'), ((14, 3), 'foodLeft=10'), ((13, 4), 'foodLeft=9'), ((9, 5), 'foodLeft=8'), ((12, 5), 'foodLeft=10')]","[((3, 5), 'foodLeft=11'), ((13, 4), 'foodLeft=11'), ((3, 3), 'foodLeft=11'), ((16, 3), 'foodLeft=12'), ((11, 3), 'foodLeft=12'), ((13, 4), 'foodLeft=10'), ((13, 5), 'foodLeft=7'), ((5, 5), 'foodLeft=10'), ((5, 3), 'foodLeft=11'), ((16, 3), 'foodLeft=13'), ((9, 3), 'foodLeft=11'), ((1, 3), 'foodLeft=12'), ((10, 3), 'foodLeft=8'), ((4, 5), 'foodLeft=11'), ((4, 3), 'foodLeft=10'), ((15, 3), 'foodLeft=11'), ((5, 5), 'foodLeft=11'), ((2, 5), 'foodLeft=10'), ((2, 5), 'foodLeft=11'), ((9, 5), 'foodLeft=10'), ((13, 4), 'foodLeft=10'), ((8, 5), 'foodLeft=12'), ((1, 3), 'foodLeft=11'), ((13, 4), 'foodLeft=9'), ((1, 4), 'foodLeft=11'), ((8, 5), 'foodLeft=10'), ((14, 5), 'foodLeft=10'), ((2, 5), 'foodLeft=12'), ((14, 5), 'foodLeft=9'), ((10, 5), 'foodLeft=11'), ((10, 5), 'foodLeft=10'), ((12, 5), 'foodLeft=11'), ((6, 5), 'foodLeft=11'), ((13, 3), 'foodLeft=11'), ((8, 3), 'foodLeft=10'), ((11, 3), 'foodLeft=9'), ((4, 3), 'foodLeft=11'), ((2, 3), 'foodLeft=12'), ((2, 5), 'foodLeft=11'), ((14, 5), 'foodLeft=9'), ((12, 3), 'foodLeft=10'), ((14, 3), 'foodLeft=12'), ((12, 5), 'foodLeft=10'), ((11, 5), 'foodLeft=11'), ((15, 3), 'foodLeft=12'), ((14, 3), 'foodLeft=11'), ((8, 3), 'foodLeft=12'), ((11, 3), 'foodLeft=11'), ((7, 4), 'foodLeft=11'), ((1, 3), 'foodLeft=10'), ((1, 3), 'foodLeft=11'), ((10, 4), 'foodLeft=9'), ((11, 5), 'foodLeft=9'), ((13, 4), 'foodLeft=10'), ((5, 3), 'foodLeft=10'), ((14, 3), 'foodLeft=10'), ((13, 4), 'foodLeft=9'), ((9, 5), 'foodLeft=8'), ((4, 5), 'foodLeft=10'), ((11, 5), 'foodLeft=10')]",201,12,48,60
201,"((3, 5), 'foodLeft=11')","((4, 5), 'foodLeft=11')",West,"[((4, 5), 'foodLeft=11'), ((2, 5), 'foodLeft=11')]","[((3, 5), 'foodLeft=11'), ((13, 4), 'foodLeft=11'), ((3, 3), 'foodLeft=11'), ((16, 3), 'foodLeft=12'), ((11, 3), 'foodLeft=12'), ((13, 4), 'foodLeft=10'), ((13, 5), 'foodLeft=7'), ((5, 5), 'foodLeft=10'), ((5, 3), 'foodLeft=11'), ((16, 3), 'foodLeft=13'), ((9, 3), 'foodLeft=11'), ((1, 3), 'foodLeft=12'), ((10, 3), 'foodLeft=8'), ((4, 5), 'foodLeft=11'), ((4, 3), 'foodLeft=10'), ((15, 3), 'foodLeft=11'), ((5, 5), 'foodLeft=11'), ((2, 5), 'foodLeft=10'), ((2, 5), 'foodLeft=11'), ((9, 5), 'foodLeft=10'), ((13, 4), 'foodLeft=10'), ((8, 5), 'foodLeft=12'), ((1, 3), 'foodLeft=11'), ((13, 4), 'foodLeft=9'), ((1, 4), 'foodLeft=11'), ((8, 5), 'foodLeft=10'), ((14, 5), 'foodLeft=10'), ((2, 5), 'foodLeft=12'), ((14, 5), 'foodLeft=9'), ((10, 5), 'foodLeft=11'), ((10, 5), 'foodLeft=10'), ((12, 5), 'foodLeft=11'), ((6, 5), 'foodLeft=11'), ((13, 3), 'foodLeft=11'), ((8, 3), 'foodLeft=10'), ((11, 3), 'foodLeft=9'), ((4, 3), 'foodLeft=11'), ((2, 3), 'foodLeft=12'), ((2, 5), 'foodLeft=11'), ((14, 5), 'foodLeft=9'), ((12, 3), 'foodLeft=10'), ((14, 3), 'foodLeft=12'), ((12, 5), 'foodLeft=10'), ((11, 5), 'foodLeft=11'), ((15, 3), 'foodLeft=12'), ((14, 3), 'foodLeft=11'), ((8, 3), 'foodLeft=12'), ((11, 3), 'foodLeft=11'), ((7, 4), 'foodLeft=11'), ((1, 3), 'foodLeft=10'), ((1, 3), 'foodLeft=11'), ((10, 4), 'foodLeft=9'), ((11, 5), 'foodLeft=9'), ((13, 4), 'foodLeft=10'), ((5, 3), 'foodLeft=10'), ((14, 3), 'foodLeft=10'), ((13, 4), 'foodLeft=9'), ((9, 5), 'foodLeft=8'), ((4, 5), 'foodLeft=10'), ((11, 5), 'foodLeft=10')]","[((3, 3), 'foodLeft=11'), ((13, 4), 'foodLeft=11'), ((13, 4), 'foodLeft=10'), ((16, 3), 'foodLeft=12'), ((11, 3), 'foodLeft=12'), ((10, 3), 'foodLeft=8'), ((13, 5), 'foodLeft=7'), ((5, 5), 'foodLeft=10'), ((5, 3), 'foodLeft=11'), ((16, 3), 'foodLeft=13'), ((9, 3), 'foodLeft=11'), ((1, 3), 'foodLeft=12'), ((14, 5), 'foodLeft=10'), ((4, 5), 'foodLeft=11'), ((2, 5), 'foodLeft=11'), ((15, 3), 'foodLeft=11'), ((5, 5), 'foodLeft=11'), ((2, 5), 'foodLeft=10'), ((2, 5), 'foodLeft=11'), ((9, 5), 'foodLeft=10'), ((13, 4), 'foodLeft=10'), ((8, 5), 'foodLeft=12'), ((1, 3), 'foodLeft=11'), ((13, 4), 'foodLeft=9'), ((1, 4), 'foodLeft=11'), ((8, 5), 'foodLeft=10'), ((5, 3), 'foodLeft=10'), ((2, 5), 'foodLeft=12'), ((14, 5), 'foodLeft=9'), ((4, 3), 'foodLeft=10'), ((10, 5), 'foodLeft=10'), ((12, 5), 'foodLeft=11'), ((6, 5), 'foodLeft=11'), ((13, 3), 'foodLeft=11'), ((8, 3), 'foodLeft=10'), ((11, 3), 'foodLeft=9'), ((4, 3), 'foodLeft=11'), ((2, 3), 'foodLeft=12'), ((2, 5), 'foodLeft=11'), ((14, 5), 'foodLeft=9'), ((12, 3), 'foodLeft=10'), ((14, 3), 'foodLeft=12'), ((12, 5), 'foodLeft=10'), ((11, 5), 'foodLeft=11'), ((15, 3), 'foodLeft=12'), ((14, 3), 'foodLeft=11'), ((8, 3), 'foodLeft=12'), ((11, 3), 'foodLeft=11'), ((7, 4), 'foodLeft=11'), ((1, 3), 'foodLeft=10'), ((1, 3), 'foodLeft=11'), ((10, 4), 'foodLeft=9'), ((11, 5), 'foodLeft=9'), ((13, 4), 'foodLeft=10'), ((11, 5), 'foodLeft=10'), ((14, 3), 'foodLeft=10'), ((13, 4), 'foodLeft=9'), ((9, 5), 'foodLeft=8'), ((4, 5), 'foodLeft=10'), ((10, 5), 'foodLeft=11')]",202,12,48,60
202,"((3, 3), 'foodLeft=11')","((4, 3), 'foodLeft=11')",West,"[((4, 3), 'foodLeft=11'), ((2, 3), 'foodLeft=11')]","[((3, 3), 'foodLeft=11'), ((13, 4), 'foodLeft=11'), ((13, 4), 'foodLeft=10'), ((16, 3), 'foodLeft=12'), ((11, 3), 'foodLeft=12'), ((10, 3), 'foodLeft=8'), ((13, 5), 'foodLeft=7'), ((5, 5), 'foodLeft=10'), ((5, 3), 'foodLeft=11'), ((16, 3), 'foodLeft=13'), ((9, 3), 'foodLeft=11'), ((1, 3), 'foodLeft=12'), ((14, 5), 'foodLeft=10'), ((4, 5), 'foodLeft=11'), ((2, 5), 'foodLeft=11'), ((15, 3), 'foodLeft=11'), ((5, 5), 'foodLeft=11'), ((2, 5), 'foodLeft=10'), ((2, 5), 'foodLeft=11'), ((9, 5), 'foodLeft=10'), ((13, 4), 'foodLeft=10'), ((8, 5), 'foodLeft=12'), ((1, 3), 'foodLeft=11'), ((13, 4), 'foodLeft=9'), ((1, 4), 'foodLeft=11'), ((8, 5), 'foodLeft=10'), ((5, 3), 'foodLeft=10'), ((2, 5), 'foodLeft=12'), ((14, 5), 'foodLeft=9'), ((4, 3), 'foodLeft=10'), ((10, 5), 'foodLeft=10'), ((12, 5), 'foodLeft=11'), ((6, 5), 'foodLeft=11'), ((13, 3), 'foodLeft=11'), ((8, 3), 'foodLeft=10'), ((11, 3), 'foodLeft=9'), ((4, 3), 'foodLeft=11'), ((2, 3), 'foodLeft=12'), ((2, 5), 'foodLeft=11'), ((14, 5), 'foodLeft=9'), ((12, 3), 'foodLeft=10'), ((14, 3), 'foodLeft=12'), ((12, 5), 'foodLeft=10'), ((11, 5), 'foodLeft=11'), ((15, 3), 'foodLeft=12'), ((14, 3), 'foodLeft=11'), ((8, 3), 'foodLeft=12'), ((11, 3), 'foodLeft=11'), ((7, 4), 'foodLeft=11'), ((1, 3), 'foodLeft=10'), ((1, 3), 'foodLeft=11'), ((10, 4), 'foodLeft=9'), ((11, 5), 'foodLeft=9'), ((13, 4), 'foodLeft=10'), ((11, 5), 'foodLeft=10'), ((14, 3), 'foodLeft=10'), ((13, 4), 'foodLeft=9'), ((9, 5), 'foodLeft=8'), ((4, 5), 'foodLeft=10'), ((10, 5), 'foodLeft=11')]","[((13, 4), 'foodLeft=11'), ((11, 3), 'foodLeft=12'), ((13, 4), 'foodLeft=10'), ((16, 3), 'foodLeft=12'), ((16, 3), 'foodLeft=13'), ((10, 3), 'foodLeft=8'), ((13, 5), 'foodLeft=7'), ((5, 5), 'foodLeft=10'), ((5, 3), 'foodLeft=11'), ((13, 4), 'foodLeft=10'), ((9, 3), 'foodLeft=11'), ((1, 3), 'foodLeft=12'), ((14, 5), 'foodLeft=10'), ((4, 5), 'foodLeft=11'), ((2, 5), 'foodLeft=11'), ((15, 3), 'foodLeft=11'), ((5, 5), 'foodLeft=11'), ((2, 5), 'foodLeft=10'), ((2, 5), 'foodLeft=11'), ((9, 5), 'foodLeft=10'), ((14, 3), 'foodLeft=12'), ((8, 5), 'foodLeft=12'), ((1, 3), 'foodLeft=11'), ((13, 4), 'foodLeft=9'), ((1, 4), 'foodLeft=11'), ((8, 5), 'foodLeft=10'), ((5, 3), 'foodLeft=10'), ((2, 5), 'foodLeft=12'), ((14, 5), 'foodLeft=9'), ((4, 3), 'foodLeft=10'), ((10, 5), 'foodLeft=10'), ((12, 5), 'foodLeft=11'), ((6, 5), 'foodLeft=11'), ((13, 3), 'foodLeft=11'), ((8, 3), 'foodLeft=10'), ((11, 3), 'foodLeft=9'), ((4, 3), 'foodLeft=11'), ((2, 3), 'foodLeft=12'), ((2, 5), 'foodLeft=11'), ((14, 5), 'foodLeft=9'), ((12, 3), 'foodLeft=10'), ((10, 5), 'foodLeft=11'), ((12, 5), 'foodLeft=10'), ((11, 5), 'foodLeft=11'), ((15, 3), 'foodLeft=12'), ((14, 3), 'foodLeft=11'), ((8, 3), 'foodLeft=12'), ((11, 3), 'foodLeft=11'), ((7, 4), 'foodLeft=11'), ((1, 3), 'foodLeft=10'), ((1, 3), 'foodLeft=11'), ((10, 4), 'foodLeft=9'), ((11, 5), 'foodLeft=9'), ((13, 4), 'foodLeft=10'), ((11, 5), 'foodLeft=10'), ((14, 3), 'foodLeft=10'), ((13, 4), 'foodLeft=9'), ((9, 5), 'foodLeft=8'), ((4, 5), 'foodLeft=10'), ((2, 3), 'foodLeft=11')]",203,12,48,60
203,"((13, 4), 'foodLeft=11')","((13, 3), 'foodLeft=12')",North,"[((13, 5), 'foodLeft=10'), ((13, 3), 'foodLeft=11')]","[((13, 4), 'foodLeft=11'), ((11, 3), 'foodLeft=12'), ((13, 4), 'foodLeft=10'), ((16, 3), 'foodLeft=12'), ((16, 3), 'foodLeft=13'), ((10, 3), 'foodLeft=8'), ((13, 5), 'foodLeft=7'), ((5, 5), 'foodLeft=10'), ((5, 3), 'foodLeft=11'), ((13, 4), 'foodLeft=10'), ((9, 3), 'foodLeft=11'), ((1, 3), 'foodLeft=12'), ((14, 5), 'foodLeft=10'), ((4, 5), 'foodLeft=11'), ((2, 5), 'foodLeft=11'), ((15, 3), 'foodLeft=11'), ((5, 5), 'foodLeft=11'), ((2, 5), 'foodLeft=10'), ((2, 5), 'foodLeft=11'), ((9, 5), 'foodLeft=10'), ((14, 3), 'foodLeft=12'), ((8, 5), 'foodLeft=12'), ((1, 3), 'foodLeft=11'), ((13, 4), 'foodLeft=9'), ((1, 4), 'foodLeft=11'), ((8, 5), 'foodLeft=10'), ((5, 3), 'foodLeft=10'), ((2, 5), 'foodLeft=12'), ((14, 5), 'foodLeft=9'), ((4, 3), 'foodLeft=10'), ((10, 5), 'foodLeft=10'), ((12, 5), 'foodLeft=11'), ((6, 5), 'foodLeft=11'), ((13, 3), 'foodLeft=11'), ((8, 3), 'foodLeft=10'), ((11, 3), 'foodLeft=9'), ((4, 3), 'foodLeft=11'), ((2, 3), 'foodLeft=12'), ((2, 5), 'foodLeft=11'), ((14, 5), 'foodLeft=9'), ((12, 3), 'foodLeft=10'), ((10, 5), 'foodLeft=11'), ((12, 5), 'foodLeft=10'), ((11, 5), 'foodLeft=11'), ((15, 3), 'foodLeft=12'), ((14, 3), 'foodLeft=11'), ((8, 3), 'foodLeft=12'), ((11, 3), 'foodLeft=11'), ((7, 4), 'foodLeft=11'), ((1, 3), 'foodLeft=10'), ((1, 3), 'foodLeft=11'), ((10, 4), 'foodLeft=9'), ((11, 5), 'foodLeft=9'), ((13, 4), 'foodLeft=10'), ((11, 5), 'foodLeft=10'), ((14, 3), 'foodLeft=10'), ((13, 4), 'foodLeft=9'), ((9, 5), 'foodLeft=8'), ((4, 5), 'foodLeft=10'), ((2, 3), 'foodLeft=11')]","[((13, 4), 'foodLeft=10'), ((11, 3), 'foodLeft=12'), ((10, 3), 'foodLeft=8'), ((16, 3), 'foodLeft=12'), ((16, 3), 'foodLeft=13'), ((14, 5), 'foodLeft=10'), ((13, 5), 'foodLeft=7'), ((5, 5), 'foodLeft=10'), ((5, 3), 'foodLeft=11'), ((13, 4), 'foodLeft=10'), ((9, 3), 'foodLeft=11'), ((1, 3), 'foodLeft=12'), ((5, 3), 'foodLeft=10'), ((4, 5), 'foodLeft=11'), ((2, 5), 'foodLeft=11'), ((15, 3), 'foodLeft=11'), ((5, 5), 'foodLeft=11'), ((2, 5), 'foodLeft=10'), ((2, 5), 'foodLeft=11'), ((9, 5), 'foodLeft=10'), ((14, 3), 'foodLeft=12'), ((8, 5), 'foodLeft=12'), ((1, 3), 'foodLeft=11'), ((13, 4), 'foodLeft=9'), ((1, 4), 'foodLeft=11'), ((8, 5), 'foodLeft=10'), ((2, 3), 'foodLeft=11'), ((2, 5), 'foodLeft=12'), ((14, 5), 'foodLeft=9'), ((4, 3), 'foodLeft=10'), ((10, 5), 'foodLeft=10'), ((12, 5), 'foodLeft=11'), ((6, 5), 'foodLeft=11'), ((13, 3), 'foodLeft=11'), ((8, 3), 'foodLeft=10'), ((11, 3), 'foodLeft=9'), ((4, 3), 'foodLeft=11'), ((2, 3), 'foodLeft=12'), ((2, 5), 'foodLeft=11'), ((14, 5), 'foodLeft=9'), ((12, 3), 'foodLeft=10'), ((10, 5), 'foodLeft=11'), ((12, 5), 'foodLeft=10'), ((11, 5), 'foodLeft=11'), ((15, 3), 'foodLeft=12'), ((14, 3), 'foodLeft=11'), ((8, 3), 'foodLeft=12'), ((11, 3), 'foodLeft=11'), ((7, 4), 'foodLeft=11'), ((1, 3), 'foodLeft=10'), ((1, 3), 'foodLeft=11'), ((10, 4), 'foodLeft=9'), ((11, 5), 'foodLeft=9'), ((13, 4), 'foodLeft=10'), ((11, 5), 'foodLeft=10'), ((14, 3), 'foodLeft=10'), ((13, 4), 'foodLeft=9'), ((9, 5), 'foodLeft=8'), ((4, 5), 'foodLeft=10'), ((13, 5), 'foodLeft=10'), ((13, 3), 'foodLeft=11')]",204,11,49,60
204,"((13, 4), 'foodLeft=10')","((13, 3), 'foodLeft=11')",North,"[((13, 5), 'foodLeft=9'), ((13, 3), 'foodLeft=10')]","[((13, 4), 'foodLeft=10'), ((11, 3), 'foodLeft=12'), ((10, 3), 'foodLeft=8'), ((16, 3), 'foodLeft=12'), ((16, 3), 'foodLeft=13'), ((14, 5), 'foodLeft=10'), ((13, 5), 'foodLeft=7'), ((5, 5), 'foodLeft=10'), ((5, 3), 'foodLeft=11'), ((13, 4), 'foodLeft=10'), ((9, 3), 'foodLeft=11'), ((1, 3), 'foodLeft=12'), ((5, 3), 'foodLeft=10'), ((4, 5), 'foodLeft=11'), ((2, 5), 'foodLeft=11'), ((15, 3), 'foodLeft=11'), ((5, 5), 'foodLeft=11'), ((2, 5), 'foodLeft=10'), ((2, 5), 'foodLeft=11'), ((9, 5), 'foodLeft=10'), ((14, 3), 'foodLeft=12'), ((8, 5), 'foodLeft=12'), ((1, 3), 'foodLeft=11'), ((13, 4), 'foodLeft=9'), ((1, 4), 'foodLeft=11'), ((8, 5), 'foodLeft=10'), ((2, 3), 'foodLeft=11'), ((2, 5), 'foodLeft=12'), ((14, 5), 'foodLeft=9'), ((4, 3), 'foodLeft=10'), ((10, 5), 'foodLeft=10'), ((12, 5), 'foodLeft=11'), ((6, 5), 'foodLeft=11'), ((13, 3), 'foodLeft=11'), ((8, 3), 'foodLeft=10'), ((11, 3), 'foodLeft=9'), ((4, 3), 'foodLeft=11'), ((2, 3), 'foodLeft=12'), ((2, 5), 'foodLeft=11'), ((14, 5), 'foodLeft=9'), ((12, 3), 'foodLeft=10'), ((10, 5), 'foodLeft=11'), ((12, 5), 'foodLeft=10'), ((11, 5), 'foodLeft=11'), ((15, 3), 'foodLeft=12'), ((14, 3), 'foodLeft=11'), ((8, 3), 'foodLeft=12'), ((11, 3), 'foodLeft=11'), ((7, 4), 'foodLeft=11'), ((1, 3), 'foodLeft=10'), ((1, 3), 'foodLeft=11'), ((10, 4), 'foodLeft=9'), ((11, 5), 'foodLeft=9'), ((13, 4), 'foodLeft=10'), ((11, 5), 'foodLeft=10'), ((14, 3), 'foodLeft=10'), ((13, 4), 'foodLeft=9'), ((9, 5), 'foodLeft=8'), ((4, 5), 'foodLeft=10'), ((13, 5), 'foodLeft=10'), ((13, 3), 'foodLeft=11')]","[((10, 3), 'foodLeft=8'), ((11, 3), 'foodLeft=12'), ((13, 5), 'foodLeft=7'), ((16, 3), 'foodLeft=12'), ((16, 3), 'foodLeft=13'), ((14, 5), 'foodLeft=10'), ((4, 5), 'foodLeft=11'), ((5, 5), 'foodLeft=10'), ((5, 3), 'foodLeft=11'), ((13, 4), 'foodLeft=10'), ((9, 3), 'foodLeft=11'), ((1, 3), 'foodLeft=12'), ((5, 3), 'foodLeft=10'), ((2, 5), 'foodLeft=12'), ((2, 5), 'foodLeft=11'), ((15, 3), 'foodLeft=11'), ((5, 5), 'foodLeft=11'), ((2, 5), 'foodLeft=10'), ((2, 5), 'foodLeft=11'), ((9, 5), 'foodLeft=10'), ((14, 3), 'foodLeft=12'), ((8, 5), 'foodLeft=12'), ((1, 3), 'foodLeft=11'), ((13, 4), 'foodLeft=9'), ((1, 4), 'foodLeft=11'), ((8, 5), 'foodLeft=10'), ((2, 3), 'foodLeft=11'), ((14, 3), 'foodLeft=10'), ((14, 5), 'foodLeft=9'), ((4, 3), 'foodLeft=10'), ((10, 5), 'foodLeft=10'), ((12, 5), 'foodLeft=11'), ((6, 5), 'foodLeft=11'), ((13, 3), 'foodLeft=11'), ((8, 3), 'foodLeft=10'), ((11, 3), 'foodLeft=9'), ((4, 3), 'foodLeft=11'), ((2, 3), 'foodLeft=12'), ((2, 5), 'foodLeft=11'), ((14, 5), 'foodLeft=9'), ((12, 3), 'foodLeft=10'), ((10, 5), 'foodLeft=11'), ((12, 5), 'foodLeft=10'), ((11, 5), 'foodLeft=11'), ((15, 3), 'foodLeft=12'), ((14, 3), 'foodLeft=11'), ((8, 3), 'foodLeft=12'), ((11, 3), 'foodLeft=11'), ((7, 4), 'foodLeft=11'), ((1, 3), 'foodLeft=10'), ((1, 3), 'foodLeft=11'), ((10, 4), 'foodLeft=9'), ((11, 5), 'foodLeft=9'), ((13, 4), 'foodLeft=10'), ((11, 5), 'foodLeft=10'), ((13, 3), 'foodLeft=11'), ((13, 4), 'foodLeft=9'), ((9, 5), 'foodLeft=8'), ((4, 5), 'foodLeft=10'), ((13, 5), 'foodLeft=10'), ((13, 5), 'foodLeft=9'), ((13, 3), 'foodLeft=10')]",205,13,47,60
205,"((10, 3), 'foodLeft=8')","((10, 4), 'foodLeft=8')",South,"[((10, 4), 'foodLeft=8'), ((11, 3), 'foodLeft=8'), ((9, 3), 'foodLeft=8')]","[((10, 3), 'foodLeft=8'), ((11, 3), 'foodLeft=12'), ((13, 5), 'foodLeft=7'), ((16, 3), 'foodLeft=12'), ((16, 3), 'foodLeft=13'), ((14, 5), 'foodLeft=10'), ((4, 5), 'foodLeft=11'), ((5, 5), 'foodLeft=10'), ((5, 3), 'foodLeft=11'), ((13, 4), 'foodLeft=10'), ((9, 3), 'foodLeft=11'), ((1, 3), 'foodLeft=12'), ((5, 3), 'foodLeft=10'), ((2, 5), 'foodLeft=12'), ((2, 5), 'foodLeft=11'), ((15, 3), 'foodLeft=11'), ((5, 5), 'foodLeft=11'), ((2, 5), 'foodLeft=10'), ((2, 5), 'foodLeft=11'), ((9, 5), 'foodLeft=10'), ((14, 3), 'foodLeft=12'), ((8, 5), 'foodLeft=12'), ((1, 3), 'foodLeft=11'), ((13, 4), 'foodLeft=9'), ((1, 4), 'foodLeft=11'), ((8, 5), 'foodLeft=10'), ((2, 3), 'foodLeft=11'), ((14, 3), 'foodLeft=10'), ((14, 5), 'foodLeft=9'), ((4, 3), 'foodLeft=10'), ((10, 5), 'foodLeft=10'), ((12, 5), 'foodLeft=11'), ((6, 5), 'foodLeft=11'), ((13, 3), 'foodLeft=11'), ((8, 3), 'foodLeft=10'), ((11, 3), 'foodLeft=9'), ((4, 3), 'foodLeft=11'), ((2, 3), 'foodLeft=12'), ((2, 5), 'foodLeft=11'), ((14, 5), 'foodLeft=9'), ((12, 3), 'foodLeft=10'), ((10, 5), 'foodLeft=11'), ((12, 5), 'foodLeft=10'), ((11, 5), 'foodLeft=11'), ((15, 3), 'foodLeft=12'), ((14, 3), 'foodLeft=11'), ((8, 3), 'foodLeft=12'), ((11, 3), 'foodLeft=11'), ((7, 4), 'foodLeft=11'), ((1, 3), 'foodLeft=10'), ((1, 3), 'foodLeft=11'), ((10, 4), 'foodLeft=9'), ((11, 5), 'foodLeft=9'), ((13, 4), 'foodLeft=10'), ((11, 5), 'foodLeft=10'), ((13, 3), 'foodLeft=11'), ((13, 4), 'foodLeft=9'), ((9, 5), 'foodLeft=8'), ((4, 5), 'foodLeft=10'), ((13, 5), 'foodLeft=10'), ((13, 5), 'foodLeft=9'), ((13, 3), 'foodLeft=10')]","[((13, 5), 'foodLeft=7'), ((11, 3), 'foodLeft=12'), ((14, 5), 'foodLeft=10'), ((16, 3), 'foodLeft=12'), ((16, 3), 'foodLeft=13'), ((1, 3), 'foodLeft=12'), ((4, 5), 'foodLeft=11'), ((5, 5), 'foodLeft=10'), ((5, 3), 'foodLeft=11'), ((13, 4), 'foodLeft=10'), ((9, 3), 'foodLeft=11'), ((1, 4), 'foodLeft=11'), ((5, 3), 'foodLeft=10'), ((2, 5), 'foodLeft=12'), ((2, 5), 'foodLeft=11'), ((15, 3), 'foodLeft=11'), ((5, 5), 'foodLeft=11'), ((2, 5), 'foodLeft=10'), ((2, 5), 'foodLeft=11'), ((9, 5), 'foodLeft=10'), ((14, 3), 'foodLeft=12'), ((8, 5), 'foodLeft=12'), ((1, 3), 'foodLeft=11'), ((13, 4), 'foodLeft=9'), ((1, 3), 'foodLeft=11'), ((8, 5), 'foodLeft=10'), ((2, 3), 'foodLeft=11'), ((14, 3), 'foodLeft=10'), ((14, 5), 'foodLeft=9'), ((4, 3), 'foodLeft=10'), ((11, 3), 'foodLeft=8'), ((12, 5), 'foodLeft=11'), ((6, 5), 'foodLeft=11'), ((13, 3), 'foodLeft=11'), ((8, 3), 'foodLeft=10'), ((11, 3), 'foodLeft=9'), ((4, 3), 'foodLeft=11'), ((2, 3), 'foodLeft=12'), ((2, 5), 'foodLeft=11'), ((14, 5), 'foodLeft=9'), ((12, 3), 'foodLeft=10'), ((10, 5), 'foodLeft=11'), ((12, 5), 'foodLeft=10'), ((11, 5), 'foodLeft=11'), ((15, 3), 'foodLeft=12'), ((14, 3), 'foodLeft=11'), ((8, 3), 'foodLeft=12'), ((11, 3), 'foodLeft=11'), ((7, 4), 'foodLeft=11'), ((1, 3), 'foodLeft=10'), ((13, 3), 'foodLeft=10'), ((10, 4), 'foodLeft=9'), ((11, 5), 'foodLeft=9'), ((13, 4), 'foodLeft=10'), ((11, 5), 'foodLeft=10'), ((13, 3), 'foodLeft=11'), ((13, 4), 'foodLeft=9'), ((9, 5), 'foodLeft=8'), ((4, 5), 'foodLeft=10'), ((13, 5), 'foodLeft=10'), ((13, 5), 'foodLeft=9'), ((10, 5), 'foodLeft=10'), ((9, 3), 'foodLeft=8')]",206,25,35,60
206,"((13, 5), 'foodLeft=7')","((12, 5), 'foodLeft=8')",East,"[((13, 4), 'foodLeft=6'), ((14, 5), 'foodLeft=6'), ((12, 5), 'foodLeft=7')]","[((13, 5), 'foodLeft=7'), ((11, 3), 'foodLeft=12'), ((14, 5), 'foodLeft=10'), ((16, 3), 'foodLeft=12'), ((16, 3), 'foodLeft=13'), ((1, 3), 'foodLeft=12'), ((4, 5), 'foodLeft=11'), ((5, 5), 'foodLeft=10'), ((5, 3), 'foodLeft=11'), ((13, 4), 'foodLeft=10'), ((9, 3), 'foodLeft=11'), ((1, 4), 'foodLeft=11'), ((5, 3), 'foodLeft=10'), ((2, 5), 'foodLeft=12'), ((2, 5), 'foodLeft=11'), ((15, 3), 'foodLeft=11'), ((5, 5), 'foodLeft=11'), ((2, 5), 'foodLeft=10'), ((2, 5), 'foodLeft=11'), ((9, 5), 'foodLeft=10'), ((14, 3), 'foodLeft=12'), ((8, 5), 'foodLeft=12'), ((1, 3), 'foodLeft=11'), ((13, 4), 'foodLeft=9'), ((1, 3), 'foodLeft=11'), ((8, 5), 'foodLeft=10'), ((2, 3), 'foodLeft=11'), ((14, 3), 'foodLeft=10'), ((14, 5), 'foodLeft=9'), ((4, 3), 'foodLeft=10'), ((11, 3), 'foodLeft=8'), ((12, 5), 'foodLeft=11'), ((6, 5), 'foodLeft=11'), ((13, 3), 'foodLeft=11'), ((8, 3), 'foodLeft=10'), ((11, 3), 'foodLeft=9'), ((4, 3), 'foodLeft=11'), ((2, 3), 'foodLeft=12'), ((2, 5), 'foodLeft=11'), ((14, 5), 'foodLeft=9'), ((12, 3), 'foodLeft=10'), ((10, 5), 'foodLeft=11'), ((12, 5), 'foodLeft=10'), ((11, 5), 'foodLeft=11'), ((15, 3), 'foodLeft=12'), ((14, 3), 'foodLeft=11'), ((8, 3), 'foodLeft=12'), ((11, 3), 'foodLeft=11'), ((7, 4), 'foodLeft=11'), ((1, 3), 'foodLeft=10'), ((13, 3), 'foodLeft=10'), ((10, 4), 'foodLeft=9'), ((11, 5), 'foodLeft=9'), ((13, 4), 'foodLeft=10'), ((11, 5), 'foodLeft=10'), ((13, 3), 'foodLeft=11'), ((13, 4), 'foodLeft=9'), ((9, 5), 'foodLeft=8'), ((4, 5), 'foodLeft=10'), ((13, 5), 'foodLeft=10'), ((13, 5), 'foodLeft=9'), ((10, 5), 'foodLeft=10'), ((9, 3), 'foodLeft=8')]","[((11, 3), 'foodLeft=12'), ((14, 5), 'foodLeft=6'), ((14, 5), 'foodLeft=10'), ((16, 3), 'foodLeft=13'), ((9, 3), 'foodLeft=11'), ((1, 3), 'foodLeft=12'), ((4, 5), 'foodLeft=11'), ((16, 3), 'foodLeft=12'), ((5, 3), 'foodLeft=11'), ((13, 4), 'foodLeft=10'), ((1, 3), 'foodLeft=11'), ((1, 4), 'foodLeft=11'), ((5, 3), 'foodLeft=10'), ((2, 5), 'foodLeft=12'), ((2, 5), 'foodLeft=11'), ((5, 5), 'foodLeft=10'), ((5, 5), 'foodLeft=11'), ((2, 5), 'foodLeft=10'), ((2, 5), 'foodLeft=11'), ((9, 5), 'foodLeft=10'), ((14, 3), 'foodLeft=12'), ((8, 5), 'foodLeft=12'), ((8, 3), 'foodLeft=12'), ((13, 4), 'foodLeft=9'), ((1, 3), 'foodLeft=11'), ((8, 5), 'foodLeft=10'), ((2, 3), 'foodLeft=11'), ((14, 3), 'foodLeft=10'), ((14, 5), 'foodLeft=9'), ((4, 3), 'foodLeft=10'), ((11, 3), 'foodLeft=8'), ((15, 3), 'foodLeft=11'), ((6, 5), 'foodLeft=11'), ((13, 3), 'foodLeft=11'), ((8, 3), 'foodLeft=10'), ((11, 3), 'foodLeft=9'), ((4, 3), 'foodLeft=11'), ((2, 3), 'foodLeft=12'), ((2, 5), 'foodLeft=11'), ((14, 5), 'foodLeft=9'), ((12, 3), 'foodLeft=10'), ((10, 5), 'foodLeft=11'), ((12, 5), 'foodLeft=10'), ((11, 5), 'foodLeft=11'), ((15, 3), 'foodLeft=12'), ((14, 3), 'foodLeft=11'), ((9, 3), 'foodLeft=8'), ((11, 3), 'foodLeft=11'), ((7, 4), 'foodLeft=11'), ((1, 3), 'foodLeft=10'), ((13, 3), 'foodLeft=10'), ((10, 4), 'foodLeft=9'), ((11, 5), 'foodLeft=9'), ((13, 4), 'foodLeft=10'), ((11, 5), 'foodLeft=10'), ((13, 3), 'foodLeft=11'), ((13, 4), 'foodLeft=9'), ((9, 5), 'foodLeft=8'), ((4, 5), 'foodLeft=10'), ((13, 5), 'foodLeft=10'), ((13, 5), 'foodLeft=9'), ((10, 5), 'foodLeft=10'), ((13, 4), 'foodLeft=6'), ((12, 5), 'foodLeft=11'), ((12, 5), 'foodLeft=7')]",207,28,32,60
207,"((11, 3), 'foodLeft=12')","((12, 3), 'foodLeft=12')",West,"[((12, 3), 'foodLeft=12'), ((10, 3), 'foodLeft=12')]","[((11, 3), 'foodLeft=12'), ((14, 5), 'foodLeft=6'), ((14, 5), 'foodLeft=10'), ((16, 3), 'foodLeft=13'), ((9, 3), 'foodLeft=11'), ((1, 3), 'foodLeft=12'), ((4, 5), 'foodLeft=11'), ((16, 3), 'foodLeft=12'), ((5, 3), 'foodLeft=11'), ((13, 4), 'foodLeft=10'), ((1, 3), 'foodLeft=11'), ((1, 4), 'foodLeft=11'), ((5, 3), 'foodLeft=10'), ((2, 5), 'foodLeft=12'), ((2, 5), 'foodLeft=11'), ((5, 5), 'foodLeft=10'), ((5, 5), 'foodLeft=11'), ((2, 5), 'foodLeft=10'), ((2, 5), 'foodLeft=11'), ((9, 5), 'foodLeft=10'), ((14, 3), 'foodLeft=12'), ((8, 5), 'foodLeft=12'), ((8, 3), 'foodLeft=12'), ((13, 4), 'foodLeft=9'), ((1, 3), 'foodLeft=11'), ((8, 5), 'foodLeft=10'), ((2, 3), 'foodLeft=11'), ((14, 3), 'foodLeft=10'), ((14, 5), 'foodLeft=9'), ((4, 3), 'foodLeft=10'), ((11, 3), 'foodLeft=8'), ((15, 3), 'foodLeft=11'), ((6, 5), 'foodLeft=11'), ((13, 3), 'foodLeft=11'), ((8, 3), 'foodLeft=10'), ((11, 3), 'foodLeft=9'), ((4, 3), 'foodLeft=11'), ((2, 3), 'foodLeft=12'), ((2, 5), 'foodLeft=11'), ((14, 5), 'foodLeft=9'), ((12, 3), 'foodLeft=10'), ((10, 5), 'foodLeft=11'), ((12, 5), 'foodLeft=10'), ((11, 5), 'foodLeft=11'), ((15, 3), 'foodLeft=12'), ((14, 3), 'foodLeft=11'), ((9, 3), 'foodLeft=8'), ((11, 3), 'foodLeft=11'), ((7, 4), 'foodLeft=11'), ((1, 3), 'foodLeft=10'), ((13, 3), 'foodLeft=10'), ((10, 4), 'foodLeft=9'), ((11, 5), 'foodLeft=9'), ((13, 4), 'foodLeft=10'), ((11, 5), 'foodLeft=10'), ((13, 3), 'foodLeft=11'), ((13, 4), 'foodLeft=9'), ((9, 5), 'foodLeft=8'), ((4, 5), 'foodLeft=10'), ((13, 5), 'foodLeft=10'), ((13, 5), 'foodLeft=9'), ((10, 5), 'foodLeft=10'), ((13, 4), 'foodLeft=6'), ((12, 5), 'foodLeft=11'), ((12, 5), 'foodLeft=7')]","[((14, 5), 'foodLeft=10'), ((14, 5), 'foodLeft=6'), ((4, 5), 'foodLeft=11'), ((10, 3), 'foodLeft=12'), ((9, 3), 'foodLeft=11'), ((1, 3), 'foodLeft=12'), ((2, 5), 'foodLeft=12'), ((16, 3), 'foodLeft=13'), ((5, 3), 'foodLeft=11'), ((13, 4), 'foodLeft=10'), ((1, 3), 'foodLeft=11'), ((1, 4), 'foodLeft=11'), ((5, 3), 'foodLeft=10'), ((14, 5), 'foodLeft=9'), ((2, 5), 'foodLeft=11'), ((16, 3), 'foodLeft=12'), ((5, 5), 'foodLeft=11'), ((2, 5), 'foodLeft=10'), ((2, 5), 'foodLeft=11'), ((9, 5), 'foodLeft=10'), ((14, 3), 'foodLeft=12'), ((8, 5), 'foodLeft=12'), ((8, 3), 'foodLeft=12'), ((13, 4), 'foodLeft=9'), ((1, 3), 'foodLeft=11'), ((8, 5), 'foodLeft=10'), ((2, 3), 'foodLeft=11'), ((14, 3), 'foodLeft=10'), ((4, 5), 'foodLeft=10'), ((4, 3), 'foodLeft=10'), ((11, 3), 'foodLeft=8'), ((5, 5), 'foodLeft=10'), ((6, 5), 'foodLeft=11'), ((13, 3), 'foodLeft=11'), ((8, 3), 'foodLeft=10'), ((11, 3), 'foodLeft=9'), ((4, 3), 'foodLeft=11'), ((2, 3), 'foodLeft=12'), ((2, 5), 'foodLeft=11'), ((14, 5), 'foodLeft=9'), ((12, 3), 'foodLeft=10'), ((10, 5), 'foodLeft=11'), ((12, 5), 'foodLeft=10'), ((11, 5), 'foodLeft=11'), ((15, 3), 'foodLeft=12'), ((14, 3), 'foodLeft=11'), ((9, 3), 'foodLeft=8'), ((11, 3), 'foodLeft=11'), ((7, 4), 'foodLeft=11'), ((1, 3), 'foodLeft=10'), ((13, 3), 'foodLeft=10'), ((10, 4), 'foodLeft=9'), ((11, 5), 'foodLeft=9'), ((13, 4), 'foodLeft=10'), ((11, 5), 'foodLeft=10'), ((13, 3), 'foodLeft=11'), ((13, 4), 'foodLeft=9'), ((9, 5), 'foodLeft=8'), ((12, 5), 'foodLeft=7'), ((13, 5), 'foodLeft=10'), ((13, 5), 'foodLeft=9'), ((10, 5), 'foodLeft=10'), ((13, 4), 'foodLeft=6'), ((12, 5), 'foodLeft=11'), ((15, 3), 'foodLeft=11')]",208,8,52,60
208,"((14, 5), 'foodLeft=10')","((13, 5), 'foodLeft=11')",East,"[((13, 5), 'foodLeft=10')]","[((14, 5), 'foodLeft=10'), ((14, 5), 'foodLeft=6'), ((4, 5), 'foodLeft=11'), ((10, 3), 'foodLeft=12'), ((9, 3), 'foodLeft=11'), ((1, 3), 'foodLeft=12'), ((2, 5), 'foodLeft=12'), ((16, 3), 'foodLeft=13'), ((5, 3), 'foodLeft=11'), ((13, 4), 'foodLeft=10'), ((1, 3), 'foodLeft=11'), ((1, 4), 'foodLeft=11'), ((5, 3), 'foodLeft=10'), ((14, 5), 'foodLeft=9'), ((2, 5), 'foodLeft=11'), ((16, 3), 'foodLeft=12'), ((5, 5), 'foodLeft=11'), ((2, 5), 'foodLeft=10'), ((2, 5), 'foodLeft=11'), ((9, 5), 'foodLeft=10'), ((14, 3), 'foodLeft=12'), ((8, 5), 'foodLeft=12'), ((8, 3), 'foodLeft=12'), ((13, 4), 'foodLeft=9'), ((1, 3), 'foodLeft=11'), ((8, 5), 'foodLeft=10'), ((2, 3), 'foodLeft=11'), ((14, 3), 'foodLeft=10'), ((4, 5), 'foodLeft=10'), ((4, 3), 'foodLeft=10'), ((11, 3), 'foodLeft=8'), ((5, 5), 'foodLeft=10'), ((6, 5), 'foodLeft=11'), ((13, 3), 'foodLeft=11'), ((8, 3), 'foodLeft=10'), ((11, 3), 'foodLeft=9'), ((4, 3), 'foodLeft=11'), ((2, 3), 'foodLeft=12'), ((2, 5), 'foodLeft=11'), ((14, 5), 'foodLeft=9'), ((12, 3), 'foodLeft=10'), ((10, 5), 'foodLeft=11'), ((12, 5), 'foodLeft=10'), ((11, 5), 'foodLeft=11'), ((15, 3), 'foodLeft=12'), ((14, 3), 'foodLeft=11'), ((9, 3), 'foodLeft=8'), ((11, 3), 'foodLeft=11'), ((7, 4), 'foodLeft=11'), ((1, 3), 'foodLeft=10'), ((13, 3), 'foodLeft=10'), ((10, 4), 'foodLeft=9'), ((11, 5), 'foodLeft=9'), ((13, 4), 'foodLeft=10'), ((11, 5), 'foodLeft=10'), ((13, 3), 'foodLeft=11'), ((13, 4), 'foodLeft=9'), ((9, 5), 'foodLeft=8'), ((12, 5), 'foodLeft=7'), ((13, 5), 'foodLeft=10'), ((13, 5), 'foodLeft=9'), ((10, 5), 'foodLeft=10'), ((13, 4), 'foodLeft=6'), ((12, 5), 'foodLeft=11'), ((15, 3), 'foodLeft=11')]","[((4, 5), 'foodLeft=11'), ((14, 5), 'foodLeft=6'), ((2, 5), 'foodLeft=12'), ((10, 3), 'foodLeft=12'), ((9, 3), 'foodLeft=11'), ((1, 3), 'foodLeft=12'), ((14, 5), 'foodLeft=9'), ((13, 5), 'foodLeft=10'), ((5, 3), 'foodLeft=11'), ((13, 4), 'foodLeft=10'), ((1, 3), 'foodLeft=11'), ((1, 4), 'foodLeft=11'), ((5, 3), 'foodLeft=10'), ((4, 5), 'foodLeft=10'), ((2, 5), 'foodLeft=11'), ((16, 3), 'foodLeft=13'), ((5, 5), 'foodLeft=11'), ((2, 5), 'foodLeft=10'), ((2, 5), 'foodLeft=11'), ((9, 5), 'foodLeft=10'), ((14, 3), 'foodLeft=12'), ((8, 5), 'foodLeft=12'), ((8, 3), 'foodLeft=12'), ((13, 4), 'foodLeft=9'), ((1, 3), 'foodLeft=11'), ((8, 5), 'foodLeft=10'), ((2, 3), 'foodLeft=11'), ((14, 3), 'foodLeft=10'), ((9, 5), 'foodLeft=8'), ((4, 3), 'foodLeft=10'), ((11, 3), 'foodLeft=8'), ((16, 3), 'foodLeft=12'), ((6, 5), 'foodLeft=11'), ((13, 3), 'foodLeft=11'), ((8, 3), 'foodLeft=10'), ((11, 3), 'foodLeft=9'), ((4, 3), 'foodLeft=11'), ((2, 3), 'foodLeft=12'), ((2, 5), 'foodLeft=11'), ((14, 5), 'foodLeft=9'), ((12, 3), 'foodLeft=10'), ((10, 5), 'foodLeft=11'), ((12, 5), 'foodLeft=10'), ((11, 5), 'foodLeft=11'), ((15, 3), 'foodLeft=12'), ((14, 3), 'foodLeft=11'), ((9, 3), 'foodLeft=8'), ((11, 3), 'foodLeft=11'), ((7, 4), 'foodLeft=11'), ((1, 3), 'foodLeft=10'), ((13, 3), 'foodLeft=10'), ((10, 4), 'foodLeft=9'), ((11, 5), 'foodLeft=9'), ((13, 4), 'foodLeft=10'), ((11, 5), 'foodLeft=10'), ((13, 3), 'foodLeft=11'), ((13, 4), 'foodLeft=9'), ((15, 3), 'foodLeft=11'), ((12, 5), 'foodLeft=7'), ((13, 5), 'foodLeft=10'), ((13, 5), 'foodLeft=9'), ((10, 5), 'foodLeft=10'), ((13, 4), 'foodLeft=6'), ((12, 5), 'foodLeft=11'), ((5, 5), 'foodLeft=10')]",209,11,49,60
209,"((4, 5), 'foodLeft=11')","((4, 4), 'foodLeft=11')",North,"[((4, 4), 'foodLeft=11'), ((5, 5), 'foodLeft=11'), ((3, 5), 'foodLeft=11')]","[((4, 5), 'foodLeft=11'), ((14, 5), 'foodLeft=6'), ((2, 5), 'foodLeft=12'), ((10, 3), 'foodLeft=12'), ((9, 3), 'foodLeft=11'), ((1, 3), 'foodLeft=12'), ((14, 5), 'foodLeft=9'), ((13, 5), 'foodLeft=10'), ((5, 3), 'foodLeft=11'), ((13, 4), 'foodLeft=10'), ((1, 3), 'foodLeft=11'), ((1, 4), 'foodLeft=11'), ((5, 3), 'foodLeft=10'), ((4, 5), 'foodLeft=10'), ((2, 5), 'foodLeft=11'), ((16, 3), 'foodLeft=13'), ((5, 5), 'foodLeft=11'), ((2, 5), 'foodLeft=10'), ((2, 5), 'foodLeft=11'), ((9, 5), 'foodLeft=10'), ((14, 3), 'foodLeft=12'), ((8, 5), 'foodLeft=12'), ((8, 3), 'foodLeft=12'), ((13, 4), 'foodLeft=9'), ((1, 3), 'foodLeft=11'), ((8, 5), 'foodLeft=10'), ((2, 3), 'foodLeft=11'), ((14, 3), 'foodLeft=10'), ((9, 5), 'foodLeft=8'), ((4, 3), 'foodLeft=10'), ((11, 3), 'foodLeft=8'), ((16, 3), 'foodLeft=12'), ((6, 5), 'foodLeft=11'), ((13, 3), 'foodLeft=11'), ((8, 3), 'foodLeft=10'), ((11, 3), 'foodLeft=9'), ((4, 3), 'foodLeft=11'), ((2, 3), 'foodLeft=12'), ((2, 5), 'foodLeft=11'), ((14, 5), 'foodLeft=9'), ((12, 3), 'foodLeft=10'), ((10, 5), 'foodLeft=11'), ((12, 5), 'foodLeft=10'), ((11, 5), 'foodLeft=11'), ((15, 3), 'foodLeft=12'), ((14, 3), 'foodLeft=11'), ((9, 3), 'foodLeft=8'), ((11, 3), 'foodLeft=11'), ((7, 4), 'foodLeft=11'), ((1, 3), 'foodLeft=10'), ((13, 3), 'foodLeft=10'), ((10, 4), 'foodLeft=9'), ((11, 5), 'foodLeft=9'), ((13, 4), 'foodLeft=10'), ((11, 5), 'foodLeft=10'), ((13, 3), 'foodLeft=11'), ((13, 4), 'foodLeft=9'), ((15, 3), 'foodLeft=11'), ((12, 5), 'foodLeft=7'), ((13, 5), 'foodLeft=10'), ((13, 5), 'foodLeft=9'), ((10, 5), 'foodLeft=10'), ((13, 4), 'foodLeft=6'), ((12, 5), 'foodLeft=11'), ((5, 5), 'foodLeft=10')]","[((2, 5), 'foodLeft=12'), ((14, 5), 'foodLeft=6'), ((14, 5), 'foodLeft=9'), ((10, 3), 'foodLeft=12'), ((9, 3), 'foodLeft=11'), ((1, 3), 'foodLeft=12'), ((4, 5), 'foodLeft=10'), ((13, 5), 'foodLeft=10'), ((5, 3), 'foodLeft=11'), ((13, 4), 'foodLeft=10'), ((1, 3), 'foodLeft=11'), ((1, 4), 'foodLeft=11'), ((5, 3), 'foodLeft=10'), ((5, 5), 'foodLeft=10'), ((2, 5), 'foodLeft=11'), ((3, 5), 'foodLeft=11'), ((5, 5), 'foodLeft=11'), ((2, 5), 'foodLeft=10'), ((2, 5), 'foodLeft=11'), ((9, 5), 'foodLeft=10'), ((14, 3), 'foodLeft=12'), ((8, 5), 'foodLeft=12'), ((8, 3), 'foodLeft=12'), ((13, 4), 'foodLeft=9'), ((1, 3), 'foodLeft=11'), ((8, 5), 'foodLeft=10'), ((2, 3), 'foodLeft=11'), ((14, 3), 'foodLeft=10'), ((9, 5), 'foodLeft=8'), ((4, 3), 'foodLeft=10'), ((11, 3), 'foodLeft=8'), ((16, 3), 'foodLeft=12'), ((16, 3), 'foodLeft=13'), ((13, 3), 'foodLeft=11'), ((8, 3), 'foodLeft=10'), ((11, 3), 'foodLeft=9'), ((4, 3), 'foodLeft=11'), ((2, 3), 'foodLeft=12'), ((2, 5), 'foodLeft=11'), ((14, 5), 'foodLeft=9'), ((12, 3), 'foodLeft=10'), ((10, 5), 'foodLeft=11'), ((12, 5), 'foodLeft=10'), ((11, 5), 'foodLeft=11'), ((15, 3), 'foodLeft=12'), ((14, 3), 'foodLeft=11'), ((9, 3), 'foodLeft=8'), ((11, 3), 'foodLeft=11'), ((7, 4), 'foodLeft=11'), ((1, 3), 'foodLeft=10'), ((13, 3), 'foodLeft=10'), ((10, 4), 'foodLeft=9'), ((11, 5), 'foodLeft=9'), ((13, 4), 'foodLeft=10'), ((11, 5), 'foodLeft=10'), ((13, 3), 'foodLeft=11'), ((13, 4), 'foodLeft=9'), ((15, 3), 'foodLeft=11'), ((12, 5), 'foodLeft=7'), ((13, 5), 'foodLeft=10'), ((13, 5), 'foodLeft=9'), ((10, 5), 'foodLeft=10'), ((13, 4), 'foodLeft=6'), ((12, 5), 'foodLeft=11'), ((5, 5), 'foodLeft=11'), ((6, 5), 'foodLeft=11')]",210,11,49,60
210,"((2, 5), 'foodLeft=12')","((3, 5), 'foodLeft=12')",West,"[((3, 5), 'foodLeft=12'), ((1, 5), 'foodLeft=11')]","[((2, 5), 'foodLeft=12'), ((14, 5), 'foodLeft=6'), ((14, 5), 'foodLeft=9'), ((10, 3), 'foodLeft=12'), ((9, 3), 'foodLeft=11'), ((1, 3), 'foodLeft=12'), ((4, 5), 'foodLeft=10'), ((13, 5), 'foodLeft=10'), ((5, 3), 'foodLeft=11'), ((13, 4), 'foodLeft=10'), ((1, 3), 'foodLeft=11'), ((1, 4), 'foodLeft=11'), ((5, 3), 'foodLeft=10'), ((5, 5), 'foodLeft=10'), ((2, 5), 'foodLeft=11'), ((3, 5), 'foodLeft=11'), ((5, 5), 'foodLeft=11'), ((2, 5), 'foodLeft=10'), ((2, 5), 'foodLeft=11'), ((9, 5), 'foodLeft=10'), ((14, 3), 'foodLeft=12'), ((8, 5), 'foodLeft=12'), ((8, 3), 'foodLeft=12'), ((13, 4), 'foodLeft=9'), ((1, 3), 'foodLeft=11'), ((8, 5), 'foodLeft=10'), ((2, 3), 'foodLeft=11'), ((14, 3), 'foodLeft=10'), ((9, 5), 'foodLeft=8'), ((4, 3), 'foodLeft=10'), ((11, 3), 'foodLeft=8'), ((16, 3), 'foodLeft=12'), ((16, 3), 'foodLeft=13'), ((13, 3), 'foodLeft=11'), ((8, 3), 'foodLeft=10'), ((11, 3), 'foodLeft=9'), ((4, 3), 'foodLeft=11'), ((2, 3), 'foodLeft=12'), ((2, 5), 'foodLeft=11'), ((14, 5), 'foodLeft=9'), ((12, 3), 'foodLeft=10'), ((10, 5), 'foodLeft=11'), ((12, 5), 'foodLeft=10'), ((11, 5), 'foodLeft=11'), ((15, 3), 'foodLeft=12'), ((14, 3), 'foodLeft=11'), ((9, 3), 'foodLeft=8'), ((11, 3), 'foodLeft=11'), ((7, 4), 'foodLeft=11'), ((1, 3), 'foodLeft=10'), ((13, 3), 'foodLeft=10'), ((10, 4), 'foodLeft=9'), ((11, 5), 'foodLeft=9'), ((13, 4), 'foodLeft=10'), ((11, 5), 'foodLeft=10'), ((13, 3), 'foodLeft=11'), ((13, 4), 'foodLeft=9'), ((15, 3), 'foodLeft=11'), ((12, 5), 'foodLeft=7'), ((13, 5), 'foodLeft=10'), ((13, 5), 'foodLeft=9'), ((10, 5), 'foodLeft=10'), ((13, 4), 'foodLeft=6'), ((12, 5), 'foodLeft=11'), ((5, 5), 'foodLeft=11'), ((6, 5), 'foodLeft=11')]","[((14, 5), 'foodLeft=9'), ((14, 5), 'foodLeft=6'), ((4, 5), 'foodLeft=10'), ((10, 3), 'foodLeft=12'), ((9, 3), 'foodLeft=11'), ((1, 3), 'foodLeft=12'), ((2, 5), 'foodLeft=11'), ((13, 5), 'foodLeft=10'), ((5, 3), 'foodLeft=11'), ((13, 4), 'foodLeft=10'), ((1, 3), 'foodLeft=11'), ((1, 4), 'foodLeft=11'), ((5, 3), 'foodLeft=10'), ((5, 5), 'foodLeft=10'), ((11, 3), 'foodLeft=8'), ((3, 5), 'foodLeft=11'), ((5, 5), 'foodLeft=11'), ((2, 5), 'foodLeft=10'), ((2, 5), 'foodLeft=11'), ((9, 5), 'foodLeft=10'), ((14, 3), 'foodLeft=12'), ((8, 5), 'foodLeft=12'), ((8, 3), 'foodLeft=12'), ((13, 4), 'foodLeft=9'), ((1, 3), 'foodLeft=11'), ((8, 5), 'foodLeft=10'), ((2, 3), 'foodLeft=11'), ((14, 3), 'foodLeft=10'), ((9, 5), 'foodLeft=8'), ((4, 3), 'foodLeft=10'), ((10, 5), 'foodLeft=10'), ((16, 3), 'foodLeft=12'), ((16, 3), 'foodLeft=13'), ((13, 3), 'foodLeft=11'), ((8, 3), 'foodLeft=10'), ((11, 3), 'foodLeft=9'), ((4, 3), 'foodLeft=11'), ((2, 3), 'foodLeft=12'), ((2, 5), 'foodLeft=11'), ((14, 5), 'foodLeft=9'), ((12, 3), 'foodLeft=10'), ((10, 5), 'foodLeft=11'), ((12, 5), 'foodLeft=10'), ((11, 5), 'foodLeft=11'), ((15, 3), 'foodLeft=12'), ((14, 3), 'foodLeft=11'), ((9, 3), 'foodLeft=8'), ((11, 3), 'foodLeft=11'), ((7, 4), 'foodLeft=11'), ((1, 3), 'foodLeft=10'), ((13, 3), 'foodLeft=10'), ((10, 4), 'foodLeft=9'), ((11, 5), 'foodLeft=9'), ((13, 4), 'foodLeft=10'), ((11, 5), 'foodLeft=10'), ((13, 3), 'foodLeft=11'), ((13, 4), 'foodLeft=9'), ((15, 3), 'foodLeft=11'), ((12, 5), 'foodLeft=7'), ((13, 5), 'foodLeft=10'), ((13, 5), 'foodLeft=9'), ((6, 5), 'foodLeft=11'), ((13, 4), 'foodLeft=6'), ((12, 5), 'foodLeft=11'), ((5, 5), 'foodLeft=11'), ((1, 5), 'foodLeft=11')]",211,11,49,60
211,"((14, 5), 'foodLeft=9')","((13, 5), 'foodLeft=10')",East,"[((13, 5), 'foodLeft=9')]","[((14, 5), 'foodLeft=9'), ((14, 5), 'foodLeft=6'), ((4, 5), 'foodLeft=10'), ((10, 3), 'foodLeft=12'), ((9, 3), 'foodLeft=11'), ((1, 3), 'foodLeft=12'), ((2, 5), 'foodLeft=11'), ((13, 5), 'foodLeft=10'), ((5, 3), 'foodLeft=11'), ((13, 4), 'foodLeft=10'), ((1, 3), 'foodLeft=11'), ((1, 4), 'foodLeft=11'), ((5, 3), 'foodLeft=10'), ((5, 5), 'foodLeft=10'), ((11, 3), 'foodLeft=8'), ((3, 5), 'foodLeft=11'), ((5, 5), 'foodLeft=11'), ((2, 5), 'foodLeft=10'), ((2, 5), 'foodLeft=11'), ((9, 5), 'foodLeft=10'), ((14, 3), 'foodLeft=12'), ((8, 5), 'foodLeft=12'), ((8, 3), 'foodLeft=12'), ((13, 4), 'foodLeft=9'), ((1, 3), 'foodLeft=11'), ((8, 5), 'foodLeft=10'), ((2, 3), 'foodLeft=11'), ((14, 3), 'foodLeft=10'), ((9, 5), 'foodLeft=8'), ((4, 3), 'foodLeft=10'), ((10, 5), 'foodLeft=10'), ((16, 3), 'foodLeft=12'), ((16, 3), 'foodLeft=13'), ((13, 3), 'foodLeft=11'), ((8, 3), 'foodLeft=10'), ((11, 3), 'foodLeft=9'), ((4, 3), 'foodLeft=11'), ((2, 3), 'foodLeft=12'), ((2, 5), 'foodLeft=11'), ((14, 5), 'foodLeft=9'), ((12, 3), 'foodLeft=10'), ((10, 5), 'foodLeft=11'), ((12, 5), 'foodLeft=10'), ((11, 5), 'foodLeft=11'), ((15, 3), 'foodLeft=12'), ((14, 3), 'foodLeft=11'), ((9, 3), 'foodLeft=8'), ((11, 3), 'foodLeft=11'), ((7, 4), 'foodLeft=11'), ((1, 3), 'foodLeft=10'), ((13, 3), 'foodLeft=10'), ((10, 4), 'foodLeft=9'), ((11, 5), 'foodLeft=9'), ((13, 4), 'foodLeft=10'), ((11, 5), 'foodLeft=10'), ((13, 3), 'foodLeft=11'), ((13, 4), 'foodLeft=9'), ((15, 3), 'foodLeft=11'), ((12, 5), 'foodLeft=7'), ((13, 5), 'foodLeft=10'), ((13, 5), 'foodLeft=9'), ((6, 5), 'foodLeft=11'), ((13, 4), 'foodLeft=6'), ((12, 5), 'foodLeft=11'), ((5, 5), 'foodLeft=11'), ((1, 5), 'foodLeft=11')]","[((4, 5), 'foodLeft=10'), ((14, 5), 'foodLeft=6'), ((2, 5), 'foodLeft=11'), ((10, 3), 'foodLeft=12'), ((9, 3), 'foodLeft=11'), ((1, 3), 'foodLeft=12'), ((11, 3), 'foodLeft=8'), ((13, 5), 'foodLeft=10'), ((5, 3), 'foodLeft=11'), ((13, 4), 'foodLeft=10'), ((1, 3), 'foodLeft=11'), ((1, 4), 'foodLeft=11'), ((5, 3), 'foodLeft=10'), ((5, 5), 'foodLeft=10'), ((4, 3), 'foodLeft=10'), ((3, 5), 'foodLeft=11'), ((5, 5), 'foodLeft=11'), ((2, 5), 'foodLeft=10'), ((2, 5), 'foodLeft=11'), ((9, 5), 'foodLeft=10'), ((14, 3), 'foodLeft=12'), ((8, 5), 'foodLeft=12'), ((8, 3), 'foodLeft=12'), ((13, 4), 'foodLeft=9'), ((1, 3), 'foodLeft=11'), ((8, 5), 'foodLeft=10'), ((2, 3), 'foodLeft=11'), ((14, 3), 'foodLeft=10'), ((9, 5), 'foodLeft=8'), ((1, 5), 'foodLeft=11'), ((10, 5), 'foodLeft=10'), ((16, 3), 'foodLeft=12'), ((13, 5), 'foodLeft=9'), ((13, 3), 'foodLeft=11'), ((8, 3), 'foodLeft=10'), ((11, 3), 'foodLeft=9'), ((4, 3), 'foodLeft=11'), ((2, 3), 'foodLeft=12'), ((2, 5), 'foodLeft=11'), ((14, 5), 'foodLeft=9'), ((12, 3), 'foodLeft=10'), ((10, 5), 'foodLeft=11'), ((12, 5), 'foodLeft=10'), ((11, 5), 'foodLeft=11'), ((15, 3), 'foodLeft=12'), ((14, 3), 'foodLeft=11'), ((9, 3), 'foodLeft=8'), ((11, 3), 'foodLeft=11'), ((7, 4), 'foodLeft=11'), ((1, 3), 'foodLeft=10'), ((13, 3), 'foodLeft=10'), ((10, 4), 'foodLeft=9'), ((11, 5), 'foodLeft=9'), ((13, 4), 'foodLeft=10'), ((11, 5), 'foodLeft=10'), ((13, 3), 'foodLeft=11'), ((13, 4), 'foodLeft=9'), ((15, 3), 'foodLeft=11'), ((12, 5), 'foodLeft=7'), ((13, 5), 'foodLeft=10'), ((13, 5), 'foodLeft=9'), ((6, 5), 'foodLeft=11'), ((13, 4), 'foodLeft=6'), ((12, 5), 'foodLeft=11'), ((5, 5), 'foodLeft=11'), ((16, 3), 'foodLeft=13')]",212,13,47,60
212,"((4, 5), 'foodLeft=10')","((4, 4), 'foodLeft=10')",North,"[((4, 4), 'foodLeft=10'), ((5, 5), 'foodLeft=10'), ((3, 5), 'foodLeft=10')]","[((4, 5), 'foodLeft=10'), ((14, 5), 'foodLeft=6'), ((2, 5), 'foodLeft=11'), ((10, 3), 'foodLeft=12'), ((9, 3), 'foodLeft=11'), ((1, 3), 'foodLeft=12'), ((11, 3), 'foodLeft=8'), ((13, 5), 'foodLeft=10'), ((5, 3), 'foodLeft=11'), ((13, 4), 'foodLeft=10'), ((1, 3), 'foodLeft=11'), ((1, 4), 'foodLeft=11'), ((5, 3), 'foodLeft=10'), ((5, 5), 'foodLeft=10'), ((4, 3), 'foodLeft=10'), ((3, 5), 'foodLeft=11'), ((5, 5), 'foodLeft=11'), ((2, 5), 'foodLeft=10'), ((2, 5), 'foodLeft=11'), ((9, 5), 'foodLeft=10'), ((14, 3), 'foodLeft=12'), ((8, 5), 'foodLeft=12'), ((8, 3), 'foodLeft=12'), ((13, 4), 'foodLeft=9'), ((1, 3), 'foodLeft=11'), ((8, 5), 'foodLeft=10'), ((2, 3), 'foodLeft=11'), ((14, 3), 'foodLeft=10'), ((9, 5), 'foodLeft=8'), ((1, 5), 'foodLeft=11'), ((10, 5), 'foodLeft=10'), ((16, 3), 'foodLeft=12'), ((13, 5), 'foodLeft=9'), ((13, 3), 'foodLeft=11'), ((8, 3), 'foodLeft=10'), ((11, 3), 'foodLeft=9'), ((4, 3), 'foodLeft=11'), ((2, 3), 'foodLeft=12'), ((2, 5), 'foodLeft=11'), ((14, 5), 'foodLeft=9'), ((12, 3), 'foodLeft=10'), ((10, 5), 'foodLeft=11'), ((12, 5), 'foodLeft=10'), ((11, 5), 'foodLeft=11'), ((15, 3), 'foodLeft=12'), ((14, 3), 'foodLeft=11'), ((9, 3), 'foodLeft=8'), ((11, 3), 'foodLeft=11'), ((7, 4), 'foodLeft=11'), ((1, 3), 'foodLeft=10'), ((13, 3), 'foodLeft=10'), ((10, 4), 'foodLeft=9'), ((11, 5), 'foodLeft=9'), ((13, 4), 'foodLeft=10'), ((11, 5), 'foodLeft=10'), ((13, 3), 'foodLeft=11'), ((13, 4), 'foodLeft=9'), ((15, 3), 'foodLeft=11'), ((12, 5), 'foodLeft=7'), ((13, 5), 'foodLeft=10'), ((13, 5), 'foodLeft=9'), ((6, 5), 'foodLeft=11'), ((13, 4), 'foodLeft=6'), ((12, 5), 'foodLeft=11'), ((5, 5), 'foodLeft=11'), ((16, 3), 'foodLeft=13')]","[((2, 5), 'foodLeft=11'), ((14, 5), 'foodLeft=6'), ((11, 3), 'foodLeft=8'), ((10, 3), 'foodLeft=12'), ((9, 3), 'foodLeft=11'), ((1, 3), 'foodLeft=12'), ((16, 3), 'foodLeft=13'), ((13, 5), 'foodLeft=10'), ((5, 3), 'foodLeft=11'), ((13, 4), 'foodLeft=10'), ((1, 3), 'foodLeft=11'), ((1, 4), 'foodLeft=11'), ((5, 3), 'foodLeft=10'), ((5, 5), 'foodLeft=10'), ((4, 3), 'foodLeft=10'), ((3, 5), 'foodLeft=11'), ((5, 5), 'foodLeft=11'), ((2, 5), 'foodLeft=10'), ((2, 5), 'foodLeft=11'), ((9, 5), 'foodLeft=10'), ((14, 3), 'foodLeft=12'), ((8, 5), 'foodLeft=12'), ((8, 3), 'foodLeft=12'), ((13, 4), 'foodLeft=9'), ((1, 3), 'foodLeft=11'), ((8, 5), 'foodLeft=10'), ((2, 3), 'foodLeft=11'), ((14, 3), 'foodLeft=10'), ((9, 5), 'foodLeft=8'), ((1, 5), 'foodLeft=11'), ((10, 5), 'foodLeft=10'), ((16, 3), 'foodLeft=12'), ((13, 5), 'foodLeft=9'), ((13, 3), 'foodLeft=11'), ((8, 3), 'foodLeft=10'), ((11, 3), 'foodLeft=9'), ((4, 3), 'foodLeft=11'), ((2, 3), 'foodLeft=12'), ((2, 5), 'foodLeft=11'), ((14, 5), 'foodLeft=9'), ((12, 3), 'foodLeft=10'), ((10, 5), 'foodLeft=11'), ((12, 5), 'foodLeft=10'), ((11, 5), 'foodLeft=11'), ((15, 3), 'foodLeft=12'), ((14, 3), 'foodLeft=11'), ((9, 3), 'foodLeft=8'), ((11, 3), 'foodLeft=11'), ((7, 4), 'foodLeft=11'), ((1, 3), 'foodLeft=10'), ((13, 3), 'foodLeft=10'), ((10, 4), 'foodLeft=9'), ((11, 5), 'foodLeft=9'), ((13, 4), 'foodLeft=10'), ((11, 5), 'foodLeft=10'), ((13, 3), 'foodLeft=11'), ((13, 4), 'foodLeft=9'), ((15, 3), 'foodLeft=11'), ((12, 5), 'foodLeft=7'), ((13, 5), 'foodLeft=10'), ((13, 5), 'foodLeft=9'), ((6, 5), 'foodLeft=11'), ((13, 4), 'foodLeft=6'), ((12, 5), 'foodLeft=11'), ((5, 5), 'foodLeft=11'), ((5, 5), 'foodLeft=10'), ((3, 5), 'foodLeft=10')]",213,13,47,60
213,"((2, 5), 'foodLeft=11')","((3, 5), 'foodLeft=11')",West,"[((3, 5), 'foodLeft=11'), ((1, 5), 'foodLeft=10')]","[((2, 5), 'foodLeft=11'), ((14, 5), 'foodLeft=6'), ((11, 3), 'foodLeft=8'), ((10, 3), 'foodLeft=12'), ((9, 3), 'foodLeft=11'), ((1, 3), 'foodLeft=12'), ((16, 3), 'foodLeft=13'), ((13, 5), 'foodLeft=10'), ((5, 3), 'foodLeft=11'), ((13, 4), 'foodLeft=10'), ((1, 3), 'foodLeft=11'), ((1, 4), 'foodLeft=11'), ((5, 3), 'foodLeft=10'), ((5, 5), 'foodLeft=10'), ((4, 3), 'foodLeft=10'), ((3, 5), 'foodLeft=11'), ((5, 5), 'foodLeft=11'), ((2, 5), 'foodLeft=10'), ((2, 5), 'foodLeft=11'), ((9, 5), 'foodLeft=10'), ((14, 3), 'foodLeft=12'), ((8, 5), 'foodLeft=12'), ((8, 3), 'foodLeft=12'), ((13, 4), 'foodLeft=9'), ((1, 3), 'foodLeft=11'), ((8, 5), 'foodLeft=10'), ((2, 3), 'foodLeft=11'), ((14, 3), 'foodLeft=10'), ((9, 5), 'foodLeft=8'), ((1, 5), 'foodLeft=11'), ((10, 5), 'foodLeft=10'), ((16, 3), 'foodLeft=12'), ((13, 5), 'foodLeft=9'), ((13, 3), 'foodLeft=11'), ((8, 3), 'foodLeft=10'), ((11, 3), 'foodLeft=9'), ((4, 3), 'foodLeft=11'), ((2, 3), 'foodLeft=12'), ((2, 5), 'foodLeft=11'), ((14, 5), 'foodLeft=9'), ((12, 3), 'foodLeft=10'), ((10, 5), 'foodLeft=11'), ((12, 5), 'foodLeft=10'), ((11, 5), 'foodLeft=11'), ((15, 3), 'foodLeft=12'), ((14, 3), 'foodLeft=11'), ((9, 3), 'foodLeft=8'), ((11, 3), 'foodLeft=11'), ((7, 4), 'foodLeft=11'), ((1, 3), 'foodLeft=10'), ((13, 3), 'foodLeft=10'), ((10, 4), 'foodLeft=9'), ((11, 5), 'foodLeft=9'), ((13, 4), 'foodLeft=10'), ((11, 5), 'foodLeft=10'), ((13, 3), 'foodLeft=11'), ((13, 4), 'foodLeft=9'), ((15, 3), 'foodLeft=11'), ((12, 5), 'foodLeft=7'), ((13, 5), 'foodLeft=10'), ((13, 5), 'foodLeft=9'), ((6, 5), 'foodLeft=11'), ((13, 4), 'foodLeft=6'), ((12, 5), 'foodLeft=11'), ((5, 5), 'foodLeft=11'), ((5, 5), 'foodLeft=10'), ((3, 5), 'foodLeft=10')]","[((11, 3), 'foodLeft=8'), ((14, 5), 'foodLeft=6'), ((3, 5), 'foodLeft=10'), ((10, 3), 'foodLeft=12'), ((9, 3), 'foodLeft=11'), ((1, 3), 'foodLeft=12'), ((16, 3), 'foodLeft=13'), ((13, 5), 'foodLeft=10'), ((5, 3), 'foodLeft=11'), ((13, 4), 'foodLeft=10'), ((1, 3), 'foodLeft=11'), ((1, 4), 'foodLeft=11'), ((5, 3), 'foodLeft=10'), ((5, 5), 'foodLeft=10'), ((4, 3), 'foodLeft=10'), ((3, 5), 'foodLeft=11'), ((5, 5), 'foodLeft=11'), ((2, 5), 'foodLeft=10'), ((2, 5), 'foodLeft=11'), ((9, 5), 'foodLeft=10'), ((14, 3), 'foodLeft=12'), ((8, 5), 'foodLeft=12'), ((8, 3), 'foodLeft=12'), ((13, 4), 'foodLeft=9'), ((1, 3), 'foodLeft=11'), ((8, 5), 'foodLeft=10'), ((2, 3), 'foodLeft=11'), ((14, 3), 'foodLeft=10'), ((9, 5), 'foodLeft=8'), ((1, 5), 'foodLeft=11'), ((10, 5), 'foodLeft=10'), ((16, 3), 'foodLeft=12'), ((13, 5), 'foodLeft=9'), ((13, 3), 'foodLeft=11'), ((8, 3), 'foodLeft=10'), ((11, 3), 'foodLeft=9'), ((4, 3), 'foodLeft=11'), ((2, 3), 'foodLeft=12'), ((2, 5), 'foodLeft=11'), ((14, 5), 'foodLeft=9'), ((12, 3), 'foodLeft=10'), ((10, 5), 'foodLeft=11'), ((12, 5), 'foodLeft=10'), ((11, 5), 'foodLeft=11'), ((15, 3), 'foodLeft=12'), ((14, 3), 'foodLeft=11'), ((9, 3), 'foodLeft=8'), ((11, 3), 'foodLeft=11'), ((7, 4), 'foodLeft=11'), ((1, 3), 'foodLeft=10'), ((13, 3), 'foodLeft=10'), ((10, 4), 'foodLeft=9'), ((11, 5), 'foodLeft=9'), ((13, 4), 'foodLeft=10'), ((11, 5), 'foodLeft=10'), ((13, 3), 'foodLeft=11'), ((13, 4), 'foodLeft=9'), ((15, 3), 'foodLeft=11'), ((12, 5), 'foodLeft=7'), ((13, 5), 'foodLeft=10'), ((13, 5), 'foodLeft=9'), ((6, 5), 'foodLeft=11'), ((13, 4), 'foodLeft=6'), ((12, 5), 'foodLeft=11'), ((5, 5), 'foodLeft=11'), ((5, 5), 'foodLeft=10'), ((1, 5), 'foodLeft=10')]",214,13,47,60
214,"((11, 3), 'foodLeft=8')","((10, 3), 'foodLeft=8')",East,"[((12, 3), 'foodLeft=8'), ((10, 3), 'foodLeft=8')]","[((11, 3), 'foodLeft=8'), ((14, 5), 'foodLeft=6'), ((3, 5), 'foodLeft=10'), ((10, 3), 'foodLeft=12'), ((9, 3), 'foodLeft=11'), ((1, 3), 'foodLeft=12'), ((16, 3), 'foodLeft=13'), ((13, 5), 'foodLeft=10'), ((5, 3), 'foodLeft=11'), ((13, 4), 'foodLeft=10'), ((1, 3), 'foodLeft=11'), ((1, 4), 'foodLeft=11'), ((5, 3), 'foodLeft=10'), ((5, 5), 'foodLeft=10'), ((4, 3), 'foodLeft=10'), ((3, 5), 'foodLeft=11'), ((5, 5), 'foodLeft=11'), ((2, 5), 'foodLeft=10'), ((2, 5), 'foodLeft=11'), ((9, 5), 'foodLeft=10'), ((14, 3), 'foodLeft=12'), ((8, 5), 'foodLeft=12'), ((8, 3), 'foodLeft=12'), ((13, 4), 'foodLeft=9'), ((1, 3), 'foodLeft=11'), ((8, 5), 'foodLeft=10'), ((2, 3), 'foodLeft=11'), ((14, 3), 'foodLeft=10'), ((9, 5), 'foodLeft=8'), ((1, 5), 'foodLeft=11'), ((10, 5), 'foodLeft=10'), ((16, 3), 'foodLeft=12'), ((13, 5), 'foodLeft=9'), ((13, 3), 'foodLeft=11'), ((8, 3), 'foodLeft=10'), ((11, 3), 'foodLeft=9'), ((4, 3), 'foodLeft=11'), ((2, 3), 'foodLeft=12'), ((2, 5), 'foodLeft=11'), ((14, 5), 'foodLeft=9'), ((12, 3), 'foodLeft=10'), ((10, 5), 'foodLeft=11'), ((12, 5), 'foodLeft=10'), ((11, 5), 'foodLeft=11'), ((15, 3), 'foodLeft=12'), ((14, 3), 'foodLeft=11'), ((9, 3), 'foodLeft=8'), ((11, 3), 'foodLeft=11'), ((7, 4), 'foodLeft=11'), ((1, 3), 'foodLeft=10'), ((13, 3), 'foodLeft=10'), ((10, 4), 'foodLeft=9'), ((11, 5), 'foodLeft=9'), ((13, 4), 'foodLeft=10'), ((11, 5), 'foodLeft=10'), ((13, 3), 'foodLeft=11'), ((13, 4), 'foodLeft=9'), ((15, 3), 'foodLeft=11'), ((12, 5), 'foodLeft=7'), ((13, 5), 'foodLeft=10'), ((13, 5), 'foodLeft=9'), ((6, 5), 'foodLeft=11'), ((13, 4), 'foodLeft=6'), ((12, 5), 'foodLeft=11'), ((5, 5), 'foodLeft=11'), ((5, 5), 'foodLeft=10'), ((1, 5), 'foodLeft=10')]","[((14, 5), 'foodLeft=6'), ((10, 3), 'foodLeft=12'), ((3, 5), 'foodLeft=10'), ((13, 5), 'foodLeft=10'), ((9, 3), 'foodLeft=11'), ((1, 3), 'foodLeft=12'), ((16, 3), 'foodLeft=13'), ((3, 5), 'foodLeft=11'), ((5, 3), 'foodLeft=11'), ((13, 4), 'foodLeft=10'), ((1, 3), 'foodLeft=11'), ((1, 4), 'foodLeft=11'), ((5, 3), 'foodLeft=10'), ((5, 5), 'foodLeft=10'), ((4, 3), 'foodLeft=10'), ((13, 5), 'foodLeft=9'), ((5, 5), 'foodLeft=11'), ((2, 5), 'foodLeft=10'), ((2, 5), 'foodLeft=11'), ((9, 5), 'foodLeft=10'), ((14, 3), 'foodLeft=12'), ((8, 5), 'foodLeft=12'), ((8, 3), 'foodLeft=12'), ((13, 4), 'foodLeft=9'), ((1, 3), 'foodLeft=11'), ((8, 5), 'foodLeft=10'), ((2, 3), 'foodLeft=11'), ((14, 3), 'foodLeft=10'), ((9, 5), 'foodLeft=8'), ((1, 5), 'foodLeft=11'), ((10, 5), 'foodLeft=10'), ((16, 3), 'foodLeft=12'), ((12, 3), 'foodLeft=8'), ((13, 3), 'foodLeft=11'), ((8, 3), 'foodLeft=10'), ((11, 3), 'foodLeft=9'), ((4, 3), 'foodLeft=11'), ((2, 3), 'foodLeft=12'), ((2, 5), 'foodLeft=11'), ((14, 5), 'foodLeft=9'), ((12, 3), 'foodLeft=10'), ((10, 5), 'foodLeft=11'), ((12, 5), 'foodLeft=10'), ((11, 5), 'foodLeft=11'), ((15, 3), 'foodLeft=12'), ((14, 3), 'foodLeft=11'), ((9, 3), 'foodLeft=8'), ((11, 3), 'foodLeft=11'), ((7, 4), 'foodLeft=11'), ((1, 3), 'foodLeft=10'), ((13, 3), 'foodLeft=10'), ((10, 4), 'foodLeft=9'), ((11, 5), 'foodLeft=9'), ((13, 4), 'foodLeft=10'), ((11, 5), 'foodLeft=10'), ((13, 3), 'foodLeft=11'), ((13, 4), 'foodLeft=9'), ((15, 3), 'foodLeft=11'), ((12, 5), 'foodLeft=7'), ((13, 5), 'foodLeft=10'), ((13, 5), 'foodLeft=9'), ((6, 5), 'foodLeft=11'), ((13, 4), 'foodLeft=6'), ((12, 5), 'foodLeft=11'), ((5, 5), 'foodLeft=11'), ((5, 5), 'foodLeft=10'), ((1, 5), 'foodLeft=10')]",215,26,34,60
215,"((14, 5), 'foodLeft=6')","((13, 5), 'foodLeft=7')",East,"[((13, 5), 'foodLeft=6')]","[((14, 5), 'foodLeft=6'), ((10, 3), 'foodLeft=12'), ((3, 5), 'foodLeft=10'), ((13, 5), 'foodLeft=10'), ((9, 3), 'foodLeft=11'), ((1, 3), 'foodLeft=12'), ((16, 3), 'foodLeft=13'), ((3, 5), 'foodLeft=11'), ((5, 3), 'foodLeft=11'), ((13, 4), 'foodLeft=10'), ((1, 3), 'foodLeft=11'), ((1, 4), 'foodLeft=11'), ((5, 3), 'foodLeft=10'), ((5, 5), 'foodLeft=10'), ((4, 3), 'foodLeft=10'), ((13, 5), 'foodLeft=9'), ((5, 5), 'foodLeft=11'), ((2, 5), 'foodLeft=10'), ((2, 5), 'foodLeft=11'), ((9, 5), 'foodLeft=10'), ((14, 3), 'foodLeft=12'), ((8, 5), 'foodLeft=12'), ((8, 3), 'foodLeft=12'), ((13, 4), 'foodLeft=9'), ((1, 3), 'foodLeft=11'), ((8, 5), 'foodLeft=10'), ((2, 3), 'foodLeft=11'), ((14, 3), 'foodLeft=10'), ((9, 5), 'foodLeft=8'), ((1, 5), 'foodLeft=11'), ((10, 5), 'foodLeft=10'), ((16, 3), 'foodLeft=12'), ((12, 3), 'foodLeft=8'), ((13, 3), 'foodLeft=11'), ((8, 3), 'foodLeft=10'), ((11, 3), 'foodLeft=9'), ((4, 3), 'foodLeft=11'), ((2, 3), 'foodLeft=12'), ((2, 5), 'foodLeft=11'), ((14, 5), 'foodLeft=9'), ((12, 3), 'foodLeft=10'), ((10, 5), 'foodLeft=11'), ((12, 5), 'foodLeft=10'), ((11, 5), 'foodLeft=11'), ((15, 3), 'foodLeft=12'), ((14, 3), 'foodLeft=11'), ((9, 3), 'foodLeft=8'), ((11, 3), 'foodLeft=11'), ((7, 4), 'foodLeft=11'), ((1, 3), 'foodLeft=10'), ((13, 3), 'foodLeft=10'), ((10, 4), 'foodLeft=9'), ((11, 5), 'foodLeft=9'), ((13, 4), 'foodLeft=10'), ((11, 5), 'foodLeft=10'), ((13, 3), 'foodLeft=11'), ((13, 4), 'foodLeft=9'), ((15, 3), 'foodLeft=11'), ((12, 5), 'foodLeft=7'), ((13, 5), 'foodLeft=10'), ((13, 5), 'foodLeft=9'), ((6, 5), 'foodLeft=11'), ((13, 4), 'foodLeft=6'), ((12, 5), 'foodLeft=11'), ((5, 5), 'foodLeft=11'), ((5, 5), 'foodLeft=10'), ((1, 5), 'foodLeft=10')]","[((10, 3), 'foodLeft=12'), ((13, 5), 'foodLeft=10'), ((3, 5), 'foodLeft=10'), ((3, 5), 'foodLeft=11'), ((9, 3), 'foodLeft=11'), ((1, 3), 'foodLeft=12'), ((16, 3), 'foodLeft=13'), ((13, 5), 'foodLeft=9'), ((5, 3), 'foodLeft=11'), ((13, 4), 'foodLeft=10'), ((1, 3), 'foodLeft=11'), ((1, 4), 'foodLeft=11'), ((5, 3), 'foodLeft=10'), ((5, 5), 'foodLeft=10'), ((4, 3), 'foodLeft=10'), ((12, 3), 'foodLeft=8'), ((5, 5), 'foodLeft=11'), ((2, 5), 'foodLeft=10'), ((2, 5), 'foodLeft=11'), ((9, 5), 'foodLeft=10'), ((14, 3), 'foodLeft=12'), ((8, 5), 'foodLeft=12'), ((8, 3), 'foodLeft=12'), ((13, 4), 'foodLeft=9'), ((1, 3), 'foodLeft=11'), ((8, 5), 'foodLeft=10'), ((2, 3), 'foodLeft=11'), ((14, 3), 'foodLeft=10'), ((9, 5), 'foodLeft=8'), ((1, 5), 'foodLeft=11'), ((10, 5), 'foodLeft=10'), ((16, 3), 'foodLeft=12'), ((13, 5), 'foodLeft=6'), ((13, 3), 'foodLeft=11'), ((8, 3), 'foodLeft=10'), ((11, 3), 'foodLeft=9'), ((4, 3), 'foodLeft=11'), ((2, 3), 'foodLeft=12'), ((2, 5), 'foodLeft=11'), ((14, 5), 'foodLeft=9'), ((12, 3), 'foodLeft=10'), ((10, 5), 'foodLeft=11'), ((12, 5), 'foodLeft=10'), ((11, 5), 'foodLeft=11'), ((15, 3), 'foodLeft=12'), ((14, 3), 'foodLeft=11'), ((9, 3), 'foodLeft=8'), ((11, 3), 'foodLeft=11'), ((7, 4), 'foodLeft=11'), ((1, 3), 'foodLeft=10'), ((13, 3), 'foodLeft=10'), ((10, 4), 'foodLeft=9'), ((11, 5), 'foodLeft=9'), ((13, 4), 'foodLeft=10'), ((11, 5), 'foodLeft=10'), ((13, 3), 'foodLeft=11'), ((13, 4), 'foodLeft=9'), ((15, 3), 'foodLeft=11'), ((12, 5), 'foodLeft=7'), ((13, 5), 'foodLeft=10'), ((13, 5), 'foodLeft=9'), ((6, 5), 'foodLeft=11'), ((13, 4), 'foodLeft=6'), ((12, 5), 'foodLeft=11'), ((5, 5), 'foodLeft=11'), ((5, 5), 'foodLeft=10'), ((1, 5), 'foodLeft=10')]",216,29,31,60
216,"((10, 3), 'foodLeft=12')","((11, 3), 'foodLeft=12')",West,"[((10, 4), 'foodLeft=11'), ((11, 3), 'foodLeft=12'), ((9, 3), 'foodLeft=12')]","[((10, 3), 'foodLeft=12'), ((13, 5), 'foodLeft=10'), ((3, 5), 'foodLeft=10'), ((3, 5), 'foodLeft=11'), ((9, 3), 'foodLeft=11'), ((1, 3), 'foodLeft=12'), ((16, 3), 'foodLeft=13'), ((13, 5), 'foodLeft=9'), ((5, 3), 'foodLeft=11'), ((13, 4), 'foodLeft=10'), ((1, 3), 'foodLeft=11'), ((1, 4), 'foodLeft=11'), ((5, 3), 'foodLeft=10'), ((5, 5), 'foodLeft=10'), ((4, 3), 'foodLeft=10'), ((12, 3), 'foodLeft=8'), ((5, 5), 'foodLeft=11'), ((2, 5), 'foodLeft=10'), ((2, 5), 'foodLeft=11'), ((9, 5), 'foodLeft=10'), ((14, 3), 'foodLeft=12'), ((8, 5), 'foodLeft=12'), ((8, 3), 'foodLeft=12'), ((13, 4), 'foodLeft=9'), ((1, 3), 'foodLeft=11'), ((8, 5), 'foodLeft=10'), ((2, 3), 'foodLeft=11'), ((14, 3), 'foodLeft=10'), ((9, 5), 'foodLeft=8'), ((1, 5), 'foodLeft=11'), ((10, 5), 'foodLeft=10'), ((16, 3), 'foodLeft=12'), ((13, 5), 'foodLeft=6'), ((13, 3), 'foodLeft=11'), ((8, 3), 'foodLeft=10'), ((11, 3), 'foodLeft=9'), ((4, 3), 'foodLeft=11'), ((2, 3), 'foodLeft=12'), ((2, 5), 'foodLeft=11'), ((14, 5), 'foodLeft=9'), ((12, 3), 'foodLeft=10'), ((10, 5), 'foodLeft=11'), ((12, 5), 'foodLeft=10'), ((11, 5), 'foodLeft=11'), ((15, 3), 'foodLeft=12'), ((14, 3), 'foodLeft=11'), ((9, 3), 'foodLeft=8'), ((11, 3), 'foodLeft=11'), ((7, 4), 'foodLeft=11'), ((1, 3), 'foodLeft=10'), ((13, 3), 'foodLeft=10'), ((10, 4), 'foodLeft=9'), ((11, 5), 'foodLeft=9'), ((13, 4), 'foodLeft=10'), ((11, 5), 'foodLeft=10'), ((13, 3), 'foodLeft=11'), ((13, 4), 'foodLeft=9'), ((15, 3), 'foodLeft=11'), ((12, 5), 'foodLeft=7'), ((13, 5), 'foodLeft=10'), ((13, 5), 'foodLeft=9'), ((6, 5), 'foodLeft=11'), ((13, 4), 'foodLeft=6'), ((12, 5), 'foodLeft=11'), ((5, 5), 'foodLeft=11'), ((5, 5), 'foodLeft=10'), ((1, 5), 'foodLeft=10')]","[((13, 5), 'foodLeft=10'), ((3, 5), 'foodLeft=11'), ((3, 5), 'foodLeft=10'), ((13, 5), 'foodLeft=9'), ((9, 3), 'foodLeft=11'), ((1, 3), 'foodLeft=12'), ((16, 3), 'foodLeft=13'), ((12, 3), 'foodLeft=8'), ((5, 3), 'foodLeft=11'), ((13, 4), 'foodLeft=10'), ((1, 3), 'foodLeft=11'), ((1, 4), 'foodLeft=11'), ((5, 3), 'foodLeft=10'), ((5, 5), 'foodLeft=10'), ((4, 3), 'foodLeft=10'), ((13, 5), 'foodLeft=6'), ((5, 5), 'foodLeft=11'), ((2, 5), 'foodLeft=10'), ((2, 5), 'foodLeft=11'), ((9, 5), 'foodLeft=10'), ((14, 3), 'foodLeft=12'), ((8, 5), 'foodLeft=12'), ((8, 3), 'foodLeft=12'), ((13, 4), 'foodLeft=9'), ((1, 3), 'foodLeft=11'), ((8, 5), 'foodLeft=10'), ((2, 3), 'foodLeft=11'), ((14, 3), 'foodLeft=10'), ((9, 5), 'foodLeft=8'), ((1, 5), 'foodLeft=11'), ((10, 5), 'foodLeft=10'), ((16, 3), 'foodLeft=12'), ((1, 5), 'foodLeft=10'), ((13, 3), 'foodLeft=11'), ((8, 3), 'foodLeft=10'), ((11, 3), 'foodLeft=9'), ((4, 3), 'foodLeft=11'), ((2, 3), 'foodLeft=12'), ((2, 5), 'foodLeft=11'), ((14, 5), 'foodLeft=9'), ((12, 3), 'foodLeft=10'), ((10, 5), 'foodLeft=11'), ((12, 5), 'foodLeft=10'), ((11, 5), 'foodLeft=11'), ((15, 3), 'foodLeft=12'), ((14, 3), 'foodLeft=11'), ((9, 3), 'foodLeft=8'), ((11, 3), 'foodLeft=11'), ((7, 4), 'foodLeft=11'), ((1, 3), 'foodLeft=10'), ((13, 3), 'foodLeft=10'), ((10, 4), 'foodLeft=9'), ((11, 5), 'foodLeft=9'), ((13, 4), 'foodLeft=10'), ((11, 5), 'foodLeft=10'), ((13, 3), 'foodLeft=11'), ((13, 4), 'foodLeft=9'), ((15, 3), 'foodLeft=11'), ((12, 5), 'foodLeft=7'), ((13, 5), 'foodLeft=10'), ((13, 5), 'foodLeft=9'), ((6, 5), 'foodLeft=11'), ((13, 4), 'foodLeft=6'), ((12, 5), 'foodLeft=11'), ((5, 5), 'foodLeft=11'), ((5, 5), 'foodLeft=10'), ((10, 4), 'foodLeft=11'), ((9, 3), 'foodLeft=12')]",217,9,51,60
217,"((13, 5), 'foodLeft=10')","((14, 5), 'foodLeft=10')",West,"[((13, 4), 'foodLeft=9'), ((14, 5), 'foodLeft=10'), ((12, 5), 'foodLeft=10')]","[((13, 5), 'foodLeft=10'), ((3, 5), 'foodLeft=11'), ((3, 5), 'foodLeft=10'), ((13, 5), 'foodLeft=9'), ((9, 3), 'foodLeft=11'), ((1, 3), 'foodLeft=12'), ((16, 3), 'foodLeft=13'), ((12, 3), 'foodLeft=8'), ((5, 3), 'foodLeft=11'), ((13, 4), 'foodLeft=10'), ((1, 3), 'foodLeft=11'), ((1, 4), 'foodLeft=11'), ((5, 3), 'foodLeft=10'), ((5, 5), 'foodLeft=10'), ((4, 3), 'foodLeft=10'), ((13, 5), 'foodLeft=6'), ((5, 5), 'foodLeft=11'), ((2, 5), 'foodLeft=10'), ((2, 5), 'foodLeft=11'), ((9, 5), 'foodLeft=10'), ((14, 3), 'foodLeft=12'), ((8, 5), 'foodLeft=12'), ((8, 3), 'foodLeft=12'), ((13, 4), 'foodLeft=9'), ((1, 3), 'foodLeft=11'), ((8, 5), 'foodLeft=10'), ((2, 3), 'foodLeft=11'), ((14, 3), 'foodLeft=10'), ((9, 5), 'foodLeft=8'), ((1, 5), 'foodLeft=11'), ((10, 5), 'foodLeft=10'), ((16, 3), 'foodLeft=12'), ((1, 5), 'foodLeft=10'), ((13, 3), 'foodLeft=11'), ((8, 3), 'foodLeft=10'), ((11, 3), 'foodLeft=9'), ((4, 3), 'foodLeft=11'), ((2, 3), 'foodLeft=12'), ((2, 5), 'foodLeft=11'), ((14, 5), 'foodLeft=9'), ((12, 3), 'foodLeft=10'), ((10, 5), 'foodLeft=11'), ((12, 5), 'foodLeft=10'), ((11, 5), 'foodLeft=11'), ((15, 3), 'foodLeft=12'), ((14, 3), 'foodLeft=11'), ((9, 3), 'foodLeft=8'), ((11, 3), 'foodLeft=11'), ((7, 4), 'foodLeft=11'), ((1, 3), 'foodLeft=10'), ((13, 3), 'foodLeft=10'), ((10, 4), 'foodLeft=9'), ((11, 5), 'foodLeft=9'), ((13, 4), 'foodLeft=10'), ((11, 5), 'foodLeft=10'), ((13, 3), 'foodLeft=11'), ((13, 4), 'foodLeft=9'), ((15, 3), 'foodLeft=11'), ((12, 5), 'foodLeft=7'), ((13, 5), 'foodLeft=10'), ((13, 5), 'foodLeft=9'), ((6, 5), 'foodLeft=11'), ((13, 4), 'foodLeft=6'), ((12, 5), 'foodLeft=11'), ((5, 5), 'foodLeft=11'), ((5, 5), 'foodLeft=10'), ((10, 4), 'foodLeft=11'), ((9, 3), 'foodLeft=12')]","[((3, 5), 'foodLeft=11'), ((13, 5), 'foodLeft=9'), ((3, 5), 'foodLeft=10'), ((12, 3), 'foodLeft=8'), ((9, 3), 'foodLeft=11'), ((1, 3), 'foodLeft=12'), ((16, 3), 'foodLeft=13'), ((13, 5), 'foodLeft=6'), ((5, 3), 'foodLeft=11'), ((13, 4), 'foodLeft=10'), ((1, 3), 'foodLeft=11'), ((1, 4), 'foodLeft=11'), ((5, 3), 'foodLeft=10'), ((5, 5), 'foodLeft=10'), ((4, 3), 'foodLeft=10'), ((16, 3), 'foodLeft=12'), ((5, 5), 'foodLeft=11'), ((2, 5), 'foodLeft=10'), ((2, 5), 'foodLeft=11'), ((9, 5), 'foodLeft=10'), ((14, 3), 'foodLeft=12'), ((8, 5), 'foodLeft=12'), ((8, 3), 'foodLeft=12'), ((13, 4), 'foodLeft=9'), ((1, 3), 'foodLeft=11'), ((8, 5), 'foodLeft=10'), ((2, 3), 'foodLeft=11'), ((14, 3), 'foodLeft=10'), ((9, 5), 'foodLeft=8'), ((1, 5), 'foodLeft=11'), ((10, 5), 'foodLeft=10'), ((5, 5), 'foodLeft=11'), ((1, 5), 'foodLeft=10'), ((13, 3), 'foodLeft=11'), ((8, 3), 'foodLeft=10'), ((11, 3), 'foodLeft=9'), ((4, 3), 'foodLeft=11'), ((2, 3), 'foodLeft=12'), ((2, 5), 'foodLeft=11'), ((14, 5), 'foodLeft=9'), ((12, 3), 'foodLeft=10'), ((10, 5), 'foodLeft=11'), ((12, 5), 'foodLeft=10'), ((11, 5), 'foodLeft=11'), ((15, 3), 'foodLeft=12'), ((14, 3), 'foodLeft=11'), ((9, 3), 'foodLeft=8'), ((11, 3), 'foodLeft=11'), ((7, 4), 'foodLeft=11'), ((1, 3), 'foodLeft=10'), ((13, 3), 'foodLeft=10'), ((10, 4), 'foodLeft=9'), ((11, 5), 'foodLeft=9'), ((13, 4), 'foodLeft=10'), ((11, 5), 'foodLeft=10'), ((13, 3), 'foodLeft=11'), ((13, 4), 'foodLeft=9'), ((15, 3), 'foodLeft=11'), ((12, 5), 'foodLeft=7'), ((13, 5), 'foodLeft=10'), ((13, 5), 'foodLeft=9'), ((6, 5), 'foodLeft=11'), ((13, 4), 'foodLeft=6'), ((12, 5), 'foodLeft=11'), ((9, 3), 'foodLeft=12'), ((5, 5), 'foodLeft=10'), ((10, 4), 'foodLeft=11'), ((13, 4), 'foodLeft=9'), ((12, 5), 'foodLeft=10')]",218,12,48,60
218,"((3, 5), 'foodLeft=11')","((4, 5), 'foodLeft=11')",West,"[((4, 5), 'foodLeft=11'), ((2, 5), 'foodLeft=11')]","[((3, 5), 'foodLeft=11'), ((13, 5), 'foodLeft=9'), ((3, 5), 'foodLeft=10'), ((12, 3), 'foodLeft=8'), ((9, 3), 'foodLeft=11'), ((1, 3), 'foodLeft=12'), ((16, 3), 'foodLeft=13'), ((13, 5), 'foodLeft=6'), ((5, 3), 'foodLeft=11'), ((13, 4), 'foodLeft=10'), ((1, 3), 'foodLeft=11'), ((1, 4), 'foodLeft=11'), ((5, 3), 'foodLeft=10'), ((5, 5), 'foodLeft=10'), ((4, 3), 'foodLeft=10'), ((16, 3), 'foodLeft=12'), ((5, 5), 'foodLeft=11'), ((2, 5), 'foodLeft=10'), ((2, 5), 'foodLeft=11'), ((9, 5), 'foodLeft=10'), ((14, 3), 'foodLeft=12'), ((8, 5), 'foodLeft=12'), ((8, 3), 'foodLeft=12'), ((13, 4), 'foodLeft=9'), ((1, 3), 'foodLeft=11'), ((8, 5), 'foodLeft=10'), ((2, 3), 'foodLeft=11'), ((14, 3), 'foodLeft=10'), ((9, 5), 'foodLeft=8'), ((1, 5), 'foodLeft=11'), ((10, 5), 'foodLeft=10'), ((5, 5), 'foodLeft=11'), ((1, 5), 'foodLeft=10'), ((13, 3), 'foodLeft=11'), ((8, 3), 'foodLeft=10'), ((11, 3), 'foodLeft=9'), ((4, 3), 'foodLeft=11'), ((2, 3), 'foodLeft=12'), ((2, 5), 'foodLeft=11'), ((14, 5), 'foodLeft=9'), ((12, 3), 'foodLeft=10'), ((10, 5), 'foodLeft=11'), ((12, 5), 'foodLeft=10'), ((11, 5), 'foodLeft=11'), ((15, 3), 'foodLeft=12'), ((14, 3), 'foodLeft=11'), ((9, 3), 'foodLeft=8'), ((11, 3), 'foodLeft=11'), ((7, 4), 'foodLeft=11'), ((1, 3), 'foodLeft=10'), ((13, 3), 'foodLeft=10'), ((10, 4), 'foodLeft=9'), ((11, 5), 'foodLeft=9'), ((13, 4), 'foodLeft=10'), ((11, 5), 'foodLeft=10'), ((13, 3), 'foodLeft=11'), ((13, 4), 'foodLeft=9'), ((15, 3), 'foodLeft=11'), ((12, 5), 'foodLeft=7'), ((13, 5), 'foodLeft=10'), ((13, 5), 'foodLeft=9'), ((6, 5), 'foodLeft=11'), ((13, 4), 'foodLeft=6'), ((12, 5), 'foodLeft=11'), ((9, 3), 'foodLeft=12'), ((5, 5), 'foodLeft=10'), ((10, 4), 'foodLeft=11'), ((13, 4), 'foodLeft=9'), ((12, 5), 'foodLeft=10')]","[((13, 5), 'foodLeft=9'), ((12, 3), 'foodLeft=8'), ((3, 5), 'foodLeft=10'), ((13, 5), 'foodLeft=6'), ((9, 3), 'foodLeft=11'), ((1, 3), 'foodLeft=12'), ((16, 3), 'foodLeft=13'), ((2, 5), 'foodLeft=11'), ((5, 3), 'foodLeft=11'), ((13, 4), 'foodLeft=10'), ((1, 3), 'foodLeft=11'), ((1, 4), 'foodLeft=11'), ((5, 3), 'foodLeft=10'), ((5, 5), 'foodLeft=10'), ((4, 3), 'foodLeft=10'), ((5, 5), 'foodLeft=11'), ((16, 3), 'foodLeft=12'), ((2, 5), 'foodLeft=10'), ((2, 5), 'foodLeft=11'), ((9, 5), 'foodLeft=10'), ((14, 3), 'foodLeft=12'), ((8, 5), 'foodLeft=12'), ((8, 3), 'foodLeft=12'), ((13, 4), 'foodLeft=9'), ((1, 3), 'foodLeft=11'), ((8, 5), 'foodLeft=10'), ((2, 3), 'foodLeft=11'), ((14, 3), 'foodLeft=10'), ((9, 5), 'foodLeft=8'), ((1, 5), 'foodLeft=11'), ((10, 5), 'foodLeft=10'), ((12, 5), 'foodLeft=11'), ((1, 5), 'foodLeft=10'), ((5, 5), 'foodLeft=11'), ((8, 3), 'foodLeft=10'), ((11, 3), 'foodLeft=9'), ((4, 3), 'foodLeft=11'), ((2, 3), 'foodLeft=12'), ((2, 5), 'foodLeft=11'), ((14, 5), 'foodLeft=9'), ((12, 3), 'foodLeft=10'), ((10, 5), 'foodLeft=11'), ((12, 5), 'foodLeft=10'), ((11, 5), 'foodLeft=11'), ((15, 3), 'foodLeft=12'), ((14, 3), 'foodLeft=11'), ((9, 3), 'foodLeft=8'), ((11, 3), 'foodLeft=11'), ((7, 4), 'foodLeft=11'), ((1, 3), 'foodLeft=10'), ((13, 3), 'foodLeft=10'), ((10, 4), 'foodLeft=9'), ((11, 5), 'foodLeft=9'), ((13, 4), 'foodLeft=10'), ((11, 5), 'foodLeft=10'), ((13, 3), 'foodLeft=11'), ((13, 4), 'foodLeft=9'), ((15, 3), 'foodLeft=11'), ((12, 5), 'foodLeft=7'), ((13, 5), 'foodLeft=10'), ((13, 5), 'foodLeft=9'), ((6, 5), 'foodLeft=11'), ((13, 4), 'foodLeft=6'), ((12, 5), 'foodLeft=10'), ((9, 3), 'foodLeft=12'), ((5, 5), 'foodLeft=10'), ((10, 4), 'foodLeft=11'), ((13, 4), 'foodLeft=9'), ((13, 3), 'foodLeft=11')]",219,12,48,60
219,"((13, 5), 'foodLeft=9')","((14, 5), 'foodLeft=9')",West,"[((13, 4), 'foodLeft=8'), ((14, 5), 'foodLeft=9'), ((12, 5), 'foodLeft=9')]","[((13, 5), 'foodLeft=9'), ((12, 3), 'foodLeft=8'), ((3, 5), 'foodLeft=10'), ((13, 5), 'foodLeft=6'), ((9, 3), 'foodLeft=11'), ((1, 3), 'foodLeft=12'), ((16, 3), 'foodLeft=13'), ((2, 5), 'foodLeft=11'), ((5, 3), 'foodLeft=11'), ((13, 4), 'foodLeft=10'), ((1, 3), 'foodLeft=11'), ((1, 4), 'foodLeft=11'), ((5, 3), 'foodLeft=10'), ((5, 5), 'foodLeft=10'), ((4, 3), 'foodLeft=10'), ((5, 5), 'foodLeft=11'), ((16, 3), 'foodLeft=12'), ((2, 5), 'foodLeft=10'), ((2, 5), 'foodLeft=11'), ((9, 5), 'foodLeft=10'), ((14, 3), 'foodLeft=12'), ((8, 5), 'foodLeft=12'), ((8, 3), 'foodLeft=12'), ((13, 4), 'foodLeft=9'), ((1, 3), 'foodLeft=11'), ((8, 5), 'foodLeft=10'), ((2, 3), 'foodLeft=11'), ((14, 3), 'foodLeft=10'), ((9, 5), 'foodLeft=8'), ((1, 5), 'foodLeft=11'), ((10, 5), 'foodLeft=10'), ((12, 5), 'foodLeft=11'), ((1, 5), 'foodLeft=10'), ((5, 5), 'foodLeft=11'), ((8, 3), 'foodLeft=10'), ((11, 3), 'foodLeft=9'), ((4, 3), 'foodLeft=11'), ((2, 3), 'foodLeft=12'), ((2, 5), 'foodLeft=11'), ((14, 5), 'foodLeft=9'), ((12, 3), 'foodLeft=10'), ((10, 5), 'foodLeft=11'), ((12, 5), 'foodLeft=10'), ((11, 5), 'foodLeft=11'), ((15, 3), 'foodLeft=12'), ((14, 3), 'foodLeft=11'), ((9, 3), 'foodLeft=8'), ((11, 3), 'foodLeft=11'), ((7, 4), 'foodLeft=11'), ((1, 3), 'foodLeft=10'), ((13, 3), 'foodLeft=10'), ((10, 4), 'foodLeft=9'), ((11, 5), 'foodLeft=9'), ((13, 4), 'foodLeft=10'), ((11, 5), 'foodLeft=10'), ((13, 3), 'foodLeft=11'), ((13, 4), 'foodLeft=9'), ((15, 3), 'foodLeft=11'), ((12, 5), 'foodLeft=7'), ((13, 5), 'foodLeft=10'), ((13, 5), 'foodLeft=9'), ((6, 5), 'foodLeft=11'), ((13, 4), 'foodLeft=6'), ((12, 5), 'foodLeft=10'), ((9, 3), 'foodLeft=12'), ((5, 5), 'foodLeft=10'), ((10, 4), 'foodLeft=11'), ((13, 4), 'foodLeft=9'), ((13, 3), 'foodLeft=11')]","[((3, 5), 'foodLeft=10'), ((12, 3), 'foodLeft=8'), ((16, 3), 'foodLeft=13'), ((13, 5), 'foodLeft=6'), ((9, 3), 'foodLeft=11'), ((1, 3), 'foodLeft=12'), ((5, 5), 'foodLeft=10'), ((2, 5), 'foodLeft=11'), ((5, 3), 'foodLeft=11'), ((13, 4), 'foodLeft=10'), ((1, 3), 'foodLeft=11'), ((1, 4), 'foodLeft=11'), ((5, 3), 'foodLeft=10'), ((9, 5), 'foodLeft=8'), ((4, 3), 'foodLeft=10'), ((5, 5), 'foodLeft=11'), ((16, 3), 'foodLeft=12'), ((2, 5), 'foodLeft=10'), ((2, 5), 'foodLeft=11'), ((9, 5), 'foodLeft=10'), ((14, 3), 'foodLeft=12'), ((8, 5), 'foodLeft=12'), ((8, 3), 'foodLeft=12'), ((13, 4), 'foodLeft=9'), ((1, 3), 'foodLeft=11'), ((8, 5), 'foodLeft=10'), ((2, 3), 'foodLeft=11'), ((14, 3), 'foodLeft=10'), ((13, 3), 'foodLeft=11'), ((1, 5), 'foodLeft=11'), ((10, 5), 'foodLeft=10'), ((12, 5), 'foodLeft=11'), ((1, 5), 'foodLeft=10'), ((5, 5), 'foodLeft=11'), ((8, 3), 'foodLeft=10'), ((11, 3), 'foodLeft=9'), ((4, 3), 'foodLeft=11'), ((2, 3), 'foodLeft=12'), ((2, 5), 'foodLeft=11'), ((14, 5), 'foodLeft=9'), ((12, 3), 'foodLeft=10'), ((10, 5), 'foodLeft=11'), ((12, 5), 'foodLeft=10'), ((11, 5), 'foodLeft=11'), ((15, 3), 'foodLeft=12'), ((14, 3), 'foodLeft=11'), ((9, 3), 'foodLeft=8'), ((11, 3), 'foodLeft=11'), ((7, 4), 'foodLeft=11'), ((1, 3), 'foodLeft=10'), ((13, 3), 'foodLeft=10'), ((10, 4), 'foodLeft=9'), ((11, 5), 'foodLeft=9'), ((13, 4), 'foodLeft=10'), ((11, 5), 'foodLeft=10'), ((13, 3), 'foodLeft=11'), ((13, 4), 'foodLeft=9'), ((15, 3), 'foodLeft=11'), ((12, 5), 'foodLeft=7'), ((13, 5), 'foodLeft=10'), ((13, 5), 'foodLeft=9'), ((6, 5), 'foodLeft=11'), ((13, 4), 'foodLeft=6'), ((12, 5), 'foodLeft=10'), ((9, 3), 'foodLeft=12'), ((5, 5), 'foodLeft=10'), ((10, 4), 'foodLeft=11'), ((13, 4), 'foodLeft=9'), ((13, 4), 'foodLeft=8'), ((12, 5), 'foodLeft=9')]",220,14,46,60
220,"((3, 5), 'foodLeft=10')","((4, 5), 'foodLeft=10')",West,"[((4, 5), 'foodLeft=10'), ((2, 5), 'foodLeft=10')]","[((3, 5), 'foodLeft=10'), ((12, 3), 'foodLeft=8'), ((16, 3), 'foodLeft=13'), ((13, 5), 'foodLeft=6'), ((9, 3), 'foodLeft=11'), ((1, 3), 'foodLeft=12'), ((5, 5), 'foodLeft=10'), ((2, 5), 'foodLeft=11'), ((5, 3), 'foodLeft=11'), ((13, 4), 'foodLeft=10'), ((1, 3), 'foodLeft=11'), ((1, 4), 'foodLeft=11'), ((5, 3), 'foodLeft=10'), ((9, 5), 'foodLeft=8'), ((4, 3), 'foodLeft=10'), ((5, 5), 'foodLeft=11'), ((16, 3), 'foodLeft=12'), ((2, 5), 'foodLeft=10'), ((2, 5), 'foodLeft=11'), ((9, 5), 'foodLeft=10'), ((14, 3), 'foodLeft=12'), ((8, 5), 'foodLeft=12'), ((8, 3), 'foodLeft=12'), ((13, 4), 'foodLeft=9'), ((1, 3), 'foodLeft=11'), ((8, 5), 'foodLeft=10'), ((2, 3), 'foodLeft=11'), ((14, 3), 'foodLeft=10'), ((13, 3), 'foodLeft=11'), ((1, 5), 'foodLeft=11'), ((10, 5), 'foodLeft=10'), ((12, 5), 'foodLeft=11'), ((1, 5), 'foodLeft=10'), ((5, 5), 'foodLeft=11'), ((8, 3), 'foodLeft=10'), ((11, 3), 'foodLeft=9'), ((4, 3), 'foodLeft=11'), ((2, 3), 'foodLeft=12'), ((2, 5), 'foodLeft=11'), ((14, 5), 'foodLeft=9'), ((12, 3), 'foodLeft=10'), ((10, 5), 'foodLeft=11'), ((12, 5), 'foodLeft=10'), ((11, 5), 'foodLeft=11'), ((15, 3), 'foodLeft=12'), ((14, 3), 'foodLeft=11'), ((9, 3), 'foodLeft=8'), ((11, 3), 'foodLeft=11'), ((7, 4), 'foodLeft=11'), ((1, 3), 'foodLeft=10'), ((13, 3), 'foodLeft=10'), ((10, 4), 'foodLeft=9'), ((11, 5), 'foodLeft=9'), ((13, 4), 'foodLeft=10'), ((11, 5), 'foodLeft=10'), ((13, 3), 'foodLeft=11'), ((13, 4), 'foodLeft=9'), ((15, 3), 'foodLeft=11'), ((12, 5), 'foodLeft=7'), ((13, 5), 'foodLeft=10'), ((13, 5), 'foodLeft=9'), ((6, 5), 'foodLeft=11'), ((13, 4), 'foodLeft=6'), ((12, 5), 'foodLeft=10'), ((9, 3), 'foodLeft=12'), ((5, 5), 'foodLeft=10'), ((10, 4), 'foodLeft=11'), ((13, 4), 'foodLeft=9'), ((13, 4), 'foodLeft=8'), ((12, 5), 'foodLeft=9')]","[((12, 3), 'foodLeft=8'), ((13, 5), 'foodLeft=6'), ((16, 3), 'foodLeft=13'), ((2, 5), 'foodLeft=11'), ((9, 3), 'foodLeft=11'), ((1, 3), 'foodLeft=12'), ((5, 5), 'foodLeft=10'), ((2, 5), 'foodLeft=10'), ((5, 3), 'foodLeft=11'), ((13, 4), 'foodLeft=10'), ((1, 3), 'foodLeft=11'), ((1, 4), 'foodLeft=11'), ((5, 3), 'foodLeft=10'), ((9, 5), 'foodLeft=8'), ((4, 3), 'foodLeft=10'), ((5, 5), 'foodLeft=11'), ((16, 3), 'foodLeft=12'), ((2, 5), 'foodLeft=10'), ((2, 5), 'foodLeft=11'), ((9, 5), 'foodLeft=10'), ((14, 3), 'foodLeft=12'), ((8, 5), 'foodLeft=12'), ((8, 3), 'foodLeft=12'), ((13, 4), 'foodLeft=9'), ((1, 3), 'foodLeft=11'), ((8, 5), 'foodLeft=10'), ((2, 3), 'foodLeft=11'), ((14, 3), 'foodLeft=10'), ((13, 3), 'foodLeft=11'), ((1, 5), 'foodLeft=11'), ((10, 5), 'foodLeft=10'), ((12, 5), 'foodLeft=11'), ((1, 5), 'foodLeft=10'), ((12, 5), 'foodLeft=9'), ((5, 5), 'foodLeft=11'), ((11, 3), 'foodLeft=9'), ((4, 3), 'foodLeft=11'), ((2, 3), 'foodLeft=12'), ((2, 5), 'foodLeft=11'), ((14, 5), 'foodLeft=9'), ((12, 3), 'foodLeft=10'), ((10, 5), 'foodLeft=11'), ((12, 5), 'foodLeft=10'), ((11, 5), 'foodLeft=11'), ((15, 3), 'foodLeft=12'), ((14, 3), 'foodLeft=11'), ((9, 3), 'foodLeft=8'), ((11, 3), 'foodLeft=11'), ((7, 4), 'foodLeft=11'), ((1, 3), 'foodLeft=10'), ((13, 3), 'foodLeft=10'), ((10, 4), 'foodLeft=9'), ((11, 5), 'foodLeft=9'), ((13, 4), 'foodLeft=10'), ((11, 5), 'foodLeft=10'), ((13, 3), 'foodLeft=11'), ((13, 4), 'foodLeft=9'), ((15, 3), 'foodLeft=11'), ((12, 5), 'foodLeft=7'), ((13, 5), 'foodLeft=10'), ((13, 5), 'foodLeft=9'), ((6, 5), 'foodLeft=11'), ((13, 4), 'foodLeft=6'), ((12, 5), 'foodLeft=10'), ((9, 3), 'foodLeft=12'), ((5, 5), 'foodLeft=10'), ((10, 4), 'foodLeft=11'), ((13, 4), 'foodLeft=9'), ((13, 4), 'foodLeft=8'), ((8, 3), 'foodLeft=10')]",221,14,46,60
221,"((12, 3), 'foodLeft=8')","((11, 3), 'foodLeft=8')",East,"[((13, 3), 'foodLeft=8'), ((11, 3), 'foodLeft=8')]","[((12, 3), 'foodLeft=8'), ((13, 5), 'foodLeft=6'), ((16, 3), 'foodLeft=13'), ((2, 5), 'foodLeft=11'), ((9, 3), 'foodLeft=11'), ((1, 3), 'foodLeft=12'), ((5, 5), 'foodLeft=10'), ((2, 5), 'foodLeft=10'), ((5, 3), 'foodLeft=11'), ((13, 4), 'foodLeft=10'), ((1, 3), 'foodLeft=11'), ((1, 4), 'foodLeft=11'), ((5, 3), 'foodLeft=10'), ((9, 5), 'foodLeft=8'), ((4, 3), 'foodLeft=10'), ((5, 5), 'foodLeft=11'), ((16, 3), 'foodLeft=12'), ((2, 5), 'foodLeft=10'), ((2, 5), 'foodLeft=11'), ((9, 5), 'foodLeft=10'), ((14, 3), 'foodLeft=12'), ((8, 5), 'foodLeft=12'), ((8, 3), 'foodLeft=12'), ((13, 4), 'foodLeft=9'), ((1, 3), 'foodLeft=11'), ((8, 5), 'foodLeft=10'), ((2, 3), 'foodLeft=11'), ((14, 3), 'foodLeft=10'), ((13, 3), 'foodLeft=11'), ((1, 5), 'foodLeft=11'), ((10, 5), 'foodLeft=10'), ((12, 5), 'foodLeft=11'), ((1, 5), 'foodLeft=10'), ((12, 5), 'foodLeft=9'), ((5, 5), 'foodLeft=11'), ((11, 3), 'foodLeft=9'), ((4, 3), 'foodLeft=11'), ((2, 3), 'foodLeft=12'), ((2, 5), 'foodLeft=11'), ((14, 5), 'foodLeft=9'), ((12, 3), 'foodLeft=10'), ((10, 5), 'foodLeft=11'), ((12, 5), 'foodLeft=10'), ((11, 5), 'foodLeft=11'), ((15, 3), 'foodLeft=12'), ((14, 3), 'foodLeft=11'), ((9, 3), 'foodLeft=8'), ((11, 3), 'foodLeft=11'), ((7, 4), 'foodLeft=11'), ((1, 3), 'foodLeft=10'), ((13, 3), 'foodLeft=10'), ((10, 4), 'foodLeft=9'), ((11, 5), 'foodLeft=9'), ((13, 4), 'foodLeft=10'), ((11, 5), 'foodLeft=10'), ((13, 3), 'foodLeft=11'), ((13, 4), 'foodLeft=9'), ((15, 3), 'foodLeft=11'), ((12, 5), 'foodLeft=7'), ((13, 5), 'foodLeft=10'), ((13, 5), 'foodLeft=9'), ((6, 5), 'foodLeft=11'), ((13, 4), 'foodLeft=6'), ((12, 5), 'foodLeft=10'), ((9, 3), 'foodLeft=12'), ((5, 5), 'foodLeft=10'), ((10, 4), 'foodLeft=11'), ((13, 4), 'foodLeft=9'), ((13, 4), 'foodLeft=8'), ((8, 3), 'foodLeft=10')]","[((13, 5), 'foodLeft=6'), ((2, 5), 'foodLeft=11'), ((16, 3), 'foodLeft=13'), ((2, 5), 'foodLeft=10'), ((9, 3), 'foodLeft=11'), ((1, 3), 'foodLeft=12'), ((5, 5), 'foodLeft=10'), ((13, 3), 'foodLeft=8'), ((5, 3), 'foodLeft=11'), ((13, 4), 'foodLeft=10'), ((1, 3), 'foodLeft=11'), ((1, 4), 'foodLeft=11'), ((5, 3), 'foodLeft=10'), ((9, 5), 'foodLeft=8'), ((4, 3), 'foodLeft=10'), ((5, 5), 'foodLeft=11'), ((16, 3), 'foodLeft=12'), ((2, 5), 'foodLeft=10'), ((2, 5), 'foodLeft=11'), ((9, 5), 'foodLeft=10'), ((14, 3), 'foodLeft=12'), ((8, 5), 'foodLeft=12'), ((8, 3), 'foodLeft=12'), ((13, 4), 'foodLeft=9'), ((1, 3), 'foodLeft=11'), ((8, 5), 'foodLeft=10'), ((2, 3), 'foodLeft=11'), ((14, 3), 'foodLeft=10'), ((13, 3), 'foodLeft=11'), ((1, 5), 'foodLeft=11'), ((10, 5), 'foodLeft=10'), ((12, 5), 'foodLeft=11'), ((1, 5), 'foodLeft=10'), ((12, 5), 'foodLeft=9'), ((5, 5), 'foodLeft=11'), ((11, 3), 'foodLeft=9'), ((4, 3), 'foodLeft=11'), ((2, 3), 'foodLeft=12'), ((2, 5), 'foodLeft=11'), ((14, 5), 'foodLeft=9'), ((12, 3), 'foodLeft=10'), ((10, 5), 'foodLeft=11'), ((12, 5), 'foodLeft=10'), ((11, 5), 'foodLeft=11'), ((15, 3), 'foodLeft=12'), ((14, 3), 'foodLeft=11'), ((9, 3), 'foodLeft=8'), ((11, 3), 'foodLeft=11'), ((7, 4), 'foodLeft=11'), ((1, 3), 'foodLeft=10'), ((13, 3), 'foodLeft=10'), ((10, 4), 'foodLeft=9'), ((11, 5), 'foodLeft=9'), ((13, 4), 'foodLeft=10'), ((11, 5), 'foodLeft=10'), ((13, 3), 'foodLeft=11'), ((13, 4), 'foodLeft=9'), ((15, 3), 'foodLeft=11'), ((12, 5), 'foodLeft=7'), ((13, 5), 'foodLeft=10'), ((13, 5), 'foodLeft=9'), ((6, 5), 'foodLeft=11'), ((13, 4), 'foodLeft=6'), ((12, 5), 'foodLeft=10'), ((9, 3), 'foodLeft=12'), ((5, 5), 'foodLeft=10'), ((10, 4), 'foodLeft=11'), ((13, 4), 'foodLeft=9'), ((13, 4), 'foodLeft=8'), ((8, 3), 'foodLeft=10')]",222,27,33,60
222,"((13, 5), 'foodLeft=6')","((14, 5), 'foodLeft=6')",West,"[((13, 4), 'foodLeft=5'), ((14, 5), 'foodLeft=6'), ((12, 5), 'foodLeft=6')]","[((13, 5), 'foodLeft=6'), ((2, 5), 'foodLeft=11'), ((16, 3), 'foodLeft=13'), ((2, 5), 'foodLeft=10'), ((9, 3), 'foodLeft=11'), ((1, 3), 'foodLeft=12'), ((5, 5), 'foodLeft=10'), ((13, 3), 'foodLeft=8'), ((5, 3), 'foodLeft=11'), ((13, 4), 'foodLeft=10'), ((1, 3), 'foodLeft=11'), ((1, 4), 'foodLeft=11'), ((5, 3), 'foodLeft=10'), ((9, 5), 'foodLeft=8'), ((4, 3), 'foodLeft=10'), ((5, 5), 'foodLeft=11'), ((16, 3), 'foodLeft=12'), ((2, 5), 'foodLeft=10'), ((2, 5), 'foodLeft=11'), ((9, 5), 'foodLeft=10'), ((14, 3), 'foodLeft=12'), ((8, 5), 'foodLeft=12'), ((8, 3), 'foodLeft=12'), ((13, 4), 'foodLeft=9'), ((1, 3), 'foodLeft=11'), ((8, 5), 'foodLeft=10'), ((2, 3), 'foodLeft=11'), ((14, 3), 'foodLeft=10'), ((13, 3), 'foodLeft=11'), ((1, 5), 'foodLeft=11'), ((10, 5), 'foodLeft=10'), ((12, 5), 'foodLeft=11'), ((1, 5), 'foodLeft=10'), ((12, 5), 'foodLeft=9'), ((5, 5), 'foodLeft=11'), ((11, 3), 'foodLeft=9'), ((4, 3), 'foodLeft=11'), ((2, 3), 'foodLeft=12'), ((2, 5), 'foodLeft=11'), ((14, 5), 'foodLeft=9'), ((12, 3), 'foodLeft=10'), ((10, 5), 'foodLeft=11'), ((12, 5), 'foodLeft=10'), ((11, 5), 'foodLeft=11'), ((15, 3), 'foodLeft=12'), ((14, 3), 'foodLeft=11'), ((9, 3), 'foodLeft=8'), ((11, 3), 'foodLeft=11'), ((7, 4), 'foodLeft=11'), ((1, 3), 'foodLeft=10'), ((13, 3), 'foodLeft=10'), ((10, 4), 'foodLeft=9'), ((11, 5), 'foodLeft=9'), ((13, 4), 'foodLeft=10'), ((11, 5), 'foodLeft=10'), ((13, 3), 'foodLeft=11'), ((13, 4), 'foodLeft=9'), ((15, 3), 'foodLeft=11'), ((12, 5), 'foodLeft=7'), ((13, 5), 'foodLeft=10'), ((13, 5), 'foodLeft=9'), ((6, 5), 'foodLeft=11'), ((13, 4), 'foodLeft=6'), ((12, 5), 'foodLeft=10'), ((9, 3), 'foodLeft=12'), ((5, 5), 'foodLeft=10'), ((10, 4), 'foodLeft=11'), ((13, 4), 'foodLeft=9'), ((13, 4), 'foodLeft=8'), ((8, 3), 'foodLeft=10')]","[((2, 5), 'foodLeft=11'), ((2, 5), 'foodLeft=10'), ((16, 3), 'foodLeft=13'), ((13, 3), 'foodLeft=8'), ((9, 3), 'foodLeft=11'), ((1, 3), 'foodLeft=12'), ((5, 5), 'foodLeft=10'), ((13, 4), 'foodLeft=5'), ((5, 3), 'foodLeft=11'), ((13, 4), 'foodLeft=10'), ((1, 3), 'foodLeft=11'), ((1, 4), 'foodLeft=11'), ((5, 3), 'foodLeft=10'), ((9, 5), 'foodLeft=8'), ((4, 3), 'foodLeft=10'), ((5, 5), 'foodLeft=11'), ((16, 3), 'foodLeft=12'), ((2, 5), 'foodLeft=10'), ((2, 5), 'foodLeft=11'), ((9, 5), 'foodLeft=10'), ((14, 3), 'foodLeft=12'), ((8, 5), 'foodLeft=12'), ((8, 3), 'foodLeft=12'), ((13, 4), 'foodLeft=9'), ((1, 3), 'foodLeft=11'), ((8, 5), 'foodLeft=10'), ((2, 3), 'foodLeft=11'), ((14, 3), 'foodLeft=10'), ((13, 3), 'foodLeft=11'), ((1, 5), 'foodLeft=11'), ((10, 5), 'foodLeft=10'), ((12, 5), 'foodLeft=11'), ((1, 5), 'foodLeft=10'), ((12, 5), 'foodLeft=9'), ((5, 5), 'foodLeft=11'), ((11, 3), 'foodLeft=9'), ((4, 3), 'foodLeft=11'), ((2, 3), 'foodLeft=12'), ((2, 5), 'foodLeft=11'), ((14, 5), 'foodLeft=9'), ((12, 3), 'foodLeft=10'), ((10, 5), 'foodLeft=11'), ((12, 5), 'foodLeft=10'), ((11, 5), 'foodLeft=11'), ((15, 3), 'foodLeft=12'), ((14, 3), 'foodLeft=11'), ((9, 3), 'foodLeft=8'), ((11, 3), 'foodLeft=11'), ((7, 4), 'foodLeft=11'), ((1, 3), 'foodLeft=10'), ((13, 3), 'foodLeft=10'), ((10, 4), 'foodLeft=9'), ((11, 5), 'foodLeft=9'), ((13, 4), 'foodLeft=10'), ((11, 5), 'foodLeft=10'), ((13, 3), 'foodLeft=11'), ((13, 4), 'foodLeft=9'), ((15, 3), 'foodLeft=11'), ((12, 5), 'foodLeft=7'), ((13, 5), 'foodLeft=10'), ((13, 5), 'foodLeft=9'), ((6, 5), 'foodLeft=11'), ((13, 4), 'foodLeft=6'), ((12, 5), 'foodLeft=10'), ((9, 3), 'foodLeft=12'), ((5, 5), 'foodLeft=10'), ((10, 4), 'foodLeft=11'), ((13, 4), 'foodLeft=9'), ((13, 4), 'foodLeft=8'), ((8, 3), 'foodLeft=10'), ((12, 5), 'foodLeft=6')]",223,30,30,60
223,"((2, 5), 'foodLeft=11')","((3, 5), 'foodLeft=11')",West,"[((3, 5), 'foodLeft=11'), ((1, 5), 'foodLeft=10')]","[((2, 5), 'foodLeft=11'), ((2, 5), 'foodLeft=10'), ((16, 3), 'foodLeft=13'), ((13, 3), 'foodLeft=8'), ((9, 3), 'foodLeft=11'), ((1, 3), 'foodLeft=12'), ((5, 5), 'foodLeft=10'), ((13, 4), 'foodLeft=5'), ((5, 3), 'foodLeft=11'), ((13, 4), 'foodLeft=10'), ((1, 3), 'foodLeft=11'), ((1, 4), 'foodLeft=11'), ((5, 3), 'foodLeft=10'), ((9, 5), 'foodLeft=8'), ((4, 3), 'foodLeft=10'), ((5, 5), 'foodLeft=11'), ((16, 3), 'foodLeft=12'), ((2, 5), 'foodLeft=10'), ((2, 5), 'foodLeft=11'), ((9, 5), 'foodLeft=10'), ((14, 3), 'foodLeft=12'), ((8, 5), 'foodLeft=12'), ((8, 3), 'foodLeft=12'), ((13, 4), 'foodLeft=9'), ((1, 3), 'foodLeft=11'), ((8, 5), 'foodLeft=10'), ((2, 3), 'foodLeft=11'), ((14, 3), 'foodLeft=10'), ((13, 3), 'foodLeft=11'), ((1, 5), 'foodLeft=11'), ((10, 5), 'foodLeft=10'), ((12, 5), 'foodLeft=11'), ((1, 5), 'foodLeft=10'), ((12, 5), 'foodLeft=9'), ((5, 5), 'foodLeft=11'), ((11, 3), 'foodLeft=9'), ((4, 3), 'foodLeft=11'), ((2, 3), 'foodLeft=12'), ((2, 5), 'foodLeft=11'), ((14, 5), 'foodLeft=9'), ((12, 3), 'foodLeft=10'), ((10, 5), 'foodLeft=11'), ((12, 5), 'foodLeft=10'), ((11, 5), 'foodLeft=11'), ((15, 3), 'foodLeft=12'), ((14, 3), 'foodLeft=11'), ((9, 3), 'foodLeft=8'), ((11, 3), 'foodLeft=11'), ((7, 4), 'foodLeft=11'), ((1, 3), 'foodLeft=10'), ((13, 3), 'foodLeft=10'), ((10, 4), 'foodLeft=9'), ((11, 5), 'foodLeft=9'), ((13, 4), 'foodLeft=10'), ((11, 5), 'foodLeft=10'), ((13, 3), 'foodLeft=11'), ((13, 4), 'foodLeft=9'), ((15, 3), 'foodLeft=11'), ((12, 5), 'foodLeft=7'), ((13, 5), 'foodLeft=10'), ((13, 5), 'foodLeft=9'), ((6, 5), 'foodLeft=11'), ((13, 4), 'foodLeft=6'), ((12, 5), 'foodLeft=10'), ((9, 3), 'foodLeft=12'), ((5, 5), 'foodLeft=10'), ((10, 4), 'foodLeft=11'), ((13, 4), 'foodLeft=9'), ((13, 4), 'foodLeft=8'), ((8, 3), 'foodLeft=10'), ((12, 5), 'foodLeft=6')]","[((2, 5), 'foodLeft=10'), ((13, 3), 'foodLeft=8'), ((16, 3), 'foodLeft=13'), ((13, 4), 'foodLeft=5'), ((9, 3), 'foodLeft=11'), ((1, 3), 'foodLeft=12'), ((5, 5), 'foodLeft=10'), ((16, 3), 'foodLeft=12'), ((5, 3), 'foodLeft=11'), ((13, 4), 'foodLeft=10'), ((1, 3), 'foodLeft=11'), ((1, 4), 'foodLeft=11'), ((5, 3), 'foodLeft=10'), ((9, 5), 'foodLeft=8'), ((4, 3), 'foodLeft=10'), ((5, 5), 'foodLeft=11'), ((5, 5), 'foodLeft=11'), ((2, 5), 'foodLeft=10'), ((2, 5), 'foodLeft=11'), ((9, 5), 'foodLeft=10'), ((14, 3), 'foodLeft=12'), ((8, 5), 'foodLeft=12'), ((8, 3), 'foodLeft=12'), ((13, 4), 'foodLeft=9'), ((1, 3), 'foodLeft=11'), ((8, 5), 'foodLeft=10'), ((2, 3), 'foodLeft=11'), ((14, 3), 'foodLeft=10'), ((13, 3), 'foodLeft=11'), ((1, 5), 'foodLeft=11'), ((10, 5), 'foodLeft=10'), ((12, 5), 'foodLeft=11'), ((1, 5), 'foodLeft=10'), ((12, 5), 'foodLeft=9'), ((8, 3), 'foodLeft=10'), ((11, 3), 'foodLeft=9'), ((4, 3), 'foodLeft=11'), ((2, 3), 'foodLeft=12'), ((2, 5), 'foodLeft=11'), ((14, 5), 'foodLeft=9'), ((12, 3), 'foodLeft=10'), ((10, 5), 'foodLeft=11'), ((12, 5), 'foodLeft=10'), ((11, 5), 'foodLeft=11'), ((15, 3), 'foodLeft=12'), ((14, 3), 'foodLeft=11'), ((9, 3), 'foodLeft=8'), ((11, 3), 'foodLeft=11'), ((7, 4), 'foodLeft=11'), ((1, 3), 'foodLeft=10'), ((13, 3), 'foodLeft=10'), ((10, 4), 'foodLeft=9'), ((11, 5), 'foodLeft=9'), ((13, 4), 'foodLeft=10'), ((11, 5), 'foodLeft=10'), ((13, 3), 'foodLeft=11'), ((13, 4), 'foodLeft=9'), ((15, 3), 'foodLeft=11'), ((12, 5), 'foodLeft=7'), ((13, 5), 'foodLeft=10'), ((13, 5), 'foodLeft=9'), ((6, 5), 'foodLeft=11'), ((13, 4), 'foodLeft=6'), ((12, 5), 'foodLeft=10'), ((9, 3), 'foodLeft=12'), ((5, 5), 'foodLeft=10'), ((10, 4), 'foodLeft=11'), ((13, 4), 'foodLeft=9'), ((13, 4), 'foodLeft=8'), ((12, 5), 'foodLeft=6'), ((1, 5), 'foodLeft=10')]",224,13,47,60
224,"((2, 5), 'foodLeft=10')","((3, 5), 'foodLeft=10')",West,"[((3, 5), 'foodLeft=10'), ((1, 5), 'foodLeft=9')]","[((2, 5), 'foodLeft=10'), ((13, 3), 'foodLeft=8'), ((16, 3), 'foodLeft=13'), ((13, 4), 'foodLeft=5'), ((9, 3), 'foodLeft=11'), ((1, 3), 'foodLeft=12'), ((5, 5), 'foodLeft=10'), ((16, 3), 'foodLeft=12'), ((5, 3), 'foodLeft=11'), ((13, 4), 'foodLeft=10'), ((1, 3), 'foodLeft=11'), ((1, 4), 'foodLeft=11'), ((5, 3), 'foodLeft=10'), ((9, 5), 'foodLeft=8'), ((4, 3), 'foodLeft=10'), ((5, 5), 'foodLeft=11'), ((5, 5), 'foodLeft=11'), ((2, 5), 'foodLeft=10'), ((2, 5), 'foodLeft=11'), ((9, 5), 'foodLeft=10'), ((14, 3), 'foodLeft=12'), ((8, 5), 'foodLeft=12'), ((8, 3), 'foodLeft=12'), ((13, 4), 'foodLeft=9'), ((1, 3), 'foodLeft=11'), ((8, 5), 'foodLeft=10'), ((2, 3), 'foodLeft=11'), ((14, 3), 'foodLeft=10'), ((13, 3), 'foodLeft=11'), ((1, 5), 'foodLeft=11'), ((10, 5), 'foodLeft=10'), ((12, 5), 'foodLeft=11'), ((1, 5), 'foodLeft=10'), ((12, 5), 'foodLeft=9'), ((8, 3), 'foodLeft=10'), ((11, 3), 'foodLeft=9'), ((4, 3), 'foodLeft=11'), ((2, 3), 'foodLeft=12'), ((2, 5), 'foodLeft=11'), ((14, 5), 'foodLeft=9'), ((12, 3), 'foodLeft=10'), ((10, 5), 'foodLeft=11'), ((12, 5), 'foodLeft=10'), ((11, 5), 'foodLeft=11'), ((15, 3), 'foodLeft=12'), ((14, 3), 'foodLeft=11'), ((9, 3), 'foodLeft=8'), ((11, 3), 'foodLeft=11'), ((7, 4), 'foodLeft=11'), ((1, 3), 'foodLeft=10'), ((13, 3), 'foodLeft=10'), ((10, 4), 'foodLeft=9'), ((11, 5), 'foodLeft=9'), ((13, 4), 'foodLeft=10'), ((11, 5), 'foodLeft=10'), ((13, 3), 'foodLeft=11'), ((13, 4), 'foodLeft=9'), ((15, 3), 'foodLeft=11'), ((12, 5), 'foodLeft=7'), ((13, 5), 'foodLeft=10'), ((13, 5), 'foodLeft=9'), ((6, 5), 'foodLeft=11'), ((13, 4), 'foodLeft=6'), ((12, 5), 'foodLeft=10'), ((9, 3), 'foodLeft=12'), ((5, 5), 'foodLeft=10'), ((10, 4), 'foodLeft=11'), ((13, 4), 'foodLeft=9'), ((13, 4), 'foodLeft=8'), ((12, 5), 'foodLeft=6'), ((1, 5), 'foodLeft=10')]","[((13, 3), 'foodLeft=8'), ((13, 4), 'foodLeft=5'), ((16, 3), 'foodLeft=13'), ((16, 3), 'foodLeft=12'), ((9, 3), 'foodLeft=11'), ((1, 3), 'foodLeft=12'), ((5, 5), 'foodLeft=10'), ((5, 5), 'foodLeft=11'), ((5, 3), 'foodLeft=11'), ((13, 4), 'foodLeft=10'), ((1, 3), 'foodLeft=11'), ((1, 4), 'foodLeft=11'), ((5, 3), 'foodLeft=10'), ((9, 5), 'foodLeft=8'), ((4, 3), 'foodLeft=10'), ((5, 5), 'foodLeft=11'), ((8, 3), 'foodLeft=10'), ((2, 5), 'foodLeft=10'), ((2, 5), 'foodLeft=11'), ((9, 5), 'foodLeft=10'), ((14, 3), 'foodLeft=12'), ((8, 5), 'foodLeft=12'), ((8, 3), 'foodLeft=12'), ((13, 4), 'foodLeft=9'), ((1, 3), 'foodLeft=11'), ((8, 5), 'foodLeft=10'), ((2, 3), 'foodLeft=11'), ((14, 3), 'foodLeft=10'), ((13, 3), 'foodLeft=11'), ((1, 5), 'foodLeft=11'), ((10, 5), 'foodLeft=10'), ((12, 5), 'foodLeft=11'), ((1, 5), 'foodLeft=10'), ((12, 5), 'foodLeft=9'), ((1, 5), 'foodLeft=10'), ((11, 3), 'foodLeft=9'), ((4, 3), 'foodLeft=11'), ((2, 3), 'foodLeft=12'), ((2, 5), 'foodLeft=11'), ((14, 5), 'foodLeft=9'), ((12, 3), 'foodLeft=10'), ((10, 5), 'foodLeft=11'), ((12, 5), 'foodLeft=10'), ((11, 5), 'foodLeft=11'), ((15, 3), 'foodLeft=12'), ((14, 3), 'foodLeft=11'), ((9, 3), 'foodLeft=8'), ((11, 3), 'foodLeft=11'), ((7, 4), 'foodLeft=11'), ((1, 3), 'foodLeft=10'), ((13, 3), 'foodLeft=10'), ((10, 4), 'foodLeft=9'), ((11, 5), 'foodLeft=9'), ((13, 4), 'foodLeft=10'), ((11, 5), 'foodLeft=10'), ((13, 3), 'foodLeft=11'), ((13, 4), 'foodLeft=9'), ((15, 3), 'foodLeft=11'), ((12, 5), 'foodLeft=7'), ((13, 5), 'foodLeft=10'), ((13, 5), 'foodLeft=9'), ((6, 5), 'foodLeft=11'), ((13, 4), 'foodLeft=6'), ((12, 5), 'foodLeft=10'), ((9, 3), 'foodLeft=12'), ((5, 5), 'foodLeft=10'), ((10, 4), 'foodLeft=11'), ((13, 4), 'foodLeft=9'), ((13, 4), 'foodLeft=8'), ((12, 5), 'foodLeft=6'), ((1, 5), 'foodLeft=9')]",225,15,45,60
225,"((13, 3), 'foodLeft=8')","((12, 3), 'foodLeft=8')",East,"[((13, 4), 'foodLeft=7'), ((14, 3), 'foodLeft=8'), ((12, 3), 'foodLeft=8')]","[((13, 3), 'foodLeft=8'), ((13, 4), 'foodLeft=5'), ((16, 3), 'foodLeft=13'), ((16, 3), 'foodLeft=12'), ((9, 3), 'foodLeft=11'), ((1, 3), 'foodLeft=12'), ((5, 5), 'foodLeft=10'), ((5, 5), 'foodLeft=11'), ((5, 3), 'foodLeft=11'), ((13, 4), 'foodLeft=10'), ((1, 3), 'foodLeft=11'), ((1, 4), 'foodLeft=11'), ((5, 3), 'foodLeft=10'), ((9, 5), 'foodLeft=8'), ((4, 3), 'foodLeft=10'), ((5, 5), 'foodLeft=11'), ((8, 3), 'foodLeft=10'), ((2, 5), 'foodLeft=10'), ((2, 5), 'foodLeft=11'), ((9, 5), 'foodLeft=10'), ((14, 3), 'foodLeft=12'), ((8, 5), 'foodLeft=12'), ((8, 3), 'foodLeft=12'), ((13, 4), 'foodLeft=9'), ((1, 3), 'foodLeft=11'), ((8, 5), 'foodLeft=10'), ((2, 3), 'foodLeft=11'), ((14, 3), 'foodLeft=10'), ((13, 3), 'foodLeft=11'), ((1, 5), 'foodLeft=11'), ((10, 5), 'foodLeft=10'), ((12, 5), 'foodLeft=11'), ((1, 5), 'foodLeft=10'), ((12, 5), 'foodLeft=9'), ((1, 5), 'foodLeft=10'), ((11, 3), 'foodLeft=9'), ((4, 3), 'foodLeft=11'), ((2, 3), 'foodLeft=12'), ((2, 5), 'foodLeft=11'), ((14, 5), 'foodLeft=9'), ((12, 3), 'foodLeft=10'), ((10, 5), 'foodLeft=11'), ((12, 5), 'foodLeft=10'), ((11, 5), 'foodLeft=11'), ((15, 3), 'foodLeft=12'), ((14, 3), 'foodLeft=11'), ((9, 3), 'foodLeft=8'), ((11, 3), 'foodLeft=11'), ((7, 4), 'foodLeft=11'), ((1, 3), 'foodLeft=10'), ((13, 3), 'foodLeft=10'), ((10, 4), 'foodLeft=9'), ((11, 5), 'foodLeft=9'), ((13, 4), 'foodLeft=10'), ((11, 5), 'foodLeft=10'), ((13, 3), 'foodLeft=11'), ((13, 4), 'foodLeft=9'), ((15, 3), 'foodLeft=11'), ((12, 5), 'foodLeft=7'), ((13, 5), 'foodLeft=10'), ((13, 5), 'foodLeft=9'), ((6, 5), 'foodLeft=11'), ((13, 4), 'foodLeft=6'), ((12, 5), 'foodLeft=10'), ((9, 3), 'foodLeft=12'), ((5, 5), 'foodLeft=10'), ((10, 4), 'foodLeft=11'), ((13, 4), 'foodLeft=9'), ((13, 4), 'foodLeft=8'), ((12, 5), 'foodLeft=6'), ((1, 5), 'foodLeft=9')]","[((13, 4), 'foodLeft=5'), ((16, 3), 'foodLeft=12'), ((16, 3), 'foodLeft=13'), ((5, 3), 'foodLeft=11'), ((9, 3), 'foodLeft=11'), ((1, 3), 'foodLeft=12'), ((5, 5), 'foodLeft=10'), ((5, 5), 'foodLeft=11'), ((2, 5), 'foodLeft=11'), ((13, 4), 'foodLeft=10'), ((1, 3), 'foodLeft=11'), ((1, 4), 'foodLeft=11'), ((5, 3), 'foodLeft=10'), ((9, 5), 'foodLeft=8'), ((4, 3), 'foodLeft=10'), ((5, 5), 'foodLeft=11'), ((8, 3), 'foodLeft=10'), ((2, 5), 'foodLeft=10'), ((2, 5), 'foodLeft=11'), ((9, 5), 'foodLeft=10'), ((14, 3), 'foodLeft=12'), ((8, 5), 'foodLeft=12'), ((8, 3), 'foodLeft=12'), ((13, 4), 'foodLeft=9'), ((1, 3), 'foodLeft=11'), ((8, 5), 'foodLeft=10'), ((2, 3), 'foodLeft=11'), ((14, 3), 'foodLeft=10'), ((13, 3), 'foodLeft=11'), ((1, 5), 'foodLeft=11'), ((10, 5), 'foodLeft=10'), ((12, 5), 'foodLeft=11'), ((1, 5), 'foodLeft=10'), ((12, 5), 'foodLeft=9'), ((1, 5), 'foodLeft=10'), ((11, 3), 'foodLeft=9'), ((4, 3), 'foodLeft=11'), ((2, 3), 'foodLeft=12'), ((1, 5), 'foodLeft=9'), ((14, 5), 'foodLeft=9'), ((12, 3), 'foodLeft=10'), ((10, 5), 'foodLeft=11'), ((12, 5), 'foodLeft=10'), ((11, 5), 'foodLeft=11'), ((15, 3), 'foodLeft=12'), ((14, 3), 'foodLeft=11'), ((9, 3), 'foodLeft=8'), ((11, 3), 'foodLeft=11'), ((7, 4), 'foodLeft=11'), ((1, 3), 'foodLeft=10'), ((13, 3), 'foodLeft=10'), ((10, 4), 'foodLeft=9'), ((11, 5), 'foodLeft=9'), ((13, 4), 'foodLeft=10'), ((11, 5), 'foodLeft=10'), ((13, 3), 'foodLeft=11'), ((13, 4), 'foodLeft=9'), ((15, 3), 'foodLeft=11'), ((12, 5), 'foodLeft=7'), ((13, 5), 'foodLeft=10'), ((13, 5), 'foodLeft=9'), ((6, 5), 'foodLeft=11'), ((13, 4), 'foodLeft=6'), ((12, 5), 'foodLeft=10'), ((9, 3), 'foodLeft=12'), ((5, 5), 'foodLeft=10'), ((10, 4), 'foodLeft=11'), ((13, 4), 'foodLeft=9'), ((13, 4), 'foodLeft=8'), ((12, 5), 'foodLeft=6'), ((13, 4), 'foodLeft=7'), ((14, 3), 'foodLeft=8')]",226,28,32,60
226,"((13, 4), 'foodLeft=5')","((13, 5), 'foodLeft=6')",South,"[((13, 5), 'foodLeft=5'), ((13, 3), 'foodLeft=5')]","[((13, 4), 'foodLeft=5'), ((16, 3), 'foodLeft=12'), ((16, 3), 'foodLeft=13'), ((5, 3), 'foodLeft=11'), ((9, 3), 'foodLeft=11'), ((1, 3), 'foodLeft=12'), ((5, 5), 'foodLeft=10'), ((5, 5), 'foodLeft=11'), ((2, 5), 'foodLeft=11'), ((13, 4), 'foodLeft=10'), ((1, 3), 'foodLeft=11'), ((1, 4), 'foodLeft=11'), ((5, 3), 'foodLeft=10'), ((9, 5), 'foodLeft=8'), ((4, 3), 'foodLeft=10'), ((5, 5), 'foodLeft=11'), ((8, 3), 'foodLeft=10'), ((2, 5), 'foodLeft=10'), ((2, 5), 'foodLeft=11'), ((9, 5), 'foodLeft=10'), ((14, 3), 'foodLeft=12'), ((8, 5), 'foodLeft=12'), ((8, 3), 'foodLeft=12'), ((13, 4), 'foodLeft=9'), ((1, 3), 'foodLeft=11'), ((8, 5), 'foodLeft=10'), ((2, 3), 'foodLeft=11'), ((14, 3), 'foodLeft=10'), ((13, 3), 'foodLeft=11'), ((1, 5), 'foodLeft=11'), ((10, 5), 'foodLeft=10'), ((12, 5), 'foodLeft=11'), ((1, 5), 'foodLeft=10'), ((12, 5), 'foodLeft=9'), ((1, 5), 'foodLeft=10'), ((11, 3), 'foodLeft=9'), ((4, 3), 'foodLeft=11'), ((2, 3), 'foodLeft=12'), ((1, 5), 'foodLeft=9'), ((14, 5), 'foodLeft=9'), ((12, 3), 'foodLeft=10'), ((10, 5), 'foodLeft=11'), ((12, 5), 'foodLeft=10'), ((11, 5), 'foodLeft=11'), ((15, 3), 'foodLeft=12'), ((14, 3), 'foodLeft=11'), ((9, 3), 'foodLeft=8'), ((11, 3), 'foodLeft=11'), ((7, 4), 'foodLeft=11'), ((1, 3), 'foodLeft=10'), ((13, 3), 'foodLeft=10'), ((10, 4), 'foodLeft=9'), ((11, 5), 'foodLeft=9'), ((13, 4), 'foodLeft=10'), ((11, 5), 'foodLeft=10'), ((13, 3), 'foodLeft=11'), ((13, 4), 'foodLeft=9'), ((15, 3), 'foodLeft=11'), ((12, 5), 'foodLeft=7'), ((13, 5), 'foodLeft=10'), ((13, 5), 'foodLeft=9'), ((6, 5), 'foodLeft=11'), ((13, 4), 'foodLeft=6'), ((12, 5), 'foodLeft=10'), ((9, 3), 'foodLeft=12'), ((5, 5), 'foodLeft=10'), ((10, 4), 'foodLeft=11'), ((13, 4), 'foodLeft=9'), ((13, 4), 'foodLeft=8'), ((12, 5), 'foodLeft=6'), ((13, 4), 'foodLeft=7'), ((14, 3), 'foodLeft=8')]","[((13, 3), 'foodLeft=5'), ((16, 3), 'foodLeft=13'), ((1, 3), 'foodLeft=12'), ((16, 3), 'foodLeft=12'), ((9, 3), 'foodLeft=11'), ((1, 4), 'foodLeft=11'), ((5, 5), 'foodLeft=10'), ((5, 5), 'foodLeft=11'), ((5, 3), 'foodLeft=11'), ((13, 4), 'foodLeft=10'), ((1, 3), 'foodLeft=11'), ((1, 3), 'foodLeft=11'), ((5, 3), 'foodLeft=10'), ((9, 5), 'foodLeft=8'), ((4, 3), 'foodLeft=10'), ((5, 5), 'foodLeft=11'), ((8, 3), 'foodLeft=10'), ((2, 5), 'foodLeft=11'), ((2, 5), 'foodLeft=11'), ((9, 5), 'foodLeft=10'), ((14, 3), 'foodLeft=12'), ((8, 5), 'foodLeft=12'), ((8, 3), 'foodLeft=12'), ((13, 4), 'foodLeft=9'), ((1, 3), 'foodLeft=10'), ((8, 5), 'foodLeft=10'), ((2, 3), 'foodLeft=11'), ((14, 3), 'foodLeft=10'), ((13, 3), 'foodLeft=11'), ((1, 5), 'foodLeft=11'), ((10, 5), 'foodLeft=10'), ((12, 5), 'foodLeft=11'), ((1, 5), 'foodLeft=10'), ((12, 5), 'foodLeft=9'), ((1, 5), 'foodLeft=10'), ((2, 5), 'foodLeft=10'), ((4, 3), 'foodLeft=11'), ((2, 3), 'foodLeft=12'), ((1, 5), 'foodLeft=9'), ((14, 5), 'foodLeft=9'), ((12, 3), 'foodLeft=10'), ((10, 5), 'foodLeft=11'), ((12, 5), 'foodLeft=10'), ((11, 5), 'foodLeft=11'), ((15, 3), 'foodLeft=12'), ((14, 3), 'foodLeft=11'), ((9, 3), 'foodLeft=8'), ((11, 3), 'foodLeft=11'), ((7, 4), 'foodLeft=11'), ((14, 3), 'foodLeft=8'), ((13, 3), 'foodLeft=10'), ((10, 4), 'foodLeft=9'), ((11, 5), 'foodLeft=9'), ((13, 4), 'foodLeft=10'), ((11, 5), 'foodLeft=10'), ((13, 3), 'foodLeft=11'), ((13, 4), 'foodLeft=9'), ((15, 3), 'foodLeft=11'), ((12, 5), 'foodLeft=7'), ((13, 5), 'foodLeft=10'), ((13, 5), 'foodLeft=9'), ((6, 5), 'foodLeft=11'), ((13, 4), 'foodLeft=6'), ((12, 5), 'foodLeft=10'), ((9, 3), 'foodLeft=12'), ((5, 5), 'foodLeft=10'), ((10, 4), 'foodLeft=11'), ((13, 4), 'foodLeft=9'), ((13, 4), 'foodLeft=8'), ((12, 5), 'foodLeft=6'), ((13, 4), 'foodLeft=7'), ((13, 5), 'foodLeft=5'), ((11, 3), 'foodLeft=9')]",227,31,29,60
227,"((13, 3), 'foodLeft=5')","((13, 4), 'foodLeft=5')",South,"[((13, 4), 'foodLeft=5'), ((14, 3), 'foodLeft=5'), ((12, 3), 'foodLeft=5')]","[((13, 3), 'foodLeft=5'), ((16, 3), 'foodLeft=13'), ((1, 3), 'foodLeft=12'), ((16, 3), 'foodLeft=12'), ((9, 3), 'foodLeft=11'), ((1, 4), 'foodLeft=11'), ((5, 5), 'foodLeft=10'), ((5, 5), 'foodLeft=11'), ((5, 3), 'foodLeft=11'), ((13, 4), 'foodLeft=10'), ((1, 3), 'foodLeft=11'), ((1, 3), 'foodLeft=11'), ((5, 3), 'foodLeft=10'), ((9, 5), 'foodLeft=8'), ((4, 3), 'foodLeft=10'), ((5, 5), 'foodLeft=11'), ((8, 3), 'foodLeft=10'), ((2, 5), 'foodLeft=11'), ((2, 5), 'foodLeft=11'), ((9, 5), 'foodLeft=10'), ((14, 3), 'foodLeft=12'), ((8, 5), 'foodLeft=12'), ((8, 3), 'foodLeft=12'), ((13, 4), 'foodLeft=9'), ((1, 3), 'foodLeft=10'), ((8, 5), 'foodLeft=10'), ((2, 3), 'foodLeft=11'), ((14, 3), 'foodLeft=10'), ((13, 3), 'foodLeft=11'), ((1, 5), 'foodLeft=11'), ((10, 5), 'foodLeft=10'), ((12, 5), 'foodLeft=11'), ((1, 5), 'foodLeft=10'), ((12, 5), 'foodLeft=9'), ((1, 5), 'foodLeft=10'), ((2, 5), 'foodLeft=10'), ((4, 3), 'foodLeft=11'), ((2, 3), 'foodLeft=12'), ((1, 5), 'foodLeft=9'), ((14, 5), 'foodLeft=9'), ((12, 3), 'foodLeft=10'), ((10, 5), 'foodLeft=11'), ((12, 5), 'foodLeft=10'), ((11, 5), 'foodLeft=11'), ((15, 3), 'foodLeft=12'), ((14, 3), 'foodLeft=11'), ((9, 3), 'foodLeft=8'), ((11, 3), 'foodLeft=11'), ((7, 4), 'foodLeft=11'), ((14, 3), 'foodLeft=8'), ((13, 3), 'foodLeft=10'), ((10, 4), 'foodLeft=9'), ((11, 5), 'foodLeft=9'), ((13, 4), 'foodLeft=10'), ((11, 5), 'foodLeft=10'), ((13, 3), 'foodLeft=11'), ((13, 4), 'foodLeft=9'), ((15, 3), 'foodLeft=11'), ((12, 5), 'foodLeft=7'), ((13, 5), 'foodLeft=10'), ((13, 5), 'foodLeft=9'), ((6, 5), 'foodLeft=11'), ((13, 4), 'foodLeft=6'), ((12, 5), 'foodLeft=10'), ((9, 3), 'foodLeft=12'), ((5, 5), 'foodLeft=10'), ((10, 4), 'foodLeft=11'), ((13, 4), 'foodLeft=9'), ((13, 4), 'foodLeft=8'), ((12, 5), 'foodLeft=6'), ((13, 4), 'foodLeft=7'), ((13, 5), 'foodLeft=5'), ((11, 3), 'foodLeft=9')]","[((14, 3), 'foodLeft=5'), ((16, 3), 'foodLeft=13'), ((1, 3), 'foodLeft=12'), ((16, 3), 'foodLeft=12'), ((9, 3), 'foodLeft=11'), ((1, 4), 'foodLeft=11'), ((5, 5), 'foodLeft=10'), ((5, 5), 'foodLeft=11'), ((5, 3), 'foodLeft=11'), ((13, 4), 'foodLeft=10'), ((1, 3), 'foodLeft=11'), ((1, 3), 'foodLeft=11'), ((5, 3), 'foodLeft=10'), ((9, 5), 'foodLeft=8'), ((4, 3), 'foodLeft=10'), ((5, 5), 'foodLeft=11'), ((8, 3), 'foodLeft=10'), ((2, 5), 'foodLeft=11'), ((2, 5), 'foodLeft=11'), ((9, 5), 'foodLeft=10'), ((14, 3), 'foodLeft=12'), ((8, 5), 'foodLeft=12'), ((8, 3), 'foodLeft=12'), ((13, 4), 'foodLeft=9'), ((1, 3), 'foodLeft=10'), ((8, 5), 'foodLeft=10'), ((2, 3), 'foodLeft=11'), ((14, 3), 'foodLeft=10'), ((13, 3), 'foodLeft=11'), ((1, 5), 'foodLeft=11'), ((10, 5), 'foodLeft=10'), ((12, 5), 'foodLeft=11'), ((1, 5), 'foodLeft=10'), ((12, 5), 'foodLeft=9'), ((1, 5), 'foodLeft=10'), ((2, 5), 'foodLeft=10'), ((4, 3), 'foodLeft=11'), ((2, 3), 'foodLeft=12'), ((1, 5), 'foodLeft=9'), ((14, 5), 'foodLeft=9'), ((12, 3), 'foodLeft=10'), ((10, 5), 'foodLeft=11'), ((12, 5), 'foodLeft=10'), ((11, 5), 'foodLeft=11'), ((15, 3), 'foodLeft=12'), ((14, 3), 'foodLeft=11'), ((9, 3), 'foodLeft=8'), ((11, 3), 'foodLeft=11'), ((7, 4), 'foodLeft=11'), ((14, 3), 'foodLeft=8'), ((13, 3), 'foodLeft=10'), ((10, 4), 'foodLeft=9'), ((11, 5), 'foodLeft=9'), ((13, 4), 'foodLeft=10'), ((11, 5), 'foodLeft=10'), ((13, 3), 'foodLeft=11'), ((13, 4), 'foodLeft=9'), ((15, 3), 'foodLeft=11'), ((12, 5), 'foodLeft=7'), ((13, 5), 'foodLeft=10'), ((13, 5), 'foodLeft=9'), ((6, 5), 'foodLeft=11'), ((13, 4), 'foodLeft=6'), ((12, 5), 'foodLeft=10'), ((9, 3), 'foodLeft=12'), ((5, 5), 'foodLeft=10'), ((10, 4), 'foodLeft=11'), ((13, 4), 'foodLeft=9'), ((13, 4), 'foodLeft=8'), ((12, 5), 'foodLeft=6'), ((13, 4), 'foodLeft=7'), ((13, 5), 'foodLeft=5'), ((11, 3), 'foodLeft=9'), ((12, 3), 'foodLeft=5')]",228,32,28,60
228,"((14, 3), 'foodLeft=5')","((13, 3), 'foodLeft=5')",East,"[((15, 3), 'foodLeft=5'), ((13, 3), 'foodLeft=5')]","[((14, 3), 'foodLeft=5'), ((16, 3), 'foodLeft=13'), ((1, 3), 'foodLeft=12'), ((16, 3), 'foodLeft=12'), ((9, 3), 'foodLeft=11'), ((1, 4), 'foodLeft=11'), ((5, 5), 'foodLeft=10'), ((5, 5), 'foodLeft=11'), ((5, 3), 'foodLeft=11'), ((13, 4), 'foodLeft=10'), ((1, 3), 'foodLeft=11'), ((1, 3), 'foodLeft=11'), ((5, 3), 'foodLeft=10'), ((9, 5), 'foodLeft=8'), ((4, 3), 'foodLeft=10'), ((5, 5), 'foodLeft=11'), ((8, 3), 'foodLeft=10'), ((2, 5), 'foodLeft=11'), ((2, 5), 'foodLeft=11'), ((9, 5), 'foodLeft=10'), ((14, 3), 'foodLeft=12'), ((8, 5), 'foodLeft=12'), ((8, 3), 'foodLeft=12'), ((13, 4), 'foodLeft=9'), ((1, 3), 'foodLeft=10'), ((8, 5), 'foodLeft=10'), ((2, 3), 'foodLeft=11'), ((14, 3), 'foodLeft=10'), ((13, 3), 'foodLeft=11'), ((1, 5), 'foodLeft=11'), ((10, 5), 'foodLeft=10'), ((12, 5), 'foodLeft=11'), ((1, 5), 'foodLeft=10'), ((12, 5), 'foodLeft=9'), ((1, 5), 'foodLeft=10'), ((2, 5), 'foodLeft=10'), ((4, 3), 'foodLeft=11'), ((2, 3), 'foodLeft=12'), ((1, 5), 'foodLeft=9'), ((14, 5), 'foodLeft=9'), ((12, 3), 'foodLeft=10'), ((10, 5), 'foodLeft=11'), ((12, 5), 'foodLeft=10'), ((11, 5), 'foodLeft=11'), ((15, 3), 'foodLeft=12'), ((14, 3), 'foodLeft=11'), ((9, 3), 'foodLeft=8'), ((11, 3), 'foodLeft=11'), ((7, 4), 'foodLeft=11'), ((14, 3), 'foodLeft=8'), ((13, 3), 'foodLeft=10'), ((10, 4), 'foodLeft=9'), ((11, 5), 'foodLeft=9'), ((13, 4), 'foodLeft=10'), ((11, 5), 'foodLeft=10'), ((13, 3), 'foodLeft=11'), ((13, 4), 'foodLeft=9'), ((15, 3), 'foodLeft=11'), ((12, 5), 'foodLeft=7'), ((13, 5), 'foodLeft=10'), ((13, 5), 'foodLeft=9'), ((6, 5), 'foodLeft=11'), ((13, 4), 'foodLeft=6'), ((12, 5), 'foodLeft=10'), ((9, 3), 'foodLeft=12'), ((5, 5), 'foodLeft=10'), ((10, 4), 'foodLeft=11'), ((13, 4), 'foodLeft=9'), ((13, 4), 'foodLeft=8'), ((12, 5), 'foodLeft=6'), ((13, 4), 'foodLeft=7'), ((13, 5), 'foodLeft=5'), ((11, 3), 'foodLeft=9'), ((12, 3), 'foodLeft=5')]","[((15, 3), 'foodLeft=5'), ((16, 3), 'foodLeft=13'), ((1, 3), 'foodLeft=12'), ((16, 3), 'foodLeft=12'), ((9, 3), 'foodLeft=11'), ((1, 4), 'foodLeft=11'), ((5, 5), 'foodLeft=10'), ((5, 5), 'foodLeft=11'), ((5, 3), 'foodLeft=11'), ((13, 4), 'foodLeft=10'), ((1, 3), 'foodLeft=11'), ((1, 3), 'foodLeft=11'), ((5, 3), 'foodLeft=10'), ((9, 5), 'foodLeft=8'), ((4, 3), 'foodLeft=10'), ((5, 5), 'foodLeft=11'), ((8, 3), 'foodLeft=10'), ((2, 5), 'foodLeft=11'), ((2, 5), 'foodLeft=11'), ((9, 5), 'foodLeft=10'), ((14, 3), 'foodLeft=12'), ((8, 5), 'foodLeft=12'), ((8, 3), 'foodLeft=12'), ((13, 4), 'foodLeft=9'), ((1, 3), 'foodLeft=10'), ((8, 5), 'foodLeft=10'), ((2, 3), 'foodLeft=11'), ((14, 3), 'foodLeft=10'), ((13, 3), 'foodLeft=11'), ((1, 5), 'foodLeft=11'), ((10, 5), 'foodLeft=10'), ((12, 5), 'foodLeft=11'), ((1, 5), 'foodLeft=10'), ((12, 5), 'foodLeft=9'), ((1, 5), 'foodLeft=10'), ((11, 3), 'foodLeft=9'), ((2, 5), 'foodLeft=10'), ((2, 3), 'foodLeft=12'), ((1, 5), 'foodLeft=9'), ((14, 5), 'foodLeft=9'), ((12, 3), 'foodLeft=10'), ((10, 5), 'foodLeft=11'), ((12, 5), 'foodLeft=10'), ((11, 5), 'foodLeft=11'), ((15, 3), 'foodLeft=12'), ((14, 3), 'foodLeft=11'), ((9, 3), 'foodLeft=8'), ((11, 3), 'foodLeft=11'), ((7, 4), 'foodLeft=11'), ((14, 3), 'foodLeft=8'), ((13, 3), 'foodLeft=10'), ((10, 4), 'foodLeft=9'), ((11, 5), 'foodLeft=9'), ((13, 4), 'foodLeft=10'), ((11, 5), 'foodLeft=10'), ((13, 3), 'foodLeft=11'), ((13, 4), 'foodLeft=9'), ((15, 3), 'foodLeft=11'), ((12, 5), 'foodLeft=7'), ((13, 5), 'foodLeft=10'), ((13, 5), 'foodLeft=9'), ((6, 5), 'foodLeft=11'), ((13, 4), 'foodLeft=6'), ((12, 5), 'foodLeft=10'), ((9, 3), 'foodLeft=12'), ((5, 5), 'foodLeft=10'), ((10, 4), 'foodLeft=11'), ((13, 4), 'foodLeft=9'), ((13, 4), 'foodLeft=8'), ((12, 5), 'foodLeft=6'), ((13, 4), 'foodLeft=7'), ((13, 5), 'foodLeft=5'), ((12, 3), 'foodLeft=5'), ((4, 3), 'foodLeft=11')]",229,33,27,60
229,"((15, 3), 'foodLeft=5')","((14, 3), 'foodLeft=5')",East,"[((16, 3), 'foodLeft=5'), ((14, 3), 'foodLeft=5')]","[((15, 3), 'foodLeft=5'), ((16, 3), 'foodLeft=13'), ((1, 3), 'foodLeft=12'), ((16, 3), 'foodLeft=12'), ((9, 3), 'foodLeft=11'), ((1, 4), 'foodLeft=11'), ((5, 5), 'foodLeft=10'), ((5, 5), 'foodLeft=11'), ((5, 3), 'foodLeft=11'), ((13, 4), 'foodLeft=10'), ((1, 3), 'foodLeft=11'), ((1, 3), 'foodLeft=11'), ((5, 3), 'foodLeft=10'), ((9, 5), 'foodLeft=8'), ((4, 3), 'foodLeft=10'), ((5, 5), 'foodLeft=11'), ((8, 3), 'foodLeft=10'), ((2, 5), 'foodLeft=11'), ((2, 5), 'foodLeft=11'), ((9, 5), 'foodLeft=10'), ((14, 3), 'foodLeft=12'), ((8, 5), 'foodLeft=12'), ((8, 3), 'foodLeft=12'), ((13, 4), 'foodLeft=9'), ((1, 3), 'foodLeft=10'), ((8, 5), 'foodLeft=10'), ((2, 3), 'foodLeft=11'), ((14, 3), 'foodLeft=10'), ((13, 3), 'foodLeft=11'), ((1, 5), 'foodLeft=11'), ((10, 5), 'foodLeft=10'), ((12, 5), 'foodLeft=11'), ((1, 5), 'foodLeft=10'), ((12, 5), 'foodLeft=9'), ((1, 5), 'foodLeft=10'), ((11, 3), 'foodLeft=9'), ((2, 5), 'foodLeft=10'), ((2, 3), 'foodLeft=12'), ((1, 5), 'foodLeft=9'), ((14, 5), 'foodLeft=9'), ((12, 3), 'foodLeft=10'), ((10, 5), 'foodLeft=11'), ((12, 5), 'foodLeft=10'), ((11, 5), 'foodLeft=11'), ((15, 3), 'foodLeft=12'), ((14, 3), 'foodLeft=11'), ((9, 3), 'foodLeft=8'), ((11, 3), 'foodLeft=11'), ((7, 4), 'foodLeft=11'), ((14, 3), 'foodLeft=8'), ((13, 3), 'foodLeft=10'), ((10, 4), 'foodLeft=9'), ((11, 5), 'foodLeft=9'), ((13, 4), 'foodLeft=10'), ((11, 5), 'foodLeft=10'), ((13, 3), 'foodLeft=11'), ((13, 4), 'foodLeft=9'), ((15, 3), 'foodLeft=11'), ((12, 5), 'foodLeft=7'), ((13, 5), 'foodLeft=10'), ((13, 5), 'foodLeft=9'), ((6, 5), 'foodLeft=11'), ((13, 4), 'foodLeft=6'), ((12, 5), 'foodLeft=10'), ((9, 3), 'foodLeft=12'), ((5, 5), 'foodLeft=10'), ((10, 4), 'foodLeft=11'), ((13, 4), 'foodLeft=9'), ((13, 4), 'foodLeft=8'), ((12, 5), 'foodLeft=6'), ((13, 4), 'foodLeft=7'), ((13, 5), 'foodLeft=5'), ((12, 3), 'foodLeft=5'), ((4, 3), 'foodLeft=11')]","[((16, 3), 'foodLeft=5'), ((16, 3), 'foodLeft=13'), ((1, 3), 'foodLeft=12'), ((16, 3), 'foodLeft=12'), ((9, 3), 'foodLeft=11'), ((1, 4), 'foodLeft=11'), ((5, 5), 'foodLeft=10'), ((5, 5), 'foodLeft=11'), ((5, 3), 'foodLeft=11'), ((13, 4), 'foodLeft=10'), ((1, 3), 'foodLeft=11'), ((1, 3), 'foodLeft=11'), ((5, 3), 'foodLeft=10'), ((9, 5), 'foodLeft=8'), ((4, 3), 'foodLeft=10'), ((5, 5), 'foodLeft=11'), ((8, 3), 'foodLeft=10'), ((2, 5), 'foodLeft=11'), ((2, 5), 'foodLeft=11'), ((9, 5), 'foodLeft=10'), ((14, 3), 'foodLeft=12'), ((8, 5), 'foodLeft=12'), ((8, 3), 'foodLeft=12'), ((13, 4), 'foodLeft=9'), ((1, 3), 'foodLeft=10'), ((8, 5), 'foodLeft=10'), ((2, 3), 'foodLeft=11'), ((14, 3), 'foodLeft=10'), ((13, 3), 'foodLeft=11'), ((1, 5), 'foodLeft=11'), ((10, 5), 'foodLeft=10'), ((12, 5), 'foodLeft=11'), ((1, 5), 'foodLeft=10'), ((12, 5), 'foodLeft=9'), ((1, 5), 'foodLeft=10'), ((11, 3), 'foodLeft=9'), ((2, 5), 'foodLeft=10'), ((2, 3), 'foodLeft=12'), ((1, 5), 'foodLeft=9'), ((14, 5), 'foodLeft=9'), ((12, 3), 'foodLeft=10'), ((10, 5), 'foodLeft=11'), ((12, 5), 'foodLeft=10'), ((11, 5), 'foodLeft=11'), ((15, 3), 'foodLeft=12'), ((14, 3), 'foodLeft=11'), ((9, 3), 'foodLeft=8'), ((11, 3), 'foodLeft=11'), ((7, 4), 'foodLeft=11'), ((14, 3), 'foodLeft=8'), ((13, 3), 'foodLeft=10'), ((10, 4), 'foodLeft=9'), ((11, 5), 'foodLeft=9'), ((13, 4), 'foodLeft=10'), ((11, 5), 'foodLeft=10'), ((13, 3), 'foodLeft=11'), ((13, 4), 'foodLeft=9'), ((15, 3), 'foodLeft=11'), ((12, 5), 'foodLeft=7'), ((13, 5), 'foodLeft=10'), ((13, 5), 'foodLeft=9'), ((6, 5), 'foodLeft=11'), ((13, 4), 'foodLeft=6'), ((12, 5), 'foodLeft=10'), ((9, 3), 'foodLeft=12'), ((5, 5), 'foodLeft=10'), ((10, 4), 'foodLeft=11'), ((13, 4), 'foodLeft=9'), ((13, 4), 'foodLeft=8'), ((12, 5), 'foodLeft=6'), ((13, 4), 'foodLeft=7'), ((13, 5), 'foodLeft=5'), ((12, 3), 'foodLeft=5'), ((4, 3), 'foodLeft=11')]",230,34,26,60
230,"((16, 3), 'foodLeft=5')","((15, 3), 'foodLeft=5')",East,"[((16, 4), 'foodLeft=5'), ((15, 3), 'foodLeft=5')]","[((16, 3), 'foodLeft=5'), ((16, 3), 'foodLeft=13'), ((1, 3), 'foodLeft=12'), ((16, 3), 'foodLeft=12'), ((9, 3), 'foodLeft=11'), ((1, 4), 'foodLeft=11'), ((5, 5), 'foodLeft=10'), ((5, 5), 'foodLeft=11'), ((5, 3), 'foodLeft=11'), ((13, 4), 'foodLeft=10'), ((1, 3), 'foodLeft=11'), ((1, 3), 'foodLeft=11'), ((5, 3), 'foodLeft=10'), ((9, 5), 'foodLeft=8'), ((4, 3), 'foodLeft=10'), ((5, 5), 'foodLeft=11'), ((8, 3), 'foodLeft=10'), ((2, 5), 'foodLeft=11'), ((2, 5), 'foodLeft=11'), ((9, 5), 'foodLeft=10'), ((14, 3), 'foodLeft=12'), ((8, 5), 'foodLeft=12'), ((8, 3), 'foodLeft=12'), ((13, 4), 'foodLeft=9'), ((1, 3), 'foodLeft=10'), ((8, 5), 'foodLeft=10'), ((2, 3), 'foodLeft=11'), ((14, 3), 'foodLeft=10'), ((13, 3), 'foodLeft=11'), ((1, 5), 'foodLeft=11'), ((10, 5), 'foodLeft=10'), ((12, 5), 'foodLeft=11'), ((1, 5), 'foodLeft=10'), ((12, 5), 'foodLeft=9'), ((1, 5), 'foodLeft=10'), ((11, 3), 'foodLeft=9'), ((2, 5), 'foodLeft=10'), ((2, 3), 'foodLeft=12'), ((1, 5), 'foodLeft=9'), ((14, 5), 'foodLeft=9'), ((12, 3), 'foodLeft=10'), ((10, 5), 'foodLeft=11'), ((12, 5), 'foodLeft=10'), ((11, 5), 'foodLeft=11'), ((15, 3), 'foodLeft=12'), ((14, 3), 'foodLeft=11'), ((9, 3), 'foodLeft=8'), ((11, 3), 'foodLeft=11'), ((7, 4), 'foodLeft=11'), ((14, 3), 'foodLeft=8'), ((13, 3), 'foodLeft=10'), ((10, 4), 'foodLeft=9'), ((11, 5), 'foodLeft=9'), ((13, 4), 'foodLeft=10'), ((11, 5), 'foodLeft=10'), ((13, 3), 'foodLeft=11'), ((13, 4), 'foodLeft=9'), ((15, 3), 'foodLeft=11'), ((12, 5), 'foodLeft=7'), ((13, 5), 'foodLeft=10'), ((13, 5), 'foodLeft=9'), ((6, 5), 'foodLeft=11'), ((13, 4), 'foodLeft=6'), ((12, 5), 'foodLeft=10'), ((9, 3), 'foodLeft=12'), ((5, 5), 'foodLeft=10'), ((10, 4), 'foodLeft=11'), ((13, 4), 'foodLeft=9'), ((13, 4), 'foodLeft=8'), ((12, 5), 'foodLeft=6'), ((13, 4), 'foodLeft=7'), ((13, 5), 'foodLeft=5'), ((12, 3), 'foodLeft=5'), ((4, 3), 'foodLeft=11')]","[((16, 4), 'foodLeft=5'), ((16, 3), 'foodLeft=13'), ((1, 3), 'foodLeft=12'), ((16, 3), 'foodLeft=12'), ((9, 3), 'foodLeft=11'), ((1, 4), 'foodLeft=11'), ((5, 5), 'foodLeft=10'), ((5, 5), 'foodLeft=11'), ((5, 3), 'foodLeft=11'), ((13, 4), 'foodLeft=10'), ((1, 3), 'foodLeft=11'), ((1, 3), 'foodLeft=11'), ((5, 3), 'foodLeft=10'), ((9, 5), 'foodLeft=8'), ((4, 3), 'foodLeft=10'), ((5, 5), 'foodLeft=11'), ((8, 3), 'foodLeft=10'), ((2, 5), 'foodLeft=11'), ((2, 5), 'foodLeft=11'), ((9, 5), 'foodLeft=10'), ((14, 3), 'foodLeft=12'), ((8, 5), 'foodLeft=12'), ((8, 3), 'foodLeft=12'), ((13, 4), 'foodLeft=9'), ((1, 3), 'foodLeft=10'), ((8, 5), 'foodLeft=10'), ((2, 3), 'foodLeft=11'), ((14, 3), 'foodLeft=10'), ((13, 3), 'foodLeft=11'), ((1, 5), 'foodLeft=11'), ((10, 5), 'foodLeft=10'), ((12, 5), 'foodLeft=11'), ((1, 5), 'foodLeft=10'), ((12, 5), 'foodLeft=9'), ((1, 5), 'foodLeft=10'), ((11, 3), 'foodLeft=9'), ((2, 5), 'foodLeft=10'), ((2, 3), 'foodLeft=12'), ((1, 5), 'foodLeft=9'), ((14, 5), 'foodLeft=9'), ((12, 3), 'foodLeft=10'), ((10, 5), 'foodLeft=11'), ((12, 5), 'foodLeft=10'), ((11, 5), 'foodLeft=11'), ((15, 3), 'foodLeft=12'), ((14, 3), 'foodLeft=11'), ((9, 3), 'foodLeft=8'), ((11, 3), 'foodLeft=11'), ((7, 4), 'foodLeft=11'), ((14, 3), 'foodLeft=8'), ((13, 3), 'foodLeft=10'), ((10, 4), 'foodLeft=9'), ((11, 5), 'foodLeft=9'), ((13, 4), 'foodLeft=10'), ((11, 5), 'foodLeft=10'), ((13, 3), 'foodLeft=11'), ((13, 4), 'foodLeft=9'), ((15, 3), 'foodLeft=11'), ((12, 5), 'foodLeft=7'), ((13, 5), 'foodLeft=10'), ((13, 5), 'foodLeft=9'), ((6, 5), 'foodLeft=11'), ((13, 4), 'foodLeft=6'), ((12, 5), 'foodLeft=10'), ((9, 3), 'foodLeft=12'), ((5, 5), 'foodLeft=10'), ((10, 4), 'foodLeft=11'), ((13, 4), 'foodLeft=9'), ((13, 4), 'foodLeft=8'), ((12, 5), 'foodLeft=6'), ((13, 4), 'foodLeft=7'), ((13, 5), 'foodLeft=5'), ((12, 3), 'foodLeft=5'), ((4, 3), 'foodLeft=11')]",231,35,25,60
231,"((16, 4), 'foodLeft=5')","((16, 3), 'foodLeft=5')",North,"[((16, 5), 'foodLeft=5'), ((16, 3), 'foodLeft=5')]","[((16, 4), 'foodLeft=5'), ((16, 3), 'foodLeft=13'), ((1, 3), 'foodLeft=12'), ((16, 3), 'foodLeft=12'), ((9, 3), 'foodLeft=11'), ((1, 4), 'foodLeft=11'), ((5, 5), 'foodLeft=10'), ((5, 5), 'foodLeft=11'), ((5, 3), 'foodLeft=11'), ((13, 4), 'foodLeft=10'), ((1, 3), 'foodLeft=11'), ((1, 3), 'foodLeft=11'), ((5, 3), 'foodLeft=10'), ((9, 5), 'foodLeft=8'), ((4, 3), 'foodLeft=10'), ((5, 5), 'foodLeft=11'), ((8, 3), 'foodLeft=10'), ((2, 5), 'foodLeft=11'), ((2, 5), 'foodLeft=11'), ((9, 5), 'foodLeft=10'), ((14, 3), 'foodLeft=12'), ((8, 5), 'foodLeft=12'), ((8, 3), 'foodLeft=12'), ((13, 4), 'foodLeft=9'), ((1, 3), 'foodLeft=10'), ((8, 5), 'foodLeft=10'), ((2, 3), 'foodLeft=11'), ((14, 3), 'foodLeft=10'), ((13, 3), 'foodLeft=11'), ((1, 5), 'foodLeft=11'), ((10, 5), 'foodLeft=10'), ((12, 5), 'foodLeft=11'), ((1, 5), 'foodLeft=10'), ((12, 5), 'foodLeft=9'), ((1, 5), 'foodLeft=10'), ((11, 3), 'foodLeft=9'), ((2, 5), 'foodLeft=10'), ((2, 3), 'foodLeft=12'), ((1, 5), 'foodLeft=9'), ((14, 5), 'foodLeft=9'), ((12, 3), 'foodLeft=10'), ((10, 5), 'foodLeft=11'), ((12, 5), 'foodLeft=10'), ((11, 5), 'foodLeft=11'), ((15, 3), 'foodLeft=12'), ((14, 3), 'foodLeft=11'), ((9, 3), 'foodLeft=8'), ((11, 3), 'foodLeft=11'), ((7, 4), 'foodLeft=11'), ((14, 3), 'foodLeft=8'), ((13, 3), 'foodLeft=10'), ((10, 4), 'foodLeft=9'), ((11, 5), 'foodLeft=9'), ((13, 4), 'foodLeft=10'), ((11, 5), 'foodLeft=10'), ((13, 3), 'foodLeft=11'), ((13, 4), 'foodLeft=9'), ((15, 3), 'foodLeft=11'), ((12, 5), 'foodLeft=7'), ((13, 5), 'foodLeft=10'), ((13, 5), 'foodLeft=9'), ((6, 5), 'foodLeft=11'), ((13, 4), 'foodLeft=6'), ((12, 5), 'foodLeft=10'), ((9, 3), 'foodLeft=12'), ((5, 5), 'foodLeft=10'), ((10, 4), 'foodLeft=11'), ((13, 4), 'foodLeft=9'), ((13, 4), 'foodLeft=8'), ((12, 5), 'foodLeft=6'), ((13, 4), 'foodLeft=7'), ((13, 5), 'foodLeft=5'), ((12, 3), 'foodLeft=5'), ((4, 3), 'foodLeft=11')]","[((16, 5), 'foodLeft=5'), ((16, 3), 'foodLeft=13'), ((1, 3), 'foodLeft=12'), ((16, 3), 'foodLeft=12'), ((9, 3), 'foodLeft=11'), ((1, 4), 'foodLeft=11'), ((5, 5), 'foodLeft=10'), ((5, 5), 'foodLeft=11'), ((5, 3), 'foodLeft=11'), ((13, 4), 'foodLeft=10'), ((1, 3), 'foodLeft=11'), ((1, 3), 'foodLeft=11'), ((5, 3), 'foodLeft=10'), ((9, 5), 'foodLeft=8'), ((4, 3), 'foodLeft=10'), ((5, 5), 'foodLeft=11'), ((8, 3), 'foodLeft=10'), ((2, 5), 'foodLeft=11'), ((2, 5), 'foodLeft=11'), ((9, 5), 'foodLeft=10'), ((14, 3), 'foodLeft=12'), ((8, 5), 'foodLeft=12'), ((8, 3), 'foodLeft=12'), ((13, 4), 'foodLeft=9'), ((1, 3), 'foodLeft=10'), ((8, 5), 'foodLeft=10'), ((2, 3), 'foodLeft=11'), ((14, 3), 'foodLeft=10'), ((13, 3), 'foodLeft=11'), ((1, 5), 'foodLeft=11'), ((10, 5), 'foodLeft=10'), ((12, 5), 'foodLeft=11'), ((1, 5), 'foodLeft=10'), ((12, 5), 'foodLeft=9'), ((1, 5), 'foodLeft=10'), ((11, 3), 'foodLeft=9'), ((2, 5), 'foodLeft=10'), ((2, 3), 'foodLeft=12'), ((1, 5), 'foodLeft=9'), ((14, 5), 'foodLeft=9'), ((12, 3), 'foodLeft=10'), ((10, 5), 'foodLeft=11'), ((12, 5), 'foodLeft=10'), ((11, 5), 'foodLeft=11'), ((15, 3), 'foodLeft=12'), ((14, 3), 'foodLeft=11'), ((9, 3), 'foodLeft=8'), ((11, 3), 'foodLeft=11'), ((7, 4), 'foodLeft=11'), ((14, 3), 'foodLeft=8'), ((13, 3), 'foodLeft=10'), ((10, 4), 'foodLeft=9'), ((11, 5), 'foodLeft=9'), ((13, 4), 'foodLeft=10'), ((11, 5), 'foodLeft=10'), ((13, 3), 'foodLeft=11'), ((13, 4), 'foodLeft=9'), ((15, 3), 'foodLeft=11'), ((12, 5), 'foodLeft=7'), ((13, 5), 'foodLeft=10'), ((13, 5), 'foodLeft=9'), ((6, 5), 'foodLeft=11'), ((13, 4), 'foodLeft=6'), ((12, 5), 'foodLeft=10'), ((9, 3), 'foodLeft=12'), ((5, 5), 'foodLeft=10'), ((10, 4), 'foodLeft=11'), ((13, 4), 'foodLeft=9'), ((13, 4), 'foodLeft=8'), ((12, 5), 'foodLeft=6'), ((13, 4), 'foodLeft=7'), ((13, 5), 'foodLeft=5'), ((12, 3), 'foodLeft=5'), ((4, 3), 'foodLeft=11')]",232,36,24,60
232,"((16, 5), 'foodLeft=5')","((16, 4), 'foodLeft=5')",North,"[((16, 4), 'foodLeft=5'), ((17, 5), 'foodLeft=5')]","[((16, 5), 'foodLeft=5'), ((16, 3), 'foodLeft=13'), ((1, 3), 'foodLeft=12'), ((16, 3), 'foodLeft=12'), ((9, 3), 'foodLeft=11'), ((1, 4), 'foodLeft=11'), ((5, 5), 'foodLeft=10'), ((5, 5), 'foodLeft=11'), ((5, 3), 'foodLeft=11'), ((13, 4), 'foodLeft=10'), ((1, 3), 'foodLeft=11'), ((1, 3), 'foodLeft=11'), ((5, 3), 'foodLeft=10'), ((9, 5), 'foodLeft=8'), ((4, 3), 'foodLeft=10'), ((5, 5), 'foodLeft=11'), ((8, 3), 'foodLeft=10'), ((2, 5), 'foodLeft=11'), ((2, 5), 'foodLeft=11'), ((9, 5), 'foodLeft=10'), ((14, 3), 'foodLeft=12'), ((8, 5), 'foodLeft=12'), ((8, 3), 'foodLeft=12'), ((13, 4), 'foodLeft=9'), ((1, 3), 'foodLeft=10'), ((8, 5), 'foodLeft=10'), ((2, 3), 'foodLeft=11'), ((14, 3), 'foodLeft=10'), ((13, 3), 'foodLeft=11'), ((1, 5), 'foodLeft=11'), ((10, 5), 'foodLeft=10'), ((12, 5), 'foodLeft=11'), ((1, 5), 'foodLeft=10'), ((12, 5), 'foodLeft=9'), ((1, 5), 'foodLeft=10'), ((11, 3), 'foodLeft=9'), ((2, 5), 'foodLeft=10'), ((2, 3), 'foodLeft=12'), ((1, 5), 'foodLeft=9'), ((14, 5), 'foodLeft=9'), ((12, 3), 'foodLeft=10'), ((10, 5), 'foodLeft=11'), ((12, 5), 'foodLeft=10'), ((11, 5), 'foodLeft=11'), ((15, 3), 'foodLeft=12'), ((14, 3), 'foodLeft=11'), ((9, 3), 'foodLeft=8'), ((11, 3), 'foodLeft=11'), ((7, 4), 'foodLeft=11'), ((14, 3), 'foodLeft=8'), ((13, 3), 'foodLeft=10'), ((10, 4), 'foodLeft=9'), ((11, 5), 'foodLeft=9'), ((13, 4), 'foodLeft=10'), ((11, 5), 'foodLeft=10'), ((13, 3), 'foodLeft=11'), ((13, 4), 'foodLeft=9'), ((15, 3), 'foodLeft=11'), ((12, 5), 'foodLeft=7'), ((13, 5), 'foodLeft=10'), ((13, 5), 'foodLeft=9'), ((6, 5), 'foodLeft=11'), ((13, 4), 'foodLeft=6'), ((12, 5), 'foodLeft=10'), ((9, 3), 'foodLeft=12'), ((5, 5), 'foodLeft=10'), ((10, 4), 'foodLeft=11'), ((13, 4), 'foodLeft=9'), ((13, 4), 'foodLeft=8'), ((12, 5), 'foodLeft=6'), ((13, 4), 'foodLeft=7'), ((13, 5), 'foodLeft=5'), ((12, 3), 'foodLeft=5'), ((4, 3), 'foodLeft=11')]","[((17, 5), 'foodLeft=5'), ((16, 3), 'foodLeft=13'), ((1, 3), 'foodLeft=12'), ((16, 3), 'foodLeft=12'), ((9, 3), 'foodLeft=11'), ((1, 4), 'foodLeft=11'), ((5, 5), 'foodLeft=10'), ((5, 5), 'foodLeft=11'), ((5, 3), 'foodLeft=11'), ((13, 4), 'foodLeft=10'), ((1, 3), 'foodLeft=11'), ((1, 3), 'foodLeft=11'), ((5, 3), 'foodLeft=10'), ((9, 5), 'foodLeft=8'), ((4, 3), 'foodLeft=10'), ((5, 5), 'foodLeft=11'), ((8, 3), 'foodLeft=10'), ((2, 5), 'foodLeft=11'), ((2, 5), 'foodLeft=11'), ((9, 5), 'foodLeft=10'), ((14, 3), 'foodLeft=12'), ((8, 5), 'foodLeft=12'), ((8, 3), 'foodLeft=12'), ((13, 4), 'foodLeft=9'), ((1, 3), 'foodLeft=10'), ((8, 5), 'foodLeft=10'), ((2, 3), 'foodLeft=11'), ((14, 3), 'foodLeft=10'), ((13, 3), 'foodLeft=11'), ((1, 5), 'foodLeft=11'), ((10, 5), 'foodLeft=10'), ((12, 5), 'foodLeft=11'), ((1, 5), 'foodLeft=10'), ((12, 5), 'foodLeft=9'), ((1, 5), 'foodLeft=10'), ((11, 3), 'foodLeft=9'), ((2, 5), 'foodLeft=10'), ((2, 3), 'foodLeft=12'), ((1, 5), 'foodLeft=9'), ((14, 5), 'foodLeft=9'), ((12, 3), 'foodLeft=10'), ((10, 5), 'foodLeft=11'), ((12, 5), 'foodLeft=10'), ((11, 5), 'foodLeft=11'), ((15, 3), 'foodLeft=12'), ((14, 3), 'foodLeft=11'), ((9, 3), 'foodLeft=8'), ((11, 3), 'foodLeft=11'), ((7, 4), 'foodLeft=11'), ((14, 3), 'foodLeft=8'), ((13, 3), 'foodLeft=10'), ((10, 4), 'foodLeft=9'), ((11, 5), 'foodLeft=9'), ((13, 4), 'foodLeft=10'), ((11, 5), 'foodLeft=10'), ((13, 3), 'foodLeft=11'), ((13, 4), 'foodLeft=9'), ((15, 3), 'foodLeft=11'), ((12, 5), 'foodLeft=7'), ((13, 5), 'foodLeft=10'), ((13, 5), 'foodLeft=9'), ((6, 5), 'foodLeft=11'), ((13, 4), 'foodLeft=6'), ((12, 5), 'foodLeft=10'), ((9, 3), 'foodLeft=12'), ((5, 5), 'foodLeft=10'), ((10, 4), 'foodLeft=11'), ((13, 4), 'foodLeft=9'), ((13, 4), 'foodLeft=8'), ((12, 5), 'foodLeft=6'), ((13, 4), 'foodLeft=7'), ((13, 5), 'foodLeft=5'), ((12, 3), 'foodLeft=5'), ((4, 3), 'foodLeft=11')]",233,37,23,60
233,"((17, 5), 'foodLeft=5')","((16, 5), 'foodLeft=5')",East,"[((18, 5), 'foodLeft=5'), ((16, 5), 'foodLeft=5')]","[((17, 5), 'foodLeft=5'), ((16, 3), 'foodLeft=13'), ((1, 3), 'foodLeft=12'), ((16, 3), 'foodLeft=12'), ((9, 3), 'foodLeft=11'), ((1, 4), 'foodLeft=11'), ((5, 5), 'foodLeft=10'), ((5, 5), 'foodLeft=11'), ((5, 3), 'foodLeft=11'), ((13, 4), 'foodLeft=10'), ((1, 3), 'foodLeft=11'), ((1, 3), 'foodLeft=11'), ((5, 3), 'foodLeft=10'), ((9, 5), 'foodLeft=8'), ((4, 3), 'foodLeft=10'), ((5, 5), 'foodLeft=11'), ((8, 3), 'foodLeft=10'), ((2, 5), 'foodLeft=11'), ((2, 5), 'foodLeft=11'), ((9, 5), 'foodLeft=10'), ((14, 3), 'foodLeft=12'), ((8, 5), 'foodLeft=12'), ((8, 3), 'foodLeft=12'), ((13, 4), 'foodLeft=9'), ((1, 3), 'foodLeft=10'), ((8, 5), 'foodLeft=10'), ((2, 3), 'foodLeft=11'), ((14, 3), 'foodLeft=10'), ((13, 3), 'foodLeft=11'), ((1, 5), 'foodLeft=11'), ((10, 5), 'foodLeft=10'), ((12, 5), 'foodLeft=11'), ((1, 5), 'foodLeft=10'), ((12, 5), 'foodLeft=9'), ((1, 5), 'foodLeft=10'), ((11, 3), 'foodLeft=9'), ((2, 5), 'foodLeft=10'), ((2, 3), 'foodLeft=12'), ((1, 5), 'foodLeft=9'), ((14, 5), 'foodLeft=9'), ((12, 3), 'foodLeft=10'), ((10, 5), 'foodLeft=11'), ((12, 5), 'foodLeft=10'), ((11, 5), 'foodLeft=11'), ((15, 3), 'foodLeft=12'), ((14, 3), 'foodLeft=11'), ((9, 3), 'foodLeft=8'), ((11, 3), 'foodLeft=11'), ((7, 4), 'foodLeft=11'), ((14, 3), 'foodLeft=8'), ((13, 3), 'foodLeft=10'), ((10, 4), 'foodLeft=9'), ((11, 5), 'foodLeft=9'), ((13, 4), 'foodLeft=10'), ((11, 5), 'foodLeft=10'), ((13, 3), 'foodLeft=11'), ((13, 4), 'foodLeft=9'), ((15, 3), 'foodLeft=11'), ((12, 5), 'foodLeft=7'), ((13, 5), 'foodLeft=10'), ((13, 5), 'foodLeft=9'), ((6, 5), 'foodLeft=11'), ((13, 4), 'foodLeft=6'), ((12, 5), 'foodLeft=10'), ((9, 3), 'foodLeft=12'), ((5, 5), 'foodLeft=10'), ((10, 4), 'foodLeft=11'), ((13, 4), 'foodLeft=9'), ((13, 4), 'foodLeft=8'), ((12, 5), 'foodLeft=6'), ((13, 4), 'foodLeft=7'), ((13, 5), 'foodLeft=5'), ((12, 3), 'foodLeft=5'), ((4, 3), 'foodLeft=11')]","[((18, 5), 'foodLeft=5'), ((16, 3), 'foodLeft=13'), ((1, 3), 'foodLeft=12'), ((16, 3), 'foodLeft=12'), ((9, 3), 'foodLeft=11'), ((1, 4), 'foodLeft=11'), ((5, 5), 'foodLeft=10'), ((5, 5), 'foodLeft=11'), ((5, 3), 'foodLeft=11'), ((13, 4), 'foodLeft=10'), ((1, 3), 'foodLeft=11'), ((1, 3), 'foodLeft=11'), ((5, 3), 'foodLeft=10'), ((9, 5), 'foodLeft=8'), ((4, 3), 'foodLeft=10'), ((5, 5), 'foodLeft=11'), ((8, 3), 'foodLeft=10'), ((2, 5), 'foodLeft=11'), ((2, 5), 'foodLeft=11'), ((9, 5), 'foodLeft=10'), ((14, 3), 'foodLeft=12'), ((8, 5), 'foodLeft=12'), ((8, 3), 'foodLeft=12'), ((13, 4), 'foodLeft=9'), ((1, 3), 'foodLeft=10'), ((8, 5), 'foodLeft=10'), ((2, 3), 'foodLeft=11'), ((14, 3), 'foodLeft=10'), ((13, 3), 'foodLeft=11'), ((1, 5), 'foodLeft=11'), ((10, 5), 'foodLeft=10'), ((12, 5), 'foodLeft=11'), ((1, 5), 'foodLeft=10'), ((12, 5), 'foodLeft=9'), ((1, 5), 'foodLeft=10'), ((11, 3), 'foodLeft=9'), ((2, 5), 'foodLeft=10'), ((2, 3), 'foodLeft=12'), ((1, 5), 'foodLeft=9'), ((14, 5), 'foodLeft=9'), ((12, 3), 'foodLeft=10'), ((10, 5), 'foodLeft=11'), ((12, 5), 'foodLeft=10'), ((11, 5), 'foodLeft=11'), ((15, 3), 'foodLeft=12'), ((14, 3), 'foodLeft=11'), ((9, 3), 'foodLeft=8'), ((11, 3), 'foodLeft=11'), ((7, 4), 'foodLeft=11'), ((14, 3), 'foodLeft=8'), ((13, 3), 'foodLeft=10'), ((10, 4), 'foodLeft=9'), ((11, 5), 'foodLeft=9'), ((13, 4), 'foodLeft=10'), ((11, 5), 'foodLeft=10'), ((13, 3), 'foodLeft=11'), ((13, 4), 'foodLeft=9'), ((15, 3), 'foodLeft=11'), ((12, 5), 'foodLeft=7'), ((13, 5), 'foodLeft=10'), ((13, 5), 'foodLeft=9'), ((6, 5), 'foodLeft=11'), ((13, 4), 'foodLeft=6'), ((12, 5), 'foodLeft=10'), ((9, 3), 'foodLeft=12'), ((5, 5), 'foodLeft=10'), ((10, 4), 'foodLeft=11'), ((13, 4), 'foodLeft=9'), ((13, 4), 'foodLeft=8'), ((12, 5), 'foodLeft=6'), ((13, 4), 'foodLeft=7'), ((13, 5), 'foodLeft=5'), ((12, 3), 'foodLeft=5'), ((4, 3), 'foodLeft=11')]",234,38,22,60
234,"((18, 5), 'foodLeft=5')","((17, 5), 'foodLeft=5')",East,"[((18, 4), 'foodLeft=5'), ((17, 5), 'foodLeft=5')]","[((18, 5), 'foodLeft=5'), ((16, 3), 'foodLeft=13'), ((1, 3), 'foodLeft=12'), ((16, 3), 'foodLeft=12'), ((9, 3), 'foodLeft=11'), ((1, 4), 'foodLeft=11'), ((5, 5), 'foodLeft=10'), ((5, 5), 'foodLeft=11'), ((5, 3), 'foodLeft=11'), ((13, 4), 'foodLeft=10'), ((1, 3), 'foodLeft=11'), ((1, 3), 'foodLeft=11'), ((5, 3), 'foodLeft=10'), ((9, 5), 'foodLeft=8'), ((4, 3), 'foodLeft=10'), ((5, 5), 'foodLeft=11'), ((8, 3), 'foodLeft=10'), ((2, 5), 'foodLeft=11'), ((2, 5), 'foodLeft=11'), ((9, 5), 'foodLeft=10'), ((14, 3), 'foodLeft=12'), ((8, 5), 'foodLeft=12'), ((8, 3), 'foodLeft=12'), ((13, 4), 'foodLeft=9'), ((1, 3), 'foodLeft=10'), ((8, 5), 'foodLeft=10'), ((2, 3), 'foodLeft=11'), ((14, 3), 'foodLeft=10'), ((13, 3), 'foodLeft=11'), ((1, 5), 'foodLeft=11'), ((10, 5), 'foodLeft=10'), ((12, 5), 'foodLeft=11'), ((1, 5), 'foodLeft=10'), ((12, 5), 'foodLeft=9'), ((1, 5), 'foodLeft=10'), ((11, 3), 'foodLeft=9'), ((2, 5), 'foodLeft=10'), ((2, 3), 'foodLeft=12'), ((1, 5), 'foodLeft=9'), ((14, 5), 'foodLeft=9'), ((12, 3), 'foodLeft=10'), ((10, 5), 'foodLeft=11'), ((12, 5), 'foodLeft=10'), ((11, 5), 'foodLeft=11'), ((15, 3), 'foodLeft=12'), ((14, 3), 'foodLeft=11'), ((9, 3), 'foodLeft=8'), ((11, 3), 'foodLeft=11'), ((7, 4), 'foodLeft=11'), ((14, 3), 'foodLeft=8'), ((13, 3), 'foodLeft=10'), ((10, 4), 'foodLeft=9'), ((11, 5), 'foodLeft=9'), ((13, 4), 'foodLeft=10'), ((11, 5), 'foodLeft=10'), ((13, 3), 'foodLeft=11'), ((13, 4), 'foodLeft=9'), ((15, 3), 'foodLeft=11'), ((12, 5), 'foodLeft=7'), ((13, 5), 'foodLeft=10'), ((13, 5), 'foodLeft=9'), ((6, 5), 'foodLeft=11'), ((13, 4), 'foodLeft=6'), ((12, 5), 'foodLeft=10'), ((9, 3), 'foodLeft=12'), ((5, 5), 'foodLeft=10'), ((10, 4), 'foodLeft=11'), ((13, 4), 'foodLeft=9'), ((13, 4), 'foodLeft=8'), ((12, 5), 'foodLeft=6'), ((13, 4), 'foodLeft=7'), ((13, 5), 'foodLeft=5'), ((12, 3), 'foodLeft=5'), ((4, 3), 'foodLeft=11')]","[((18, 4), 'foodLeft=5'), ((16, 3), 'foodLeft=13'), ((1, 3), 'foodLeft=12'), ((16, 3), 'foodLeft=12'), ((9, 3), 'foodLeft=11'), ((1, 4), 'foodLeft=11'), ((5, 5), 'foodLeft=10'), ((5, 5), 'foodLeft=11'), ((5, 3), 'foodLeft=11'), ((13, 4), 'foodLeft=10'), ((1, 3), 'foodLeft=11'), ((1, 3), 'foodLeft=11'), ((5, 3), 'foodLeft=10'), ((9, 5), 'foodLeft=8'), ((4, 3), 'foodLeft=10'), ((5, 5), 'foodLeft=11'), ((8, 3), 'foodLeft=10'), ((2, 5), 'foodLeft=11'), ((2, 5), 'foodLeft=11'), ((9, 5), 'foodLeft=10'), ((14, 3), 'foodLeft=12'), ((8, 5), 'foodLeft=12'), ((8, 3), 'foodLeft=12'), ((13, 4), 'foodLeft=9'), ((1, 3), 'foodLeft=10'), ((8, 5), 'foodLeft=10'), ((2, 3), 'foodLeft=11'), ((14, 3), 'foodLeft=10'), ((13, 3), 'foodLeft=11'), ((1, 5), 'foodLeft=11'), ((10, 5), 'foodLeft=10'), ((12, 5), 'foodLeft=11'), ((1, 5), 'foodLeft=10'), ((12, 5), 'foodLeft=9'), ((1, 5), 'foodLeft=10'), ((11, 3), 'foodLeft=9'), ((2, 5), 'foodLeft=10'), ((2, 3), 'foodLeft=12'), ((1, 5), 'foodLeft=9'), ((14, 5), 'foodLeft=9'), ((12, 3), 'foodLeft=10'), ((10, 5), 'foodLeft=11'), ((12, 5), 'foodLeft=10'), ((11, 5), 'foodLeft=11'), ((15, 3), 'foodLeft=12'), ((14, 3), 'foodLeft=11'), ((9, 3), 'foodLeft=8'), ((11, 3), 'foodLeft=11'), ((7, 4), 'foodLeft=11'), ((14, 3), 'foodLeft=8'), ((13, 3), 'foodLeft=10'), ((10, 4), 'foodLeft=9'), ((11, 5), 'foodLeft=9'), ((13, 4), 'foodLeft=10'), ((11, 5), 'foodLeft=10'), ((13, 3), 'foodLeft=11'), ((13, 4), 'foodLeft=9'), ((15, 3), 'foodLeft=11'), ((12, 5), 'foodLeft=7'), ((13, 5), 'foodLeft=10'), ((13, 5), 'foodLeft=9'), ((6, 5), 'foodLeft=11'), ((13, 4), 'foodLeft=6'), ((12, 5), 'foodLeft=10'), ((9, 3), 'foodLeft=12'), ((5, 5), 'foodLeft=10'), ((10, 4), 'foodLeft=11'), ((13, 4), 'foodLeft=9'), ((13, 4), 'foodLeft=8'), ((12, 5), 'foodLeft=6'), ((13, 4), 'foodLeft=7'), ((13, 5), 'foodLeft=5'), ((12, 3), 'foodLeft=5'), ((4, 3), 'foodLeft=11')]",235,39,21,60
235,"((18, 4), 'foodLeft=5')","((18, 5), 'foodLeft=5')",South,"[((18, 5), 'foodLeft=5'), ((18, 3), 'foodLeft=5')]","[((18, 4), 'foodLeft=5'), ((16, 3), 'foodLeft=13'), ((1, 3), 'foodLeft=12'), ((16, 3), 'foodLeft=12'), ((9, 3), 'foodLeft=11'), ((1, 4), 'foodLeft=11'), ((5, 5), 'foodLeft=10'), ((5, 5), 'foodLeft=11'), ((5, 3), 'foodLeft=11'), ((13, 4), 'foodLeft=10'), ((1, 3), 'foodLeft=11'), ((1, 3), 'foodLeft=11'), ((5, 3), 'foodLeft=10'), ((9, 5), 'foodLeft=8'), ((4, 3), 'foodLeft=10'), ((5, 5), 'foodLeft=11'), ((8, 3), 'foodLeft=10'), ((2, 5), 'foodLeft=11'), ((2, 5), 'foodLeft=11'), ((9, 5), 'foodLeft=10'), ((14, 3), 'foodLeft=12'), ((8, 5), 'foodLeft=12'), ((8, 3), 'foodLeft=12'), ((13, 4), 'foodLeft=9'), ((1, 3), 'foodLeft=10'), ((8, 5), 'foodLeft=10'), ((2, 3), 'foodLeft=11'), ((14, 3), 'foodLeft=10'), ((13, 3), 'foodLeft=11'), ((1, 5), 'foodLeft=11'), ((10, 5), 'foodLeft=10'), ((12, 5), 'foodLeft=11'), ((1, 5), 'foodLeft=10'), ((12, 5), 'foodLeft=9'), ((1, 5), 'foodLeft=10'), ((11, 3), 'foodLeft=9'), ((2, 5), 'foodLeft=10'), ((2, 3), 'foodLeft=12'), ((1, 5), 'foodLeft=9'), ((14, 5), 'foodLeft=9'), ((12, 3), 'foodLeft=10'), ((10, 5), 'foodLeft=11'), ((12, 5), 'foodLeft=10'), ((11, 5), 'foodLeft=11'), ((15, 3), 'foodLeft=12'), ((14, 3), 'foodLeft=11'), ((9, 3), 'foodLeft=8'), ((11, 3), 'foodLeft=11'), ((7, 4), 'foodLeft=11'), ((14, 3), 'foodLeft=8'), ((13, 3), 'foodLeft=10'), ((10, 4), 'foodLeft=9'), ((11, 5), 'foodLeft=9'), ((13, 4), 'foodLeft=10'), ((11, 5), 'foodLeft=10'), ((13, 3), 'foodLeft=11'), ((13, 4), 'foodLeft=9'), ((15, 3), 'foodLeft=11'), ((12, 5), 'foodLeft=7'), ((13, 5), 'foodLeft=10'), ((13, 5), 'foodLeft=9'), ((6, 5), 'foodLeft=11'), ((13, 4), 'foodLeft=6'), ((12, 5), 'foodLeft=10'), ((9, 3), 'foodLeft=12'), ((5, 5), 'foodLeft=10'), ((10, 4), 'foodLeft=11'), ((13, 4), 'foodLeft=9'), ((13, 4), 'foodLeft=8'), ((12, 5), 'foodLeft=6'), ((13, 4), 'foodLeft=7'), ((13, 5), 'foodLeft=5'), ((12, 3), 'foodLeft=5'), ((4, 3), 'foodLeft=11')]","[((18, 3), 'foodLeft=5'), ((16, 3), 'foodLeft=13'), ((1, 3), 'foodLeft=12'), ((16, 3), 'foodLeft=12'), ((9, 3), 'foodLeft=11'), ((1, 4), 'foodLeft=11'), ((5, 5), 'foodLeft=10'), ((5, 5), 'foodLeft=11'), ((5, 3), 'foodLeft=11'), ((13, 4), 'foodLeft=10'), ((1, 3), 'foodLeft=11'), ((1, 3), 'foodLeft=11'), ((5, 3), 'foodLeft=10'), ((9, 5), 'foodLeft=8'), ((4, 3), 'foodLeft=10'), ((5, 5), 'foodLeft=11'), ((8, 3), 'foodLeft=10'), ((2, 5), 'foodLeft=11'), ((2, 5), 'foodLeft=11'), ((9, 5), 'foodLeft=10'), ((14, 3), 'foodLeft=12'), ((8, 5), 'foodLeft=12'), ((8, 3), 'foodLeft=12'), ((13, 4), 'foodLeft=9'), ((1, 3), 'foodLeft=10'), ((8, 5), 'foodLeft=10'), ((2, 3), 'foodLeft=11'), ((14, 3), 'foodLeft=10'), ((13, 3), 'foodLeft=11'), ((1, 5), 'foodLeft=11'), ((10, 5), 'foodLeft=10'), ((12, 5), 'foodLeft=11'), ((1, 5), 'foodLeft=10'), ((12, 5), 'foodLeft=9'), ((1, 5), 'foodLeft=10'), ((11, 3), 'foodLeft=9'), ((2, 5), 'foodLeft=10'), ((2, 3), 'foodLeft=12'), ((1, 5), 'foodLeft=9'), ((14, 5), 'foodLeft=9'), ((12, 3), 'foodLeft=10'), ((10, 5), 'foodLeft=11'), ((12, 5), 'foodLeft=10'), ((11, 5), 'foodLeft=11'), ((15, 3), 'foodLeft=12'), ((14, 3), 'foodLeft=11'), ((9, 3), 'foodLeft=8'), ((11, 3), 'foodLeft=11'), ((7, 4), 'foodLeft=11'), ((14, 3), 'foodLeft=8'), ((13, 3), 'foodLeft=10'), ((10, 4), 'foodLeft=9'), ((11, 5), 'foodLeft=9'), ((13, 4), 'foodLeft=10'), ((11, 5), 'foodLeft=10'), ((13, 3), 'foodLeft=11'), ((13, 4), 'foodLeft=9'), ((15, 3), 'foodLeft=11'), ((12, 5), 'foodLeft=7'), ((13, 5), 'foodLeft=10'), ((13, 5), 'foodLeft=9'), ((6, 5), 'foodLeft=11'), ((13, 4), 'foodLeft=6'), ((12, 5), 'foodLeft=10'), ((9, 3), 'foodLeft=12'), ((5, 5), 'foodLeft=10'), ((10, 4), 'foodLeft=11'), ((13, 4), 'foodLeft=9'), ((13, 4), 'foodLeft=8'), ((12, 5), 'foodLeft=6'), ((13, 4), 'foodLeft=7'), ((13, 5), 'foodLeft=5'), ((12, 3), 'foodLeft=5'), ((4, 3), 'foodLeft=11')]",236,40,20,60
236,"((18, 3), 'foodLeft=5')","((18, 4), 'foodLeft=5')",South,"[((18, 4), 'foodLeft=5'), ((18, 2), 'foodLeft=5')]","[((18, 3), 'foodLeft=5'), ((16, 3), 'foodLeft=13'), ((1, 3), 'foodLeft=12'), ((16, 3), 'foodLeft=12'), ((9, 3), 'foodLeft=11'), ((1, 4), 'foodLeft=11'), ((5, 5), 'foodLeft=10'), ((5, 5), 'foodLeft=11'), ((5, 3), 'foodLeft=11'), ((13, 4), 'foodLeft=10'), ((1, 3), 'foodLeft=11'), ((1, 3), 'foodLeft=11'), ((5, 3), 'foodLeft=10'), ((9, 5), 'foodLeft=8'), ((4, 3), 'foodLeft=10'), ((5, 5), 'foodLeft=11'), ((8, 3), 'foodLeft=10'), ((2, 5), 'foodLeft=11'), ((2, 5), 'foodLeft=11'), ((9, 5), 'foodLeft=10'), ((14, 3), 'foodLeft=12'), ((8, 5), 'foodLeft=12'), ((8, 3), 'foodLeft=12'), ((13, 4), 'foodLeft=9'), ((1, 3), 'foodLeft=10'), ((8, 5), 'foodLeft=10'), ((2, 3), 'foodLeft=11'), ((14, 3), 'foodLeft=10'), ((13, 3), 'foodLeft=11'), ((1, 5), 'foodLeft=11'), ((10, 5), 'foodLeft=10'), ((12, 5), 'foodLeft=11'), ((1, 5), 'foodLeft=10'), ((12, 5), 'foodLeft=9'), ((1, 5), 'foodLeft=10'), ((11, 3), 'foodLeft=9'), ((2, 5), 'foodLeft=10'), ((2, 3), 'foodLeft=12'), ((1, 5), 'foodLeft=9'), ((14, 5), 'foodLeft=9'), ((12, 3), 'foodLeft=10'), ((10, 5), 'foodLeft=11'), ((12, 5), 'foodLeft=10'), ((11, 5), 'foodLeft=11'), ((15, 3), 'foodLeft=12'), ((14, 3), 'foodLeft=11'), ((9, 3), 'foodLeft=8'), ((11, 3), 'foodLeft=11'), ((7, 4), 'foodLeft=11'), ((14, 3), 'foodLeft=8'), ((13, 3), 'foodLeft=10'), ((10, 4), 'foodLeft=9'), ((11, 5), 'foodLeft=9'), ((13, 4), 'foodLeft=10'), ((11, 5), 'foodLeft=10'), ((13, 3), 'foodLeft=11'), ((13, 4), 'foodLeft=9'), ((15, 3), 'foodLeft=11'), ((12, 5), 'foodLeft=7'), ((13, 5), 'foodLeft=10'), ((13, 5), 'foodLeft=9'), ((6, 5), 'foodLeft=11'), ((13, 4), 'foodLeft=6'), ((12, 5), 'foodLeft=10'), ((9, 3), 'foodLeft=12'), ((5, 5), 'foodLeft=10'), ((10, 4), 'foodLeft=11'), ((13, 4), 'foodLeft=9'), ((13, 4), 'foodLeft=8'), ((12, 5), 'foodLeft=6'), ((13, 4), 'foodLeft=7'), ((13, 5), 'foodLeft=5'), ((12, 3), 'foodLeft=5'), ((4, 3), 'foodLeft=11')]","[((18, 2), 'foodLeft=5'), ((16, 3), 'foodLeft=13'), ((1, 3), 'foodLeft=12'), ((16, 3), 'foodLeft=12'), ((9, 3), 'foodLeft=11'), ((1, 4), 'foodLeft=11'), ((5, 5), 'foodLeft=10'), ((5, 5), 'foodLeft=11'), ((5, 3), 'foodLeft=11'), ((13, 4), 'foodLeft=10'), ((1, 3), 'foodLeft=11'), ((1, 3), 'foodLeft=11'), ((5, 3), 'foodLeft=10'), ((9, 5), 'foodLeft=8'), ((4, 3), 'foodLeft=10'), ((5, 5), 'foodLeft=11'), ((8, 3), 'foodLeft=10'), ((2, 5), 'foodLeft=11'), ((2, 5), 'foodLeft=11'), ((9, 5), 'foodLeft=10'), ((14, 3), 'foodLeft=12'), ((8, 5), 'foodLeft=12'), ((8, 3), 'foodLeft=12'), ((13, 4), 'foodLeft=9'), ((1, 3), 'foodLeft=10'), ((8, 5), 'foodLeft=10'), ((2, 3), 'foodLeft=11'), ((14, 3), 'foodLeft=10'), ((13, 3), 'foodLeft=11'), ((1, 5), 'foodLeft=11'), ((10, 5), 'foodLeft=10'), ((12, 5), 'foodLeft=11'), ((1, 5), 'foodLeft=10'), ((12, 5), 'foodLeft=9'), ((1, 5), 'foodLeft=10'), ((11, 3), 'foodLeft=9'), ((2, 5), 'foodLeft=10'), ((2, 3), 'foodLeft=12'), ((1, 5), 'foodLeft=9'), ((14, 5), 'foodLeft=9'), ((12, 3), 'foodLeft=10'), ((10, 5), 'foodLeft=11'), ((12, 5), 'foodLeft=10'), ((11, 5), 'foodLeft=11'), ((15, 3), 'foodLeft=12'), ((14, 3), 'foodLeft=11'), ((9, 3), 'foodLeft=8'), ((11, 3), 'foodLeft=11'), ((7, 4), 'foodLeft=11'), ((14, 3), 'foodLeft=8'), ((13, 3), 'foodLeft=10'), ((10, 4), 'foodLeft=9'), ((11, 5), 'foodLeft=9'), ((13, 4), 'foodLeft=10'), ((11, 5), 'foodLeft=10'), ((13, 3), 'foodLeft=11'), ((13, 4), 'foodLeft=9'), ((15, 3), 'foodLeft=11'), ((12, 5), 'foodLeft=7'), ((13, 5), 'foodLeft=10'), ((13, 5), 'foodLeft=9'), ((6, 5), 'foodLeft=11'), ((13, 4), 'foodLeft=6'), ((12, 5), 'foodLeft=10'), ((9, 3), 'foodLeft=12'), ((5, 5), 'foodLeft=10'), ((10, 4), 'foodLeft=11'), ((13, 4), 'foodLeft=9'), ((13, 4), 'foodLeft=8'), ((12, 5), 'foodLeft=6'), ((13, 4), 'foodLeft=7'), ((13, 5), 'foodLeft=5'), ((12, 3), 'foodLeft=5'), ((4, 3), 'foodLeft=11')]",237,41,19,60
237,"((18, 2), 'foodLeft=5')","((18, 3), 'foodLeft=5')",South,"[((18, 3), 'foodLeft=5'), ((18, 1), 'foodLeft=5')]","[((18, 2), 'foodLeft=5'), ((16, 3), 'foodLeft=13'), ((1, 3), 'foodLeft=12'), ((16, 3), 'foodLeft=12'), ((9, 3), 'foodLeft=11'), ((1, 4), 'foodLeft=11'), ((5, 5), 'foodLeft=10'), ((5, 5), 'foodLeft=11'), ((5, 3), 'foodLeft=11'), ((13, 4), 'foodLeft=10'), ((1, 3), 'foodLeft=11'), ((1, 3), 'foodLeft=11'), ((5, 3), 'foodLeft=10'), ((9, 5), 'foodLeft=8'), ((4, 3), 'foodLeft=10'), ((5, 5), 'foodLeft=11'), ((8, 3), 'foodLeft=10'), ((2, 5), 'foodLeft=11'), ((2, 5), 'foodLeft=11'), ((9, 5), 'foodLeft=10'), ((14, 3), 'foodLeft=12'), ((8, 5), 'foodLeft=12'), ((8, 3), 'foodLeft=12'), ((13, 4), 'foodLeft=9'), ((1, 3), 'foodLeft=10'), ((8, 5), 'foodLeft=10'), ((2, 3), 'foodLeft=11'), ((14, 3), 'foodLeft=10'), ((13, 3), 'foodLeft=11'), ((1, 5), 'foodLeft=11'), ((10, 5), 'foodLeft=10'), ((12, 5), 'foodLeft=11'), ((1, 5), 'foodLeft=10'), ((12, 5), 'foodLeft=9'), ((1, 5), 'foodLeft=10'), ((11, 3), 'foodLeft=9'), ((2, 5), 'foodLeft=10'), ((2, 3), 'foodLeft=12'), ((1, 5), 'foodLeft=9'), ((14, 5), 'foodLeft=9'), ((12, 3), 'foodLeft=10'), ((10, 5), 'foodLeft=11'), ((12, 5), 'foodLeft=10'), ((11, 5), 'foodLeft=11'), ((15, 3), 'foodLeft=12'), ((14, 3), 'foodLeft=11'), ((9, 3), 'foodLeft=8'), ((11, 3), 'foodLeft=11'), ((7, 4), 'foodLeft=11'), ((14, 3), 'foodLeft=8'), ((13, 3), 'foodLeft=10'), ((10, 4), 'foodLeft=9'), ((11, 5), 'foodLeft=9'), ((13, 4), 'foodLeft=10'), ((11, 5), 'foodLeft=10'), ((13, 3), 'foodLeft=11'), ((13, 4), 'foodLeft=9'), ((15, 3), 'foodLeft=11'), ((12, 5), 'foodLeft=7'), ((13, 5), 'foodLeft=10'), ((13, 5), 'foodLeft=9'), ((6, 5), 'foodLeft=11'), ((13, 4), 'foodLeft=6'), ((12, 5), 'foodLeft=10'), ((9, 3), 'foodLeft=12'), ((5, 5), 'foodLeft=10'), ((10, 4), 'foodLeft=11'), ((13, 4), 'foodLeft=9'), ((13, 4), 'foodLeft=8'), ((12, 5), 'foodLeft=6'), ((13, 4), 'foodLeft=7'), ((13, 5), 'foodLeft=5'), ((12, 3), 'foodLeft=5'), ((4, 3), 'foodLeft=11')]","[((18, 1), 'foodLeft=5'), ((16, 3), 'foodLeft=13'), ((1, 3), 'foodLeft=12'), ((16, 3), 'foodLeft=12'), ((9, 3), 'foodLeft=11'), ((1, 4), 'foodLeft=11'), ((5, 5), 'foodLeft=10'), ((5, 5), 'foodLeft=11'), ((5, 3), 'foodLeft=11'), ((13, 4), 'foodLeft=10'), ((1, 3), 'foodLeft=11'), ((1, 3), 'foodLeft=11'), ((5, 3), 'foodLeft=10'), ((9, 5), 'foodLeft=8'), ((4, 3), 'foodLeft=10'), ((5, 5), 'foodLeft=11'), ((8, 3), 'foodLeft=10'), ((2, 5), 'foodLeft=11'), ((2, 5), 'foodLeft=11'), ((9, 5), 'foodLeft=10'), ((14, 3), 'foodLeft=12'), ((8, 5), 'foodLeft=12'), ((8, 3), 'foodLeft=12'), ((13, 4), 'foodLeft=9'), ((1, 3), 'foodLeft=10'), ((8, 5), 'foodLeft=10'), ((2, 3), 'foodLeft=11'), ((14, 3), 'foodLeft=10'), ((13, 3), 'foodLeft=11'), ((1, 5), 'foodLeft=11'), ((10, 5), 'foodLeft=10'), ((12, 5), 'foodLeft=11'), ((1, 5), 'foodLeft=10'), ((12, 5), 'foodLeft=9'), ((1, 5), 'foodLeft=10'), ((11, 3), 'foodLeft=9'), ((2, 5), 'foodLeft=10'), ((2, 3), 'foodLeft=12'), ((1, 5), 'foodLeft=9'), ((14, 5), 'foodLeft=9'), ((12, 3), 'foodLeft=10'), ((10, 5), 'foodLeft=11'), ((12, 5), 'foodLeft=10'), ((11, 5), 'foodLeft=11'), ((15, 3), 'foodLeft=12'), ((14, 3), 'foodLeft=11'), ((9, 3), 'foodLeft=8'), ((11, 3), 'foodLeft=11'), ((7, 4), 'foodLeft=11'), ((14, 3), 'foodLeft=8'), ((13, 3), 'foodLeft=10'), ((10, 4), 'foodLeft=9'), ((11, 5), 'foodLeft=9'), ((13, 4), 'foodLeft=10'), ((11, 5), 'foodLeft=10'), ((13, 3), 'foodLeft=11'), ((13, 4), 'foodLeft=9'), ((15, 3), 'foodLeft=11'), ((12, 5), 'foodLeft=7'), ((13, 5), 'foodLeft=10'), ((13, 5), 'foodLeft=9'), ((6, 5), 'foodLeft=11'), ((13, 4), 'foodLeft=6'), ((12, 5), 'foodLeft=10'), ((9, 3), 'foodLeft=12'), ((5, 5), 'foodLeft=10'), ((10, 4), 'foodLeft=11'), ((13, 4), 'foodLeft=9'), ((13, 4), 'foodLeft=8'), ((12, 5), 'foodLeft=6'), ((13, 4), 'foodLeft=7'), ((13, 5), 'foodLeft=5'), ((12, 3), 'foodLeft=5'), ((4, 3), 'foodLeft=11')]",238,42,18,60
238,"((18, 1), 'foodLeft=5')","((18, 2), 'foodLeft=5')",South,"[((18, 2), 'foodLeft=5'), ((17, 1), 'foodLeft=5')]","[((18, 1), 'foodLeft=5'), ((16, 3), 'foodLeft=13'), ((1, 3), 'foodLeft=12'), ((16, 3), 'foodLeft=12'), ((9, 3), 'foodLeft=11'), ((1, 4), 'foodLeft=11'), ((5, 5), 'foodLeft=10'), ((5, 5), 'foodLeft=11'), ((5, 3), 'foodLeft=11'), ((13, 4), 'foodLeft=10'), ((1, 3), 'foodLeft=11'), ((1, 3), 'foodLeft=11'), ((5, 3), 'foodLeft=10'), ((9, 5), 'foodLeft=8'), ((4, 3), 'foodLeft=10'), ((5, 5), 'foodLeft=11'), ((8, 3), 'foodLeft=10'), ((2, 5), 'foodLeft=11'), ((2, 5), 'foodLeft=11'), ((9, 5), 'foodLeft=10'), ((14, 3), 'foodLeft=12'), ((8, 5), 'foodLeft=12'), ((8, 3), 'foodLeft=12'), ((13, 4), 'foodLeft=9'), ((1, 3), 'foodLeft=10'), ((8, 5), 'foodLeft=10'), ((2, 3), 'foodLeft=11'), ((14, 3), 'foodLeft=10'), ((13, 3), 'foodLeft=11'), ((1, 5), 'foodLeft=11'), ((10, 5), 'foodLeft=10'), ((12, 5), 'foodLeft=11'), ((1, 5), 'foodLeft=10'), ((12, 5), 'foodLeft=9'), ((1, 5), 'foodLeft=10'), ((11, 3), 'foodLeft=9'), ((2, 5), 'foodLeft=10'), ((2, 3), 'foodLeft=12'), ((1, 5), 'foodLeft=9'), ((14, 5), 'foodLeft=9'), ((12, 3), 'foodLeft=10'), ((10, 5), 'foodLeft=11'), ((12, 5), 'foodLeft=10'), ((11, 5), 'foodLeft=11'), ((15, 3), 'foodLeft=12'), ((14, 3), 'foodLeft=11'), ((9, 3), 'foodLeft=8'), ((11, 3), 'foodLeft=11'), ((7, 4), 'foodLeft=11'), ((14, 3), 'foodLeft=8'), ((13, 3), 'foodLeft=10'), ((10, 4), 'foodLeft=9'), ((11, 5), 'foodLeft=9'), ((13, 4), 'foodLeft=10'), ((11, 5), 'foodLeft=10'), ((13, 3), 'foodLeft=11'), ((13, 4), 'foodLeft=9'), ((15, 3), 'foodLeft=11'), ((12, 5), 'foodLeft=7'), ((13, 5), 'foodLeft=10'), ((13, 5), 'foodLeft=9'), ((6, 5), 'foodLeft=11'), ((13, 4), 'foodLeft=6'), ((12, 5), 'foodLeft=10'), ((9, 3), 'foodLeft=12'), ((5, 5), 'foodLeft=10'), ((10, 4), 'foodLeft=11'), ((13, 4), 'foodLeft=9'), ((13, 4), 'foodLeft=8'), ((12, 5), 'foodLeft=6'), ((13, 4), 'foodLeft=7'), ((13, 5), 'foodLeft=5'), ((12, 3), 'foodLeft=5'), ((4, 3), 'foodLeft=11')]","[((17, 1), 'foodLeft=5'), ((16, 3), 'foodLeft=13'), ((1, 3), 'foodLeft=12'), ((16, 3), 'foodLeft=12'), ((9, 3), 'foodLeft=11'), ((1, 4), 'foodLeft=11'), ((5, 5), 'foodLeft=10'), ((5, 5), 'foodLeft=11'), ((5, 3), 'foodLeft=11'), ((13, 4), 'foodLeft=10'), ((1, 3), 'foodLeft=11'), ((1, 3), 'foodLeft=11'), ((5, 3), 'foodLeft=10'), ((9, 5), 'foodLeft=8'), ((4, 3), 'foodLeft=10'), ((5, 5), 'foodLeft=11'), ((8, 3), 'foodLeft=10'), ((2, 5), 'foodLeft=11'), ((2, 5), 'foodLeft=11'), ((9, 5), 'foodLeft=10'), ((14, 3), 'foodLeft=12'), ((8, 5), 'foodLeft=12'), ((8, 3), 'foodLeft=12'), ((13, 4), 'foodLeft=9'), ((1, 3), 'foodLeft=10'), ((8, 5), 'foodLeft=10'), ((2, 3), 'foodLeft=11'), ((14, 3), 'foodLeft=10'), ((13, 3), 'foodLeft=11'), ((1, 5), 'foodLeft=11'), ((10, 5), 'foodLeft=10'), ((12, 5), 'foodLeft=11'), ((1, 5), 'foodLeft=10'), ((12, 5), 'foodLeft=9'), ((1, 5), 'foodLeft=10'), ((11, 3), 'foodLeft=9'), ((2, 5), 'foodLeft=10'), ((2, 3), 'foodLeft=12'), ((1, 5), 'foodLeft=9'), ((14, 5), 'foodLeft=9'), ((12, 3), 'foodLeft=10'), ((10, 5), 'foodLeft=11'), ((12, 5), 'foodLeft=10'), ((11, 5), 'foodLeft=11'), ((15, 3), 'foodLeft=12'), ((14, 3), 'foodLeft=11'), ((9, 3), 'foodLeft=8'), ((11, 3), 'foodLeft=11'), ((7, 4), 'foodLeft=11'), ((14, 3), 'foodLeft=8'), ((13, 3), 'foodLeft=10'), ((10, 4), 'foodLeft=9'), ((11, 5), 'foodLeft=9'), ((13, 4), 'foodLeft=10'), ((11, 5), 'foodLeft=10'), ((13, 3), 'foodLeft=11'), ((13, 4), 'foodLeft=9'), ((15, 3), 'foodLeft=11'), ((12, 5), 'foodLeft=7'), ((13, 5), 'foodLeft=10'), ((13, 5), 'foodLeft=9'), ((6, 5), 'foodLeft=11'), ((13, 4), 'foodLeft=6'), ((12, 5), 'foodLeft=10'), ((9, 3), 'foodLeft=12'), ((5, 5), 'foodLeft=10'), ((10, 4), 'foodLeft=11'), ((13, 4), 'foodLeft=9'), ((13, 4), 'foodLeft=8'), ((12, 5), 'foodLeft=6'), ((13, 4), 'foodLeft=7'), ((13, 5), 'foodLeft=5'), ((12, 3), 'foodLeft=5'), ((4, 3), 'foodLeft=11')]",239,43,17,60
239,"((17, 1), 'foodLeft=5')","((18, 1), 'foodLeft=5')",West,"[((18, 1), 'foodLeft=5'), ((16, 1), 'foodLeft=5')]","[((17, 1), 'foodLeft=5'), ((16, 3), 'foodLeft=13'), ((1, 3), 'foodLeft=12'), ((16, 3), 'foodLeft=12'), ((9, 3), 'foodLeft=11'), ((1, 4), 'foodLeft=11'), ((5, 5), 'foodLeft=10'), ((5, 5), 'foodLeft=11'), ((5, 3), 'foodLeft=11'), ((13, 4), 'foodLeft=10'), ((1, 3), 'foodLeft=11'), ((1, 3), 'foodLeft=11'), ((5, 3), 'foodLeft=10'), ((9, 5), 'foodLeft=8'), ((4, 3), 'foodLeft=10'), ((5, 5), 'foodLeft=11'), ((8, 3), 'foodLeft=10'), ((2, 5), 'foodLeft=11'), ((2, 5), 'foodLeft=11'), ((9, 5), 'foodLeft=10'), ((14, 3), 'foodLeft=12'), ((8, 5), 'foodLeft=12'), ((8, 3), 'foodLeft=12'), ((13, 4), 'foodLeft=9'), ((1, 3), 'foodLeft=10'), ((8, 5), 'foodLeft=10'), ((2, 3), 'foodLeft=11'), ((14, 3), 'foodLeft=10'), ((13, 3), 'foodLeft=11'), ((1, 5), 'foodLeft=11'), ((10, 5), 'foodLeft=10'), ((12, 5), 'foodLeft=11'), ((1, 5), 'foodLeft=10'), ((12, 5), 'foodLeft=9'), ((1, 5), 'foodLeft=10'), ((11, 3), 'foodLeft=9'), ((2, 5), 'foodLeft=10'), ((2, 3), 'foodLeft=12'), ((1, 5), 'foodLeft=9'), ((14, 5), 'foodLeft=9'), ((12, 3), 'foodLeft=10'), ((10, 5), 'foodLeft=11'), ((12, 5), 'foodLeft=10'), ((11, 5), 'foodLeft=11'), ((15, 3), 'foodLeft=12'), ((14, 3), 'foodLeft=11'), ((9, 3), 'foodLeft=8'), ((11, 3), 'foodLeft=11'), ((7, 4), 'foodLeft=11'), ((14, 3), 'foodLeft=8'), ((13, 3), 'foodLeft=10'), ((10, 4), 'foodLeft=9'), ((11, 5), 'foodLeft=9'), ((13, 4), 'foodLeft=10'), ((11, 5), 'foodLeft=10'), ((13, 3), 'foodLeft=11'), ((13, 4), 'foodLeft=9'), ((15, 3), 'foodLeft=11'), ((12, 5), 'foodLeft=7'), ((13, 5), 'foodLeft=10'), ((13, 5), 'foodLeft=9'), ((6, 5), 'foodLeft=11'), ((13, 4), 'foodLeft=6'), ((12, 5), 'foodLeft=10'), ((9, 3), 'foodLeft=12'), ((5, 5), 'foodLeft=10'), ((10, 4), 'foodLeft=11'), ((13, 4), 'foodLeft=9'), ((13, 4), 'foodLeft=8'), ((12, 5), 'foodLeft=6'), ((13, 4), 'foodLeft=7'), ((13, 5), 'foodLeft=5'), ((12, 3), 'foodLeft=5'), ((4, 3), 'foodLeft=11')]","[((16, 1), 'foodLeft=5'), ((16, 3), 'foodLeft=13'), ((1, 3), 'foodLeft=12'), ((16, 3), 'foodLeft=12'), ((9, 3), 'foodLeft=11'), ((1, 4), 'foodLeft=11'), ((5, 5), 'foodLeft=10'), ((5, 5), 'foodLeft=11'), ((5, 3), 'foodLeft=11'), ((13, 4), 'foodLeft=10'), ((1, 3), 'foodLeft=11'), ((1, 3), 'foodLeft=11'), ((5, 3), 'foodLeft=10'), ((9, 5), 'foodLeft=8'), ((4, 3), 'foodLeft=10'), ((5, 5), 'foodLeft=11'), ((8, 3), 'foodLeft=10'), ((2, 5), 'foodLeft=11'), ((2, 5), 'foodLeft=11'), ((9, 5), 'foodLeft=10'), ((14, 3), 'foodLeft=12'), ((8, 5), 'foodLeft=12'), ((8, 3), 'foodLeft=12'), ((13, 4), 'foodLeft=9'), ((1, 3), 'foodLeft=10'), ((8, 5), 'foodLeft=10'), ((2, 3), 'foodLeft=11'), ((14, 3), 'foodLeft=10'), ((13, 3), 'foodLeft=11'), ((1, 5), 'foodLeft=11'), ((10, 5), 'foodLeft=10'), ((12, 5), 'foodLeft=11'), ((1, 5), 'foodLeft=10'), ((12, 5), 'foodLeft=9'), ((1, 5), 'foodLeft=10'), ((11, 3), 'foodLeft=9'), ((2, 5), 'foodLeft=10'), ((2, 3), 'foodLeft=12'), ((1, 5), 'foodLeft=9'), ((14, 5), 'foodLeft=9'), ((12, 3), 'foodLeft=10'), ((10, 5), 'foodLeft=11'), ((12, 5), 'foodLeft=10'), ((11, 5), 'foodLeft=11'), ((15, 3), 'foodLeft=12'), ((14, 3), 'foodLeft=11'), ((9, 3), 'foodLeft=8'), ((11, 3), 'foodLeft=11'), ((7, 4), 'foodLeft=11'), ((14, 3), 'foodLeft=8'), ((13, 3), 'foodLeft=10'), ((10, 4), 'foodLeft=9'), ((11, 5), 'foodLeft=9'), ((13, 4), 'foodLeft=10'), ((11, 5), 'foodLeft=10'), ((13, 3), 'foodLeft=11'), ((13, 4), 'foodLeft=9'), ((15, 3), 'foodLeft=11'), ((12, 5), 'foodLeft=7'), ((13, 5), 'foodLeft=10'), ((13, 5), 'foodLeft=9'), ((6, 5), 'foodLeft=11'), ((13, 4), 'foodLeft=6'), ((12, 5), 'foodLeft=10'), ((9, 3), 'foodLeft=12'), ((5, 5), 'foodLeft=10'), ((10, 4), 'foodLeft=11'), ((13, 4), 'foodLeft=9'), ((13, 4), 'foodLeft=8'), ((12, 5), 'foodLeft=6'), ((13, 4), 'foodLeft=7'), ((13, 5), 'foodLeft=5'), ((12, 3), 'foodLeft=5'), ((4, 3), 'foodLeft=11')]",240,44,16,60
240,"((16, 1), 'foodLeft=5')","((17, 1), 'foodLeft=5')",West,"[((17, 1), 'foodLeft=5'), ((15, 1), 'foodLeft=5')]","[((16, 1), 'foodLeft=5'), ((16, 3), 'foodLeft=13'), ((1, 3), 'foodLeft=12'), ((16, 3), 'foodLeft=12'), ((9, 3), 'foodLeft=11'), ((1, 4), 'foodLeft=11'), ((5, 5), 'foodLeft=10'), ((5, 5), 'foodLeft=11'), ((5, 3), 'foodLeft=11'), ((13, 4), 'foodLeft=10'), ((1, 3), 'foodLeft=11'), ((1, 3), 'foodLeft=11'), ((5, 3), 'foodLeft=10'), ((9, 5), 'foodLeft=8'), ((4, 3), 'foodLeft=10'), ((5, 5), 'foodLeft=11'), ((8, 3), 'foodLeft=10'), ((2, 5), 'foodLeft=11'), ((2, 5), 'foodLeft=11'), ((9, 5), 'foodLeft=10'), ((14, 3), 'foodLeft=12'), ((8, 5), 'foodLeft=12'), ((8, 3), 'foodLeft=12'), ((13, 4), 'foodLeft=9'), ((1, 3), 'foodLeft=10'), ((8, 5), 'foodLeft=10'), ((2, 3), 'foodLeft=11'), ((14, 3), 'foodLeft=10'), ((13, 3), 'foodLeft=11'), ((1, 5), 'foodLeft=11'), ((10, 5), 'foodLeft=10'), ((12, 5), 'foodLeft=11'), ((1, 5), 'foodLeft=10'), ((12, 5), 'foodLeft=9'), ((1, 5), 'foodLeft=10'), ((11, 3), 'foodLeft=9'), ((2, 5), 'foodLeft=10'), ((2, 3), 'foodLeft=12'), ((1, 5), 'foodLeft=9'), ((14, 5), 'foodLeft=9'), ((12, 3), 'foodLeft=10'), ((10, 5), 'foodLeft=11'), ((12, 5), 'foodLeft=10'), ((11, 5), 'foodLeft=11'), ((15, 3), 'foodLeft=12'), ((14, 3), 'foodLeft=11'), ((9, 3), 'foodLeft=8'), ((11, 3), 'foodLeft=11'), ((7, 4), 'foodLeft=11'), ((14, 3), 'foodLeft=8'), ((13, 3), 'foodLeft=10'), ((10, 4), 'foodLeft=9'), ((11, 5), 'foodLeft=9'), ((13, 4), 'foodLeft=10'), ((11, 5), 'foodLeft=10'), ((13, 3), 'foodLeft=11'), ((13, 4), 'foodLeft=9'), ((15, 3), 'foodLeft=11'), ((12, 5), 'foodLeft=7'), ((13, 5), 'foodLeft=10'), ((13, 5), 'foodLeft=9'), ((6, 5), 'foodLeft=11'), ((13, 4), 'foodLeft=6'), ((12, 5), 'foodLeft=10'), ((9, 3), 'foodLeft=12'), ((5, 5), 'foodLeft=10'), ((10, 4), 'foodLeft=11'), ((13, 4), 'foodLeft=9'), ((13, 4), 'foodLeft=8'), ((12, 5), 'foodLeft=6'), ((13, 4), 'foodLeft=7'), ((13, 5), 'foodLeft=5'), ((12, 3), 'foodLeft=5'), ((4, 3), 'foodLeft=11')]","[((15, 1), 'foodLeft=5'), ((16, 3), 'foodLeft=13'), ((1, 3), 'foodLeft=12'), ((16, 3), 'foodLeft=12'), ((9, 3), 'foodLeft=11'), ((1, 4), 'foodLeft=11'), ((5, 5), 'foodLeft=10'), ((5, 5), 'foodLeft=11'), ((5, 3), 'foodLeft=11'), ((13, 4), 'foodLeft=10'), ((1, 3), 'foodLeft=11'), ((1, 3), 'foodLeft=11'), ((5, 3), 'foodLeft=10'), ((9, 5), 'foodLeft=8'), ((4, 3), 'foodLeft=10'), ((5, 5), 'foodLeft=11'), ((8, 3), 'foodLeft=10'), ((2, 5), 'foodLeft=11'), ((2, 5), 'foodLeft=11'), ((9, 5), 'foodLeft=10'), ((14, 3), 'foodLeft=12'), ((8, 5), 'foodLeft=12'), ((8, 3), 'foodLeft=12'), ((13, 4), 'foodLeft=9'), ((1, 3), 'foodLeft=10'), ((8, 5), 'foodLeft=10'), ((2, 3), 'foodLeft=11'), ((14, 3), 'foodLeft=10'), ((13, 3), 'foodLeft=11'), ((1, 5), 'foodLeft=11'), ((10, 5), 'foodLeft=10'), ((12, 5), 'foodLeft=11'), ((1, 5), 'foodLeft=10'), ((12, 5), 'foodLeft=9'), ((1, 5), 'foodLeft=10'), ((11, 3), 'foodLeft=9'), ((2, 5), 'foodLeft=10'), ((2, 3), 'foodLeft=12'), ((1, 5), 'foodLeft=9'), ((14, 5), 'foodLeft=9'), ((12, 3), 'foodLeft=10'), ((10, 5), 'foodLeft=11'), ((12, 5), 'foodLeft=10'), ((11, 5), 'foodLeft=11'), ((15, 3), 'foodLeft=12'), ((14, 3), 'foodLeft=11'), ((9, 3), 'foodLeft=8'), ((11, 3), 'foodLeft=11'), ((7, 4), 'foodLeft=11'), ((14, 3), 'foodLeft=8'), ((13, 3), 'foodLeft=10'), ((10, 4), 'foodLeft=9'), ((11, 5), 'foodLeft=9'), ((13, 4), 'foodLeft=10'), ((11, 5), 'foodLeft=10'), ((13, 3), 'foodLeft=11'), ((13, 4), 'foodLeft=9'), ((15, 3), 'foodLeft=11'), ((12, 5), 'foodLeft=7'), ((13, 5), 'foodLeft=10'), ((13, 5), 'foodLeft=9'), ((6, 5), 'foodLeft=11'), ((13, 4), 'foodLeft=6'), ((12, 5), 'foodLeft=10'), ((9, 3), 'foodLeft=12'), ((5, 5), 'foodLeft=10'), ((10, 4), 'foodLeft=11'), ((13, 4), 'foodLeft=9'), ((13, 4), 'foodLeft=8'), ((12, 5), 'foodLeft=6'), ((13, 4), 'foodLeft=7'), ((13, 5), 'foodLeft=5'), ((12, 3), 'foodLeft=5'), ((4, 3), 'foodLeft=11')]",241,45,15,60
241,"((15, 1), 'foodLeft=5')","((16, 1), 'foodLeft=5')",West,"[((16, 1), 'foodLeft=5'), ((14, 1), 'foodLeft=5')]","[((15, 1), 'foodLeft=5'), ((16, 3), 'foodLeft=13'), ((1, 3), 'foodLeft=12'), ((16, 3), 'foodLeft=12'), ((9, 3), 'foodLeft=11'), ((1, 4), 'foodLeft=11'), ((5, 5), 'foodLeft=10'), ((5, 5), 'foodLeft=11'), ((5, 3), 'foodLeft=11'), ((13, 4), 'foodLeft=10'), ((1, 3), 'foodLeft=11'), ((1, 3), 'foodLeft=11'), ((5, 3), 'foodLeft=10'), ((9, 5), 'foodLeft=8'), ((4, 3), 'foodLeft=10'), ((5, 5), 'foodLeft=11'), ((8, 3), 'foodLeft=10'), ((2, 5), 'foodLeft=11'), ((2, 5), 'foodLeft=11'), ((9, 5), 'foodLeft=10'), ((14, 3), 'foodLeft=12'), ((8, 5), 'foodLeft=12'), ((8, 3), 'foodLeft=12'), ((13, 4), 'foodLeft=9'), ((1, 3), 'foodLeft=10'), ((8, 5), 'foodLeft=10'), ((2, 3), 'foodLeft=11'), ((14, 3), 'foodLeft=10'), ((13, 3), 'foodLeft=11'), ((1, 5), 'foodLeft=11'), ((10, 5), 'foodLeft=10'), ((12, 5), 'foodLeft=11'), ((1, 5), 'foodLeft=10'), ((12, 5), 'foodLeft=9'), ((1, 5), 'foodLeft=10'), ((11, 3), 'foodLeft=9'), ((2, 5), 'foodLeft=10'), ((2, 3), 'foodLeft=12'), ((1, 5), 'foodLeft=9'), ((14, 5), 'foodLeft=9'), ((12, 3), 'foodLeft=10'), ((10, 5), 'foodLeft=11'), ((12, 5), 'foodLeft=10'), ((11, 5), 'foodLeft=11'), ((15, 3), 'foodLeft=12'), ((14, 3), 'foodLeft=11'), ((9, 3), 'foodLeft=8'), ((11, 3), 'foodLeft=11'), ((7, 4), 'foodLeft=11'), ((14, 3), 'foodLeft=8'), ((13, 3), 'foodLeft=10'), ((10, 4), 'foodLeft=9'), ((11, 5), 'foodLeft=9'), ((13, 4), 'foodLeft=10'), ((11, 5), 'foodLeft=10'), ((13, 3), 'foodLeft=11'), ((13, 4), 'foodLeft=9'), ((15, 3), 'foodLeft=11'), ((12, 5), 'foodLeft=7'), ((13, 5), 'foodLeft=10'), ((13, 5), 'foodLeft=9'), ((6, 5), 'foodLeft=11'), ((13, 4), 'foodLeft=6'), ((12, 5), 'foodLeft=10'), ((9, 3), 'foodLeft=12'), ((5, 5), 'foodLeft=10'), ((10, 4), 'foodLeft=11'), ((13, 4), 'foodLeft=9'), ((13, 4), 'foodLeft=8'), ((12, 5), 'foodLeft=6'), ((13, 4), 'foodLeft=7'), ((13, 5), 'foodLeft=5'), ((12, 3), 'foodLeft=5'), ((4, 3), 'foodLeft=11')]","[((14, 1), 'foodLeft=5'), ((16, 3), 'foodLeft=13'), ((1, 3), 'foodLeft=12'), ((16, 3), 'foodLeft=12'), ((9, 3), 'foodLeft=11'), ((1, 4), 'foodLeft=11'), ((5, 5), 'foodLeft=10'), ((5, 5), 'foodLeft=11'), ((5, 3), 'foodLeft=11'), ((13, 4), 'foodLeft=10'), ((1, 3), 'foodLeft=11'), ((1, 3), 'foodLeft=11'), ((5, 3), 'foodLeft=10'), ((9, 5), 'foodLeft=8'), ((4, 3), 'foodLeft=10'), ((5, 5), 'foodLeft=11'), ((8, 3), 'foodLeft=10'), ((2, 5), 'foodLeft=11'), ((2, 5), 'foodLeft=11'), ((9, 5), 'foodLeft=10'), ((14, 3), 'foodLeft=12'), ((8, 5), 'foodLeft=12'), ((8, 3), 'foodLeft=12'), ((13, 4), 'foodLeft=9'), ((1, 3), 'foodLeft=10'), ((8, 5), 'foodLeft=10'), ((2, 3), 'foodLeft=11'), ((14, 3), 'foodLeft=10'), ((13, 3), 'foodLeft=11'), ((1, 5), 'foodLeft=11'), ((10, 5), 'foodLeft=10'), ((12, 5), 'foodLeft=11'), ((1, 5), 'foodLeft=10'), ((12, 5), 'foodLeft=9'), ((1, 5), 'foodLeft=10'), ((11, 3), 'foodLeft=9'), ((2, 5), 'foodLeft=10'), ((2, 3), 'foodLeft=12'), ((1, 5), 'foodLeft=9'), ((14, 5), 'foodLeft=9'), ((12, 3), 'foodLeft=10'), ((10, 5), 'foodLeft=11'), ((12, 5), 'foodLeft=10'), ((11, 5), 'foodLeft=11'), ((15, 3), 'foodLeft=12'), ((14, 3), 'foodLeft=11'), ((9, 3), 'foodLeft=8'), ((11, 3), 'foodLeft=11'), ((7, 4), 'foodLeft=11'), ((14, 3), 'foodLeft=8'), ((13, 3), 'foodLeft=10'), ((10, 4), 'foodLeft=9'), ((11, 5), 'foodLeft=9'), ((13, 4), 'foodLeft=10'), ((11, 5), 'foodLeft=10'), ((13, 3), 'foodLeft=11'), ((13, 4), 'foodLeft=9'), ((15, 3), 'foodLeft=11'), ((12, 5), 'foodLeft=7'), ((13, 5), 'foodLeft=10'), ((13, 5), 'foodLeft=9'), ((6, 5), 'foodLeft=11'), ((13, 4), 'foodLeft=6'), ((12, 5), 'foodLeft=10'), ((9, 3), 'foodLeft=12'), ((5, 5), 'foodLeft=10'), ((10, 4), 'foodLeft=11'), ((13, 4), 'foodLeft=9'), ((13, 4), 'foodLeft=8'), ((12, 5), 'foodLeft=6'), ((13, 4), 'foodLeft=7'), ((13, 5), 'foodLeft=5'), ((12, 3), 'foodLeft=5'), ((4, 3), 'foodLeft=11')]",242,46,14,60
242,"((14, 1), 'foodLeft=5')","((15, 1), 'foodLeft=5')",West,"[((15, 1), 'foodLeft=5'), ((13, 1), 'foodLeft=5')]","[((14, 1), 'foodLeft=5'), ((16, 3), 'foodLeft=13'), ((1, 3), 'foodLeft=12'), ((16, 3), 'foodLeft=12'), ((9, 3), 'foodLeft=11'), ((1, 4), 'foodLeft=11'), ((5, 5), 'foodLeft=10'), ((5, 5), 'foodLeft=11'), ((5, 3), 'foodLeft=11'), ((13, 4), 'foodLeft=10'), ((1, 3), 'foodLeft=11'), ((1, 3), 'foodLeft=11'), ((5, 3), 'foodLeft=10'), ((9, 5), 'foodLeft=8'), ((4, 3), 'foodLeft=10'), ((5, 5), 'foodLeft=11'), ((8, 3), 'foodLeft=10'), ((2, 5), 'foodLeft=11'), ((2, 5), 'foodLeft=11'), ((9, 5), 'foodLeft=10'), ((14, 3), 'foodLeft=12'), ((8, 5), 'foodLeft=12'), ((8, 3), 'foodLeft=12'), ((13, 4), 'foodLeft=9'), ((1, 3), 'foodLeft=10'), ((8, 5), 'foodLeft=10'), ((2, 3), 'foodLeft=11'), ((14, 3), 'foodLeft=10'), ((13, 3), 'foodLeft=11'), ((1, 5), 'foodLeft=11'), ((10, 5), 'foodLeft=10'), ((12, 5), 'foodLeft=11'), ((1, 5), 'foodLeft=10'), ((12, 5), 'foodLeft=9'), ((1, 5), 'foodLeft=10'), ((11, 3), 'foodLeft=9'), ((2, 5), 'foodLeft=10'), ((2, 3), 'foodLeft=12'), ((1, 5), 'foodLeft=9'), ((14, 5), 'foodLeft=9'), ((12, 3), 'foodLeft=10'), ((10, 5), 'foodLeft=11'), ((12, 5), 'foodLeft=10'), ((11, 5), 'foodLeft=11'), ((15, 3), 'foodLeft=12'), ((14, 3), 'foodLeft=11'), ((9, 3), 'foodLeft=8'), ((11, 3), 'foodLeft=11'), ((7, 4), 'foodLeft=11'), ((14, 3), 'foodLeft=8'), ((13, 3), 'foodLeft=10'), ((10, 4), 'foodLeft=9'), ((11, 5), 'foodLeft=9'), ((13, 4), 'foodLeft=10'), ((11, 5), 'foodLeft=10'), ((13, 3), 'foodLeft=11'), ((13, 4), 'foodLeft=9'), ((15, 3), 'foodLeft=11'), ((12, 5), 'foodLeft=7'), ((13, 5), 'foodLeft=10'), ((13, 5), 'foodLeft=9'), ((6, 5), 'foodLeft=11'), ((13, 4), 'foodLeft=6'), ((12, 5), 'foodLeft=10'), ((9, 3), 'foodLeft=12'), ((5, 5), 'foodLeft=10'), ((10, 4), 'foodLeft=11'), ((13, 4), 'foodLeft=9'), ((13, 4), 'foodLeft=8'), ((12, 5), 'foodLeft=6'), ((13, 4), 'foodLeft=7'), ((13, 5), 'foodLeft=5'), ((12, 3), 'foodLeft=5'), ((4, 3), 'foodLeft=11')]","[((13, 1), 'foodLeft=5'), ((16, 3), 'foodLeft=13'), ((1, 3), 'foodLeft=12'), ((16, 3), 'foodLeft=12'), ((9, 3), 'foodLeft=11'), ((1, 4), 'foodLeft=11'), ((5, 5), 'foodLeft=10'), ((5, 5), 'foodLeft=11'), ((5, 3), 'foodLeft=11'), ((13, 4), 'foodLeft=10'), ((1, 3), 'foodLeft=11'), ((1, 3), 'foodLeft=11'), ((5, 3), 'foodLeft=10'), ((9, 5), 'foodLeft=8'), ((4, 3), 'foodLeft=10'), ((5, 5), 'foodLeft=11'), ((8, 3), 'foodLeft=10'), ((2, 5), 'foodLeft=11'), ((2, 5), 'foodLeft=11'), ((9, 5), 'foodLeft=10'), ((14, 3), 'foodLeft=12'), ((8, 5), 'foodLeft=12'), ((8, 3), 'foodLeft=12'), ((13, 4), 'foodLeft=9'), ((1, 3), 'foodLeft=10'), ((8, 5), 'foodLeft=10'), ((2, 3), 'foodLeft=11'), ((14, 3), 'foodLeft=10'), ((13, 3), 'foodLeft=11'), ((1, 5), 'foodLeft=11'), ((10, 5), 'foodLeft=10'), ((12, 5), 'foodLeft=11'), ((1, 5), 'foodLeft=10'), ((12, 5), 'foodLeft=9'), ((1, 5), 'foodLeft=10'), ((11, 3), 'foodLeft=9'), ((2, 5), 'foodLeft=10'), ((2, 3), 'foodLeft=12'), ((1, 5), 'foodLeft=9'), ((14, 5), 'foodLeft=9'), ((12, 3), 'foodLeft=10'), ((10, 5), 'foodLeft=11'), ((12, 5), 'foodLeft=10'), ((11, 5), 'foodLeft=11'), ((15, 3), 'foodLeft=12'), ((14, 3), 'foodLeft=11'), ((9, 3), 'foodLeft=8'), ((11, 3), 'foodLeft=11'), ((7, 4), 'foodLeft=11'), ((14, 3), 'foodLeft=8'), ((13, 3), 'foodLeft=10'), ((10, 4), 'foodLeft=9'), ((11, 5), 'foodLeft=9'), ((13, 4), 'foodLeft=10'), ((11, 5), 'foodLeft=10'), ((13, 3), 'foodLeft=11'), ((13, 4), 'foodLeft=9'), ((15, 3), 'foodLeft=11'), ((12, 5), 'foodLeft=7'), ((13, 5), 'foodLeft=10'), ((13, 5), 'foodLeft=9'), ((6, 5), 'foodLeft=11'), ((13, 4), 'foodLeft=6'), ((12, 5), 'foodLeft=10'), ((9, 3), 'foodLeft=12'), ((5, 5), 'foodLeft=10'), ((10, 4), 'foodLeft=11'), ((13, 4), 'foodLeft=9'), ((13, 4), 'foodLeft=8'), ((12, 5), 'foodLeft=6'), ((13, 4), 'foodLeft=7'), ((13, 5), 'foodLeft=5'), ((12, 3), 'foodLeft=5'), ((4, 3), 'foodLeft=11')]",243,47,13,60
243,"((13, 1), 'foodLeft=5')","((14, 1), 'foodLeft=5')",West,"[((14, 1), 'foodLeft=5'), ((12, 1), 'foodLeft=5')]","[((13, 1), 'foodLeft=5'), ((16, 3), 'foodLeft=13'), ((1, 3), 'foodLeft=12'), ((16, 3), 'foodLeft=12'), ((9, 3), 'foodLeft=11'), ((1, 4), 'foodLeft=11'), ((5, 5), 'foodLeft=10'), ((5, 5), 'foodLeft=11'), ((5, 3), 'foodLeft=11'), ((13, 4), 'foodLeft=10'), ((1, 3), 'foodLeft=11'), ((1, 3), 'foodLeft=11'), ((5, 3), 'foodLeft=10'), ((9, 5), 'foodLeft=8'), ((4, 3), 'foodLeft=10'), ((5, 5), 'foodLeft=11'), ((8, 3), 'foodLeft=10'), ((2, 5), 'foodLeft=11'), ((2, 5), 'foodLeft=11'), ((9, 5), 'foodLeft=10'), ((14, 3), 'foodLeft=12'), ((8, 5), 'foodLeft=12'), ((8, 3), 'foodLeft=12'), ((13, 4), 'foodLeft=9'), ((1, 3), 'foodLeft=10'), ((8, 5), 'foodLeft=10'), ((2, 3), 'foodLeft=11'), ((14, 3), 'foodLeft=10'), ((13, 3), 'foodLeft=11'), ((1, 5), 'foodLeft=11'), ((10, 5), 'foodLeft=10'), ((12, 5), 'foodLeft=11'), ((1, 5), 'foodLeft=10'), ((12, 5), 'foodLeft=9'), ((1, 5), 'foodLeft=10'), ((11, 3), 'foodLeft=9'), ((2, 5), 'foodLeft=10'), ((2, 3), 'foodLeft=12'), ((1, 5), 'foodLeft=9'), ((14, 5), 'foodLeft=9'), ((12, 3), 'foodLeft=10'), ((10, 5), 'foodLeft=11'), ((12, 5), 'foodLeft=10'), ((11, 5), 'foodLeft=11'), ((15, 3), 'foodLeft=12'), ((14, 3), 'foodLeft=11'), ((9, 3), 'foodLeft=8'), ((11, 3), 'foodLeft=11'), ((7, 4), 'foodLeft=11'), ((14, 3), 'foodLeft=8'), ((13, 3), 'foodLeft=10'), ((10, 4), 'foodLeft=9'), ((11, 5), 'foodLeft=9'), ((13, 4), 'foodLeft=10'), ((11, 5), 'foodLeft=10'), ((13, 3), 'foodLeft=11'), ((13, 4), 'foodLeft=9'), ((15, 3), 'foodLeft=11'), ((12, 5), 'foodLeft=7'), ((13, 5), 'foodLeft=10'), ((13, 5), 'foodLeft=9'), ((6, 5), 'foodLeft=11'), ((13, 4), 'foodLeft=6'), ((12, 5), 'foodLeft=10'), ((9, 3), 'foodLeft=12'), ((5, 5), 'foodLeft=10'), ((10, 4), 'foodLeft=11'), ((13, 4), 'foodLeft=9'), ((13, 4), 'foodLeft=8'), ((12, 5), 'foodLeft=6'), ((13, 4), 'foodLeft=7'), ((13, 5), 'foodLeft=5'), ((12, 3), 'foodLeft=5'), ((4, 3), 'foodLeft=11')]","[((12, 1), 'foodLeft=5'), ((16, 3), 'foodLeft=13'), ((1, 3), 'foodLeft=12'), ((16, 3), 'foodLeft=12'), ((9, 3), 'foodLeft=11'), ((1, 4), 'foodLeft=11'), ((5, 5), 'foodLeft=10'), ((5, 5), 'foodLeft=11'), ((5, 3), 'foodLeft=11'), ((13, 4), 'foodLeft=10'), ((1, 3), 'foodLeft=11'), ((1, 3), 'foodLeft=11'), ((5, 3), 'foodLeft=10'), ((9, 5), 'foodLeft=8'), ((4, 3), 'foodLeft=10'), ((5, 5), 'foodLeft=11'), ((8, 3), 'foodLeft=10'), ((2, 5), 'foodLeft=11'), ((2, 5), 'foodLeft=11'), ((9, 5), 'foodLeft=10'), ((14, 3), 'foodLeft=12'), ((8, 5), 'foodLeft=12'), ((8, 3), 'foodLeft=12'), ((13, 4), 'foodLeft=9'), ((1, 3), 'foodLeft=10'), ((8, 5), 'foodLeft=10'), ((2, 3), 'foodLeft=11'), ((14, 3), 'foodLeft=10'), ((13, 3), 'foodLeft=11'), ((1, 5), 'foodLeft=11'), ((10, 5), 'foodLeft=10'), ((12, 5), 'foodLeft=11'), ((1, 5), 'foodLeft=10'), ((12, 5), 'foodLeft=9'), ((1, 5), 'foodLeft=10'), ((11, 3), 'foodLeft=9'), ((2, 5), 'foodLeft=10'), ((2, 3), 'foodLeft=12'), ((1, 5), 'foodLeft=9'), ((14, 5), 'foodLeft=9'), ((12, 3), 'foodLeft=10'), ((10, 5), 'foodLeft=11'), ((12, 5), 'foodLeft=10'), ((11, 5), 'foodLeft=11'), ((15, 3), 'foodLeft=12'), ((14, 3), 'foodLeft=11'), ((9, 3), 'foodLeft=8'), ((11, 3), 'foodLeft=11'), ((7, 4), 'foodLeft=11'), ((14, 3), 'foodLeft=8'), ((13, 3), 'foodLeft=10'), ((10, 4), 'foodLeft=9'), ((11, 5), 'foodLeft=9'), ((13, 4), 'foodLeft=10'), ((11, 5), 'foodLeft=10'), ((13, 3), 'foodLeft=11'), ((13, 4), 'foodLeft=9'), ((15, 3), 'foodLeft=11'), ((12, 5), 'foodLeft=7'), ((13, 5), 'foodLeft=10'), ((13, 5), 'foodLeft=9'), ((6, 5), 'foodLeft=11'), ((13, 4), 'foodLeft=6'), ((12, 5), 'foodLeft=10'), ((9, 3), 'foodLeft=12'), ((5, 5), 'foodLeft=10'), ((10, 4), 'foodLeft=11'), ((13, 4), 'foodLeft=9'), ((13, 4), 'foodLeft=8'), ((12, 5), 'foodLeft=6'), ((13, 4), 'foodLeft=7'), ((13, 5), 'foodLeft=5'), ((12, 3), 'foodLeft=5'), ((4, 3), 'foodLeft=11')]",244,48,12,60
244,"((12, 1), 'foodLeft=5')","((13, 1), 'foodLeft=5')",West,"[((13, 1), 'foodLeft=5'), ((11, 1), 'foodLeft=5')]","[((12, 1), 'foodLeft=5'), ((16, 3), 'foodLeft=13'), ((1, 3), 'foodLeft=12'), ((16, 3), 'foodLeft=12'), ((9, 3), 'foodLeft=11'), ((1, 4), 'foodLeft=11'), ((5, 5), 'foodLeft=10'), ((5, 5), 'foodLeft=11'), ((5, 3), 'foodLeft=11'), ((13, 4), 'foodLeft=10'), ((1, 3), 'foodLeft=11'), ((1, 3), 'foodLeft=11'), ((5, 3), 'foodLeft=10'), ((9, 5), 'foodLeft=8'), ((4, 3), 'foodLeft=10'), ((5, 5), 'foodLeft=11'), ((8, 3), 'foodLeft=10'), ((2, 5), 'foodLeft=11'), ((2, 5), 'foodLeft=11'), ((9, 5), 'foodLeft=10'), ((14, 3), 'foodLeft=12'), ((8, 5), 'foodLeft=12'), ((8, 3), 'foodLeft=12'), ((13, 4), 'foodLeft=9'), ((1, 3), 'foodLeft=10'), ((8, 5), 'foodLeft=10'), ((2, 3), 'foodLeft=11'), ((14, 3), 'foodLeft=10'), ((13, 3), 'foodLeft=11'), ((1, 5), 'foodLeft=11'), ((10, 5), 'foodLeft=10'), ((12, 5), 'foodLeft=11'), ((1, 5), 'foodLeft=10'), ((12, 5), 'foodLeft=9'), ((1, 5), 'foodLeft=10'), ((11, 3), 'foodLeft=9'), ((2, 5), 'foodLeft=10'), ((2, 3), 'foodLeft=12'), ((1, 5), 'foodLeft=9'), ((14, 5), 'foodLeft=9'), ((12, 3), 'foodLeft=10'), ((10, 5), 'foodLeft=11'), ((12, 5), 'foodLeft=10'), ((11, 5), 'foodLeft=11'), ((15, 3), 'foodLeft=12'), ((14, 3), 'foodLeft=11'), ((9, 3), 'foodLeft=8'), ((11, 3), 'foodLeft=11'), ((7, 4), 'foodLeft=11'), ((14, 3), 'foodLeft=8'), ((13, 3), 'foodLeft=10'), ((10, 4), 'foodLeft=9'), ((11, 5), 'foodLeft=9'), ((13, 4), 'foodLeft=10'), ((11, 5), 'foodLeft=10'), ((13, 3), 'foodLeft=11'), ((13, 4), 'foodLeft=9'), ((15, 3), 'foodLeft=11'), ((12, 5), 'foodLeft=7'), ((13, 5), 'foodLeft=10'), ((13, 5), 'foodLeft=9'), ((6, 5), 'foodLeft=11'), ((13, 4), 'foodLeft=6'), ((12, 5), 'foodLeft=10'), ((9, 3), 'foodLeft=12'), ((5, 5), 'foodLeft=10'), ((10, 4), 'foodLeft=11'), ((13, 4), 'foodLeft=9'), ((13, 4), 'foodLeft=8'), ((12, 5), 'foodLeft=6'), ((13, 4), 'foodLeft=7'), ((13, 5), 'foodLeft=5'), ((12, 3), 'foodLeft=5'), ((4, 3), 'foodLeft=11')]","[((11, 1), 'foodLeft=5'), ((16, 3), 'foodLeft=13'), ((1, 3), 'foodLeft=12'), ((16, 3), 'foodLeft=12'), ((9, 3), 'foodLeft=11'), ((1, 4), 'foodLeft=11'), ((5, 5), 'foodLeft=10'), ((5, 5), 'foodLeft=11'), ((5, 3), 'foodLeft=11'), ((13, 4), 'foodLeft=10'), ((1, 3), 'foodLeft=11'), ((1, 3), 'foodLeft=11'), ((5, 3), 'foodLeft=10'), ((9, 5), 'foodLeft=8'), ((4, 3), 'foodLeft=10'), ((5, 5), 'foodLeft=11'), ((8, 3), 'foodLeft=10'), ((2, 5), 'foodLeft=11'), ((2, 5), 'foodLeft=11'), ((9, 5), 'foodLeft=10'), ((14, 3), 'foodLeft=12'), ((8, 5), 'foodLeft=12'), ((8, 3), 'foodLeft=12'), ((13, 4), 'foodLeft=9'), ((1, 3), 'foodLeft=10'), ((8, 5), 'foodLeft=10'), ((2, 3), 'foodLeft=11'), ((14, 3), 'foodLeft=10'), ((13, 3), 'foodLeft=11'), ((1, 5), 'foodLeft=11'), ((10, 5), 'foodLeft=10'), ((12, 5), 'foodLeft=11'), ((1, 5), 'foodLeft=10'), ((12, 5), 'foodLeft=9'), ((1, 5), 'foodLeft=10'), ((11, 3), 'foodLeft=9'), ((2, 5), 'foodLeft=10'), ((2, 3), 'foodLeft=12'), ((1, 5), 'foodLeft=9'), ((14, 5), 'foodLeft=9'), ((12, 3), 'foodLeft=10'), ((10, 5), 'foodLeft=11'), ((12, 5), 'foodLeft=10'), ((11, 5), 'foodLeft=11'), ((15, 3), 'foodLeft=12'), ((14, 3), 'foodLeft=11'), ((9, 3), 'foodLeft=8'), ((11, 3), 'foodLeft=11'), ((7, 4), 'foodLeft=11'), ((14, 3), 'foodLeft=8'), ((13, 3), 'foodLeft=10'), ((10, 4), 'foodLeft=9'), ((11, 5), 'foodLeft=9'), ((13, 4), 'foodLeft=10'), ((11, 5), 'foodLeft=10'), ((13, 3), 'foodLeft=11'), ((13, 4), 'foodLeft=9'), ((15, 3), 'foodLeft=11'), ((12, 5), 'foodLeft=7'), ((13, 5), 'foodLeft=10'), ((13, 5), 'foodLeft=9'), ((6, 5), 'foodLeft=11'), ((13, 4), 'foodLeft=6'), ((12, 5), 'foodLeft=10'), ((9, 3), 'foodLeft=12'), ((5, 5), 'foodLeft=10'), ((10, 4), 'foodLeft=11'), ((13, 4), 'foodLeft=9'), ((13, 4), 'foodLeft=8'), ((12, 5), 'foodLeft=6'), ((13, 4), 'foodLeft=7'), ((13, 5), 'foodLeft=5'), ((12, 3), 'foodLeft=5'), ((4, 3), 'foodLeft=11')]",245,49,11,60
245,"((11, 1), 'foodLeft=5')","((12, 1), 'foodLeft=5')",West,"[((12, 1), 'foodLeft=5'), ((10, 1), 'foodLeft=5')]","[((11, 1), 'foodLeft=5'), ((16, 3), 'foodLeft=13'), ((1, 3), 'foodLeft=12'), ((16, 3), 'foodLeft=12'), ((9, 3), 'foodLeft=11'), ((1, 4), 'foodLeft=11'), ((5, 5), 'foodLeft=10'), ((5, 5), 'foodLeft=11'), ((5, 3), 'foodLeft=11'), ((13, 4), 'foodLeft=10'), ((1, 3), 'foodLeft=11'), ((1, 3), 'foodLeft=11'), ((5, 3), 'foodLeft=10'), ((9, 5), 'foodLeft=8'), ((4, 3), 'foodLeft=10'), ((5, 5), 'foodLeft=11'), ((8, 3), 'foodLeft=10'), ((2, 5), 'foodLeft=11'), ((2, 5), 'foodLeft=11'), ((9, 5), 'foodLeft=10'), ((14, 3), 'foodLeft=12'), ((8, 5), 'foodLeft=12'), ((8, 3), 'foodLeft=12'), ((13, 4), 'foodLeft=9'), ((1, 3), 'foodLeft=10'), ((8, 5), 'foodLeft=10'), ((2, 3), 'foodLeft=11'), ((14, 3), 'foodLeft=10'), ((13, 3), 'foodLeft=11'), ((1, 5), 'foodLeft=11'), ((10, 5), 'foodLeft=10'), ((12, 5), 'foodLeft=11'), ((1, 5), 'foodLeft=10'), ((12, 5), 'foodLeft=9'), ((1, 5), 'foodLeft=10'), ((11, 3), 'foodLeft=9'), ((2, 5), 'foodLeft=10'), ((2, 3), 'foodLeft=12'), ((1, 5), 'foodLeft=9'), ((14, 5), 'foodLeft=9'), ((12, 3), 'foodLeft=10'), ((10, 5), 'foodLeft=11'), ((12, 5), 'foodLeft=10'), ((11, 5), 'foodLeft=11'), ((15, 3), 'foodLeft=12'), ((14, 3), 'foodLeft=11'), ((9, 3), 'foodLeft=8'), ((11, 3), 'foodLeft=11'), ((7, 4), 'foodLeft=11'), ((14, 3), 'foodLeft=8'), ((13, 3), 'foodLeft=10'), ((10, 4), 'foodLeft=9'), ((11, 5), 'foodLeft=9'), ((13, 4), 'foodLeft=10'), ((11, 5), 'foodLeft=10'), ((13, 3), 'foodLeft=11'), ((13, 4), 'foodLeft=9'), ((15, 3), 'foodLeft=11'), ((12, 5), 'foodLeft=7'), ((13, 5), 'foodLeft=10'), ((13, 5), 'foodLeft=9'), ((6, 5), 'foodLeft=11'), ((13, 4), 'foodLeft=6'), ((12, 5), 'foodLeft=10'), ((9, 3), 'foodLeft=12'), ((5, 5), 'foodLeft=10'), ((10, 4), 'foodLeft=11'), ((13, 4), 'foodLeft=9'), ((13, 4), 'foodLeft=8'), ((12, 5), 'foodLeft=6'), ((13, 4), 'foodLeft=7'), ((13, 5), 'foodLeft=5'), ((12, 3), 'foodLeft=5'), ((4, 3), 'foodLeft=11')]","[((10, 1), 'foodLeft=5'), ((16, 3), 'foodLeft=13'), ((1, 3), 'foodLeft=12'), ((16, 3), 'foodLeft=12'), ((9, 3), 'foodLeft=11'), ((1, 4), 'foodLeft=11'), ((5, 5), 'foodLeft=10'), ((5, 5), 'foodLeft=11'), ((5, 3), 'foodLeft=11'), ((13, 4), 'foodLeft=10'), ((1, 3), 'foodLeft=11'), ((1, 3), 'foodLeft=11'), ((5, 3), 'foodLeft=10'), ((9, 5), 'foodLeft=8'), ((4, 3), 'foodLeft=10'), ((5, 5), 'foodLeft=11'), ((8, 3), 'foodLeft=10'), ((2, 5), 'foodLeft=11'), ((2, 5), 'foodLeft=11'), ((9, 5), 'foodLeft=10'), ((14, 3), 'foodLeft=12'), ((8, 5), 'foodLeft=12'), ((8, 3), 'foodLeft=12'), ((13, 4), 'foodLeft=9'), ((1, 3), 'foodLeft=10'), ((8, 5), 'foodLeft=10'), ((2, 3), 'foodLeft=11'), ((14, 3), 'foodLeft=10'), ((13, 3), 'foodLeft=11'), ((1, 5), 'foodLeft=11'), ((10, 5), 'foodLeft=10'), ((12, 5), 'foodLeft=11'), ((1, 5), 'foodLeft=10'), ((12, 5), 'foodLeft=9'), ((1, 5), 'foodLeft=10'), ((11, 3), 'foodLeft=9'), ((2, 5), 'foodLeft=10'), ((2, 3), 'foodLeft=12'), ((1, 5), 'foodLeft=9'), ((14, 5), 'foodLeft=9'), ((12, 3), 'foodLeft=10'), ((10, 5), 'foodLeft=11'), ((12, 5), 'foodLeft=10'), ((11, 5), 'foodLeft=11'), ((15, 3), 'foodLeft=12'), ((14, 3), 'foodLeft=11'), ((9, 3), 'foodLeft=8'), ((11, 3), 'foodLeft=11'), ((7, 4), 'foodLeft=11'), ((14, 3), 'foodLeft=8'), ((13, 3), 'foodLeft=10'), ((10, 4), 'foodLeft=9'), ((11, 5), 'foodLeft=9'), ((13, 4), 'foodLeft=10'), ((11, 5), 'foodLeft=10'), ((13, 3), 'foodLeft=11'), ((13, 4), 'foodLeft=9'), ((15, 3), 'foodLeft=11'), ((12, 5), 'foodLeft=7'), ((13, 5), 'foodLeft=10'), ((13, 5), 'foodLeft=9'), ((6, 5), 'foodLeft=11'), ((13, 4), 'foodLeft=6'), ((12, 5), 'foodLeft=10'), ((9, 3), 'foodLeft=12'), ((5, 5), 'foodLeft=10'), ((10, 4), 'foodLeft=11'), ((13, 4), 'foodLeft=9'), ((13, 4), 'foodLeft=8'), ((12, 5), 'foodLeft=6'), ((13, 4), 'foodLeft=7'), ((13, 5), 'foodLeft=5'), ((12, 3), 'foodLeft=5'), ((4, 3), 'foodLeft=11')]",246,50,10,60
246,"((10, 1), 'foodLeft=5')","((11, 1), 'foodLeft=5')",West,"[((11, 1), 'foodLeft=5'), ((9, 1), 'foodLeft=5')]","[((10, 1), 'foodLeft=5'), ((16, 3), 'foodLeft=13'), ((1, 3), 'foodLeft=12'), ((16, 3), 'foodLeft=12'), ((9, 3), 'foodLeft=11'), ((1, 4), 'foodLeft=11'), ((5, 5), 'foodLeft=10'), ((5, 5), 'foodLeft=11'), ((5, 3), 'foodLeft=11'), ((13, 4), 'foodLeft=10'), ((1, 3), 'foodLeft=11'), ((1, 3), 'foodLeft=11'), ((5, 3), 'foodLeft=10'), ((9, 5), 'foodLeft=8'), ((4, 3), 'foodLeft=10'), ((5, 5), 'foodLeft=11'), ((8, 3), 'foodLeft=10'), ((2, 5), 'foodLeft=11'), ((2, 5), 'foodLeft=11'), ((9, 5), 'foodLeft=10'), ((14, 3), 'foodLeft=12'), ((8, 5), 'foodLeft=12'), ((8, 3), 'foodLeft=12'), ((13, 4), 'foodLeft=9'), ((1, 3), 'foodLeft=10'), ((8, 5), 'foodLeft=10'), ((2, 3), 'foodLeft=11'), ((14, 3), 'foodLeft=10'), ((13, 3), 'foodLeft=11'), ((1, 5), 'foodLeft=11'), ((10, 5), 'foodLeft=10'), ((12, 5), 'foodLeft=11'), ((1, 5), 'foodLeft=10'), ((12, 5), 'foodLeft=9'), ((1, 5), 'foodLeft=10'), ((11, 3), 'foodLeft=9'), ((2, 5), 'foodLeft=10'), ((2, 3), 'foodLeft=12'), ((1, 5), 'foodLeft=9'), ((14, 5), 'foodLeft=9'), ((12, 3), 'foodLeft=10'), ((10, 5), 'foodLeft=11'), ((12, 5), 'foodLeft=10'), ((11, 5), 'foodLeft=11'), ((15, 3), 'foodLeft=12'), ((14, 3), 'foodLeft=11'), ((9, 3), 'foodLeft=8'), ((11, 3), 'foodLeft=11'), ((7, 4), 'foodLeft=11'), ((14, 3), 'foodLeft=8'), ((13, 3), 'foodLeft=10'), ((10, 4), 'foodLeft=9'), ((11, 5), 'foodLeft=9'), ((13, 4), 'foodLeft=10'), ((11, 5), 'foodLeft=10'), ((13, 3), 'foodLeft=11'), ((13, 4), 'foodLeft=9'), ((15, 3), 'foodLeft=11'), ((12, 5), 'foodLeft=7'), ((13, 5), 'foodLeft=10'), ((13, 5), 'foodLeft=9'), ((6, 5), 'foodLeft=11'), ((13, 4), 'foodLeft=6'), ((12, 5), 'foodLeft=10'), ((9, 3), 'foodLeft=12'), ((5, 5), 'foodLeft=10'), ((10, 4), 'foodLeft=11'), ((13, 4), 'foodLeft=9'), ((13, 4), 'foodLeft=8'), ((12, 5), 'foodLeft=6'), ((13, 4), 'foodLeft=7'), ((13, 5), 'foodLeft=5'), ((12, 3), 'foodLeft=5'), ((4, 3), 'foodLeft=11')]","[((9, 1), 'foodLeft=5'), ((16, 3), 'foodLeft=13'), ((1, 3), 'foodLeft=12'), ((16, 3), 'foodLeft=12'), ((9, 3), 'foodLeft=11'), ((1, 4), 'foodLeft=11'), ((5, 5), 'foodLeft=10'), ((5, 5), 'foodLeft=11'), ((5, 3), 'foodLeft=11'), ((13, 4), 'foodLeft=10'), ((1, 3), 'foodLeft=11'), ((1, 3), 'foodLeft=11'), ((5, 3), 'foodLeft=10'), ((9, 5), 'foodLeft=8'), ((4, 3), 'foodLeft=10'), ((5, 5), 'foodLeft=11'), ((8, 3), 'foodLeft=10'), ((2, 5), 'foodLeft=11'), ((2, 5), 'foodLeft=11'), ((9, 5), 'foodLeft=10'), ((14, 3), 'foodLeft=12'), ((8, 5), 'foodLeft=12'), ((8, 3), 'foodLeft=12'), ((13, 4), 'foodLeft=9'), ((1, 3), 'foodLeft=10'), ((8, 5), 'foodLeft=10'), ((2, 3), 'foodLeft=11'), ((14, 3), 'foodLeft=10'), ((13, 3), 'foodLeft=11'), ((1, 5), 'foodLeft=11'), ((10, 5), 'foodLeft=10'), ((12, 5), 'foodLeft=11'), ((1, 5), 'foodLeft=10'), ((12, 5), 'foodLeft=9'), ((1, 5), 'foodLeft=10'), ((11, 3), 'foodLeft=9'), ((2, 5), 'foodLeft=10'), ((2, 3), 'foodLeft=12'), ((1, 5), 'foodLeft=9'), ((14, 5), 'foodLeft=9'), ((12, 3), 'foodLeft=10'), ((10, 5), 'foodLeft=11'), ((12, 5), 'foodLeft=10'), ((11, 5), 'foodLeft=11'), ((15, 3), 'foodLeft=12'), ((14, 3), 'foodLeft=11'), ((9, 3), 'foodLeft=8'), ((11, 3), 'foodLeft=11'), ((7, 4), 'foodLeft=11'), ((14, 3), 'foodLeft=8'), ((13, 3), 'foodLeft=10'), ((10, 4), 'foodLeft=9'), ((11, 5), 'foodLeft=9'), ((13, 4), 'foodLeft=10'), ((11, 5), 'foodLeft=10'), ((13, 3), 'foodLeft=11'), ((13, 4), 'foodLeft=9'), ((15, 3), 'foodLeft=11'), ((12, 5), 'foodLeft=7'), ((13, 5), 'foodLeft=10'), ((13, 5), 'foodLeft=9'), ((6, 5), 'foodLeft=11'), ((13, 4), 'foodLeft=6'), ((12, 5), 'foodLeft=10'), ((9, 3), 'foodLeft=12'), ((5, 5), 'foodLeft=10'), ((10, 4), 'foodLeft=11'), ((13, 4), 'foodLeft=9'), ((13, 4), 'foodLeft=8'), ((12, 5), 'foodLeft=6'), ((13, 4), 'foodLeft=7'), ((13, 5), 'foodLeft=5'), ((12, 3), 'foodLeft=5'), ((4, 3), 'foodLeft=11')]",247,51,9,60
247,"((9, 1), 'foodLeft=5')","((10, 1), 'foodLeft=5')",West,"[((10, 1), 'foodLeft=5'), ((8, 1), 'foodLeft=5')]","[((9, 1), 'foodLeft=5'), ((16, 3), 'foodLeft=13'), ((1, 3), 'foodLeft=12'), ((16, 3), 'foodLeft=12'), ((9, 3), 'foodLeft=11'), ((1, 4), 'foodLeft=11'), ((5, 5), 'foodLeft=10'), ((5, 5), 'foodLeft=11'), ((5, 3), 'foodLeft=11'), ((13, 4), 'foodLeft=10'), ((1, 3), 'foodLeft=11'), ((1, 3), 'foodLeft=11'), ((5, 3), 'foodLeft=10'), ((9, 5), 'foodLeft=8'), ((4, 3), 'foodLeft=10'), ((5, 5), 'foodLeft=11'), ((8, 3), 'foodLeft=10'), ((2, 5), 'foodLeft=11'), ((2, 5), 'foodLeft=11'), ((9, 5), 'foodLeft=10'), ((14, 3), 'foodLeft=12'), ((8, 5), 'foodLeft=12'), ((8, 3), 'foodLeft=12'), ((13, 4), 'foodLeft=9'), ((1, 3), 'foodLeft=10'), ((8, 5), 'foodLeft=10'), ((2, 3), 'foodLeft=11'), ((14, 3), 'foodLeft=10'), ((13, 3), 'foodLeft=11'), ((1, 5), 'foodLeft=11'), ((10, 5), 'foodLeft=10'), ((12, 5), 'foodLeft=11'), ((1, 5), 'foodLeft=10'), ((12, 5), 'foodLeft=9'), ((1, 5), 'foodLeft=10'), ((11, 3), 'foodLeft=9'), ((2, 5), 'foodLeft=10'), ((2, 3), 'foodLeft=12'), ((1, 5), 'foodLeft=9'), ((14, 5), 'foodLeft=9'), ((12, 3), 'foodLeft=10'), ((10, 5), 'foodLeft=11'), ((12, 5), 'foodLeft=10'), ((11, 5), 'foodLeft=11'), ((15, 3), 'foodLeft=12'), ((14, 3), 'foodLeft=11'), ((9, 3), 'foodLeft=8'), ((11, 3), 'foodLeft=11'), ((7, 4), 'foodLeft=11'), ((14, 3), 'foodLeft=8'), ((13, 3), 'foodLeft=10'), ((10, 4), 'foodLeft=9'), ((11, 5), 'foodLeft=9'), ((13, 4), 'foodLeft=10'), ((11, 5), 'foodLeft=10'), ((13, 3), 'foodLeft=11'), ((13, 4), 'foodLeft=9'), ((15, 3), 'foodLeft=11'), ((12, 5), 'foodLeft=7'), ((13, 5), 'foodLeft=10'), ((13, 5), 'foodLeft=9'), ((6, 5), 'foodLeft=11'), ((13, 4), 'foodLeft=6'), ((12, 5), 'foodLeft=10'), ((9, 3), 'foodLeft=12'), ((5, 5), 'foodLeft=10'), ((10, 4), 'foodLeft=11'), ((13, 4), 'foodLeft=9'), ((13, 4), 'foodLeft=8'), ((12, 5), 'foodLeft=6'), ((13, 4), 'foodLeft=7'), ((13, 5), 'foodLeft=5'), ((12, 3), 'foodLeft=5'), ((4, 3), 'foodLeft=11')]","[((8, 1), 'foodLeft=5'), ((16, 3), 'foodLeft=13'), ((1, 3), 'foodLeft=12'), ((16, 3), 'foodLeft=12'), ((9, 3), 'foodLeft=11'), ((1, 4), 'foodLeft=11'), ((5, 5), 'foodLeft=10'), ((5, 5), 'foodLeft=11'), ((5, 3), 'foodLeft=11'), ((13, 4), 'foodLeft=10'), ((1, 3), 'foodLeft=11'), ((1, 3), 'foodLeft=11'), ((5, 3), 'foodLeft=10'), ((9, 5), 'foodLeft=8'), ((4, 3), 'foodLeft=10'), ((5, 5), 'foodLeft=11'), ((8, 3), 'foodLeft=10'), ((2, 5), 'foodLeft=11'), ((2, 5), 'foodLeft=11'), ((9, 5), 'foodLeft=10'), ((14, 3), 'foodLeft=12'), ((8, 5), 'foodLeft=12'), ((8, 3), 'foodLeft=12'), ((13, 4), 'foodLeft=9'), ((1, 3), 'foodLeft=10'), ((8, 5), 'foodLeft=10'), ((2, 3), 'foodLeft=11'), ((14, 3), 'foodLeft=10'), ((13, 3), 'foodLeft=11'), ((1, 5), 'foodLeft=11'), ((10, 5), 'foodLeft=10'), ((12, 5), 'foodLeft=11'), ((1, 5), 'foodLeft=10'), ((12, 5), 'foodLeft=9'), ((1, 5), 'foodLeft=10'), ((11, 3), 'foodLeft=9'), ((2, 5), 'foodLeft=10'), ((2, 3), 'foodLeft=12'), ((1, 5), 'foodLeft=9'), ((14, 5), 'foodLeft=9'), ((12, 3), 'foodLeft=10'), ((10, 5), 'foodLeft=11'), ((12, 5), 'foodLeft=10'), ((11, 5), 'foodLeft=11'), ((15, 3), 'foodLeft=12'), ((14, 3), 'foodLeft=11'), ((9, 3), 'foodLeft=8'), ((11, 3), 'foodLeft=11'), ((7, 4), 'foodLeft=11'), ((14, 3), 'foodLeft=8'), ((13, 3), 'foodLeft=10'), ((10, 4), 'foodLeft=9'), ((11, 5), 'foodLeft=9'), ((13, 4), 'foodLeft=10'), ((11, 5), 'foodLeft=10'), ((13, 3), 'foodLeft=11'), ((13, 4), 'foodLeft=9'), ((15, 3), 'foodLeft=11'), ((12, 5), 'foodLeft=7'), ((13, 5), 'foodLeft=10'), ((13, 5), 'foodLeft=9'), ((6, 5), 'foodLeft=11'), ((13, 4), 'foodLeft=6'), ((12, 5), 'foodLeft=10'), ((9, 3), 'foodLeft=12'), ((5, 5), 'foodLeft=10'), ((10, 4), 'foodLeft=11'), ((13, 4), 'foodLeft=9'), ((13, 4), 'foodLeft=8'), ((12, 5), 'foodLeft=6'), ((13, 4), 'foodLeft=7'), ((13, 5), 'foodLeft=5'), ((12, 3), 'foodLeft=5'), ((4, 3), 'foodLeft=11')]",248,52,8,60
248,"((8, 1), 'foodLeft=5')","((9, 1), 'foodLeft=5')",West,"[((9, 1), 'foodLeft=5'), ((7, 1), 'foodLeft=5')]","[((8, 1), 'foodLeft=5'), ((16, 3), 'foodLeft=13'), ((1, 3), 'foodLeft=12'), ((16, 3), 'foodLeft=12'), ((9, 3), 'foodLeft=11'), ((1, 4), 'foodLeft=11'), ((5, 5), 'foodLeft=10'), ((5, 5), 'foodLeft=11'), ((5, 3), 'foodLeft=11'), ((13, 4), 'foodLeft=10'), ((1, 3), 'foodLeft=11'), ((1, 3), 'foodLeft=11'), ((5, 3), 'foodLeft=10'), ((9, 5), 'foodLeft=8'), ((4, 3), 'foodLeft=10'), ((5, 5), 'foodLeft=11'), ((8, 3), 'foodLeft=10'), ((2, 5), 'foodLeft=11'), ((2, 5), 'foodLeft=11'), ((9, 5), 'foodLeft=10'), ((14, 3), 'foodLeft=12'), ((8, 5), 'foodLeft=12'), ((8, 3), 'foodLeft=12'), ((13, 4), 'foodLeft=9'), ((1, 3), 'foodLeft=10'), ((8, 5), 'foodLeft=10'), ((2, 3), 'foodLeft=11'), ((14, 3), 'foodLeft=10'), ((13, 3), 'foodLeft=11'), ((1, 5), 'foodLeft=11'), ((10, 5), 'foodLeft=10'), ((12, 5), 'foodLeft=11'), ((1, 5), 'foodLeft=10'), ((12, 5), 'foodLeft=9'), ((1, 5), 'foodLeft=10'), ((11, 3), 'foodLeft=9'), ((2, 5), 'foodLeft=10'), ((2, 3), 'foodLeft=12'), ((1, 5), 'foodLeft=9'), ((14, 5), 'foodLeft=9'), ((12, 3), 'foodLeft=10'), ((10, 5), 'foodLeft=11'), ((12, 5), 'foodLeft=10'), ((11, 5), 'foodLeft=11'), ((15, 3), 'foodLeft=12'), ((14, 3), 'foodLeft=11'), ((9, 3), 'foodLeft=8'), ((11, 3), 'foodLeft=11'), ((7, 4), 'foodLeft=11'), ((14, 3), 'foodLeft=8'), ((13, 3), 'foodLeft=10'), ((10, 4), 'foodLeft=9'), ((11, 5), 'foodLeft=9'), ((13, 4), 'foodLeft=10'), ((11, 5), 'foodLeft=10'), ((13, 3), 'foodLeft=11'), ((13, 4), 'foodLeft=9'), ((15, 3), 'foodLeft=11'), ((12, 5), 'foodLeft=7'), ((13, 5), 'foodLeft=10'), ((13, 5), 'foodLeft=9'), ((6, 5), 'foodLeft=11'), ((13, 4), 'foodLeft=6'), ((12, 5), 'foodLeft=10'), ((9, 3), 'foodLeft=12'), ((5, 5), 'foodLeft=10'), ((10, 4), 'foodLeft=11'), ((13, 4), 'foodLeft=9'), ((13, 4), 'foodLeft=8'), ((12, 5), 'foodLeft=6'), ((13, 4), 'foodLeft=7'), ((13, 5), 'foodLeft=5'), ((12, 3), 'foodLeft=5'), ((4, 3), 'foodLeft=11')]","[((7, 1), 'foodLeft=5'), ((16, 3), 'foodLeft=13'), ((1, 3), 'foodLeft=12'), ((16, 3), 'foodLeft=12'), ((9, 3), 'foodLeft=11'), ((1, 4), 'foodLeft=11'), ((5, 5), 'foodLeft=10'), ((5, 5), 'foodLeft=11'), ((5, 3), 'foodLeft=11'), ((13, 4), 'foodLeft=10'), ((1, 3), 'foodLeft=11'), ((1, 3), 'foodLeft=11'), ((5, 3), 'foodLeft=10'), ((9, 5), 'foodLeft=8'), ((4, 3), 'foodLeft=10'), ((5, 5), 'foodLeft=11'), ((8, 3), 'foodLeft=10'), ((2, 5), 'foodLeft=11'), ((2, 5), 'foodLeft=11'), ((9, 5), 'foodLeft=10'), ((14, 3), 'foodLeft=12'), ((8, 5), 'foodLeft=12'), ((8, 3), 'foodLeft=12'), ((13, 4), 'foodLeft=9'), ((1, 3), 'foodLeft=10'), ((8, 5), 'foodLeft=10'), ((2, 3), 'foodLeft=11'), ((14, 3), 'foodLeft=10'), ((13, 3), 'foodLeft=11'), ((1, 5), 'foodLeft=11'), ((10, 5), 'foodLeft=10'), ((12, 5), 'foodLeft=11'), ((1, 5), 'foodLeft=10'), ((12, 5), 'foodLeft=9'), ((1, 5), 'foodLeft=10'), ((11, 3), 'foodLeft=9'), ((2, 5), 'foodLeft=10'), ((2, 3), 'foodLeft=12'), ((1, 5), 'foodLeft=9'), ((14, 5), 'foodLeft=9'), ((12, 3), 'foodLeft=10'), ((10, 5), 'foodLeft=11'), ((12, 5), 'foodLeft=10'), ((11, 5), 'foodLeft=11'), ((15, 3), 'foodLeft=12'), ((14, 3), 'foodLeft=11'), ((9, 3), 'foodLeft=8'), ((11, 3), 'foodLeft=11'), ((7, 4), 'foodLeft=11'), ((14, 3), 'foodLeft=8'), ((13, 3), 'foodLeft=10'), ((10, 4), 'foodLeft=9'), ((11, 5), 'foodLeft=9'), ((13, 4), 'foodLeft=10'), ((11, 5), 'foodLeft=10'), ((13, 3), 'foodLeft=11'), ((13, 4), 'foodLeft=9'), ((15, 3), 'foodLeft=11'), ((12, 5), 'foodLeft=7'), ((13, 5), 'foodLeft=10'), ((13, 5), 'foodLeft=9'), ((6, 5), 'foodLeft=11'), ((13, 4), 'foodLeft=6'), ((12, 5), 'foodLeft=10'), ((9, 3), 'foodLeft=12'), ((5, 5), 'foodLeft=10'), ((10, 4), 'foodLeft=11'), ((13, 4), 'foodLeft=9'), ((13, 4), 'foodLeft=8'), ((12, 5), 'foodLeft=6'), ((13, 4), 'foodLeft=7'), ((13, 5), 'foodLeft=5'), ((12, 3), 'foodLeft=5'), ((4, 3), 'foodLeft=11')]",249,53,7,60
249,"((7, 1), 'foodLeft=5')","((8, 1), 'foodLeft=5')",West,"[((8, 1), 'foodLeft=5'), ((6, 1), 'foodLeft=5')]","[((7, 1), 'foodLeft=5'), ((16, 3), 'foodLeft=13'), ((1, 3), 'foodLeft=12'), ((16, 3), 'foodLeft=12'), ((9, 3), 'foodLeft=11'), ((1, 4), 'foodLeft=11'), ((5, 5), 'foodLeft=10'), ((5, 5), 'foodLeft=11'), ((5, 3), 'foodLeft=11'), ((13, 4), 'foodLeft=10'), ((1, 3), 'foodLeft=11'), ((1, 3), 'foodLeft=11'), ((5, 3), 'foodLeft=10'), ((9, 5), 'foodLeft=8'), ((4, 3), 'foodLeft=10'), ((5, 5), 'foodLeft=11'), ((8, 3), 'foodLeft=10'), ((2, 5), 'foodLeft=11'), ((2, 5), 'foodLeft=11'), ((9, 5), 'foodLeft=10'), ((14, 3), 'foodLeft=12'), ((8, 5), 'foodLeft=12'), ((8, 3), 'foodLeft=12'), ((13, 4), 'foodLeft=9'), ((1, 3), 'foodLeft=10'), ((8, 5), 'foodLeft=10'), ((2, 3), 'foodLeft=11'), ((14, 3), 'foodLeft=10'), ((13, 3), 'foodLeft=11'), ((1, 5), 'foodLeft=11'), ((10, 5), 'foodLeft=10'), ((12, 5), 'foodLeft=11'), ((1, 5), 'foodLeft=10'), ((12, 5), 'foodLeft=9'), ((1, 5), 'foodLeft=10'), ((11, 3), 'foodLeft=9'), ((2, 5), 'foodLeft=10'), ((2, 3), 'foodLeft=12'), ((1, 5), 'foodLeft=9'), ((14, 5), 'foodLeft=9'), ((12, 3), 'foodLeft=10'), ((10, 5), 'foodLeft=11'), ((12, 5), 'foodLeft=10'), ((11, 5), 'foodLeft=11'), ((15, 3), 'foodLeft=12'), ((14, 3), 'foodLeft=11'), ((9, 3), 'foodLeft=8'), ((11, 3), 'foodLeft=11'), ((7, 4), 'foodLeft=11'), ((14, 3), 'foodLeft=8'), ((13, 3), 'foodLeft=10'), ((10, 4), 'foodLeft=9'), ((11, 5), 'foodLeft=9'), ((13, 4), 'foodLeft=10'), ((11, 5), 'foodLeft=10'), ((13, 3), 'foodLeft=11'), ((13, 4), 'foodLeft=9'), ((15, 3), 'foodLeft=11'), ((12, 5), 'foodLeft=7'), ((13, 5), 'foodLeft=10'), ((13, 5), 'foodLeft=9'), ((6, 5), 'foodLeft=11'), ((13, 4), 'foodLeft=6'), ((12, 5), 'foodLeft=10'), ((9, 3), 'foodLeft=12'), ((5, 5), 'foodLeft=10'), ((10, 4), 'foodLeft=11'), ((13, 4), 'foodLeft=9'), ((13, 4), 'foodLeft=8'), ((12, 5), 'foodLeft=6'), ((13, 4), 'foodLeft=7'), ((13, 5), 'foodLeft=5'), ((12, 3), 'foodLeft=5'), ((4, 3), 'foodLeft=11')]","[((6, 1), 'foodLeft=5'), ((16, 3), 'foodLeft=13'), ((1, 3), 'foodLeft=12'), ((16, 3), 'foodLeft=12'), ((9, 3), 'foodLeft=11'), ((1, 4), 'foodLeft=11'), ((5, 5), 'foodLeft=10'), ((5, 5), 'foodLeft=11'), ((5, 3), 'foodLeft=11'), ((13, 4), 'foodLeft=10'), ((1, 3), 'foodLeft=11'), ((1, 3), 'foodLeft=11'), ((5, 3), 'foodLeft=10'), ((9, 5), 'foodLeft=8'), ((4, 3), 'foodLeft=10'), ((5, 5), 'foodLeft=11'), ((8, 3), 'foodLeft=10'), ((2, 5), 'foodLeft=11'), ((2, 5), 'foodLeft=11'), ((9, 5), 'foodLeft=10'), ((14, 3), 'foodLeft=12'), ((8, 5), 'foodLeft=12'), ((8, 3), 'foodLeft=12'), ((13, 4), 'foodLeft=9'), ((1, 3), 'foodLeft=10'), ((8, 5), 'foodLeft=10'), ((2, 3), 'foodLeft=11'), ((14, 3), 'foodLeft=10'), ((13, 3), 'foodLeft=11'), ((1, 5), 'foodLeft=11'), ((10, 5), 'foodLeft=10'), ((12, 5), 'foodLeft=11'), ((1, 5), 'foodLeft=10'), ((12, 5), 'foodLeft=9'), ((1, 5), 'foodLeft=10'), ((11, 3), 'foodLeft=9'), ((2, 5), 'foodLeft=10'), ((2, 3), 'foodLeft=12'), ((1, 5), 'foodLeft=9'), ((14, 5), 'foodLeft=9'), ((12, 3), 'foodLeft=10'), ((10, 5), 'foodLeft=11'), ((12, 5), 'foodLeft=10'), ((11, 5), 'foodLeft=11'), ((15, 3), 'foodLeft=12'), ((14, 3), 'foodLeft=11'), ((9, 3), 'foodLeft=8'), ((11, 3), 'foodLeft=11'), ((7, 4), 'foodLeft=11'), ((14, 3), 'foodLeft=8'), ((13, 3), 'foodLeft=10'), ((10, 4), 'foodLeft=9'), ((11, 5), 'foodLeft=9'), ((13, 4), 'foodLeft=10'), ((11, 5), 'foodLeft=10'), ((13, 3), 'foodLeft=11'), ((13, 4), 'foodLeft=9'), ((15, 3), 'foodLeft=11'), ((12, 5), 'foodLeft=7'), ((13, 5), 'foodLeft=10'), ((13, 5), 'foodLeft=9'), ((6, 5), 'foodLeft=11'), ((13, 4), 'foodLeft=6'), ((12, 5), 'foodLeft=10'), ((9, 3), 'foodLeft=12'), ((5, 5), 'foodLeft=10'), ((10, 4), 'foodLeft=11'), ((13, 4), 'foodLeft=9'), ((13, 4), 'foodLeft=8'), ((12, 5), 'foodLeft=6'), ((13, 4), 'foodLeft=7'), ((13, 5), 'foodLeft=5'), ((12, 3), 'foodLeft=5'), ((4, 3), 'foodLeft=11')]",250,54,6,60
250,"((6, 1), 'foodLeft=5')","((7, 1), 'foodLeft=5')",West,"[((7, 1), 'foodLeft=5'), ((5, 1), 'foodLeft=4')]","[((6, 1), 'foodLeft=5'), ((16, 3), 'foodLeft=13'), ((1, 3), 'foodLeft=12'), ((16, 3), 'foodLeft=12'), ((9, 3), 'foodLeft=11'), ((1, 4), 'foodLeft=11'), ((5, 5), 'foodLeft=10'), ((5, 5), 'foodLeft=11'), ((5, 3), 'foodLeft=11'), ((13, 4), 'foodLeft=10'), ((1, 3), 'foodLeft=11'), ((1, 3), 'foodLeft=11'), ((5, 3), 'foodLeft=10'), ((9, 5), 'foodLeft=8'), ((4, 3), 'foodLeft=10'), ((5, 5), 'foodLeft=11'), ((8, 3), 'foodLeft=10'), ((2, 5), 'foodLeft=11'), ((2, 5), 'foodLeft=11'), ((9, 5), 'foodLeft=10'), ((14, 3), 'foodLeft=12'), ((8, 5), 'foodLeft=12'), ((8, 3), 'foodLeft=12'), ((13, 4), 'foodLeft=9'), ((1, 3), 'foodLeft=10'), ((8, 5), 'foodLeft=10'), ((2, 3), 'foodLeft=11'), ((14, 3), 'foodLeft=10'), ((13, 3), 'foodLeft=11'), ((1, 5), 'foodLeft=11'), ((10, 5), 'foodLeft=10'), ((12, 5), 'foodLeft=11'), ((1, 5), 'foodLeft=10'), ((12, 5), 'foodLeft=9'), ((1, 5), 'foodLeft=10'), ((11, 3), 'foodLeft=9'), ((2, 5), 'foodLeft=10'), ((2, 3), 'foodLeft=12'), ((1, 5), 'foodLeft=9'), ((14, 5), 'foodLeft=9'), ((12, 3), 'foodLeft=10'), ((10, 5), 'foodLeft=11'), ((12, 5), 'foodLeft=10'), ((11, 5), 'foodLeft=11'), ((15, 3), 'foodLeft=12'), ((14, 3), 'foodLeft=11'), ((9, 3), 'foodLeft=8'), ((11, 3), 'foodLeft=11'), ((7, 4), 'foodLeft=11'), ((14, 3), 'foodLeft=8'), ((13, 3), 'foodLeft=10'), ((10, 4), 'foodLeft=9'), ((11, 5), 'foodLeft=9'), ((13, 4), 'foodLeft=10'), ((11, 5), 'foodLeft=10'), ((13, 3), 'foodLeft=11'), ((13, 4), 'foodLeft=9'), ((15, 3), 'foodLeft=11'), ((12, 5), 'foodLeft=7'), ((13, 5), 'foodLeft=10'), ((13, 5), 'foodLeft=9'), ((6, 5), 'foodLeft=11'), ((13, 4), 'foodLeft=6'), ((12, 5), 'foodLeft=10'), ((9, 3), 'foodLeft=12'), ((5, 5), 'foodLeft=10'), ((10, 4), 'foodLeft=11'), ((13, 4), 'foodLeft=9'), ((13, 4), 'foodLeft=8'), ((12, 5), 'foodLeft=6'), ((13, 4), 'foodLeft=7'), ((13, 5), 'foodLeft=5'), ((12, 3), 'foodLeft=5'), ((4, 3), 'foodLeft=11')]","[((5, 1), 'foodLeft=4'), ((16, 3), 'foodLeft=13'), ((1, 3), 'foodLeft=12'), ((16, 3), 'foodLeft=12'), ((9, 3), 'foodLeft=11'), ((1, 4), 'foodLeft=11'), ((5, 5), 'foodLeft=10'), ((5, 5), 'foodLeft=11'), ((5, 3), 'foodLeft=11'), ((13, 4), 'foodLeft=10'), ((1, 3), 'foodLeft=11'), ((1, 3), 'foodLeft=11'), ((5, 3), 'foodLeft=10'), ((9, 5), 'foodLeft=8'), ((4, 3), 'foodLeft=10'), ((5, 5), 'foodLeft=11'), ((8, 3), 'foodLeft=10'), ((2, 5), 'foodLeft=11'), ((2, 5), 'foodLeft=11'), ((9, 5), 'foodLeft=10'), ((14, 3), 'foodLeft=12'), ((8, 5), 'foodLeft=12'), ((8, 3), 'foodLeft=12'), ((13, 4), 'foodLeft=9'), ((1, 3), 'foodLeft=10'), ((8, 5), 'foodLeft=10'), ((2, 3), 'foodLeft=11'), ((14, 3), 'foodLeft=10'), ((13, 3), 'foodLeft=11'), ((1, 5), 'foodLeft=11'), ((10, 5), 'foodLeft=10'), ((12, 5), 'foodLeft=11'), ((1, 5), 'foodLeft=10'), ((12, 5), 'foodLeft=9'), ((1, 5), 'foodLeft=10'), ((11, 3), 'foodLeft=9'), ((2, 5), 'foodLeft=10'), ((2, 3), 'foodLeft=12'), ((1, 5), 'foodLeft=9'), ((14, 5), 'foodLeft=9'), ((12, 3), 'foodLeft=10'), ((10, 5), 'foodLeft=11'), ((12, 5), 'foodLeft=10'), ((11, 5), 'foodLeft=11'), ((15, 3), 'foodLeft=12'), ((14, 3), 'foodLeft=11'), ((9, 3), 'foodLeft=8'), ((11, 3), 'foodLeft=11'), ((7, 4), 'foodLeft=11'), ((14, 3), 'foodLeft=8'), ((13, 3), 'foodLeft=10'), ((10, 4), 'foodLeft=9'), ((11, 5), 'foodLeft=9'), ((13, 4), 'foodLeft=10'), ((11, 5), 'foodLeft=10'), ((13, 3), 'foodLeft=11'), ((13, 4), 'foodLeft=9'), ((15, 3), 'foodLeft=11'), ((12, 5), 'foodLeft=7'), ((13, 5), 'foodLeft=10'), ((13, 5), 'foodLeft=9'), ((6, 5), 'foodLeft=11'), ((13, 4), 'foodLeft=6'), ((12, 5), 'foodLeft=10'), ((9, 3), 'foodLeft=12'), ((5, 5), 'foodLeft=10'), ((10, 4), 'foodLeft=11'), ((13, 4), 'foodLeft=9'), ((13, 4), 'foodLeft=8'), ((12, 5), 'foodLeft=6'), ((13, 4), 'foodLeft=7'), ((13, 5), 'foodLeft=5'), ((12, 3), 'foodLeft=5'), ((4, 3), 'foodLeft=11')]",251,55,5,60
251,"((5, 1), 'foodLeft=4')","((6, 1), 'foodLeft=5')",West,"[((6, 1), 'foodLeft=4'), ((4, 1), 'foodLeft=3')]","[((5, 1), 'foodLeft=4'), ((16, 3), 'foodLeft=13'), ((1, 3), 'foodLeft=12'), ((16, 3), 'foodLeft=12'), ((9, 3), 'foodLeft=11'), ((1, 4), 'foodLeft=11'), ((5, 5), 'foodLeft=10'), ((5, 5), 'foodLeft=11'), ((5, 3), 'foodLeft=11'), ((13, 4), 'foodLeft=10'), ((1, 3), 'foodLeft=11'), ((1, 3), 'foodLeft=11'), ((5, 3), 'foodLeft=10'), ((9, 5), 'foodLeft=8'), ((4, 3), 'foodLeft=10'), ((5, 5), 'foodLeft=11'), ((8, 3), 'foodLeft=10'), ((2, 5), 'foodLeft=11'), ((2, 5), 'foodLeft=11'), ((9, 5), 'foodLeft=10'), ((14, 3), 'foodLeft=12'), ((8, 5), 'foodLeft=12'), ((8, 3), 'foodLeft=12'), ((13, 4), 'foodLeft=9'), ((1, 3), 'foodLeft=10'), ((8, 5), 'foodLeft=10'), ((2, 3), 'foodLeft=11'), ((14, 3), 'foodLeft=10'), ((13, 3), 'foodLeft=11'), ((1, 5), 'foodLeft=11'), ((10, 5), 'foodLeft=10'), ((12, 5), 'foodLeft=11'), ((1, 5), 'foodLeft=10'), ((12, 5), 'foodLeft=9'), ((1, 5), 'foodLeft=10'), ((11, 3), 'foodLeft=9'), ((2, 5), 'foodLeft=10'), ((2, 3), 'foodLeft=12'), ((1, 5), 'foodLeft=9'), ((14, 5), 'foodLeft=9'), ((12, 3), 'foodLeft=10'), ((10, 5), 'foodLeft=11'), ((12, 5), 'foodLeft=10'), ((11, 5), 'foodLeft=11'), ((15, 3), 'foodLeft=12'), ((14, 3), 'foodLeft=11'), ((9, 3), 'foodLeft=8'), ((11, 3), 'foodLeft=11'), ((7, 4), 'foodLeft=11'), ((14, 3), 'foodLeft=8'), ((13, 3), 'foodLeft=10'), ((10, 4), 'foodLeft=9'), ((11, 5), 'foodLeft=9'), ((13, 4), 'foodLeft=10'), ((11, 5), 'foodLeft=10'), ((13, 3), 'foodLeft=11'), ((13, 4), 'foodLeft=9'), ((15, 3), 'foodLeft=11'), ((12, 5), 'foodLeft=7'), ((13, 5), 'foodLeft=10'), ((13, 5), 'foodLeft=9'), ((6, 5), 'foodLeft=11'), ((13, 4), 'foodLeft=6'), ((12, 5), 'foodLeft=10'), ((9, 3), 'foodLeft=12'), ((5, 5), 'foodLeft=10'), ((10, 4), 'foodLeft=11'), ((13, 4), 'foodLeft=9'), ((13, 4), 'foodLeft=8'), ((12, 5), 'foodLeft=6'), ((13, 4), 'foodLeft=7'), ((13, 5), 'foodLeft=5'), ((12, 3), 'foodLeft=5'), ((4, 3), 'foodLeft=11')]","[((4, 1), 'foodLeft=3'), ((16, 3), 'foodLeft=13'), ((1, 3), 'foodLeft=12'), ((16, 3), 'foodLeft=12'), ((9, 3), 'foodLeft=11'), ((1, 4), 'foodLeft=11'), ((5, 5), 'foodLeft=10'), ((5, 5), 'foodLeft=11'), ((5, 3), 'foodLeft=11'), ((13, 4), 'foodLeft=10'), ((1, 3), 'foodLeft=11'), ((1, 3), 'foodLeft=11'), ((5, 3), 'foodLeft=10'), ((9, 5), 'foodLeft=8'), ((4, 3), 'foodLeft=10'), ((5, 5), 'foodLeft=11'), ((8, 3), 'foodLeft=10'), ((2, 5), 'foodLeft=11'), ((2, 5), 'foodLeft=11'), ((9, 5), 'foodLeft=10'), ((14, 3), 'foodLeft=12'), ((8, 5), 'foodLeft=12'), ((8, 3), 'foodLeft=12'), ((13, 4), 'foodLeft=9'), ((1, 3), 'foodLeft=10'), ((8, 5), 'foodLeft=10'), ((2, 3), 'foodLeft=11'), ((14, 3), 'foodLeft=10'), ((13, 3), 'foodLeft=11'), ((1, 5), 'foodLeft=11'), ((10, 5), 'foodLeft=10'), ((12, 5), 'foodLeft=11'), ((1, 5), 'foodLeft=10'), ((12, 5), 'foodLeft=9'), ((1, 5), 'foodLeft=10'), ((11, 3), 'foodLeft=9'), ((2, 5), 'foodLeft=10'), ((2, 3), 'foodLeft=12'), ((1, 5), 'foodLeft=9'), ((14, 5), 'foodLeft=9'), ((12, 3), 'foodLeft=10'), ((10, 5), 'foodLeft=11'), ((12, 5), 'foodLeft=10'), ((11, 5), 'foodLeft=11'), ((15, 3), 'foodLeft=12'), ((14, 3), 'foodLeft=11'), ((9, 3), 'foodLeft=8'), ((11, 3), 'foodLeft=11'), ((7, 4), 'foodLeft=11'), ((14, 3), 'foodLeft=8'), ((13, 3), 'foodLeft=10'), ((10, 4), 'foodLeft=9'), ((11, 5), 'foodLeft=9'), ((13, 4), 'foodLeft=10'), ((11, 5), 'foodLeft=10'), ((13, 3), 'foodLeft=11'), ((13, 4), 'foodLeft=9'), ((15, 3), 'foodLeft=11'), ((12, 5), 'foodLeft=7'), ((13, 5), 'foodLeft=10'), ((13, 5), 'foodLeft=9'), ((6, 5), 'foodLeft=11'), ((13, 4), 'foodLeft=6'), ((12, 5), 'foodLeft=10'), ((9, 3), 'foodLeft=12'), ((5, 5), 'foodLeft=10'), ((10, 4), 'foodLeft=11'), ((13, 4), 'foodLeft=9'), ((13, 4), 'foodLeft=8'), ((12, 5), 'foodLeft=6'), ((13, 4), 'foodLeft=7'), ((13, 5), 'foodLeft=5'), ((12, 3), 'foodLeft=5'), ((6, 1), 'foodLeft=4'), ((4, 3), 'foodLeft=11')]",252,56,4,60
252,"((4, 1), 'foodLeft=3')","((5, 1), 'foodLeft=4')",West,"[((5, 1), 'foodLeft=3'), ((3, 1), 'foodLeft=2')]","[((4, 1), 'foodLeft=3'), ((16, 3), 'foodLeft=13'), ((1, 3), 'foodLeft=12'), ((16, 3), 'foodLeft=12'), ((9, 3), 'foodLeft=11'), ((1, 4), 'foodLeft=11'), ((5, 5), 'foodLeft=10'), ((5, 5), 'foodLeft=11'), ((5, 3), 'foodLeft=11'), ((13, 4), 'foodLeft=10'), ((1, 3), 'foodLeft=11'), ((1, 3), 'foodLeft=11'), ((5, 3), 'foodLeft=10'), ((9, 5), 'foodLeft=8'), ((4, 3), 'foodLeft=10'), ((5, 5), 'foodLeft=11'), ((8, 3), 'foodLeft=10'), ((2, 5), 'foodLeft=11'), ((2, 5), 'foodLeft=11'), ((9, 5), 'foodLeft=10'), ((14, 3), 'foodLeft=12'), ((8, 5), 'foodLeft=12'), ((8, 3), 'foodLeft=12'), ((13, 4), 'foodLeft=9'), ((1, 3), 'foodLeft=10'), ((8, 5), 'foodLeft=10'), ((2, 3), 'foodLeft=11'), ((14, 3), 'foodLeft=10'), ((13, 3), 'foodLeft=11'), ((1, 5), 'foodLeft=11'), ((10, 5), 'foodLeft=10'), ((12, 5), 'foodLeft=11'), ((1, 5), 'foodLeft=10'), ((12, 5), 'foodLeft=9'), ((1, 5), 'foodLeft=10'), ((11, 3), 'foodLeft=9'), ((2, 5), 'foodLeft=10'), ((2, 3), 'foodLeft=12'), ((1, 5), 'foodLeft=9'), ((14, 5), 'foodLeft=9'), ((12, 3), 'foodLeft=10'), ((10, 5), 'foodLeft=11'), ((12, 5), 'foodLeft=10'), ((11, 5), 'foodLeft=11'), ((15, 3), 'foodLeft=12'), ((14, 3), 'foodLeft=11'), ((9, 3), 'foodLeft=8'), ((11, 3), 'foodLeft=11'), ((7, 4), 'foodLeft=11'), ((14, 3), 'foodLeft=8'), ((13, 3), 'foodLeft=10'), ((10, 4), 'foodLeft=9'), ((11, 5), 'foodLeft=9'), ((13, 4), 'foodLeft=10'), ((11, 5), 'foodLeft=10'), ((13, 3), 'foodLeft=11'), ((13, 4), 'foodLeft=9'), ((15, 3), 'foodLeft=11'), ((12, 5), 'foodLeft=7'), ((13, 5), 'foodLeft=10'), ((13, 5), 'foodLeft=9'), ((6, 5), 'foodLeft=11'), ((13, 4), 'foodLeft=6'), ((12, 5), 'foodLeft=10'), ((9, 3), 'foodLeft=12'), ((5, 5), 'foodLeft=10'), ((10, 4), 'foodLeft=11'), ((13, 4), 'foodLeft=9'), ((13, 4), 'foodLeft=8'), ((12, 5), 'foodLeft=6'), ((13, 4), 'foodLeft=7'), ((13, 5), 'foodLeft=5'), ((12, 3), 'foodLeft=5'), ((6, 1), 'foodLeft=4'), ((4, 3), 'foodLeft=11')]","[((3, 1), 'foodLeft=2'), ((16, 3), 'foodLeft=13'), ((1, 3), 'foodLeft=12'), ((16, 3), 'foodLeft=12'), ((9, 3), 'foodLeft=11'), ((1, 4), 'foodLeft=11'), ((5, 5), 'foodLeft=10'), ((5, 5), 'foodLeft=11'), ((5, 3), 'foodLeft=11'), ((13, 4), 'foodLeft=10'), ((1, 3), 'foodLeft=11'), ((1, 3), 'foodLeft=11'), ((5, 3), 'foodLeft=10'), ((9, 5), 'foodLeft=8'), ((4, 3), 'foodLeft=10'), ((5, 5), 'foodLeft=11'), ((8, 3), 'foodLeft=10'), ((2, 5), 'foodLeft=10'), ((2, 5), 'foodLeft=11'), ((9, 5), 'foodLeft=10'), ((14, 3), 'foodLeft=12'), ((8, 5), 'foodLeft=12'), ((8, 3), 'foodLeft=12'), ((13, 4), 'foodLeft=9'), ((1, 3), 'foodLeft=10'), ((8, 5), 'foodLeft=10'), ((2, 3), 'foodLeft=11'), ((14, 3), 'foodLeft=10'), ((13, 3), 'foodLeft=11'), ((1, 5), 'foodLeft=11'), ((10, 5), 'foodLeft=10'), ((12, 5), 'foodLeft=11'), ((1, 5), 'foodLeft=10'), ((12, 5), 'foodLeft=9'), ((1, 5), 'foodLeft=10'), ((11, 3), 'foodLeft=9'), ((4, 3), 'foodLeft=11'), ((2, 5), 'foodLeft=11'), ((1, 5), 'foodLeft=9'), ((14, 5), 'foodLeft=9'), ((12, 3), 'foodLeft=10'), ((10, 5), 'foodLeft=11'), ((12, 5), 'foodLeft=10'), ((11, 5), 'foodLeft=11'), ((15, 3), 'foodLeft=12'), ((14, 3), 'foodLeft=11'), ((9, 3), 'foodLeft=8'), ((11, 3), 'foodLeft=11'), ((7, 4), 'foodLeft=11'), ((14, 3), 'foodLeft=8'), ((13, 3), 'foodLeft=10'), ((10, 4), 'foodLeft=9'), ((11, 5), 'foodLeft=9'), ((13, 4), 'foodLeft=10'), ((11, 5), 'foodLeft=10'), ((13, 3), 'foodLeft=11'), ((13, 4), 'foodLeft=9'), ((15, 3), 'foodLeft=11'), ((12, 5), 'foodLeft=7'), ((13, 5), 'foodLeft=10'), ((13, 5), 'foodLeft=9'), ((6, 5), 'foodLeft=11'), ((13, 4), 'foodLeft=6'), ((12, 5), 'foodLeft=10'), ((9, 3), 'foodLeft=12'), ((5, 5), 'foodLeft=10'), ((10, 4), 'foodLeft=11'), ((13, 4), 'foodLeft=9'), ((13, 4), 'foodLeft=8'), ((12, 5), 'foodLeft=6'), ((13, 4), 'foodLeft=7'), ((13, 5), 'foodLeft=5'), ((12, 3), 'foodLeft=5'), ((6, 1), 'foodLeft=4'), ((5, 1), 'foodLeft=3'), ((2, 3), 'foodLeft=12')]",253,57,3,60
253,"((3, 1), 'foodLeft=2')","((4, 1), 'foodLeft=3')",West,"[((4, 1), 'foodLeft=2'), ((2, 1), 'foodLeft=1')]","[((3, 1), 'foodLeft=2'), ((16, 3), 'foodLeft=13'), ((1, 3), 'foodLeft=12'), ((16, 3), 'foodLeft=12'), ((9, 3), 'foodLeft=11'), ((1, 4), 'foodLeft=11'), ((5, 5), 'foodLeft=10'), ((5, 5), 'foodLeft=11'), ((5, 3), 'foodLeft=11'), ((13, 4), 'foodLeft=10'), ((1, 3), 'foodLeft=11'), ((1, 3), 'foodLeft=11'), ((5, 3), 'foodLeft=10'), ((9, 5), 'foodLeft=8'), ((4, 3), 'foodLeft=10'), ((5, 5), 'foodLeft=11'), ((8, 3), 'foodLeft=10'), ((2, 5), 'foodLeft=10'), ((2, 5), 'foodLeft=11'), ((9, 5), 'foodLeft=10'), ((14, 3), 'foodLeft=12'), ((8, 5), 'foodLeft=12'), ((8, 3), 'foodLeft=12'), ((13, 4), 'foodLeft=9'), ((1, 3), 'foodLeft=10'), ((8, 5), 'foodLeft=10'), ((2, 3), 'foodLeft=11'), ((14, 3), 'foodLeft=10'), ((13, 3), 'foodLeft=11'), ((1, 5), 'foodLeft=11'), ((10, 5), 'foodLeft=10'), ((12, 5), 'foodLeft=11'), ((1, 5), 'foodLeft=10'), ((12, 5), 'foodLeft=9'), ((1, 5), 'foodLeft=10'), ((11, 3), 'foodLeft=9'), ((4, 3), 'foodLeft=11'), ((2, 5), 'foodLeft=11'), ((1, 5), 'foodLeft=9'), ((14, 5), 'foodLeft=9'), ((12, 3), 'foodLeft=10'), ((10, 5), 'foodLeft=11'), ((12, 5), 'foodLeft=10'), ((11, 5), 'foodLeft=11'), ((15, 3), 'foodLeft=12'), ((14, 3), 'foodLeft=11'), ((9, 3), 'foodLeft=8'), ((11, 3), 'foodLeft=11'), ((7, 4), 'foodLeft=11'), ((14, 3), 'foodLeft=8'), ((13, 3), 'foodLeft=10'), ((10, 4), 'foodLeft=9'), ((11, 5), 'foodLeft=9'), ((13, 4), 'foodLeft=10'), ((11, 5), 'foodLeft=10'), ((13, 3), 'foodLeft=11'), ((13, 4), 'foodLeft=9'), ((15, 3), 'foodLeft=11'), ((12, 5), 'foodLeft=7'), ((13, 5), 'foodLeft=10'), ((13, 5), 'foodLeft=9'), ((6, 5), 'foodLeft=11'), ((13, 4), 'foodLeft=6'), ((12, 5), 'foodLeft=10'), ((9, 3), 'foodLeft=12'), ((5, 5), 'foodLeft=10'), ((10, 4), 'foodLeft=11'), ((13, 4), 'foodLeft=9'), ((13, 4), 'foodLeft=8'), ((12, 5), 'foodLeft=6'), ((13, 4), 'foodLeft=7'), ((13, 5), 'foodLeft=5'), ((12, 3), 'foodLeft=5'), ((6, 1), 'foodLeft=4'), ((5, 1), 'foodLeft=3'), ((2, 3), 'foodLeft=12')]","[((2, 1), 'foodLeft=1'), ((16, 3), 'foodLeft=13'), ((1, 3), 'foodLeft=12'), ((16, 3), 'foodLeft=12'), ((9, 3), 'foodLeft=11'), ((1, 4), 'foodLeft=11'), ((5, 5), 'foodLeft=10'), ((5, 5), 'foodLeft=11'), ((5, 3), 'foodLeft=11'), ((13, 4), 'foodLeft=10'), ((1, 3), 'foodLeft=11'), ((1, 3), 'foodLeft=11'), ((5, 3), 'foodLeft=10'), ((9, 5), 'foodLeft=8'), ((4, 3), 'foodLeft=10'), ((5, 5), 'foodLeft=11'), ((8, 3), 'foodLeft=10'), ((2, 5), 'foodLeft=10'), ((2, 5), 'foodLeft=11'), ((9, 5), 'foodLeft=10'), ((14, 3), 'foodLeft=12'), ((8, 5), 'foodLeft=12'), ((8, 3), 'foodLeft=12'), ((13, 4), 'foodLeft=9'), ((1, 3), 'foodLeft=10'), ((8, 5), 'foodLeft=10'), ((2, 3), 'foodLeft=11'), ((14, 3), 'foodLeft=10'), ((13, 3), 'foodLeft=11'), ((1, 5), 'foodLeft=11'), ((10, 5), 'foodLeft=10'), ((12, 5), 'foodLeft=11'), ((1, 5), 'foodLeft=10'), ((12, 5), 'foodLeft=9'), ((1, 5), 'foodLeft=10'), ((11, 3), 'foodLeft=9'), ((4, 3), 'foodLeft=11'), ((2, 5), 'foodLeft=11'), ((1, 5), 'foodLeft=9'), ((14, 5), 'foodLeft=9'), ((12, 3), 'foodLeft=10'), ((10, 5), 'foodLeft=11'), ((12, 5), 'foodLeft=10'), ((11, 5), 'foodLeft=11'), ((15, 3), 'foodLeft=12'), ((14, 3), 'foodLeft=11'), ((9, 3), 'foodLeft=8'), ((11, 3), 'foodLeft=11'), ((7, 4), 'foodLeft=11'), ((14, 3), 'foodLeft=8'), ((13, 3), 'foodLeft=10'), ((10, 4), 'foodLeft=9'), ((11, 5), 'foodLeft=9'), ((13, 4), 'foodLeft=10'), ((11, 5), 'foodLeft=10'), ((13, 3), 'foodLeft=11'), ((13, 4), 'foodLeft=9'), ((15, 3), 'foodLeft=11'), ((12, 5), 'foodLeft=7'), ((13, 5), 'foodLeft=10'), ((13, 5), 'foodLeft=9'), ((6, 5), 'foodLeft=11'), ((13, 4), 'foodLeft=6'), ((12, 5), 'foodLeft=10'), ((9, 3), 'foodLeft=12'), ((5, 5), 'foodLeft=10'), ((10, 4), 'foodLeft=11'), ((13, 4), 'foodLeft=9'), ((13, 4), 'foodLeft=8'), ((12, 5), 'foodLeft=6'), ((13, 4), 'foodLeft=7'), ((13, 5), 'foodLeft=5'), ((12, 3), 'foodLeft=5'), ((6, 1), 'foodLeft=4'), ((5, 1), 'foodLeft=3'), ((4, 1), 'foodLeft=2'), ((2, 3), 'foodLeft=12')]",254,58,2,60
254,"((2, 1), 'foodLeft=1')","((3, 1), 'foodLeft=2')",West,"[((3, 1), 'foodLeft=1'), ((1, 1), 'foodLeft=0')]","[((2, 1), 'foodLeft=1'), ((16, 3), 'foodLeft=13'), ((1, 3), 'foodLeft=12'), ((16, 3), 'foodLeft=12'), ((9, 3), 'foodLeft=11'), ((1, 4), 'foodLeft=11'), ((5, 5), 'foodLeft=10'), ((5, 5), 'foodLeft=11'), ((5, 3), 'foodLeft=11'), ((13, 4), 'foodLeft=10'), ((1, 3), 'foodLeft=11'), ((1, 3), 'foodLeft=11'), ((5, 3), 'foodLeft=10'), ((9, 5), 'foodLeft=8'), ((4, 3), 'foodLeft=10'), ((5, 5), 'foodLeft=11'), ((8, 3), 'foodLeft=10'), ((2, 5), 'foodLeft=10'), ((2, 5), 'foodLeft=11'), ((9, 5), 'foodLeft=10'), ((14, 3), 'foodLeft=12'), ((8, 5), 'foodLeft=12'), ((8, 3), 'foodLeft=12'), ((13, 4), 'foodLeft=9'), ((1, 3), 'foodLeft=10'), ((8, 5), 'foodLeft=10'), ((2, 3), 'foodLeft=11'), ((14, 3), 'foodLeft=10'), ((13, 3), 'foodLeft=11'), ((1, 5), 'foodLeft=11'), ((10, 5), 'foodLeft=10'), ((12, 5), 'foodLeft=11'), ((1, 5), 'foodLeft=10'), ((12, 5), 'foodLeft=9'), ((1, 5), 'foodLeft=10'), ((11, 3), 'foodLeft=9'), ((4, 3), 'foodLeft=11'), ((2, 5), 'foodLeft=11'), ((1, 5), 'foodLeft=9'), ((14, 5), 'foodLeft=9'), ((12, 3), 'foodLeft=10'), ((10, 5), 'foodLeft=11'), ((12, 5), 'foodLeft=10'), ((11, 5), 'foodLeft=11'), ((15, 3), 'foodLeft=12'), ((14, 3), 'foodLeft=11'), ((9, 3), 'foodLeft=8'), ((11, 3), 'foodLeft=11'), ((7, 4), 'foodLeft=11'), ((14, 3), 'foodLeft=8'), ((13, 3), 'foodLeft=10'), ((10, 4), 'foodLeft=9'), ((11, 5), 'foodLeft=9'), ((13, 4), 'foodLeft=10'), ((11, 5), 'foodLeft=10'), ((13, 3), 'foodLeft=11'), ((13, 4), 'foodLeft=9'), ((15, 3), 'foodLeft=11'), ((12, 5), 'foodLeft=7'), ((13, 5), 'foodLeft=10'), ((13, 5), 'foodLeft=9'), ((6, 5), 'foodLeft=11'), ((13, 4), 'foodLeft=6'), ((12, 5), 'foodLeft=10'), ((9, 3), 'foodLeft=12'), ((5, 5), 'foodLeft=10'), ((10, 4), 'foodLeft=11'), ((13, 4), 'foodLeft=9'), ((13, 4), 'foodLeft=8'), ((12, 5), 'foodLeft=6'), ((13, 4), 'foodLeft=7'), ((13, 5), 'foodLeft=5'), ((12, 3), 'foodLeft=5'), ((6, 1), 'foodLeft=4'), ((5, 1), 'foodLeft=3'), ((4, 1), 'foodLeft=2'), ((2, 3), 'foodLeft=12')]","[((1, 1), 'foodLeft=0'), ((16, 3), 'foodLeft=13'), ((1, 3), 'foodLeft=12'), ((16, 3), 'foodLeft=12'), ((9, 3), 'foodLeft=11'), ((1, 4), 'foodLeft=11'), ((5, 5), 'foodLeft=10'), ((5, 5), 'foodLeft=11'), ((5, 3), 'foodLeft=11'), ((13, 4), 'foodLeft=10'), ((1, 3), 'foodLeft=11'), ((1, 3), 'foodLeft=11'), ((5, 3), 'foodLeft=10'), ((9, 5), 'foodLeft=8'), ((4, 3), 'foodLeft=10'), ((5, 5), 'foodLeft=11'), ((8, 3), 'foodLeft=10'), ((2, 5), 'foodLeft=10'), ((2, 5), 'foodLeft=11'), ((9, 5), 'foodLeft=10'), ((14, 3), 'foodLeft=12'), ((8, 5), 'foodLeft=12'), ((8, 3), 'foodLeft=12'), ((13, 4), 'foodLeft=9'), ((1, 3), 'foodLeft=10'), ((8, 5), 'foodLeft=10'), ((2, 3), 'foodLeft=11'), ((14, 3), 'foodLeft=10'), ((13, 3), 'foodLeft=11'), ((1, 5), 'foodLeft=11'), ((10, 5), 'foodLeft=10'), ((12, 5), 'foodLeft=11'), ((1, 5), 'foodLeft=10'), ((12, 5), 'foodLeft=9'), ((1, 5), 'foodLeft=10'), ((11, 3), 'foodLeft=9'), ((4, 3), 'foodLeft=11'), ((2, 3), 'foodLeft=12'), ((2, 5), 'foodLeft=11'), ((14, 5), 'foodLeft=9'), ((12, 3), 'foodLeft=10'), ((10, 5), 'foodLeft=11'), ((12, 5), 'foodLeft=10'), ((11, 5), 'foodLeft=11'), ((15, 3), 'foodLeft=12'), ((14, 3), 'foodLeft=11'), ((9, 3), 'foodLeft=8'), ((11, 3), 'foodLeft=11'), ((7, 4), 'foodLeft=11'), ((14, 3), 'foodLeft=8'), ((13, 3), 'foodLeft=10'), ((10, 4), 'foodLeft=9'), ((11, 5), 'foodLeft=9'), ((13, 4), 'foodLeft=10'), ((11, 5), 'foodLeft=10'), ((13, 3), 'foodLeft=11'), ((13, 4), 'foodLeft=9'), ((15, 3), 'foodLeft=11'), ((12, 5), 'foodLeft=7'), ((13, 5), 'foodLeft=10'), ((13, 5), 'foodLeft=9'), ((6, 5), 'foodLeft=11'), ((13, 4), 'foodLeft=6'), ((12, 5), 'foodLeft=10'), ((9, 3), 'foodLeft=12'), ((5, 5), 'foodLeft=10'), ((10, 4), 'foodLeft=11'), ((13, 4), 'foodLeft=9'), ((13, 4), 'foodLeft=8'), ((12, 5), 'foodLeft=6'), ((13, 4), 'foodLeft=7'), ((13, 5), 'foodLeft=5'), ((12, 3), 'foodLeft=5'), ((6, 1), 'foodLeft=4'), ((5, 1), 'foodLeft=3'), ((4, 1), 'foodLeft=2'), ((3, 1), 'foodLeft=1'), ((1, 5), 'foodLeft=9')]",255,59,1,60
255,"((1, 1), 'foodLeft=0')","((2, 1), 'foodLeft=1')",West,[],"[((1, 1), 'foodLeft=0'), ((16, 3), 'foodLeft=13'), ((1, 3), 'foodLeft=12'), ((16, 3), 'foodLeft=12'), ((9, 3), 'foodLeft=11'), ((1, 4), 'foodLeft=11'), ((5, 5), 'foodLeft=10'), ((5, 5), 'foodLeft=11'), ((5, 3), 'foodLeft=11'), ((13, 4), 'foodLeft=10'), ((1, 3), 'foodLeft=11'), ((1, 3), 'foodLeft=11'), ((5, 3), 'foodLeft=10'), ((9, 5), 'foodLeft=8'), ((4, 3), 'foodLeft=10'), ((5, 5), 'foodLeft=11'), ((8, 3), 'foodLeft=10'), ((2, 5), 'foodLeft=10'), ((2, 5), 'foodLeft=11'), ((9, 5), 'foodLeft=10'), ((14, 3), 'foodLeft=12'), ((8, 5), 'foodLeft=12'), ((8, 3), 'foodLeft=12'), ((13, 4), 'foodLeft=9'), ((1, 3), 'foodLeft=10'), ((8, 5), 'foodLeft=10'), ((2, 3), 'foodLeft=11'), ((14, 3), 'foodLeft=10'), ((13, 3), 'foodLeft=11'), ((1, 5), 'foodLeft=11'), ((10, 5), 'foodLeft=10'), ((12, 5), 'foodLeft=11'), ((1, 5), 'foodLeft=10'), ((12, 5), 'foodLeft=9'), ((1, 5), 'foodLeft=10'), ((11, 3), 'foodLeft=9'), ((4, 3), 'foodLeft=11'), ((2, 3), 'foodLeft=12'), ((2, 5), 'foodLeft=11'), ((14, 5), 'foodLeft=9'), ((12, 3), 'foodLeft=10'), ((10, 5), 'foodLeft=11'), ((12, 5), 'foodLeft=10'), ((11, 5), 'foodLeft=11'), ((15, 3), 'foodLeft=12'), ((14, 3), 'foodLeft=11'), ((9, 3), 'foodLeft=8'), ((11, 3), 'foodLeft=11'), ((7, 4), 'foodLeft=11'), ((14, 3), 'foodLeft=8'), ((13, 3), 'foodLeft=10'), ((10, 4), 'foodLeft=9'), ((11, 5), 'foodLeft=9'), ((13, 4), 'foodLeft=10'), ((11, 5), 'foodLeft=10'), ((13, 3), 'foodLeft=11'), ((13, 4), 'foodLeft=9'), ((15, 3), 'foodLeft=11'), ((12, 5), 'foodLeft=7'), ((13, 5), 'foodLeft=10'), ((13, 5), 'foodLeft=9'), ((6, 5), 'foodLeft=11'), ((13, 4), 'foodLeft=6'), ((12, 5), 'foodLeft=10'), ((9, 3), 'foodLeft=12'), ((5, 5), 'foodLeft=10'), ((10, 4), 'foodLeft=11'), ((13, 4), 'foodLeft=9'), ((13, 4), 'foodLeft=8'), ((12, 5), 'foodLeft=6'), ((13, 4), 'foodLeft=7'), ((13, 5), 'foodLeft=5'), ((12, 3), 'foodLeft=5'), ((6, 1), 'foodLeft=4'), ((5, 1), 'foodLeft=3'), ((4, 1), 'foodLeft=2'), ((3, 1), 'foodLeft=1'), ((1, 5), 'foodLeft=9')]","[((16, 3), 'foodLeft=13'), ((16, 3), 'foodLeft=12'), ((1, 3), 'foodLeft=12'), ((5, 3), 'foodLeft=11'), ((9, 3), 'foodLeft=11'), ((1, 4), 'foodLeft=11'), ((5, 5), 'foodLeft=10'), ((5, 5), 'foodLeft=11'), ((2, 5), 'foodLeft=11'), ((13, 4), 'foodLeft=10'), ((1, 3), 'foodLeft=11'), ((1, 3), 'foodLeft=11'), ((5, 3), 'foodLeft=10'), ((9, 5), 'foodLeft=8'), ((4, 3), 'foodLeft=10'), ((5, 5), 'foodLeft=11'), ((8, 3), 'foodLeft=10'), ((2, 5), 'foodLeft=10'), ((2, 5), 'foodLeft=11'), ((9, 5), 'foodLeft=10'), ((14, 3), 'foodLeft=12'), ((8, 5), 'foodLeft=12'), ((8, 3), 'foodLeft=12'), ((13, 4), 'foodLeft=9'), ((1, 3), 'foodLeft=10'), ((8, 5), 'foodLeft=10'), ((2, 3), 'foodLeft=11'), ((14, 3), 'foodLeft=10'), ((13, 3), 'foodLeft=11'), ((1, 5), 'foodLeft=11'), ((10, 5), 'foodLeft=10'), ((12, 5), 'foodLeft=11'), ((1, 5), 'foodLeft=10'), ((12, 5), 'foodLeft=9'), ((1, 5), 'foodLeft=10'), ((11, 3), 'foodLeft=9'), ((4, 3), 'foodLeft=11'), ((2, 3), 'foodLeft=12'), ((1, 5), 'foodLeft=9'), ((14, 5), 'foodLeft=9'), ((12, 3), 'foodLeft=10'), ((10, 5), 'foodLeft=11'), ((12, 5), 'foodLeft=10'), ((11, 5), 'foodLeft=11'), ((15, 3), 'foodLeft=12'), ((14, 3), 'foodLeft=11'), ((9, 3), 'foodLeft=8'), ((11, 3), 'foodLeft=11'), ((7, 4), 'foodLeft=11'), ((14, 3), 'foodLeft=8'), ((13, 3), 'foodLeft=10'), ((10, 4), 'foodLeft=9'), ((11, 5), 'foodLeft=9'), ((13, 4), 'foodLeft=10'), ((11, 5), 'foodLeft=10'), ((13, 3), 'foodLeft=11'), ((13, 4), 'foodLeft=9'), ((15, 3), 'foodLeft=11'), ((12, 5), 'foodLeft=7'), ((13, 5), 'foodLeft=10'), ((13, 5), 'foodLeft=9'), ((6, 5), 'foodLeft=11'), ((13, 4), 'foodLeft=6'), ((12, 5), 'foodLeft=10'), ((9, 3), 'foodLeft=12'), ((5, 5), 'foodLeft=10'), ((10, 4), 'foodLeft=11'), ((13, 4), 'foodLeft=9'), ((13, 4), 'foodLeft=8'), ((12, 5), 'foodLeft=6'), ((13, 4), 'foodLeft=7'), ((13, 5), 'foodLeft=5'), ((12, 3), 'foodLeft=5'), ((6, 1), 'foodLeft=4'), ((5, 1), 'foodLeft=3'), ((4, 1), 'foodLeft=2'), ((3, 1), 'foodLeft=1')]",256,60,0,60
