iteration,expanded_state,parent,action,generated_successors,frontier_before,frontier_after,explored,g,h,f
0,"(35, 1)",None,None,"[(35, 2), (34, 1)]","[(35, 1)]","[(35, 2), (34, 1)]",1,0,0,0
1,"(34, 1)","(35, 1)",West,"[(35, 1), (33, 1)]","[(35, 2), (34, 1)]","[(35, 2), (33, 1)]",2,1,0,1
2,"(33, 1)","(34, 1)",West,"[(34, 1)]","[(35, 2), (33, 1)]","[(35, 2)]",3,2,0,2
3,"(35, 2)","(35, 1)",North,"[(35, 3), (35, 1)]","[(35, 2)]","[(35, 3)]",4,1,0,1
4,"(35, 3)","(35, 2)",North,"[(35, 4), (35, 2), (34, 3)]","[(35, 3)]","[(35, 4), (34, 3)]",5,2,0,2
5,"(34, 3)","(35, 3)",West,"[(35, 3), (33, 3)]","[(35, 4), (34, 3)]","[(35, 4), (33, 3)]",6,3,0,3
6,"(33, 3)","(34, 3)",West,"[(33, 4), (34, 3), (32, 3)]","[(35, 4), (33, 3)]","[(35, 4), (33, 4), (32, 3)]",7,4,0,4
7,"(32, 3)","(33, 3)",West,"[(33, 3), (31, 3)]","[(35, 4), (33, 4), (32, 3)]","[(35, 4), (33, 4), (31, 3)]",8,5,0,5
8,"(31, 3)","(32, 3)",West,"[(31, 4), (31, 2), (32, 3)]","[(35, 4), (33, 4), (31, 3)]","[(35, 4), (33, 4), (31, 4), (31, 2)]",9,6,0,6
9,"(31, 2)","(31, 3)",South,"[(31, 3), (31, 1)]","[(35, 4), (33, 4), (31, 4), (31, 2)]","[(35, 4), (33, 4), (31, 4), (31, 1)]",10,7,0,7
10,"(31, 1)","(31, 2)",South,"[(31, 2)]","[(35, 4), (33, 4), (31, 4), (31, 1)]","[(35, 4), (33, 4), (31, 4)]",11,8,0,8
11,"(31, 4)","(31, 3)",North,"[(31, 5), (31, 3)]","[(35, 4), (33, 4), (31, 4)]","[(35, 4), (33, 4), (31, 5)]",12,7,0,7
12,"(31, 5)","(31, 4)",North,"[(31, 6), (31, 4), (30, 5)]","[(35, 4), (33, 4), (31, 5)]","[(35, 4), (33, 4), (31, 6), (30, 5)]",13,8,0,8
13,"(30, 5)","(31, 5)",West,"[(31, 5), (29, 5)]","[(35, 4), (33, 4), (31, 6), (30, 5)]","[(35, 4), (33, 4), (31, 6), (29, 5)]",14,9,0,9
14,"(29, 5)","(30, 5)",West,"[(29, 4), (30, 5)]","[(35, 4), (33, 4), (31, 6), (29, 5)]","[(35, 4), (33, 4), (31, 6), (29, 4)]",15,10,0,10
15,"(29, 4)","(29, 5)",South,"[(29, 5), (29, 3)]","[(35, 4), (33, 4), (31, 6), (29, 4)]","[(35, 4), (33, 4), (31, 6), (29, 3)]",16,11,0,11
16,"(29, 3)","(29, 4)",South,"[(29, 4), (28, 3)]","[(35, 4), (33, 4), (31, 6), (29, 3)]","[(35, 4), (33, 4), (31, 6), (28, 3)]",17,12,0,12
17,"(28, 3)","(29, 3)",West,"[(29, 3), (27, 3)]","[(35, 4), (33, 4), (31, 6), (28, 3)]","[(35, 4), (33, 4), (31, 6), (27, 3)]",18,13,0,13
18,"(27, 3)","(28, 3)",West,"[(27, 4), (27, 2), (28, 3), (26, 3)]","[(35, 4), (33, 4), (31, 6), (27, 3)]","[(35, 4), (33, 4), (31, 6), (27, 4), (27, 2), (26, 3)]",19,14,0,14
19,"(26, 3)","(27, 3)",West,"[(27, 3), (25, 3)]","[(35, 4), (33, 4), (31, 6), (27, 4), (27, 2), (26, 3)]","[(35, 4), (33, 4), (31, 6), (27, 4), (27, 2), (25, 3)]",20,15,0,15
20,"(25, 3)","(26, 3)",West,"[(25, 4), (26, 3), (24, 3)]","[(35, 4), (33, 4), (31, 6), (27, 4), (27, 2), (25, 3)]","[(35, 4), (33, 4), (31, 6), (27, 4), (27, 2), (25, 4), (24, 3)]",21,16,0,16
21,"(24, 3)","(25, 3)",West,"[(25, 3), (23, 3)]","[(35, 4), (33, 4), (31, 6), (27, 4), (27, 2), (25, 4), (24, 3)]","[(35, 4), (33, 4), (31, 6), (27, 4), (27, 2), (25, 4), (23, 3)]",22,17,0,17
22,"(23, 3)","(24, 3)",West,"[(23, 2), (24, 3), (22, 3)]","[(35, 4), (33, 4), (31, 6), (27, 4), (27, 2), (25, 4), (23, 3)]","[(35, 4), (33, 4), (31, 6), (27, 4), (27, 2), (25, 4), (23, 2), (22, 3)]",23,18,0,18
23,"(22, 3)","(23, 3)",West,"[(23, 3), (21, 3)]","[(35, 4), (33, 4), (31, 6), (27, 4), (27, 2), (25, 4), (23, 2), (22, 3)]","[(35, 4), (33, 4), (31, 6), (27, 4), (27, 2), (25, 4), (23, 2), (21, 3)]",24,19,0,19
24,"(21, 3)","(22, 3)",West,"[(22, 3), (20, 3)]","[(35, 4), (33, 4), (31, 6), (27, 4), (27, 2), (25, 4), (23, 2), (21, 3)]","[(35, 4), (33, 4), (31, 6), (27, 4), (27, 2), (25, 4), (23, 2), (20, 3)]",25,20,0,20
25,"(20, 3)","(21, 3)",West,"[(21, 3), (19, 3)]","[(35, 4), (33, 4), (31, 6), (27, 4), (27, 2), (25, 4), (23, 2), (20, 3)]","[(35, 4), (33, 4), (31, 6), (27, 4), (27, 2), (25, 4), (23, 2), (19, 3)]",26,21,0,21
26,"(19, 3)","(20, 3)",West,"[(20, 3), (18, 3)]","[(35, 4), (33, 4), (31, 6), (27, 4), (27, 2), (25, 4), (23, 2), (19, 3)]","[(35, 4), (33, 4), (31, 6), (27, 4), (27, 2), (25, 4), (23, 2), (18, 3)]",27,22,0,22
27,"(18, 3)","(19, 3)",West,"[(19, 3), (17, 3)]","[(35, 4), (33, 4), (31, 6), (27, 4), (27, 2), (25, 4), (23, 2), (18, 3)]","[(35, 4), (33, 4), (31, 6), (27, 4), (27, 2), (25, 4), (23, 2), (17, 3)]",28,23,0,23
28,"(17, 3)","(18, 3)",West,"[(18, 3), (16, 3)]","[(35, 4), (33, 4), (31, 6), (27, 4), (27, 2), (25, 4), (23, 2), (17, 3)]","[(35, 4), (33, 4), (31, 6), (27, 4), (27, 2), (25, 4), (23, 2), (16, 3)]",29,24,0,24
29,"(16, 3)","(17, 3)",West,"[(17, 3), (15, 3)]","[(35, 4), (33, 4), (31, 6), (27, 4), (27, 2), (25, 4), (23, 2), (16, 3)]","[(35, 4), (33, 4), (31, 6), (27, 4), (27, 2), (25, 4), (23, 2), (15, 3)]",30,25,0,25
30,"(15, 3)","(16, 3)",West,"[(15, 4), (15, 2), (16, 3), (14, 3)]","[(35, 4), (33, 4), (31, 6), (27, 4), (27, 2), (25, 4), (23, 2), (15, 3)]","[(35, 4), (33, 4), (31, 6), (27, 4), (27, 2), (25, 4), (23, 2), (15, 4), (15, 2), (14, 3)]",31,26,0,26
31,"(14, 3)","(15, 3)",West,"[(15, 3), (13, 3)]","[(35, 4), (33, 4), (31, 6), (27, 4), (27, 2), (25, 4), (23, 2), (15, 4), (15, 2), (14, 3)]","[(35, 4), (33, 4), (31, 6), (27, 4), (27, 2), (25, 4), (23, 2), (15, 4), (15, 2), (13, 3)]",32,27,0,27
32,"(13, 3)","(14, 3)",West,"[(13, 4), (14, 3)]","[(35, 4), (33, 4), (31, 6), (27, 4), (27, 2), (25, 4), (23, 2), (15, 4), (15, 2), (13, 3)]","[(35, 4), (33, 4), (31, 6), (27, 4), (27, 2), (25, 4), (23, 2), (15, 4), (15, 2), (13, 4)]",33,28,0,28
33,"(13, 4)","(13, 3)",North,"[(13, 5), (13, 3)]","[(35, 4), (33, 4), (31, 6), (27, 4), (27, 2), (25, 4), (23, 2), (15, 4), (15, 2), (13, 4)]","[(35, 4), (33, 4), (31, 6), (27, 4), (27, 2), (25, 4), (23, 2), (15, 4), (15, 2), (13, 5)]",34,29,0,29
34,"(13, 5)","(13, 4)",North,"[(13, 4)]","[(35, 4), (33, 4), (31, 6), (27, 4), (27, 2), (25, 4), (23, 2), (15, 4), (15, 2), (13, 5)]","[(35, 4), (33, 4), (31, 6), (27, 4), (27, 2), (25, 4), (23, 2), (15, 4), (15, 2)]",35,30,0,30
35,"(15, 2)","(15, 3)",South,"[(15, 3), (15, 1)]","[(35, 4), (33, 4), (31, 6), (27, 4), (27, 2), (25, 4), (23, 2), (15, 4), (15, 2)]","[(35, 4), (33, 4), (31, 6), (27, 4), (27, 2), (25, 4), (23, 2), (15, 4), (15, 1)]",36,27,0,27
36,"(15, 1)","(15, 2)",South,"[(15, 2), (16, 1)]","[(35, 4), (33, 4), (31, 6), (27, 4), (27, 2), (25, 4), (23, 2), (15, 4), (15, 1)]","[(35, 4), (33, 4), (31, 6), (27, 4), (27, 2), (25, 4), (23, 2), (15, 4), (16, 1)]",37,28,0,28
37,"(16, 1)","(15, 1)",East,"[(17, 1), (15, 1)]","[(35, 4), (33, 4), (31, 6), (27, 4), (27, 2), (25, 4), (23, 2), (15, 4), (16, 1)]","[(35, 4), (33, 4), (31, 6), (27, 4), (27, 2), (25, 4), (23, 2), (15, 4), (17, 1)]",38,29,0,29
38,"(17, 1)","(16, 1)",East,"[(16, 1)]","[(35, 4), (33, 4), (31, 6), (27, 4), (27, 2), (25, 4), (23, 2), (15, 4), (17, 1)]","[(35, 4), (33, 4), (31, 6), (27, 4), (27, 2), (25, 4), (23, 2), (15, 4)]",39,30,0,30
39,"(15, 4)","(15, 3)",North,"[(15, 5), (15, 3)]","[(35, 4), (33, 4), (31, 6), (27, 4), (27, 2), (25, 4), (23, 2), (15, 4)]","[(35, 4), (33, 4), (31, 6), (27, 4), (27, 2), (25, 4), (23, 2), (15, 5)]",40,27,0,27
40,"(15, 5)","(15, 4)",North,"[(15, 4), (16, 5)]","[(35, 4), (33, 4), (31, 6), (27, 4), (27, 2), (25, 4), (23, 2), (15, 5)]","[(35, 4), (33, 4), (31, 6), (27, 4), (27, 2), (25, 4), (23, 2), (16, 5)]",41,28,0,28
41,"(16, 5)","(15, 5)",East,"[(17, 5), (15, 5)]","[(35, 4), (33, 4), (31, 6), (27, 4), (27, 2), (25, 4), (23, 2), (16, 5)]","[(35, 4), (33, 4), (31, 6), (27, 4), (27, 2), (25, 4), (23, 2), (17, 5)]",42,29,0,29
42,"(17, 5)","(16, 5)",East,"[(17, 6), (18, 5), (16, 5)]","[(35, 4), (33, 4), (31, 6), (27, 4), (27, 2), (25, 4), (23, 2), (17, 5)]","[(35, 4), (33, 4), (31, 6), (27, 4), (27, 2), (25, 4), (23, 2), (17, 6), (18, 5)]",43,30,0,30
43,"(18, 5)","(17, 5)",East,"[(19, 5), (17, 5)]","[(35, 4), (33, 4), (31, 6), (27, 4), (27, 2), (25, 4), (23, 2), (17, 6), (18, 5)]","[(35, 4), (33, 4), (31, 6), (27, 4), (27, 2), (25, 4), (23, 2), (17, 6), (19, 5)]",44,31,0,31
44,"(19, 5)","(18, 5)",East,"[(18, 5)]","[(35, 4), (33, 4), (31, 6), (27, 4), (27, 2), (25, 4), (23, 2), (17, 6), (19, 5)]","[(35, 4), (33, 4), (31, 6), (27, 4), (27, 2), (25, 4), (23, 2), (17, 6)]",45,32,0,32
45,"(17, 6)","(17, 5)",North,"[(17, 7), (17, 5)]","[(35, 4), (33, 4), (31, 6), (27, 4), (27, 2), (25, 4), (23, 2), (17, 6)]","[(35, 4), (33, 4), (31, 6), (27, 4), (27, 2), (25, 4), (23, 2), (17, 7)]",46,31,0,31
46,"(17, 7)","(17, 6)",North,"[(17, 6), (16, 7)]","[(35, 4), (33, 4), (31, 6), (27, 4), (27, 2), (25, 4), (23, 2), (17, 7)]","[(35, 4), (33, 4), (31, 6), (27, 4), (27, 2), (25, 4), (23, 2), (16, 7)]",47,32,0,32
47,"(16, 7)","(17, 7)",West,"[(17, 7), (15, 7)]","[(35, 4), (33, 4), (31, 6), (27, 4), (27, 2), (25, 4), (23, 2), (16, 7)]","[(35, 4), (33, 4), (31, 6), (27, 4), (27, 2), (25, 4), (23, 2), (15, 7)]",48,33,0,33
48,"(15, 7)","(16, 7)",West,"[(15, 8), (16, 7), (14, 7)]","[(35, 4), (33, 4), (31, 6), (27, 4), (27, 2), (25, 4), (23, 2), (15, 7)]","[(35, 4), (33, 4), (31, 6), (27, 4), (27, 2), (25, 4), (23, 2), (15, 8), (14, 7)]",49,34,0,34
49,"(14, 7)","(15, 7)",West,"[(15, 7), (13, 7)]","[(35, 4), (33, 4), (31, 6), (27, 4), (27, 2), (25, 4), (23, 2), (15, 8), (14, 7)]","[(35, 4), (33, 4), (31, 6), (27, 4), (27, 2), (25, 4), (23, 2), (15, 8), (13, 7)]",50,35,0,35
50,"(13, 7)","(14, 7)",West,"[(14, 7)]","[(35, 4), (33, 4), (31, 6), (27, 4), (27, 2), (25, 4), (23, 2), (15, 8), (13, 7)]","[(35, 4), (33, 4), (31, 6), (27, 4), (27, 2), (25, 4), (23, 2), (15, 8)]",51,36,0,36
51,"(15, 8)","(15, 7)",North,"[(15, 9), (15, 7)]","[(35, 4), (33, 4), (31, 6), (27, 4), (27, 2), (25, 4), (23, 2), (15, 8)]","[(35, 4), (33, 4), (31, 6), (27, 4), (27, 2), (25, 4), (23, 2), (15, 9)]",52,35,0,35
52,"(15, 9)","(15, 8)",North,"[(15, 10), (15, 8)]","[(35, 4), (33, 4), (31, 6), (27, 4), (27, 2), (25, 4), (23, 2), (15, 9)]","[(35, 4), (33, 4), (31, 6), (27, 4), (27, 2), (25, 4), (23, 2), (15, 10)]",53,36,0,36
53,"(15, 10)","(15, 9)",North,"[(15, 11), (15, 9)]","[(35, 4), (33, 4), (31, 6), (27, 4), (27, 2), (25, 4), (23, 2), (15, 10)]","[(35, 4), (33, 4), (31, 6), (27, 4), (27, 2), (25, 4), (23, 2), (15, 11)]",54,37,0,37
54,"(15, 11)","(15, 10)",North,"[(15, 12), (15, 10)]","[(35, 4), (33, 4), (31, 6), (27, 4), (27, 2), (25, 4), (23, 2), (15, 11)]","[(35, 4), (33, 4), (31, 6), (27, 4), (27, 2), (25, 4), (23, 2), (15, 12)]",55,38,0,38
55,"(15, 12)","(15, 11)",North,"[(15, 13), (15, 11)]","[(35, 4), (33, 4), (31, 6), (27, 4), (27, 2), (25, 4), (23, 2), (15, 12)]","[(35, 4), (33, 4), (31, 6), (27, 4), (27, 2), (25, 4), (23, 2), (15, 13)]",56,39,0,39
56,"(15, 13)","(15, 12)",North,"[(15, 12), (16, 13), (14, 13)]","[(35, 4), (33, 4), (31, 6), (27, 4), (27, 2), (25, 4), (23, 2), (15, 13)]","[(35, 4), (33, 4), (31, 6), (27, 4), (27, 2), (25, 4), (23, 2), (16, 13), (14, 13)]",57,40,0,40
57,"(14, 13)","(15, 13)",West,"[(15, 13)]","[(35, 4), (33, 4), (31, 6), (27, 4), (27, 2), (25, 4), (23, 2), (16, 13), (14, 13)]","[(35, 4), (33, 4), (31, 6), (27, 4), (27, 2), (25, 4), (23, 2), (16, 13)]",58,41,0,41
58,"(16, 13)","(15, 13)",East,"[(17, 13), (15, 13)]","[(35, 4), (33, 4), (31, 6), (27, 4), (27, 2), (25, 4), (23, 2), (16, 13)]","[(35, 4), (33, 4), (31, 6), (27, 4), (27, 2), (25, 4), (23, 2), (17, 13)]",59,41,0,41
59,"(17, 13)","(16, 13)",East,"[(17, 12), (18, 13), (16, 13)]","[(35, 4), (33, 4), (31, 6), (27, 4), (27, 2), (25, 4), (23, 2), (17, 13)]","[(35, 4), (33, 4), (31, 6), (27, 4), (27, 2), (25, 4), (23, 2), (17, 12), (18, 13)]",60,42,0,42
60,"(18, 13)","(17, 13)",East,"[(19, 13), (17, 13)]","[(35, 4), (33, 4), (31, 6), (27, 4), (27, 2), (25, 4), (23, 2), (17, 12), (18, 13)]","[(35, 4), (33, 4), (31, 6), (27, 4), (27, 2), (25, 4), (23, 2), (17, 12), (19, 13)]",61,43,0,43
61,"(19, 13)","(18, 13)",East,"[(19, 12), (20, 13), (18, 13)]","[(35, 4), (33, 4), (31, 6), (27, 4), (27, 2), (25, 4), (23, 2), (17, 12), (19, 13)]","[(35, 4), (33, 4), (31, 6), (27, 4), (27, 2), (25, 4), (23, 2), (17, 12), (19, 12), (20, 13)]",62,44,0,44
62,"(20, 13)","(19, 13)",East,"[(21, 13), (19, 13)]","[(35, 4), (33, 4), (31, 6), (27, 4), (27, 2), (25, 4), (23, 2), (17, 12), (19, 12), (20, 13)]","[(35, 4), (33, 4), (31, 6), (27, 4), (27, 2), (25, 4), (23, 2), (17, 12), (19, 12), (21, 13)]",63,45,0,45
63,"(21, 13)","(20, 13)",East,"[(21, 14), (21, 12), (20, 13)]","[(35, 4), (33, 4), (31, 6), (27, 4), (27, 2), (25, 4), (23, 2), (17, 12), (19, 12), (21, 13)]","[(35, 4), (33, 4), (31, 6), (27, 4), (27, 2), (25, 4), (23, 2), (17, 12), (19, 12), (21, 14), (21, 12)]",64,46,0,46
64,"(21, 12)","(21, 13)",South,"[(21, 13), (21, 11)]","[(35, 4), (33, 4), (31, 6), (27, 4), (27, 2), (25, 4), (23, 2), (17, 12), (19, 12), (21, 14), (21, 12)]","[(35, 4), (33, 4), (31, 6), (27, 4), (27, 2), (25, 4), (23, 2), (17, 12), (19, 12), (21, 14), (21, 11)]",65,47,0,47
65,"(21, 11)","(21, 12)",South,"[(21, 12), (22, 11)]","[(35, 4), (33, 4), (31, 6), (27, 4), (27, 2), (25, 4), (23, 2), (17, 12), (19, 12), (21, 14), (21, 11)]","[(35, 4), (33, 4), (31, 6), (27, 4), (27, 2), (25, 4), (23, 2), (17, 12), (19, 12), (21, 14), (22, 11)]",66,48,0,48
66,"(22, 11)","(21, 11)",East,"[(23, 11), (21, 11)]","[(35, 4), (33, 4), (31, 6), (27, 4), (27, 2), (25, 4), (23, 2), (17, 12), (19, 12), (21, 14), (22, 11)]","[(35, 4), (33, 4), (31, 6), (27, 4), (27, 2), (25, 4), (23, 2), (17, 12), (19, 12), (21, 14), (23, 11)]",67,49,0,49
67,"(23, 11)","(22, 11)",East,"[(23, 12), (24, 11), (22, 11)]","[(35, 4), (33, 4), (31, 6), (27, 4), (27, 2), (25, 4), (23, 2), (17, 12), (19, 12), (21, 14), (23, 11)]","[(35, 4), (33, 4), (31, 6), (27, 4), (27, 2), (25, 4), (23, 2), (17, 12), (19, 12), (21, 14), (23, 12), (24, 11)]",68,50,0,50
68,"(24, 11)","(23, 11)",East,"[(25, 11), (23, 11)]","[(35, 4), (33, 4), (31, 6), (27, 4), (27, 2), (25, 4), (23, 2), (17, 12), (19, 12), (21, 14), (23, 12), (24, 11)]","[(35, 4), (33, 4), (31, 6), (27, 4), (27, 2), (25, 4), (23, 2), (17, 12), (19, 12), (21, 14), (23, 12), (25, 11)]",69,51,0,51
69,"(25, 11)","(24, 11)",East,"[(26, 11), (24, 11)]","[(35, 4), (33, 4), (31, 6), (27, 4), (27, 2), (25, 4), (23, 2), (17, 12), (19, 12), (21, 14), (23, 12), (25, 11)]","[(35, 4), (33, 4), (31, 6), (27, 4), (27, 2), (25, 4), (23, 2), (17, 12), (19, 12), (21, 14), (23, 12), (26, 11)]",70,52,0,52
70,"(26, 11)","(25, 11)",East,"[(27, 11), (25, 11)]","[(35, 4), (33, 4), (31, 6), (27, 4), (27, 2), (25, 4), (23, 2), (17, 12), (19, 12), (21, 14), (23, 12), (26, 11)]","[(35, 4), (33, 4), (31, 6), (27, 4), (27, 2), (25, 4), (23, 2), (17, 12), (19, 12), (21, 14), (23, 12), (27, 11)]",71,53,0,53
71,"(27, 11)","(26, 11)",East,"[(27, 10), (26, 11)]","[(35, 4), (33, 4), (31, 6), (27, 4), (27, 2), (25, 4), (23, 2), (17, 12), (19, 12), (21, 14), (23, 12), (27, 11)]","[(35, 4), (33, 4), (31, 6), (27, 4), (27, 2), (25, 4), (23, 2), (17, 12), (19, 12), (21, 14), (23, 12), (27, 10)]",72,54,0,54
72,"(27, 10)","(27, 11)",South,"[(27, 11), (27, 9)]","[(35, 4), (33, 4), (31, 6), (27, 4), (27, 2), (25, 4), (23, 2), (17, 12), (19, 12), (21, 14), (23, 12), (27, 10)]","[(35, 4), (33, 4), (31, 6), (27, 4), (27, 2), (25, 4), (23, 2), (17, 12), (19, 12), (21, 14), (23, 12), (27, 9)]",73,55,0,55
73,"(27, 9)","(27, 10)",South,"[(27, 10)]","[(35, 4), (33, 4), (31, 6), (27, 4), (27, 2), (25, 4), (23, 2), (17, 12), (19, 12), (21, 14), (23, 12), (27, 9)]","[(35, 4), (33, 4), (31, 6), (27, 4), (27, 2), (25, 4), (23, 2), (17, 12), (19, 12), (21, 14), (23, 12)]",74,56,0,56
74,"(23, 12)","(23, 11)",North,"[(23, 13), (23, 11)]","[(35, 4), (33, 4), (31, 6), (27, 4), (27, 2), (25, 4), (23, 2), (17, 12), (19, 12), (21, 14), (23, 12)]","[(35, 4), (33, 4), (31, 6), (27, 4), (27, 2), (25, 4), (23, 2), (17, 12), (19, 12), (21, 14), (23, 13)]",75,51,0,51
75,"(23, 13)","(23, 12)",North,"[(23, 12), (24, 13)]","[(35, 4), (33, 4), (31, 6), (27, 4), (27, 2), (25, 4), (23, 2), (17, 12), (19, 12), (21, 14), (23, 13)]","[(35, 4), (33, 4), (31, 6), (27, 4), (27, 2), (25, 4), (23, 2), (17, 12), (19, 12), (21, 14), (24, 13)]",76,52,0,52
76,"(24, 13)","(23, 13)",East,"[(25, 13), (23, 13)]","[(35, 4), (33, 4), (31, 6), (27, 4), (27, 2), (25, 4), (23, 2), (17, 12), (19, 12), (21, 14), (24, 13)]","[(35, 4), (33, 4), (31, 6), (27, 4), (27, 2), (25, 4), (23, 2), (17, 12), (19, 12), (21, 14), (25, 13)]",77,53,0,53
77,"(25, 13)","(24, 13)",East,"[(26, 13), (24, 13)]","[(35, 4), (33, 4), (31, 6), (27, 4), (27, 2), (25, 4), (23, 2), (17, 12), (19, 12), (21, 14), (25, 13)]","[(35, 4), (33, 4), (31, 6), (27, 4), (27, 2), (25, 4), (23, 2), (17, 12), (19, 12), (21, 14), (26, 13)]",78,54,0,54
78,"(26, 13)","(25, 13)",East,"[(27, 13), (25, 13)]","[(35, 4), (33, 4), (31, 6), (27, 4), (27, 2), (25, 4), (23, 2), (17, 12), (19, 12), (21, 14), (26, 13)]","[(35, 4), (33, 4), (31, 6), (27, 4), (27, 2), (25, 4), (23, 2), (17, 12), (19, 12), (21, 14), (27, 13)]",79,55,0,55
79,"(27, 13)","(26, 13)",East,"[(27, 14), (26, 13)]","[(35, 4), (33, 4), (31, 6), (27, 4), (27, 2), (25, 4), (23, 2), (17, 12), (19, 12), (21, 14), (27, 13)]","[(35, 4), (33, 4), (31, 6), (27, 4), (27, 2), (25, 4), (23, 2), (17, 12), (19, 12), (21, 14), (27, 14)]",80,56,0,56
80,"(27, 14)","(27, 13)",North,"[(27, 15), (27, 13)]","[(35, 4), (33, 4), (31, 6), (27, 4), (27, 2), (25, 4), (23, 2), (17, 12), (19, 12), (21, 14), (27, 14)]","[(35, 4), (33, 4), (31, 6), (27, 4), (27, 2), (25, 4), (23, 2), (17, 12), (19, 12), (21, 14), (27, 15)]",81,57,0,57
81,"(27, 15)","(27, 14)",North,"[(27, 14), (28, 15)]","[(35, 4), (33, 4), (31, 6), (27, 4), (27, 2), (25, 4), (23, 2), (17, 12), (19, 12), (21, 14), (27, 15)]","[(35, 4), (33, 4), (31, 6), (27, 4), (27, 2), (25, 4), (23, 2), (17, 12), (19, 12), (21, 14), (28, 15)]",82,58,0,58
82,"(28, 15)","(27, 15)",East,"[(29, 15), (27, 15)]","[(35, 4), (33, 4), (31, 6), (27, 4), (27, 2), (25, 4), (23, 2), (17, 12), (19, 12), (21, 14), (28, 15)]","[(35, 4), (33, 4), (31, 6), (27, 4), (27, 2), (25, 4), (23, 2), (17, 12), (19, 12), (21, 14), (29, 15)]",83,59,0,59
83,"(29, 15)","(28, 15)",East,"[(29, 14), (28, 15)]","[(35, 4), (33, 4), (31, 6), (27, 4), (27, 2), (25, 4), (23, 2), (17, 12), (19, 12), (21, 14), (29, 15)]","[(35, 4), (33, 4), (31, 6), (27, 4), (27, 2), (25, 4), (23, 2), (17, 12), (19, 12), (21, 14), (29, 14)]",84,60,0,60
84,"(29, 14)","(29, 15)",South,"[(29, 15), (29, 13)]","[(35, 4), (33, 4), (31, 6), (27, 4), (27, 2), (25, 4), (23, 2), (17, 12), (19, 12), (21, 14), (29, 14)]","[(35, 4), (33, 4), (31, 6), (27, 4), (27, 2), (25, 4), (23, 2), (17, 12), (19, 12), (21, 14), (29, 13)]",85,61,0,61
85,"(29, 13)","(29, 14)",South,"[(29, 14), (30, 13)]","[(35, 4), (33, 4), (31, 6), (27, 4), (27, 2), (25, 4), (23, 2), (17, 12), (19, 12), (21, 14), (29, 13)]","[(35, 4), (33, 4), (31, 6), (27, 4), (27, 2), (25, 4), (23, 2), (17, 12), (19, 12), (21, 14), (30, 13)]",86,62,0,62
86,"(30, 13)","(29, 13)",East,"[(31, 13), (29, 13)]","[(35, 4), (33, 4), (31, 6), (27, 4), (27, 2), (25, 4), (23, 2), (17, 12), (19, 12), (21, 14), (30, 13)]","[(35, 4), (33, 4), (31, 6), (27, 4), (27, 2), (25, 4), (23, 2), (17, 12), (19, 12), (21, 14), (31, 13)]",87,63,0,63
87,"(31, 13)","(30, 13)",East,"[(31, 14), (32, 13), (30, 13)]","[(35, 4), (33, 4), (31, 6), (27, 4), (27, 2), (25, 4), (23, 2), (17, 12), (19, 12), (21, 14), (31, 13)]","[(35, 4), (33, 4), (31, 6), (27, 4), (27, 2), (25, 4), (23, 2), (17, 12), (19, 12), (21, 14), (31, 14), (32, 13)]",88,64,0,64
88,"(32, 13)","(31, 13)",East,"[(33, 13), (31, 13)]","[(35, 4), (33, 4), (31, 6), (27, 4), (27, 2), (25, 4), (23, 2), (17, 12), (19, 12), (21, 14), (31, 14), (32, 13)]","[(35, 4), (33, 4), (31, 6), (27, 4), (27, 2), (25, 4), (23, 2), (17, 12), (19, 12), (21, 14), (31, 14), (33, 13)]",89,65,0,65
89,"(33, 13)","(32, 13)",East,"[(34, 13), (32, 13)]","[(35, 4), (33, 4), (31, 6), (27, 4), (27, 2), (25, 4), (23, 2), (17, 12), (19, 12), (21, 14), (31, 14), (33, 13)]","[(35, 4), (33, 4), (31, 6), (27, 4), (27, 2), (25, 4), (23, 2), (17, 12), (19, 12), (21, 14), (31, 14), (34, 13)]",90,66,0,66
90,"(34, 13)","(33, 13)",East,"[(35, 13), (33, 13)]","[(35, 4), (33, 4), (31, 6), (27, 4), (27, 2), (25, 4), (23, 2), (17, 12), (19, 12), (21, 14), (31, 14), (34, 13)]","[(35, 4), (33, 4), (31, 6), (27, 4), (27, 2), (25, 4), (23, 2), (17, 12), (19, 12), (21, 14), (31, 14), (35, 13)]",91,67,0,67
91,"(35, 13)","(34, 13)",East,"[(35, 14), (34, 13)]","[(35, 4), (33, 4), (31, 6), (27, 4), (27, 2), (25, 4), (23, 2), (17, 12), (19, 12), (21, 14), (31, 14), (35, 13)]","[(35, 4), (33, 4), (31, 6), (27, 4), (27, 2), (25, 4), (23, 2), (17, 12), (19, 12), (21, 14), (31, 14), (35, 14)]",92,68,0,68
92,"(35, 14)","(35, 13)",North,"[(35, 15), (35, 13)]","[(35, 4), (33, 4), (31, 6), (27, 4), (27, 2), (25, 4), (23, 2), (17, 12), (19, 12), (21, 14), (31, 14), (35, 14)]","[(35, 4), (33, 4), (31, 6), (27, 4), (27, 2), (25, 4), (23, 2), (17, 12), (19, 12), (21, 14), (31, 14), (35, 15)]",93,69,0,69
93,"(35, 15)","(35, 14)",North,"[(35, 14), (34, 15)]","[(35, 4), (33, 4), (31, 6), (27, 4), (27, 2), (25, 4), (23, 2), (17, 12), (19, 12), (21, 14), (31, 14), (35, 15)]","[(35, 4), (33, 4), (31, 6), (27, 4), (27, 2), (25, 4), (23, 2), (17, 12), (19, 12), (21, 14), (31, 14), (34, 15)]",94,70,0,70
94,"(34, 15)","(35, 15)",West,"[(35, 15), (33, 15)]","[(35, 4), (33, 4), (31, 6), (27, 4), (27, 2), (25, 4), (23, 2), (17, 12), (19, 12), (21, 14), (31, 14), (34, 15)]","[(35, 4), (33, 4), (31, 6), (27, 4), (27, 2), (25, 4), (23, 2), (17, 12), (19, 12), (21, 14), (31, 14), (33, 15)]",95,71,0,71
95,"(33, 15)","(34, 15)",West,"[(33, 16), (34, 15)]","[(35, 4), (33, 4), (31, 6), (27, 4), (27, 2), (25, 4), (23, 2), (17, 12), (19, 12), (21, 14), (31, 14), (33, 15)]","[(35, 4), (33, 4), (31, 6), (27, 4), (27, 2), (25, 4), (23, 2), (17, 12), (19, 12), (21, 14), (31, 14), (33, 16)]",96,72,0,72
96,"(33, 16)","(33, 15)",North,"[(33, 17), (33, 15)]","[(35, 4), (33, 4), (31, 6), (27, 4), (27, 2), (25, 4), (23, 2), (17, 12), (19, 12), (21, 14), (31, 14), (33, 16)]","[(35, 4), (33, 4), (31, 6), (27, 4), (27, 2), (25, 4), (23, 2), (17, 12), (19, 12), (21, 14), (31, 14), (33, 17)]",97,73,0,73
97,"(33, 17)","(33, 16)",North,"[(33, 16), (34, 17)]","[(35, 4), (33, 4), (31, 6), (27, 4), (27, 2), (25, 4), (23, 2), (17, 12), (19, 12), (21, 14), (31, 14), (33, 17)]","[(35, 4), (33, 4), (31, 6), (27, 4), (27, 2), (25, 4), (23, 2), (17, 12), (19, 12), (21, 14), (31, 14), (34, 17)]",98,74,0,74
98,"(34, 17)","(33, 17)",East,"[(35, 17), (33, 17)]","[(35, 4), (33, 4), (31, 6), (27, 4), (27, 2), (25, 4), (23, 2), (17, 12), (19, 12), (21, 14), (31, 14), (34, 17)]","[(35, 4), (33, 4), (31, 6), (27, 4), (27, 2), (25, 4), (23, 2), (17, 12), (19, 12), (21, 14), (31, 14), (35, 17)]",99,75,0,75
99,"(35, 17)","(34, 17)",East,"[(34, 17)]","[(35, 4), (33, 4), (31, 6), (27, 4), (27, 2), (25, 4), (23, 2), (17, 12), (19, 12), (21, 14), (31, 14), (35, 17)]","[(35, 4), (33, 4), (31, 6), (27, 4), (27, 2), (25, 4), (23, 2), (17, 12), (19, 12), (21, 14), (31, 14)]",100,76,0,76
100,"(31, 14)","(31, 13)",North,"[(31, 15), (31, 13)]","[(35, 4), (33, 4), (31, 6), (27, 4), (27, 2), (25, 4), (23, 2), (17, 12), (19, 12), (21, 14), (31, 14)]","[(35, 4), (33, 4), (31, 6), (27, 4), (27, 2), (25, 4), (23, 2), (17, 12), (19, 12), (21, 14), (31, 15)]",101,65,0,65
101,"(31, 15)","(31, 14)",North,"[(31, 16), (31, 14)]","[(35, 4), (33, 4), (31, 6), (27, 4), (27, 2), (25, 4), (23, 2), (17, 12), (19, 12), (21, 14), (31, 15)]","[(35, 4), (33, 4), (31, 6), (27, 4), (27, 2), (25, 4), (23, 2), (17, 12), (19, 12), (21, 14), (31, 16)]",102,66,0,66
102,"(31, 16)","(31, 15)",North,"[(31, 17), (31, 15)]","[(35, 4), (33, 4), (31, 6), (27, 4), (27, 2), (25, 4), (23, 2), (17, 12), (19, 12), (21, 14), (31, 16)]","[(35, 4), (33, 4), (31, 6), (27, 4), (27, 2), (25, 4), (23, 2), (17, 12), (19, 12), (21, 14), (31, 17)]",103,67,0,67
103,"(31, 17)","(31, 16)",North,"[(31, 18), (31, 16)]","[(35, 4), (33, 4), (31, 6), (27, 4), (27, 2), (25, 4), (23, 2), (17, 12), (19, 12), (21, 14), (31, 17)]","[(35, 4), (33, 4), (31, 6), (27, 4), (27, 2), (25, 4), (23, 2), (17, 12), (19, 12), (21, 14), (31, 18)]",104,68,0,68
104,"(31, 18)","(31, 17)",North,"[(31, 19), (31, 17)]","[(35, 4), (33, 4), (31, 6), (27, 4), (27, 2), (25, 4), (23, 2), (17, 12), (19, 12), (21, 14), (31, 18)]","[(35, 4), (33, 4), (31, 6), (27, 4), (27, 2), (25, 4), (23, 2), (17, 12), (19, 12), (21, 14), (31, 19)]",105,69,0,69
105,"(31, 19)","(31, 18)",North,"[(31, 20), (31, 18), (32, 19)]","[(35, 4), (33, 4), (31, 6), (27, 4), (27, 2), (25, 4), (23, 2), (17, 12), (19, 12), (21, 14), (31, 19)]","[(35, 4), (33, 4), (31, 6), (27, 4), (27, 2), (25, 4), (23, 2), (17, 12), (19, 12), (21, 14), (31, 20), (32, 19)]",106,70,0,70
106,"(32, 19)","(31, 19)",East,"[(33, 19), (31, 19)]","[(35, 4), (33, 4), (31, 6), (27, 4), (27, 2), (25, 4), (23, 2), (17, 12), (19, 12), (21, 14), (31, 20), (32, 19)]","[(35, 4), (33, 4), (31, 6), (27, 4), (27, 2), (25, 4), (23, 2), (17, 12), (19, 12), (21, 14), (31, 20), (33, 19)]",107,71,0,71
107,"(33, 19)","(32, 19)",East,"[(33, 20), (34, 19), (32, 19)]","[(35, 4), (33, 4), (31, 6), (27, 4), (27, 2), (25, 4), (23, 2), (17, 12), (19, 12), (21, 14), (31, 20), (33, 19)]","[(35, 4), (33, 4), (31, 6), (27, 4), (27, 2), (25, 4), (23, 2), (17, 12), (19, 12), (21, 14), (31, 20), (33, 20), (34, 19)]",108,72,0,72
108,"(34, 19)","(33, 19)",East,"[(35, 19), (33, 19)]","[(35, 4), (33, 4), (31, 6), (27, 4), (27, 2), (25, 4), (23, 2), (17, 12), (19, 12), (21, 14), (31, 20), (33, 20), (34, 19)]","[(35, 4), (33, 4), (31, 6), (27, 4), (27, 2), (25, 4), (23, 2), (17, 12), (19, 12), (21, 14), (31, 20), (33, 20), (35, 19)]",109,73,0,73
109,"(35, 19)","(34, 19)",East,"[(35, 20), (34, 19)]","[(35, 4), (33, 4), (31, 6), (27, 4), (27, 2), (25, 4), (23, 2), (17, 12), (19, 12), (21, 14), (31, 20), (33, 20), (35, 19)]","[(35, 4), (33, 4), (31, 6), (27, 4), (27, 2), (25, 4), (23, 2), (17, 12), (19, 12), (21, 14), (31, 20), (33, 20), (35, 20)]",110,74,0,74
110,"(35, 20)","(35, 19)",North,"[(35, 21), (35, 19)]","[(35, 4), (33, 4), (31, 6), (27, 4), (27, 2), (25, 4), (23, 2), (17, 12), (19, 12), (21, 14), (31, 20), (33, 20), (35, 20)]","[(35, 4), (33, 4), (31, 6), (27, 4), (27, 2), (25, 4), (23, 2), (17, 12), (19, 12), (21, 14), (31, 20), (33, 20), (35, 21)]",111,75,0,75
111,"(35, 21)","(35, 20)",North,"[(35, 22), (35, 20)]","[(35, 4), (33, 4), (31, 6), (27, 4), (27, 2), (25, 4), (23, 2), (17, 12), (19, 12), (21, 14), (31, 20), (33, 20), (35, 21)]","[(35, 4), (33, 4), (31, 6), (27, 4), (27, 2), (25, 4), (23, 2), (17, 12), (19, 12), (21, 14), (31, 20), (33, 20), (35, 22)]",112,76,0,76
112,"(35, 22)","(35, 21)",North,"[(35, 23), (35, 21)]","[(35, 4), (33, 4), (31, 6), (27, 4), (27, 2), (25, 4), (23, 2), (17, 12), (19, 12), (21, 14), (31, 20), (33, 20), (35, 22)]","[(35, 4), (33, 4), (31, 6), (27, 4), (27, 2), (25, 4), (23, 2), (17, 12), (19, 12), (21, 14), (31, 20), (33, 20), (35, 23)]",113,77,0,77
113,"(35, 23)","(35, 22)",North,"[(35, 24), (35, 22), (34, 23)]","[(35, 4), (33, 4), (31, 6), (27, 4), (27, 2), (25, 4), (23, 2), (17, 12), (19, 12), (21, 14), (31, 20), (33, 20), (35, 23)]","[(35, 4), (33, 4), (31, 6), (27, 4), (27, 2), (25, 4), (23, 2), (17, 12), (19, 12), (21, 14), (31, 20), (33, 20), (35, 24), (34, 23)]",114,78,0,78
114,"(34, 23)","(35, 23)",West,"[(35, 23), (33, 23)]","[(35, 4), (33, 4), (31, 6), (27, 4), (27, 2), (25, 4), (23, 2), (17, 12), (19, 12), (21, 14), (31, 20), (33, 20), (35, 24), (34, 23)]","[(35, 4), (33, 4), (31, 6), (27, 4), (27, 2), (25, 4), (23, 2), (17, 12), (19, 12), (21, 14), (31, 20), (33, 20), (35, 24), (33, 23)]",115,79,0,79
115,"(33, 23)","(34, 23)",West,"[(34, 23)]","[(35, 4), (33, 4), (31, 6), (27, 4), (27, 2), (25, 4), (23, 2), (17, 12), (19, 12), (21, 14), (31, 20), (33, 20), (35, 24), (33, 23)]","[(35, 4), (33, 4), (31, 6), (27, 4), (27, 2), (25, 4), (23, 2), (17, 12), (19, 12), (21, 14), (31, 20), (33, 20), (35, 24)]",116,80,0,80
116,"(35, 24)","(35, 23)",North,"[(35, 25), (35, 23)]","[(35, 4), (33, 4), (31, 6), (27, 4), (27, 2), (25, 4), (23, 2), (17, 12), (19, 12), (21, 14), (31, 20), (33, 20), (35, 24)]","[(35, 4), (33, 4), (31, 6), (27, 4), (27, 2), (25, 4), (23, 2), (17, 12), (19, 12), (21, 14), (31, 20), (33, 20), (35, 25)]",117,79,0,79
117,"(35, 25)","(35, 24)",North,"[(35, 26), (35, 24)]","[(35, 4), (33, 4), (31, 6), (27, 4), (27, 2), (25, 4), (23, 2), (17, 12), (19, 12), (21, 14), (31, 20), (33, 20), (35, 25)]","[(35, 4), (33, 4), (31, 6), (27, 4), (27, 2), (25, 4), (23, 2), (17, 12), (19, 12), (21, 14), (31, 20), (33, 20), (35, 26)]",118,80,0,80
118,"(35, 26)","(35, 25)",North,"[(35, 27), (35, 25)]","[(35, 4), (33, 4), (31, 6), (27, 4), (27, 2), (25, 4), (23, 2), (17, 12), (19, 12), (21, 14), (31, 20), (33, 20), (35, 26)]","[(35, 4), (33, 4), (31, 6), (27, 4), (27, 2), (25, 4), (23, 2), (17, 12), (19, 12), (21, 14), (31, 20), (33, 20), (35, 27)]",119,81,0,81
119,"(35, 27)","(35, 26)",North,"[(35, 28), (35, 26)]","[(35, 4), (33, 4), (31, 6), (27, 4), (27, 2), (25, 4), (23, 2), (17, 12), (19, 12), (21, 14), (31, 20), (33, 20), (35, 27)]","[(35, 4), (33, 4), (31, 6), (27, 4), (27, 2), (25, 4), (23, 2), (17, 12), (19, 12), (21, 14), (31, 20), (33, 20), (35, 28)]",120,82,0,82
120,"(35, 28)","(35, 27)",North,"[(35, 29), (35, 27)]","[(35, 4), (33, 4), (31, 6), (27, 4), (27, 2), (25, 4), (23, 2), (17, 12), (19, 12), (21, 14), (31, 20), (33, 20), (35, 28)]","[(35, 4), (33, 4), (31, 6), (27, 4), (27, 2), (25, 4), (23, 2), (17, 12), (19, 12), (21, 14), (31, 20), (33, 20), (35, 29)]",121,83,0,83
121,"(35, 29)","(35, 28)",North,"[(35, 30), (35, 28), (34, 29)]","[(35, 4), (33, 4), (31, 6), (27, 4), (27, 2), (25, 4), (23, 2), (17, 12), (19, 12), (21, 14), (31, 20), (33, 20), (35, 29)]","[(35, 4), (33, 4), (31, 6), (27, 4), (27, 2), (25, 4), (23, 2), (17, 12), (19, 12), (21, 14), (31, 20), (33, 20), (35, 30), (34, 29)]",122,84,0,84
122,"(34, 29)","(35, 29)",West,"[(35, 29), (33, 29)]","[(35, 4), (33, 4), (31, 6), (27, 4), (27, 2), (25, 4), (23, 2), (17, 12), (19, 12), (21, 14), (31, 20), (33, 20), (35, 30), (34, 29)]","[(35, 4), (33, 4), (31, 6), (27, 4), (27, 2), (25, 4), (23, 2), (17, 12), (19, 12), (21, 14), (31, 20), (33, 20), (35, 30), (33, 29)]",123,85,0,85
123,"(33, 29)","(34, 29)",West,"[(33, 28), (34, 29)]","[(35, 4), (33, 4), (31, 6), (27, 4), (27, 2), (25, 4), (23, 2), (17, 12), (19, 12), (21, 14), (31, 20), (33, 20), (35, 30), (33, 29)]","[(35, 4), (33, 4), (31, 6), (27, 4), (27, 2), (25, 4), (23, 2), (17, 12), (19, 12), (21, 14), (31, 20), (33, 20), (35, 30), (33, 28)]",124,86,0,86
124,"(33, 28)","(33, 29)",South,"[(33, 29), (33, 27)]","[(35, 4), (33, 4), (31, 6), (27, 4), (27, 2), (25, 4), (23, 2), (17, 12), (19, 12), (21, 14), (31, 20), (33, 20), (35, 30), (33, 28)]","[(35, 4), (33, 4), (31, 6), (27, 4), (27, 2), (25, 4), (23, 2), (17, 12), (19, 12), (21, 14), (31, 20), (33, 20), (35, 30), (33, 27)]",125,87,0,87
125,"(33, 27)","(33, 28)",South,"[(33, 28), (33, 26), (32, 27)]","[(35, 4), (33, 4), (31, 6), (27, 4), (27, 2), (25, 4), (23, 2), (17, 12), (19, 12), (21, 14), (31, 20), (33, 20), (35, 30), (33, 27)]","[(35, 4), (33, 4), (31, 6), (27, 4), (27, 2), (25, 4), (23, 2), (17, 12), (19, 12), (21, 14), (31, 20), (33, 20), (35, 30), (33, 26), (32, 27)]",126,88,0,88
126,"(32, 27)","(33, 27)",West,"[(33, 27), (31, 27)]","[(35, 4), (33, 4), (31, 6), (27, 4), (27, 2), (25, 4), (23, 2), (17, 12), (19, 12), (21, 14), (31, 20), (33, 20), (35, 30), (33, 26), (32, 27)]","[(35, 4), (33, 4), (31, 6), (27, 4), (27, 2), (25, 4), (23, 2), (17, 12), (19, 12), (21, 14), (31, 20), (33, 20), (35, 30), (33, 26), (31, 27)]",127,89,0,89
127,"(31, 27)","(32, 27)",West,"[(31, 28), (32, 27), (30, 27)]","[(35, 4), (33, 4), (31, 6), (27, 4), (27, 2), (25, 4), (23, 2), (17, 12), (19, 12), (21, 14), (31, 20), (33, 20), (35, 30), (33, 26), (31, 27)]","[(35, 4), (33, 4), (31, 6), (27, 4), (27, 2), (25, 4), (23, 2), (17, 12), (19, 12), (21, 14), (31, 20), (33, 20), (35, 30), (33, 26), (31, 28), (30, 27)]",128,90,0,90
128,"(30, 27)","(31, 27)",West,"[(31, 27), (29, 27)]","[(35, 4), (33, 4), (31, 6), (27, 4), (27, 2), (25, 4), (23, 2), (17, 12), (19, 12), (21, 14), (31, 20), (33, 20), (35, 30), (33, 26), (31, 28), (30, 27)]","[(35, 4), (33, 4), (31, 6), (27, 4), (27, 2), (25, 4), (23, 2), (17, 12), (19, 12), (21, 14), (31, 20), (33, 20), (35, 30), (33, 26), (31, 28), (29, 27)]",129,91,0,91
129,"(29, 27)","(30, 27)",West,"[(29, 28), (29, 26), (30, 27)]","[(35, 4), (33, 4), (31, 6), (27, 4), (27, 2), (25, 4), (23, 2), (17, 12), (19, 12), (21, 14), (31, 20), (33, 20), (35, 30), (33, 26), (31, 28), (29, 27)]","[(35, 4), (33, 4), (31, 6), (27, 4), (27, 2), (25, 4), (23, 2), (17, 12), (19, 12), (21, 14), (31, 20), (33, 20), (35, 30), (33, 26), (31, 28), (29, 28), (29, 26)]",130,92,0,92
130,"(29, 26)","(29, 27)",South,"[(29, 27), (29, 25)]","[(35, 4), (33, 4), (31, 6), (27, 4), (27, 2), (25, 4), (23, 2), (17, 12), (19, 12), (21, 14), (31, 20), (33, 20), (35, 30), (33, 26), (31, 28), (29, 28), (29, 26)]","[(35, 4), (33, 4), (31, 6), (27, 4), (27, 2), (25, 4), (23, 2), (17, 12), (19, 12), (21, 14), (31, 20), (33, 20), (35, 30), (33, 26), (31, 28), (29, 28), (29, 25)]",131,93,0,93
131,"(29, 25)","(29, 26)",South,"[(29, 26), (29, 24)]","[(35, 4), (33, 4), (31, 6), (27, 4), (27, 2), (25, 4), (23, 2), (17, 12), (19, 12), (21, 14), (31, 20), (33, 20), (35, 30), (33, 26), (31, 28), (29, 28), (29, 25)]","[(35, 4), (33, 4), (31, 6), (27, 4), (27, 2), (25, 4), (23, 2), (17, 12), (19, 12), (21, 14), (31, 20), (33, 20), (35, 30), (33, 26), (31, 28), (29, 28), (29, 24)]",132,94,0,94
132,"(29, 24)","(29, 25)",South,"[(29, 25), (29, 23)]","[(35, 4), (33, 4), (31, 6), (27, 4), (27, 2), (25, 4), (23, 2), (17, 12), (19, 12), (21, 14), (31, 20), (33, 20), (35, 30), (33, 26), (31, 28), (29, 28), (29, 24)]","[(35, 4), (33, 4), (31, 6), (27, 4), (27, 2), (25, 4), (23, 2), (17, 12), (19, 12), (21, 14), (31, 20), (33, 20), (35, 30), (33, 26), (31, 28), (29, 28), (29, 23)]",133,95,0,95
133,"(29, 23)","(29, 24)",South,"[(29, 24), (29, 22), (30, 23)]","[(35, 4), (33, 4), (31, 6), (27, 4), (27, 2), (25, 4), (23, 2), (17, 12), (19, 12), (21, 14), (31, 20), (33, 20), (35, 30), (33, 26), (31, 28), (29, 28), (29, 23)]","[(35, 4), (33, 4), (31, 6), (27, 4), (27, 2), (25, 4), (23, 2), (17, 12), (19, 12), (21, 14), (31, 20), (33, 20), (35, 30), (33, 26), (31, 28), (29, 28), (29, 22), (30, 23)]",134,96,0,96
134,"(30, 23)","(29, 23)",East,"[(31, 23), (29, 23)]","[(35, 4), (33, 4), (31, 6), (27, 4), (27, 2), (25, 4), (23, 2), (17, 12), (19, 12), (21, 14), (31, 20), (33, 20), (35, 30), (33, 26), (31, 28), (29, 28), (29, 22), (30, 23)]","[(35, 4), (33, 4), (31, 6), (27, 4), (27, 2), (25, 4), (23, 2), (17, 12), (19, 12), (21, 14), (31, 20), (33, 20), (35, 30), (33, 26), (31, 28), (29, 28), (29, 22), (31, 23)]",135,97,0,97
135,"(31, 23)","(30, 23)",East,"[(31, 24), (30, 23)]","[(35, 4), (33, 4), (31, 6), (27, 4), (27, 2), (25, 4), (23, 2), (17, 12), (19, 12), (21, 14), (31, 20), (33, 20), (35, 30), (33, 26), (31, 28), (29, 28), (29, 22), (31, 23)]","[(35, 4), (33, 4), (31, 6), (27, 4), (27, 2), (25, 4), (23, 2), (17, 12), (19, 12), (21, 14), (31, 20), (33, 20), (35, 30), (33, 26), (31, 28), (29, 28), (29, 22), (31, 24)]",136,98,0,98
136,"(31, 24)","(31, 23)",North,"[(31, 25), (31, 23)]","[(35, 4), (33, 4), (31, 6), (27, 4), (27, 2), (25, 4), (23, 2), (17, 12), (19, 12), (21, 14), (31, 20), (33, 20), (35, 30), (33, 26), (31, 28), (29, 28), (29, 22), (31, 24)]","[(35, 4), (33, 4), (31, 6), (27, 4), (27, 2), (25, 4), (23, 2), (17, 12), (19, 12), (21, 14), (31, 20), (33, 20), (35, 30), (33, 26), (31, 28), (29, 28), (29, 22), (31, 25)]",137,99,0,99
137,"(31, 25)","(31, 24)",North,"[(31, 24)]","[(35, 4), (33, 4), (31, 6), (27, 4), (27, 2), (25, 4), (23, 2), (17, 12), (19, 12), (21, 14), (31, 20), (33, 20), (35, 30), (33, 26), (31, 28), (29, 28), (29, 22), (31, 25)]","[(35, 4), (33, 4), (31, 6), (27, 4), (27, 2), (25, 4), (23, 2), (17, 12), (19, 12), (21, 14), (31, 20), (33, 20), (35, 30), (33, 26), (31, 28), (29, 28), (29, 22)]",138,100,0,100
138,"(29, 22)","(29, 23)",South,"[(29, 23), (29, 21)]","[(35, 4), (33, 4), (31, 6), (27, 4), (27, 2), (25, 4), (23, 2), (17, 12), (19, 12), (21, 14), (31, 20), (33, 20), (35, 30), (33, 26), (31, 28), (29, 28), (29, 22)]","[(35, 4), (33, 4), (31, 6), (27, 4), (27, 2), (25, 4), (23, 2), (17, 12), (19, 12), (21, 14), (31, 20), (33, 20), (35, 30), (33, 26), (31, 28), (29, 28), (29, 21)]",139,97,0,97
139,"(29, 21)","(29, 22)",South,"[(29, 22), (29, 20), (28, 21)]","[(35, 4), (33, 4), (31, 6), (27, 4), (27, 2), (25, 4), (23, 2), (17, 12), (19, 12), (21, 14), (31, 20), (33, 20), (35, 30), (33, 26), (31, 28), (29, 28), (29, 21)]","[(35, 4), (33, 4), (31, 6), (27, 4), (27, 2), (25, 4), (23, 2), (17, 12), (19, 12), (21, 14), (31, 20), (33, 20), (35, 30), (33, 26), (31, 28), (29, 28), (29, 20), (28, 21)]",140,98,0,98
140,"(28, 21)","(29, 21)",West,"[(29, 21), (27, 21)]","[(35, 4), (33, 4), (31, 6), (27, 4), (27, 2), (25, 4), (23, 2), (17, 12), (19, 12), (21, 14), (31, 20), (33, 20), (35, 30), (33, 26), (31, 28), (29, 28), (29, 20), (28, 21)]","[(35, 4), (33, 4), (31, 6), (27, 4), (27, 2), (25, 4), (23, 2), (17, 12), (19, 12), (21, 14), (31, 20), (33, 20), (35, 30), (33, 26), (31, 28), (29, 28), (29, 20), (27, 21)]",141,99,0,99
141,"(27, 21)","(28, 21)",West,"[(27, 20), (28, 21)]","[(35, 4), (33, 4), (31, 6), (27, 4), (27, 2), (25, 4), (23, 2), (17, 12), (19, 12), (21, 14), (31, 20), (33, 20), (35, 30), (33, 26), (31, 28), (29, 28), (29, 20), (27, 21)]","[(35, 4), (33, 4), (31, 6), (27, 4), (27, 2), (25, 4), (23, 2), (17, 12), (19, 12), (21, 14), (31, 20), (33, 20), (35, 30), (33, 26), (31, 28), (29, 28), (29, 20), (27, 20)]",142,100,0,100
142,"(27, 20)","(27, 21)",South,"[(27, 21), (27, 19)]","[(35, 4), (33, 4), (31, 6), (27, 4), (27, 2), (25, 4), (23, 2), (17, 12), (19, 12), (21, 14), (31, 20), (33, 20), (35, 30), (33, 26), (31, 28), (29, 28), (29, 20), (27, 20)]","[(35, 4), (33, 4), (31, 6), (27, 4), (27, 2), (25, 4), (23, 2), (17, 12), (19, 12), (21, 14), (31, 20), (33, 20), (35, 30), (33, 26), (31, 28), (29, 28), (29, 20), (27, 19)]",143,101,0,101
143,"(27, 19)","(27, 20)",South,"[(27, 20), (27, 18)]","[(35, 4), (33, 4), (31, 6), (27, 4), (27, 2), (25, 4), (23, 2), (17, 12), (19, 12), (21, 14), (31, 20), (33, 20), (35, 30), (33, 26), (31, 28), (29, 28), (29, 20), (27, 19)]","[(35, 4), (33, 4), (31, 6), (27, 4), (27, 2), (25, 4), (23, 2), (17, 12), (19, 12), (21, 14), (31, 20), (33, 20), (35, 30), (33, 26), (31, 28), (29, 28), (29, 20), (27, 18)]",144,102,0,102
144,"(27, 18)","(27, 19)",South,"[(27, 19), (27, 17)]","[(35, 4), (33, 4), (31, 6), (27, 4), (27, 2), (25, 4), (23, 2), (17, 12), (19, 12), (21, 14), (31, 20), (33, 20), (35, 30), (33, 26), (31, 28), (29, 28), (29, 20), (27, 18)]","[(35, 4), (33, 4), (31, 6), (27, 4), (27, 2), (25, 4), (23, 2), (17, 12), (19, 12), (21, 14), (31, 20), (33, 20), (35, 30), (33, 26), (31, 28), (29, 28), (29, 20), (27, 17)]",145,103,0,103
145,"(27, 17)","(27, 18)",South,"[(27, 18), (28, 17), (26, 17)]","[(35, 4), (33, 4), (31, 6), (27, 4), (27, 2), (25, 4), (23, 2), (17, 12), (19, 12), (21, 14), (31, 20), (33, 20), (35, 30), (33, 26), (31, 28), (29, 28), (29, 20), (27, 17)]","[(35, 4), (33, 4), (31, 6), (27, 4), (27, 2), (25, 4), (23, 2), (17, 12), (19, 12), (21, 14), (31, 20), (33, 20), (35, 30), (33, 26), (31, 28), (29, 28), (29, 20), (28, 17), (26, 17)]",146,104,0,104
146,"(26, 17)","(27, 17)",West,"[(27, 17), (25, 17)]","[(35, 4), (33, 4), (31, 6), (27, 4), (27, 2), (25, 4), (23, 2), (17, 12), (19, 12), (21, 14), (31, 20), (33, 20), (35, 30), (33, 26), (31, 28), (29, 28), (29, 20), (28, 17), (26, 17)]","[(35, 4), (33, 4), (31, 6), (27, 4), (27, 2), (25, 4), (23, 2), (17, 12), (19, 12), (21, 14), (31, 20), (33, 20), (35, 30), (33, 26), (31, 28), (29, 28), (29, 20), (28, 17), (25, 17)]",147,105,0,105
147,"(25, 17)","(26, 17)",West,"[(25, 18), (26, 17)]","[(35, 4), (33, 4), (31, 6), (27, 4), (27, 2), (25, 4), (23, 2), (17, 12), (19, 12), (21, 14), (31, 20), (33, 20), (35, 30), (33, 26), (31, 28), (29, 28), (29, 20), (28, 17), (25, 17)]","[(35, 4), (33, 4), (31, 6), (27, 4), (27, 2), (25, 4), (23, 2), (17, 12), (19, 12), (21, 14), (31, 20), (33, 20), (35, 30), (33, 26), (31, 28), (29, 28), (29, 20), (28, 17), (25, 18)]",148,106,0,106
148,"(25, 18)","(25, 17)",North,"[(25, 19), (25, 17)]","[(35, 4), (33, 4), (31, 6), (27, 4), (27, 2), (25, 4), (23, 2), (17, 12), (19, 12), (21, 14), (31, 20), (33, 20), (35, 30), (33, 26), (31, 28), (29, 28), (29, 20), (28, 17), (25, 18)]","[(35, 4), (33, 4), (31, 6), (27, 4), (27, 2), (25, 4), (23, 2), (17, 12), (19, 12), (21, 14), (31, 20), (33, 20), (35, 30), (33, 26), (31, 28), (29, 28), (29, 20), (28, 17), (25, 19)]",149,107,0,107
149,"(25, 19)","(25, 18)",North,"[(25, 20), (25, 18), (24, 19)]","[(35, 4), (33, 4), (31, 6), (27, 4), (27, 2), (25, 4), (23, 2), (17, 12), (19, 12), (21, 14), (31, 20), (33, 20), (35, 30), (33, 26), (31, 28), (29, 28), (29, 20), (28, 17), (25, 19)]","[(35, 4), (33, 4), (31, 6), (27, 4), (27, 2), (25, 4), (23, 2), (17, 12), (19, 12), (21, 14), (31, 20), (33, 20), (35, 30), (33, 26), (31, 28), (29, 28), (29, 20), (28, 17), (25, 20), (24, 19)]",150,108,0,108
150,"(24, 19)","(25, 19)",West,"[(25, 19), (23, 19)]","[(35, 4), (33, 4), (31, 6), (27, 4), (27, 2), (25, 4), (23, 2), (17, 12), (19, 12), (21, 14), (31, 20), (33, 20), (35, 30), (33, 26), (31, 28), (29, 28), (29, 20), (28, 17), (25, 20), (24, 19)]","[(35, 4), (33, 4), (31, 6), (27, 4), (27, 2), (25, 4), (23, 2), (17, 12), (19, 12), (21, 14), (31, 20), (33, 20), (35, 30), (33, 26), (31, 28), (29, 28), (29, 20), (28, 17), (25, 20), (23, 19)]",151,109,0,109
151,"(23, 19)","(24, 19)",West,"[(24, 19), (22, 19)]","[(35, 4), (33, 4), (31, 6), (27, 4), (27, 2), (25, 4), (23, 2), (17, 12), (19, 12), (21, 14), (31, 20), (33, 20), (35, 30), (33, 26), (31, 28), (29, 28), (29, 20), (28, 17), (25, 20), (23, 19)]","[(35, 4), (33, 4), (31, 6), (27, 4), (27, 2), (25, 4), (23, 2), (17, 12), (19, 12), (21, 14), (31, 20), (33, 20), (35, 30), (33, 26), (31, 28), (29, 28), (29, 20), (28, 17), (25, 20), (22, 19)]",152,110,0,110
152,"(22, 19)","(23, 19)",West,"[(23, 19), (21, 19)]","[(35, 4), (33, 4), (31, 6), (27, 4), (27, 2), (25, 4), (23, 2), (17, 12), (19, 12), (21, 14), (31, 20), (33, 20), (35, 30), (33, 26), (31, 28), (29, 28), (29, 20), (28, 17), (25, 20), (22, 19)]","[(35, 4), (33, 4), (31, 6), (27, 4), (27, 2), (25, 4), (23, 2), (17, 12), (19, 12), (21, 14), (31, 20), (33, 20), (35, 30), (33, 26), (31, 28), (29, 28), (29, 20), (28, 17), (25, 20), (21, 19)]",153,111,0,111
153,"(21, 19)","(22, 19)",West,"[(21, 20), (21, 18), (22, 19), (20, 19)]","[(35, 4), (33, 4), (31, 6), (27, 4), (27, 2), (25, 4), (23, 2), (17, 12), (19, 12), (21, 14), (31, 20), (33, 20), (35, 30), (33, 26), (31, 28), (29, 28), (29, 20), (28, 17), (25, 20), (21, 19)]","[(35, 4), (33, 4), (31, 6), (27, 4), (27, 2), (25, 4), (23, 2), (17, 12), (19, 12), (21, 14), (31, 20), (33, 20), (35, 30), (33, 26), (31, 28), (29, 28), (29, 20), (28, 17), (25, 20), (21, 20), (21, 18), (20, 19)]",154,112,0,112
154,"(20, 19)","(21, 19)",West,"[(21, 19), (19, 19)]","[(35, 4), (33, 4), (31, 6), (27, 4), (27, 2), (25, 4), (23, 2), (17, 12), (19, 12), (21, 14), (31, 20), (33, 20), (35, 30), (33, 26), (31, 28), (29, 28), (29, 20), (28, 17), (25, 20), (21, 20), (21, 18), (20, 19)]","[(35, 4), (33, 4), (31, 6), (27, 4), (27, 2), (25, 4), (23, 2), (17, 12), (19, 12), (21, 14), (31, 20), (33, 20), (35, 30), (33, 26), (31, 28), (29, 28), (29, 20), (28, 17), (25, 20), (21, 20), (21, 18), (19, 19)]",155,113,0,113
155,"(19, 19)","(20, 19)",West,"[(20, 19), (18, 19)]","[(35, 4), (33, 4), (31, 6), (27, 4), (27, 2), (25, 4), (23, 2), (17, 12), (19, 12), (21, 14), (31, 20), (33, 20), (35, 30), (33, 26), (31, 28), (29, 28), (29, 20), (28, 17), (25, 20), (21, 20), (21, 18), (19, 19)]","[(35, 4), (33, 4), (31, 6), (27, 4), (27, 2), (25, 4), (23, 2), (17, 12), (19, 12), (21, 14), (31, 20), (33, 20), (35, 30), (33, 26), (31, 28), (29, 28), (29, 20), (28, 17), (25, 20), (21, 20), (21, 18), (18, 19)]",156,114,0,114
156,"(18, 19)","(19, 19)",West,"[(19, 19), (17, 19)]","[(35, 4), (33, 4), (31, 6), (27, 4), (27, 2), (25, 4), (23, 2), (17, 12), (19, 12), (21, 14), (31, 20), (33, 20), (35, 30), (33, 26), (31, 28), (29, 28), (29, 20), (28, 17), (25, 20), (21, 20), (21, 18), (18, 19)]","[(35, 4), (33, 4), (31, 6), (27, 4), (27, 2), (25, 4), (23, 2), (17, 12), (19, 12), (21, 14), (31, 20), (33, 20), (35, 30), (33, 26), (31, 28), (29, 28), (29, 20), (28, 17), (25, 20), (21, 20), (21, 18), (17, 19)]",157,115,0,115
157,"(17, 19)","(18, 19)",West,"[(17, 20), (18, 19), (16, 19)]","[(35, 4), (33, 4), (31, 6), (27, 4), (27, 2), (25, 4), (23, 2), (17, 12), (19, 12), (21, 14), (31, 20), (33, 20), (35, 30), (33, 26), (31, 28), (29, 28), (29, 20), (28, 17), (25, 20), (21, 20), (21, 18), (17, 19)]","[(35, 4), (33, 4), (31, 6), (27, 4), (27, 2), (25, 4), (23, 2), (17, 12), (19, 12), (21, 14), (31, 20), (33, 20), (35, 30), (33, 26), (31, 28), (29, 28), (29, 20), (28, 17), (25, 20), (21, 20), (21, 18), (17, 20), (16, 19)]",158,116,0,116
158,"(16, 19)","(17, 19)",West,"[(17, 19), (15, 19)]","[(35, 4), (33, 4), (31, 6), (27, 4), (27, 2), (25, 4), (23, 2), (17, 12), (19, 12), (21, 14), (31, 20), (33, 20), (35, 30), (33, 26), (31, 28), (29, 28), (29, 20), (28, 17), (25, 20), (21, 20), (21, 18), (17, 20), (16, 19)]","[(35, 4), (33, 4), (31, 6), (27, 4), (27, 2), (25, 4), (23, 2), (17, 12), (19, 12), (21, 14), (31, 20), (33, 20), (35, 30), (33, 26), (31, 28), (29, 28), (29, 20), (28, 17), (25, 20), (21, 20), (21, 18), (17, 20), (15, 19)]",159,117,0,117
159,"(15, 19)","(16, 19)",West,"[(15, 18), (16, 19), (14, 19)]","[(35, 4), (33, 4), (31, 6), (27, 4), (27, 2), (25, 4), (23, 2), (17, 12), (19, 12), (21, 14), (31, 20), (33, 20), (35, 30), (33, 26), (31, 28), (29, 28), (29, 20), (28, 17), (25, 20), (21, 20), (21, 18), (17, 20), (15, 19)]","[(35, 4), (33, 4), (31, 6), (27, 4), (27, 2), (25, 4), (23, 2), (17, 12), (19, 12), (21, 14), (31, 20), (33, 20), (35, 30), (33, 26), (31, 28), (29, 28), (29, 20), (28, 17), (25, 20), (21, 20), (21, 18), (17, 20), (15, 18), (14, 19)]",160,118,0,118
160,"(14, 19)","(15, 19)",West,"[(15, 19), (13, 19)]","[(35, 4), (33, 4), (31, 6), (27, 4), (27, 2), (25, 4), (23, 2), (17, 12), (19, 12), (21, 14), (31, 20), (33, 20), (35, 30), (33, 26), (31, 28), (29, 28), (29, 20), (28, 17), (25, 20), (21, 20), (21, 18), (17, 20), (15, 18), (14, 19)]","[(35, 4), (33, 4), (31, 6), (27, 4), (27, 2), (25, 4), (23, 2), (17, 12), (19, 12), (21, 14), (31, 20), (33, 20), (35, 30), (33, 26), (31, 28), (29, 28), (29, 20), (28, 17), (25, 20), (21, 20), (21, 18), (17, 20), (15, 18), (13, 19)]",161,119,0,119
161,"(13, 19)","(14, 19)",West,"[(13, 20), (13, 18), (14, 19), (12, 19)]","[(35, 4), (33, 4), (31, 6), (27, 4), (27, 2), (25, 4), (23, 2), (17, 12), (19, 12), (21, 14), (31, 20), (33, 20), (35, 30), (33, 26), (31, 28), (29, 28), (29, 20), (28, 17), (25, 20), (21, 20), (21, 18), (17, 20), (15, 18), (13, 19)]","[(35, 4), (33, 4), (31, 6), (27, 4), (27, 2), (25, 4), (23, 2), (17, 12), (19, 12), (21, 14), (31, 20), (33, 20), (35, 30), (33, 26), (31, 28), (29, 28), (29, 20), (28, 17), (25, 20), (21, 20), (21, 18), (17, 20), (15, 18), (13, 20), (13, 18), (12, 19)]",162,120,0,120
162,"(12, 19)","(13, 19)",West,"[(13, 19), (11, 19)]","[(35, 4), (33, 4), (31, 6), (27, 4), (27, 2), (25, 4), (23, 2), (17, 12), (19, 12), (21, 14), (31, 20), (33, 20), (35, 30), (33, 26), (31, 28), (29, 28), (29, 20), (28, 17), (25, 20), (21, 20), (21, 18), (17, 20), (15, 18), (13, 20), (13, 18), (12, 19)]","[(35, 4), (33, 4), (31, 6), (27, 4), (27, 2), (25, 4), (23, 2), (17, 12), (19, 12), (21, 14), (31, 20), (33, 20), (35, 30), (33, 26), (31, 28), (29, 28), (29, 20), (28, 17), (25, 20), (21, 20), (21, 18), (17, 20), (15, 18), (13, 20), (13, 18), (11, 19)]",163,121,0,121
163,"(11, 19)","(12, 19)",West,"[(11, 18), (12, 19), (10, 19)]","[(35, 4), (33, 4), (31, 6), (27, 4), (27, 2), (25, 4), (23, 2), (17, 12), (19, 12), (21, 14), (31, 20), (33, 20), (35, 30), (33, 26), (31, 28), (29, 28), (29, 20), (28, 17), (25, 20), (21, 20), (21, 18), (17, 20), (15, 18), (13, 20), (13, 18), (11, 19)]","[(35, 4), (33, 4), (31, 6), (27, 4), (27, 2), (25, 4), (23, 2), (17, 12), (19, 12), (21, 14), (31, 20), (33, 20), (35, 30), (33, 26), (31, 28), (29, 28), (29, 20), (28, 17), (25, 20), (21, 20), (21, 18), (17, 20), (15, 18), (13, 20), (13, 18), (11, 18), (10, 19)]",164,122,0,122
164,"(10, 19)","(11, 19)",West,"[(11, 19), (9, 19)]","[(35, 4), (33, 4), (31, 6), (27, 4), (27, 2), (25, 4), (23, 2), (17, 12), (19, 12), (21, 14), (31, 20), (33, 20), (35, 30), (33, 26), (31, 28), (29, 28), (29, 20), (28, 17), (25, 20), (21, 20), (21, 18), (17, 20), (15, 18), (13, 20), (13, 18), (11, 18), (10, 19)]","[(35, 4), (33, 4), (31, 6), (27, 4), (27, 2), (25, 4), (23, 2), (17, 12), (19, 12), (21, 14), (31, 20), (33, 20), (35, 30), (33, 26), (31, 28), (29, 28), (29, 20), (28, 17), (25, 20), (21, 20), (21, 18), (17, 20), (15, 18), (13, 20), (13, 18), (11, 18), (9, 19)]",165,123,0,123
165,"(9, 19)","(10, 19)",West,"[(9, 20), (10, 19)]","[(35, 4), (33, 4), (31, 6), (27, 4), (27, 2), (25, 4), (23, 2), (17, 12), (19, 12), (21, 14), (31, 20), (33, 20), (35, 30), (33, 26), (31, 28), (29, 28), (29, 20), (28, 17), (25, 20), (21, 20), (21, 18), (17, 20), (15, 18), (13, 20), (13, 18), (11, 18), (9, 19)]","[(35, 4), (33, 4), (31, 6), (27, 4), (27, 2), (25, 4), (23, 2), (17, 12), (19, 12), (21, 14), (31, 20), (33, 20), (35, 30), (33, 26), (31, 28), (29, 28), (29, 20), (28, 17), (25, 20), (21, 20), (21, 18), (17, 20), (15, 18), (13, 20), (13, 18), (11, 18), (9, 20)]",166,124,0,124
166,"(9, 20)","(9, 19)",North,"[(9, 21), (9, 19)]","[(35, 4), (33, 4), (31, 6), (27, 4), (27, 2), (25, 4), (23, 2), (17, 12), (19, 12), (21, 14), (31, 20), (33, 20), (35, 30), (33, 26), (31, 28), (29, 28), (29, 20), (28, 17), (25, 20), (21, 20), (21, 18), (17, 20), (15, 18), (13, 20), (13, 18), (11, 18), (9, 20)]","[(35, 4), (33, 4), (31, 6), (27, 4), (27, 2), (25, 4), (23, 2), (17, 12), (19, 12), (21, 14), (31, 20), (33, 20), (35, 30), (33, 26), (31, 28), (29, 28), (29, 20), (28, 17), (25, 20), (21, 20), (21, 18), (17, 20), (15, 18), (13, 20), (13, 18), (11, 18), (9, 21)]",167,125,0,125
167,"(9, 21)","(9, 20)",North,"[(9, 22), (9, 20)]","[(35, 4), (33, 4), (31, 6), (27, 4), (27, 2), (25, 4), (23, 2), (17, 12), (19, 12), (21, 14), (31, 20), (33, 20), (35, 30), (33, 26), (31, 28), (29, 28), (29, 20), (28, 17), (25, 20), (21, 20), (21, 18), (17, 20), (15, 18), (13, 20), (13, 18), (11, 18), (9, 21)]","[(35, 4), (33, 4), (31, 6), (27, 4), (27, 2), (25, 4), (23, 2), (17, 12), (19, 12), (21, 14), (31, 20), (33, 20), (35, 30), (33, 26), (31, 28), (29, 28), (29, 20), (28, 17), (25, 20), (21, 20), (21, 18), (17, 20), (15, 18), (13, 20), (13, 18), (11, 18), (9, 22)]",168,126,0,126
168,"(9, 22)","(9, 21)",North,"[(9, 23), (9, 21)]","[(35, 4), (33, 4), (31, 6), (27, 4), (27, 2), (25, 4), (23, 2), (17, 12), (19, 12), (21, 14), (31, 20), (33, 20), (35, 30), (33, 26), (31, 28), (29, 28), (29, 20), (28, 17), (25, 20), (21, 20), (21, 18), (17, 20), (15, 18), (13, 20), (13, 18), (11, 18), (9, 22)]","[(35, 4), (33, 4), (31, 6), (27, 4), (27, 2), (25, 4), (23, 2), (17, 12), (19, 12), (21, 14), (31, 20), (33, 20), (35, 30), (33, 26), (31, 28), (29, 28), (29, 20), (28, 17), (25, 20), (21, 20), (21, 18), (17, 20), (15, 18), (13, 20), (13, 18), (11, 18), (9, 23)]",169,127,0,127
169,"(9, 23)","(9, 22)",North,"[(9, 22), (10, 23), (8, 23)]","[(35, 4), (33, 4), (31, 6), (27, 4), (27, 2), (25, 4), (23, 2), (17, 12), (19, 12), (21, 14), (31, 20), (33, 20), (35, 30), (33, 26), (31, 28), (29, 28), (29, 20), (28, 17), (25, 20), (21, 20), (21, 18), (17, 20), (15, 18), (13, 20), (13, 18), (11, 18), (9, 23)]","[(35, 4), (33, 4), (31, 6), (27, 4), (27, 2), (25, 4), (23, 2), (17, 12), (19, 12), (21, 14), (31, 20), (33, 20), (35, 30), (33, 26), (31, 28), (29, 28), (29, 20), (28, 17), (25, 20), (21, 20), (21, 18), (17, 20), (15, 18), (13, 20), (13, 18), (11, 18), (10, 23), (8, 23)]",170,128,0,128
170,"(8, 23)","(9, 23)",West,"[(9, 23), (7, 23)]","[(35, 4), (33, 4), (31, 6), (27, 4), (27, 2), (25, 4), (23, 2), (17, 12), (19, 12), (21, 14), (31, 20), (33, 20), (35, 30), (33, 26), (31, 28), (29, 28), (29, 20), (28, 17), (25, 20), (21, 20), (21, 18), (17, 20), (15, 18), (13, 20), (13, 18), (11, 18), (10, 23), (8, 23)]","[(35, 4), (33, 4), (31, 6), (27, 4), (27, 2), (25, 4), (23, 2), (17, 12), (19, 12), (21, 14), (31, 20), (33, 20), (35, 30), (33, 26), (31, 28), (29, 28), (29, 20), (28, 17), (25, 20), (21, 20), (21, 18), (17, 20), (15, 18), (13, 20), (13, 18), (11, 18), (10, 23), (7, 23)]",171,129,0,129
171,"(7, 23)","(8, 23)",West,"[(7, 22), (8, 23)]","[(35, 4), (33, 4), (31, 6), (27, 4), (27, 2), (25, 4), (23, 2), (17, 12), (19, 12), (21, 14), (31, 20), (33, 20), (35, 30), (33, 26), (31, 28), (29, 28), (29, 20), (28, 17), (25, 20), (21, 20), (21, 18), (17, 20), (15, 18), (13, 20), (13, 18), (11, 18), (10, 23), (7, 23)]","[(35, 4), (33, 4), (31, 6), (27, 4), (27, 2), (25, 4), (23, 2), (17, 12), (19, 12), (21, 14), (31, 20), (33, 20), (35, 30), (33, 26), (31, 28), (29, 28), (29, 20), (28, 17), (25, 20), (21, 20), (21, 18), (17, 20), (15, 18), (13, 20), (13, 18), (11, 18), (10, 23), (7, 22)]",172,130,0,130
172,"(7, 22)","(7, 23)",South,"[(7, 23), (7, 21)]","[(35, 4), (33, 4), (31, 6), (27, 4), (27, 2), (25, 4), (23, 2), (17, 12), (19, 12), (21, 14), (31, 20), (33, 20), (35, 30), (33, 26), (31, 28), (29, 28), (29, 20), (28, 17), (25, 20), (21, 20), (21, 18), (17, 20), (15, 18), (13, 20), (13, 18), (11, 18), (10, 23), (7, 22)]","[(35, 4), (33, 4), (31, 6), (27, 4), (27, 2), (25, 4), (23, 2), (17, 12), (19, 12), (21, 14), (31, 20), (33, 20), (35, 30), (33, 26), (31, 28), (29, 28), (29, 20), (28, 17), (25, 20), (21, 20), (21, 18), (17, 20), (15, 18), (13, 20), (13, 18), (11, 18), (10, 23), (7, 21)]",173,131,0,131
173,"(7, 21)","(7, 22)",South,"[(7, 22), (7, 20)]","[(35, 4), (33, 4), (31, 6), (27, 4), (27, 2), (25, 4), (23, 2), (17, 12), (19, 12), (21, 14), (31, 20), (33, 20), (35, 30), (33, 26), (31, 28), (29, 28), (29, 20), (28, 17), (25, 20), (21, 20), (21, 18), (17, 20), (15, 18), (13, 20), (13, 18), (11, 18), (10, 23), (7, 21)]","[(35, 4), (33, 4), (31, 6), (27, 4), (27, 2), (25, 4), (23, 2), (17, 12), (19, 12), (21, 14), (31, 20), (33, 20), (35, 30), (33, 26), (31, 28), (29, 28), (29, 20), (28, 17), (25, 20), (21, 20), (21, 18), (17, 20), (15, 18), (13, 20), (13, 18), (11, 18), (10, 23), (7, 20)]",174,132,0,132
174,"(7, 20)","(7, 21)",South,"[(7, 21), (7, 19)]","[(35, 4), (33, 4), (31, 6), (27, 4), (27, 2), (25, 4), (23, 2), (17, 12), (19, 12), (21, 14), (31, 20), (33, 20), (35, 30), (33, 26), (31, 28), (29, 28), (29, 20), (28, 17), (25, 20), (21, 20), (21, 18), (17, 20), (15, 18), (13, 20), (13, 18), (11, 18), (10, 23), (7, 20)]","[(35, 4), (33, 4), (31, 6), (27, 4), (27, 2), (25, 4), (23, 2), (17, 12), (19, 12), (21, 14), (31, 20), (33, 20), (35, 30), (33, 26), (31, 28), (29, 28), (29, 20), (28, 17), (25, 20), (21, 20), (21, 18), (17, 20), (15, 18), (13, 20), (13, 18), (11, 18), (10, 23), (7, 19)]",175,133,0,133
175,"(7, 19)","(7, 20)",South,"[(7, 20)]","[(35, 4), (33, 4), (31, 6), (27, 4), (27, 2), (25, 4), (23, 2), (17, 12), (19, 12), (21, 14), (31, 20), (33, 20), (35, 30), (33, 26), (31, 28), (29, 28), (29, 20), (28, 17), (25, 20), (21, 20), (21, 18), (17, 20), (15, 18), (13, 20), (13, 18), (11, 18), (10, 23), (7, 19)]","[(35, 4), (33, 4), (31, 6), (27, 4), (27, 2), (25, 4), (23, 2), (17, 12), (19, 12), (21, 14), (31, 20), (33, 20), (35, 30), (33, 26), (31, 28), (29, 28), (29, 20), (28, 17), (25, 20), (21, 20), (21, 18), (17, 20), (15, 18), (13, 20), (13, 18), (11, 18), (10, 23)]",176,134,0,134
176,"(10, 23)","(9, 23)",East,"[(11, 23), (9, 23)]","[(35, 4), (33, 4), (31, 6), (27, 4), (27, 2), (25, 4), (23, 2), (17, 12), (19, 12), (21, 14), (31, 20), (33, 20), (35, 30), (33, 26), (31, 28), (29, 28), (29, 20), (28, 17), (25, 20), (21, 20), (21, 18), (17, 20), (15, 18), (13, 20), (13, 18), (11, 18), (10, 23)]","[(35, 4), (33, 4), (31, 6), (27, 4), (27, 2), (25, 4), (23, 2), (17, 12), (19, 12), (21, 14), (31, 20), (33, 20), (35, 30), (33, 26), (31, 28), (29, 28), (29, 20), (28, 17), (25, 20), (21, 20), (21, 18), (17, 20), (15, 18), (13, 20), (13, 18), (11, 18), (11, 23)]",177,129,0,129
177,"(11, 23)","(10, 23)",East,"[(10, 23)]","[(35, 4), (33, 4), (31, 6), (27, 4), (27, 2), (25, 4), (23, 2), (17, 12), (19, 12), (21, 14), (31, 20), (33, 20), (35, 30), (33, 26), (31, 28), (29, 28), (29, 20), (28, 17), (25, 20), (21, 20), (21, 18), (17, 20), (15, 18), (13, 20), (13, 18), (11, 18), (11, 23)]","[(35, 4), (33, 4), (31, 6), (27, 4), (27, 2), (25, 4), (23, 2), (17, 12), (19, 12), (21, 14), (31, 20), (33, 20), (35, 30), (33, 26), (31, 28), (29, 28), (29, 20), (28, 17), (25, 20), (21, 20), (21, 18), (17, 20), (15, 18), (13, 20), (13, 18), (11, 18)]",178,130,0,130
178,"(11, 18)","(11, 19)",South,"[(11, 19), (11, 17)]","[(35, 4), (33, 4), (31, 6), (27, 4), (27, 2), (25, 4), (23, 2), (17, 12), (19, 12), (21, 14), (31, 20), (33, 20), (35, 30), (33, 26), (31, 28), (29, 28), (29, 20), (28, 17), (25, 20), (21, 20), (21, 18), (17, 20), (15, 18), (13, 20), (13, 18), (11, 18)]","[(35, 4), (33, 4), (31, 6), (27, 4), (27, 2), (25, 4), (23, 2), (17, 12), (19, 12), (21, 14), (31, 20), (33, 20), (35, 30), (33, 26), (31, 28), (29, 28), (29, 20), (28, 17), (25, 20), (21, 20), (21, 18), (17, 20), (15, 18), (13, 20), (13, 18), (11, 17)]",179,123,0,123
179,"(11, 17)","(11, 18)",South,"[(11, 18)]","[(35, 4), (33, 4), (31, 6), (27, 4), (27, 2), (25, 4), (23, 2), (17, 12), (19, 12), (21, 14), (31, 20), (33, 20), (35, 30), (33, 26), (31, 28), (29, 28), (29, 20), (28, 17), (25, 20), (21, 20), (21, 18), (17, 20), (15, 18), (13, 20), (13, 18), (11, 17)]","[(35, 4), (33, 4), (31, 6), (27, 4), (27, 2), (25, 4), (23, 2), (17, 12), (19, 12), (21, 14), (31, 20), (33, 20), (35, 30), (33, 26), (31, 28), (29, 28), (29, 20), (28, 17), (25, 20), (21, 20), (21, 18), (17, 20), (15, 18), (13, 20), (13, 18)]",180,124,0,124
180,"(13, 18)","(13, 19)",South,"[(13, 19), (13, 17)]","[(35, 4), (33, 4), (31, 6), (27, 4), (27, 2), (25, 4), (23, 2), (17, 12), (19, 12), (21, 14), (31, 20), (33, 20), (35, 30), (33, 26), (31, 28), (29, 28), (29, 20), (28, 17), (25, 20), (21, 20), (21, 18), (17, 20), (15, 18), (13, 20), (13, 18)]","[(35, 4), (33, 4), (31, 6), (27, 4), (27, 2), (25, 4), (23, 2), (17, 12), (19, 12), (21, 14), (31, 20), (33, 20), (35, 30), (33, 26), (31, 28), (29, 28), (29, 20), (28, 17), (25, 20), (21, 20), (21, 18), (17, 20), (15, 18), (13, 20), (13, 17)]",181,121,0,121
181,"(13, 17)","(13, 18)",South,"[(13, 18)]","[(35, 4), (33, 4), (31, 6), (27, 4), (27, 2), (25, 4), (23, 2), (17, 12), (19, 12), (21, 14), (31, 20), (33, 20), (35, 30), (33, 26), (31, 28), (29, 28), (29, 20), (28, 17), (25, 20), (21, 20), (21, 18), (17, 20), (15, 18), (13, 20), (13, 17)]","[(35, 4), (33, 4), (31, 6), (27, 4), (27, 2), (25, 4), (23, 2), (17, 12), (19, 12), (21, 14), (31, 20), (33, 20), (35, 30), (33, 26), (31, 28), (29, 28), (29, 20), (28, 17), (25, 20), (21, 20), (21, 18), (17, 20), (15, 18), (13, 20)]",182,122,0,122
182,"(13, 20)","(13, 19)",North,"[(13, 21), (13, 19)]","[(35, 4), (33, 4), (31, 6), (27, 4), (27, 2), (25, 4), (23, 2), (17, 12), (19, 12), (21, 14), (31, 20), (33, 20), (35, 30), (33, 26), (31, 28), (29, 28), (29, 20), (28, 17), (25, 20), (21, 20), (21, 18), (17, 20), (15, 18), (13, 20)]","[(35, 4), (33, 4), (31, 6), (27, 4), (27, 2), (25, 4), (23, 2), (17, 12), (19, 12), (21, 14), (31, 20), (33, 20), (35, 30), (33, 26), (31, 28), (29, 28), (29, 20), (28, 17), (25, 20), (21, 20), (21, 18), (17, 20), (15, 18), (13, 21)]",183,121,0,121
183,"(13, 21)","(13, 20)",North,"[(13, 20), (14, 21), (12, 21)]","[(35, 4), (33, 4), (31, 6), (27, 4), (27, 2), (25, 4), (23, 2), (17, 12), (19, 12), (21, 14), (31, 20), (33, 20), (35, 30), (33, 26), (31, 28), (29, 28), (29, 20), (28, 17), (25, 20), (21, 20), (21, 18), (17, 20), (15, 18), (13, 21)]","[(35, 4), (33, 4), (31, 6), (27, 4), (27, 2), (25, 4), (23, 2), (17, 12), (19, 12), (21, 14), (31, 20), (33, 20), (35, 30), (33, 26), (31, 28), (29, 28), (29, 20), (28, 17), (25, 20), (21, 20), (21, 18), (17, 20), (15, 18), (14, 21), (12, 21)]",184,122,0,122
184,"(12, 21)","(13, 21)",West,"[(13, 21), (11, 21)]","[(35, 4), (33, 4), (31, 6), (27, 4), (27, 2), (25, 4), (23, 2), (17, 12), (19, 12), (21, 14), (31, 20), (33, 20), (35, 30), (33, 26), (31, 28), (29, 28), (29, 20), (28, 17), (25, 20), (21, 20), (21, 18), (17, 20), (15, 18), (14, 21), (12, 21)]","[(35, 4), (33, 4), (31, 6), (27, 4), (27, 2), (25, 4), (23, 2), (17, 12), (19, 12), (21, 14), (31, 20), (33, 20), (35, 30), (33, 26), (31, 28), (29, 28), (29, 20), (28, 17), (25, 20), (21, 20), (21, 18), (17, 20), (15, 18), (14, 21), (11, 21)]",185,123,0,123
185,"(11, 21)","(12, 21)",West,"[(12, 21)]","[(35, 4), (33, 4), (31, 6), (27, 4), (27, 2), (25, 4), (23, 2), (17, 12), (19, 12), (21, 14), (31, 20), (33, 20), (35, 30), (33, 26), (31, 28), (29, 28), (29, 20), (28, 17), (25, 20), (21, 20), (21, 18), (17, 20), (15, 18), (14, 21), (11, 21)]","[(35, 4), (33, 4), (31, 6), (27, 4), (27, 2), (25, 4), (23, 2), (17, 12), (19, 12), (21, 14), (31, 20), (33, 20), (35, 30), (33, 26), (31, 28), (29, 28), (29, 20), (28, 17), (25, 20), (21, 20), (21, 18), (17, 20), (15, 18), (14, 21)]",186,124,0,124
186,"(14, 21)","(13, 21)",East,"[(15, 21), (13, 21)]","[(35, 4), (33, 4), (31, 6), (27, 4), (27, 2), (25, 4), (23, 2), (17, 12), (19, 12), (21, 14), (31, 20), (33, 20), (35, 30), (33, 26), (31, 28), (29, 28), (29, 20), (28, 17), (25, 20), (21, 20), (21, 18), (17, 20), (15, 18), (14, 21)]","[(35, 4), (33, 4), (31, 6), (27, 4), (27, 2), (25, 4), (23, 2), (17, 12), (19, 12), (21, 14), (31, 20), (33, 20), (35, 30), (33, 26), (31, 28), (29, 28), (29, 20), (28, 17), (25, 20), (21, 20), (21, 18), (17, 20), (15, 18), (15, 21)]",187,123,0,123
187,"(15, 21)","(14, 21)",East,"[(15, 22), (14, 21)]","[(35, 4), (33, 4), (31, 6), (27, 4), (27, 2), (25, 4), (23, 2), (17, 12), (19, 12), (21, 14), (31, 20), (33, 20), (35, 30), (33, 26), (31, 28), (29, 28), (29, 20), (28, 17), (25, 20), (21, 20), (21, 18), (17, 20), (15, 18), (15, 21)]","[(35, 4), (33, 4), (31, 6), (27, 4), (27, 2), (25, 4), (23, 2), (17, 12), (19, 12), (21, 14), (31, 20), (33, 20), (35, 30), (33, 26), (31, 28), (29, 28), (29, 20), (28, 17), (25, 20), (21, 20), (21, 18), (17, 20), (15, 18), (15, 22)]",188,124,0,124
188,"(15, 22)","(15, 21)",North,"[(15, 23), (15, 21)]","[(35, 4), (33, 4), (31, 6), (27, 4), (27, 2), (25, 4), (23, 2), (17, 12), (19, 12), (21, 14), (31, 20), (33, 20), (35, 30), (33, 26), (31, 28), (29, 28), (29, 20), (28, 17), (25, 20), (21, 20), (21, 18), (17, 20), (15, 18), (15, 22)]","[(35, 4), (33, 4), (31, 6), (27, 4), (27, 2), (25, 4), (23, 2), (17, 12), (19, 12), (21, 14), (31, 20), (33, 20), (35, 30), (33, 26), (31, 28), (29, 28), (29, 20), (28, 17), (25, 20), (21, 20), (21, 18), (17, 20), (15, 18), (15, 23)]",189,125,0,125
189,"(15, 23)","(15, 22)",North,"[(15, 24), (15, 22), (14, 23)]","[(35, 4), (33, 4), (31, 6), (27, 4), (27, 2), (25, 4), (23, 2), (17, 12), (19, 12), (21, 14), (31, 20), (33, 20), (35, 30), (33, 26), (31, 28), (29, 28), (29, 20), (28, 17), (25, 20), (21, 20), (21, 18), (17, 20), (15, 18), (15, 23)]","[(35, 4), (33, 4), (31, 6), (27, 4), (27, 2), (25, 4), (23, 2), (17, 12), (19, 12), (21, 14), (31, 20), (33, 20), (35, 30), (33, 26), (31, 28), (29, 28), (29, 20), (28, 17), (25, 20), (21, 20), (21, 18), (17, 20), (15, 18), (15, 24), (14, 23)]",190,126,0,126
190,"(14, 23)","(15, 23)",West,"[(15, 23), (13, 23)]","[(35, 4), (33, 4), (31, 6), (27, 4), (27, 2), (25, 4), (23, 2), (17, 12), (19, 12), (21, 14), (31, 20), (33, 20), (35, 30), (33, 26), (31, 28), (29, 28), (29, 20), (28, 17), (25, 20), (21, 20), (21, 18), (17, 20), (15, 18), (15, 24), (14, 23)]","[(35, 4), (33, 4), (31, 6), (27, 4), (27, 2), (25, 4), (23, 2), (17, 12), (19, 12), (21, 14), (31, 20), (33, 20), (35, 30), (33, 26), (31, 28), (29, 28), (29, 20), (28, 17), (25, 20), (21, 20), (21, 18), (17, 20), (15, 18), (15, 24), (13, 23)]",191,127,0,127
191,"(13, 23)","(14, 23)",West,"[(13, 24), (14, 23)]","[(35, 4), (33, 4), (31, 6), (27, 4), (27, 2), (25, 4), (23, 2), (17, 12), (19, 12), (21, 14), (31, 20), (33, 20), (35, 30), (33, 26), (31, 28), (29, 28), (29, 20), (28, 17), (25, 20), (21, 20), (21, 18), (17, 20), (15, 18), (15, 24), (13, 23)]","[(35, 4), (33, 4), (31, 6), (27, 4), (27, 2), (25, 4), (23, 2), (17, 12), (19, 12), (21, 14), (31, 20), (33, 20), (35, 30), (33, 26), (31, 28), (29, 28), (29, 20), (28, 17), (25, 20), (21, 20), (21, 18), (17, 20), (15, 18), (15, 24), (13, 24)]",192,128,0,128
192,"(13, 24)","(13, 23)",North,"[(13, 25), (13, 23)]","[(35, 4), (33, 4), (31, 6), (27, 4), (27, 2), (25, 4), (23, 2), (17, 12), (19, 12), (21, 14), (31, 20), (33, 20), (35, 30), (33, 26), (31, 28), (29, 28), (29, 20), (28, 17), (25, 20), (21, 20), (21, 18), (17, 20), (15, 18), (15, 24), (13, 24)]","[(35, 4), (33, 4), (31, 6), (27, 4), (27, 2), (25, 4), (23, 2), (17, 12), (19, 12), (21, 14), (31, 20), (33, 20), (35, 30), (33, 26), (31, 28), (29, 28), (29, 20), (28, 17), (25, 20), (21, 20), (21, 18), (17, 20), (15, 18), (15, 24), (13, 25)]",193,129,0,129
193,"(13, 25)","(13, 24)",North,"[(13, 24)]","[(35, 4), (33, 4), (31, 6), (27, 4), (27, 2), (25, 4), (23, 2), (17, 12), (19, 12), (21, 14), (31, 20), (33, 20), (35, 30), (33, 26), (31, 28), (29, 28), (29, 20), (28, 17), (25, 20), (21, 20), (21, 18), (17, 20), (15, 18), (15, 24), (13, 25)]","[(35, 4), (33, 4), (31, 6), (27, 4), (27, 2), (25, 4), (23, 2), (17, 12), (19, 12), (21, 14), (31, 20), (33, 20), (35, 30), (33, 26), (31, 28), (29, 28), (29, 20), (28, 17), (25, 20), (21, 20), (21, 18), (17, 20), (15, 18), (15, 24)]",194,130,0,130
194,"(15, 24)","(15, 23)",North,"[(15, 25), (15, 23)]","[(35, 4), (33, 4), (31, 6), (27, 4), (27, 2), (25, 4), (23, 2), (17, 12), (19, 12), (21, 14), (31, 20), (33, 20), (35, 30), (33, 26), (31, 28), (29, 28), (29, 20), (28, 17), (25, 20), (21, 20), (21, 18), (17, 20), (15, 18), (15, 24)]","[(35, 4), (33, 4), (31, 6), (27, 4), (27, 2), (25, 4), (23, 2), (17, 12), (19, 12), (21, 14), (31, 20), (33, 20), (35, 30), (33, 26), (31, 28), (29, 28), (29, 20), (28, 17), (25, 20), (21, 20), (21, 18), (17, 20), (15, 18), (15, 25)]",195,127,0,127
195,"(15, 25)","(15, 24)",North,"[(15, 26), (15, 24)]","[(35, 4), (33, 4), (31, 6), (27, 4), (27, 2), (25, 4), (23, 2), (17, 12), (19, 12), (21, 14), (31, 20), (33, 20), (35, 30), (33, 26), (31, 28), (29, 28), (29, 20), (28, 17), (25, 20), (21, 20), (21, 18), (17, 20), (15, 18), (15, 25)]","[(35, 4), (33, 4), (31, 6), (27, 4), (27, 2), (25, 4), (23, 2), (17, 12), (19, 12), (21, 14), (31, 20), (33, 20), (35, 30), (33, 26), (31, 28), (29, 28), (29, 20), (28, 17), (25, 20), (21, 20), (21, 18), (17, 20), (15, 18), (15, 26)]",196,128,0,128
196,"(15, 26)","(15, 25)",North,"[(15, 27), (15, 25)]","[(35, 4), (33, 4), (31, 6), (27, 4), (27, 2), (25, 4), (23, 2), (17, 12), (19, 12), (21, 14), (31, 20), (33, 20), (35, 30), (33, 26), (31, 28), (29, 28), (29, 20), (28, 17), (25, 20), (21, 20), (21, 18), (17, 20), (15, 18), (15, 26)]","[(35, 4), (33, 4), (31, 6), (27, 4), (27, 2), (25, 4), (23, 2), (17, 12), (19, 12), (21, 14), (31, 20), (33, 20), (35, 30), (33, 26), (31, 28), (29, 28), (29, 20), (28, 17), (25, 20), (21, 20), (21, 18), (17, 20), (15, 18), (15, 27)]",197,129,0,129
197,"(15, 27)","(15, 26)",North,"[(15, 26), (16, 27)]","[(35, 4), (33, 4), (31, 6), (27, 4), (27, 2), (25, 4), (23, 2), (17, 12), (19, 12), (21, 14), (31, 20), (33, 20), (35, 30), (33, 26), (31, 28), (29, 28), (29, 20), (28, 17), (25, 20), (21, 20), (21, 18), (17, 20), (15, 18), (15, 27)]","[(35, 4), (33, 4), (31, 6), (27, 4), (27, 2), (25, 4), (23, 2), (17, 12), (19, 12), (21, 14), (31, 20), (33, 20), (35, 30), (33, 26), (31, 28), (29, 28), (29, 20), (28, 17), (25, 20), (21, 20), (21, 18), (17, 20), (15, 18), (16, 27)]",198,130,0,130
198,"(16, 27)","(15, 27)",East,"[(17, 27), (15, 27)]","[(35, 4), (33, 4), (31, 6), (27, 4), (27, 2), (25, 4), (23, 2), (17, 12), (19, 12), (21, 14), (31, 20), (33, 20), (35, 30), (33, 26), (31, 28), (29, 28), (29, 20), (28, 17), (25, 20), (21, 20), (21, 18), (17, 20), (15, 18), (16, 27)]","[(35, 4), (33, 4), (31, 6), (27, 4), (27, 2), (25, 4), (23, 2), (17, 12), (19, 12), (21, 14), (31, 20), (33, 20), (35, 30), (33, 26), (31, 28), (29, 28), (29, 20), (28, 17), (25, 20), (21, 20), (21, 18), (17, 20), (15, 18), (17, 27)]",199,131,0,131
199,"(17, 27)","(16, 27)",East,"[(17, 26), (18, 27), (16, 27)]","[(35, 4), (33, 4), (31, 6), (27, 4), (27, 2), (25, 4), (23, 2), (17, 12), (19, 12), (21, 14), (31, 20), (33, 20), (35, 30), (33, 26), (31, 28), (29, 28), (29, 20), (28, 17), (25, 20), (21, 20), (21, 18), (17, 20), (15, 18), (17, 27)]","[(35, 4), (33, 4), (31, 6), (27, 4), (27, 2), (25, 4), (23, 2), (17, 12), (19, 12), (21, 14), (31, 20), (33, 20), (35, 30), (33, 26), (31, 28), (29, 28), (29, 20), (28, 17), (25, 20), (21, 20), (21, 18), (17, 20), (15, 18), (17, 26), (18, 27)]",200,132,0,132
200,"(18, 27)","(17, 27)",East,"[(19, 27), (17, 27)]","[(35, 4), (33, 4), (31, 6), (27, 4), (27, 2), (25, 4), (23, 2), (17, 12), (19, 12), (21, 14), (31, 20), (33, 20), (35, 30), (33, 26), (31, 28), (29, 28), (29, 20), (28, 17), (25, 20), (21, 20), (21, 18), (17, 20), (15, 18), (17, 26), (18, 27)]","[(35, 4), (33, 4), (31, 6), (27, 4), (27, 2), (25, 4), (23, 2), (17, 12), (19, 12), (21, 14), (31, 20), (33, 20), (35, 30), (33, 26), (31, 28), (29, 28), (29, 20), (28, 17), (25, 20), (21, 20), (21, 18), (17, 20), (15, 18), (17, 26), (19, 27)]",201,133,0,133
201,"(19, 27)","(18, 27)",East,"[(19, 26), (20, 27), (18, 27)]","[(35, 4), (33, 4), (31, 6), (27, 4), (27, 2), (25, 4), (23, 2), (17, 12), (19, 12), (21, 14), (31, 20), (33, 20), (35, 30), (33, 26), (31, 28), (29, 28), (29, 20), (28, 17), (25, 20), (21, 20), (21, 18), (17, 20), (15, 18), (17, 26), (19, 27)]","[(35, 4), (33, 4), (31, 6), (27, 4), (27, 2), (25, 4), (23, 2), (17, 12), (19, 12), (21, 14), (31, 20), (33, 20), (35, 30), (33, 26), (31, 28), (29, 28), (29, 20), (28, 17), (25, 20), (21, 20), (21, 18), (17, 20), (15, 18), (17, 26), (19, 26), (20, 27)]",202,134,0,134
202,"(20, 27)","(19, 27)",East,"[(21, 27), (19, 27)]","[(35, 4), (33, 4), (31, 6), (27, 4), (27, 2), (25, 4), (23, 2), (17, 12), (19, 12), (21, 14), (31, 20), (33, 20), (35, 30), (33, 26), (31, 28), (29, 28), (29, 20), (28, 17), (25, 20), (21, 20), (21, 18), (17, 20), (15, 18), (17, 26), (19, 26), (20, 27)]","[(35, 4), (33, 4), (31, 6), (27, 4), (27, 2), (25, 4), (23, 2), (17, 12), (19, 12), (21, 14), (31, 20), (33, 20), (35, 30), (33, 26), (31, 28), (29, 28), (29, 20), (28, 17), (25, 20), (21, 20), (21, 18), (17, 20), (15, 18), (17, 26), (19, 26), (21, 27)]",203,135,0,135
203,"(21, 27)","(20, 27)",East,"[(21, 28), (20, 27)]","[(35, 4), (33, 4), (31, 6), (27, 4), (27, 2), (25, 4), (23, 2), (17, 12), (19, 12), (21, 14), (31, 20), (33, 20), (35, 30), (33, 26), (31, 28), (29, 28), (29, 20), (28, 17), (25, 20), (21, 20), (21, 18), (17, 20), (15, 18), (17, 26), (19, 26), (21, 27)]","[(35, 4), (33, 4), (31, 6), (27, 4), (27, 2), (25, 4), (23, 2), (17, 12), (19, 12), (21, 14), (31, 20), (33, 20), (35, 30), (33, 26), (31, 28), (29, 28), (29, 20), (28, 17), (25, 20), (21, 20), (21, 18), (17, 20), (15, 18), (17, 26), (19, 26), (21, 28)]",204,136,0,136
204,"(21, 28)","(21, 27)",North,"[(21, 29), (21, 27)]","[(35, 4), (33, 4), (31, 6), (27, 4), (27, 2), (25, 4), (23, 2), (17, 12), (19, 12), (21, 14), (31, 20), (33, 20), (35, 30), (33, 26), (31, 28), (29, 28), (29, 20), (28, 17), (25, 20), (21, 20), (21, 18), (17, 20), (15, 18), (17, 26), (19, 26), (21, 28)]","[(35, 4), (33, 4), (31, 6), (27, 4), (27, 2), (25, 4), (23, 2), (17, 12), (19, 12), (21, 14), (31, 20), (33, 20), (35, 30), (33, 26), (31, 28), (29, 28), (29, 20), (28, 17), (25, 20), (21, 20), (21, 18), (17, 20), (15, 18), (17, 26), (19, 26), (21, 29)]",205,137,0,137
205,"(21, 29)","(21, 28)",North,"[(21, 30), (21, 28), (20, 29)]","[(35, 4), (33, 4), (31, 6), (27, 4), (27, 2), (25, 4), (23, 2), (17, 12), (19, 12), (21, 14), (31, 20), (33, 20), (35, 30), (33, 26), (31, 28), (29, 28), (29, 20), (28, 17), (25, 20), (21, 20), (21, 18), (17, 20), (15, 18), (17, 26), (19, 26), (21, 29)]","[(35, 4), (33, 4), (31, 6), (27, 4), (27, 2), (25, 4), (23, 2), (17, 12), (19, 12), (21, 14), (31, 20), (33, 20), (35, 30), (33, 26), (31, 28), (29, 28), (29, 20), (28, 17), (25, 20), (21, 20), (21, 18), (17, 20), (15, 18), (17, 26), (19, 26), (21, 30), (20, 29)]",206,138,0,138
206,"(20, 29)","(21, 29)",West,"[(21, 29), (19, 29)]","[(35, 4), (33, 4), (31, 6), (27, 4), (27, 2), (25, 4), (23, 2), (17, 12), (19, 12), (21, 14), (31, 20), (33, 20), (35, 30), (33, 26), (31, 28), (29, 28), (29, 20), (28, 17), (25, 20), (21, 20), (21, 18), (17, 20), (15, 18), (17, 26), (19, 26), (21, 30), (20, 29)]","[(35, 4), (33, 4), (31, 6), (27, 4), (27, 2), (25, 4), (23, 2), (17, 12), (19, 12), (21, 14), (31, 20), (33, 20), (35, 30), (33, 26), (31, 28), (29, 28), (29, 20), (28, 17), (25, 20), (21, 20), (21, 18), (17, 20), (15, 18), (17, 26), (19, 26), (21, 30), (19, 29)]",207,139,0,139
207,"(19, 29)","(20, 29)",West,"[(20, 29)]","[(35, 4), (33, 4), (31, 6), (27, 4), (27, 2), (25, 4), (23, 2), (17, 12), (19, 12), (21, 14), (31, 20), (33, 20), (35, 30), (33, 26), (31, 28), (29, 28), (29, 20), (28, 17), (25, 20), (21, 20), (21, 18), (17, 20), (15, 18), (17, 26), (19, 26), (21, 30), (19, 29)]","[(35, 4), (33, 4), (31, 6), (27, 4), (27, 2), (25, 4), (23, 2), (17, 12), (19, 12), (21, 14), (31, 20), (33, 20), (35, 30), (33, 26), (31, 28), (29, 28), (29, 20), (28, 17), (25, 20), (21, 20), (21, 18), (17, 20), (15, 18), (17, 26), (19, 26), (21, 30)]",208,140,0,140
208,"(21, 30)","(21, 29)",North,"[(21, 31), (21, 29)]","[(35, 4), (33, 4), (31, 6), (27, 4), (27, 2), (25, 4), (23, 2), (17, 12), (19, 12), (21, 14), (31, 20), (33, 20), (35, 30), (33, 26), (31, 28), (29, 28), (29, 20), (28, 17), (25, 20), (21, 20), (21, 18), (17, 20), (15, 18), (17, 26), (19, 26), (21, 30)]","[(35, 4), (33, 4), (31, 6), (27, 4), (27, 2), (25, 4), (23, 2), (17, 12), (19, 12), (21, 14), (31, 20), (33, 20), (35, 30), (33, 26), (31, 28), (29, 28), (29, 20), (28, 17), (25, 20), (21, 20), (21, 18), (17, 20), (15, 18), (17, 26), (19, 26), (21, 31)]",209,139,0,139
209,"(21, 31)","(21, 30)",North,"[(21, 32), (21, 30), (22, 31)]","[(35, 4), (33, 4), (31, 6), (27, 4), (27, 2), (25, 4), (23, 2), (17, 12), (19, 12), (21, 14), (31, 20), (33, 20), (35, 30), (33, 26), (31, 28), (29, 28), (29, 20), (28, 17), (25, 20), (21, 20), (21, 18), (17, 20), (15, 18), (17, 26), (19, 26), (21, 31)]","[(35, 4), (33, 4), (31, 6), (27, 4), (27, 2), (25, 4), (23, 2), (17, 12), (19, 12), (21, 14), (31, 20), (33, 20), (35, 30), (33, 26), (31, 28), (29, 28), (29, 20), (28, 17), (25, 20), (21, 20), (21, 18), (17, 20), (15, 18), (17, 26), (19, 26), (21, 32), (22, 31)]",210,140,0,140
210,"(22, 31)","(21, 31)",East,"[(23, 31), (21, 31)]","[(35, 4), (33, 4), (31, 6), (27, 4), (27, 2), (25, 4), (23, 2), (17, 12), (19, 12), (21, 14), (31, 20), (33, 20), (35, 30), (33, 26), (31, 28), (29, 28), (29, 20), (28, 17), (25, 20), (21, 20), (21, 18), (17, 20), (15, 18), (17, 26), (19, 26), (21, 32), (22, 31)]","[(35, 4), (33, 4), (31, 6), (27, 4), (27, 2), (25, 4), (23, 2), (17, 12), (19, 12), (21, 14), (31, 20), (33, 20), (35, 30), (33, 26), (31, 28), (29, 28), (29, 20), (28, 17), (25, 20), (21, 20), (21, 18), (17, 20), (15, 18), (17, 26), (19, 26), (21, 32), (23, 31)]",211,141,0,141
211,"(23, 31)","(22, 31)",East,"[(22, 31)]","[(35, 4), (33, 4), (31, 6), (27, 4), (27, 2), (25, 4), (23, 2), (17, 12), (19, 12), (21, 14), (31, 20), (33, 20), (35, 30), (33, 26), (31, 28), (29, 28), (29, 20), (28, 17), (25, 20), (21, 20), (21, 18), (17, 20), (15, 18), (17, 26), (19, 26), (21, 32), (23, 31)]","[(35, 4), (33, 4), (31, 6), (27, 4), (27, 2), (25, 4), (23, 2), (17, 12), (19, 12), (21, 14), (31, 20), (33, 20), (35, 30), (33, 26), (31, 28), (29, 28), (29, 20), (28, 17), (25, 20), (21, 20), (21, 18), (17, 20), (15, 18), (17, 26), (19, 26), (21, 32)]",212,142,0,142
212,"(21, 32)","(21, 31)",North,"[(21, 33), (21, 31)]","[(35, 4), (33, 4), (31, 6), (27, 4), (27, 2), (25, 4), (23, 2), (17, 12), (19, 12), (21, 14), (31, 20), (33, 20), (35, 30), (33, 26), (31, 28), (29, 28), (29, 20), (28, 17), (25, 20), (21, 20), (21, 18), (17, 20), (15, 18), (17, 26), (19, 26), (21, 32)]","[(35, 4), (33, 4), (31, 6), (27, 4), (27, 2), (25, 4), (23, 2), (17, 12), (19, 12), (21, 14), (31, 20), (33, 20), (35, 30), (33, 26), (31, 28), (29, 28), (29, 20), (28, 17), (25, 20), (21, 20), (21, 18), (17, 20), (15, 18), (17, 26), (19, 26), (21, 33)]",213,141,0,141
213,"(21, 33)","(21, 32)",North,"[(21, 34), (21, 32), (22, 33), (20, 33)]","[(35, 4), (33, 4), (31, 6), (27, 4), (27, 2), (25, 4), (23, 2), (17, 12), (19, 12), (21, 14), (31, 20), (33, 20), (35, 30), (33, 26), (31, 28), (29, 28), (29, 20), (28, 17), (25, 20), (21, 20), (21, 18), (17, 20), (15, 18), (17, 26), (19, 26), (21, 33)]","[(35, 4), (33, 4), (31, 6), (27, 4), (27, 2), (25, 4), (23, 2), (17, 12), (19, 12), (21, 14), (31, 20), (33, 20), (35, 30), (33, 26), (31, 28), (29, 28), (29, 20), (28, 17), (25, 20), (21, 20), (21, 18), (17, 20), (15, 18), (17, 26), (19, 26), (21, 34), (22, 33), (20, 33)]",214,142,0,142
214,"(20, 33)","(21, 33)",West,"[(21, 33), (19, 33)]","[(35, 4), (33, 4), (31, 6), (27, 4), (27, 2), (25, 4), (23, 2), (17, 12), (19, 12), (21, 14), (31, 20), (33, 20), (35, 30), (33, 26), (31, 28), (29, 28), (29, 20), (28, 17), (25, 20), (21, 20), (21, 18), (17, 20), (15, 18), (17, 26), (19, 26), (21, 34), (22, 33), (20, 33)]","[(35, 4), (33, 4), (31, 6), (27, 4), (27, 2), (25, 4), (23, 2), (17, 12), (19, 12), (21, 14), (31, 20), (33, 20), (35, 30), (33, 26), (31, 28), (29, 28), (29, 20), (28, 17), (25, 20), (21, 20), (21, 18), (17, 20), (15, 18), (17, 26), (19, 26), (21, 34), (22, 33), (19, 33)]",215,143,0,143
215,"(19, 33)","(20, 33)",West,"[(19, 32), (20, 33)]","[(35, 4), (33, 4), (31, 6), (27, 4), (27, 2), (25, 4), (23, 2), (17, 12), (19, 12), (21, 14), (31, 20), (33, 20), (35, 30), (33, 26), (31, 28), (29, 28), (29, 20), (28, 17), (25, 20), (21, 20), (21, 18), (17, 20), (15, 18), (17, 26), (19, 26), (21, 34), (22, 33), (19, 33)]","[(35, 4), (33, 4), (31, 6), (27, 4), (27, 2), (25, 4), (23, 2), (17, 12), (19, 12), (21, 14), (31, 20), (33, 20), (35, 30), (33, 26), (31, 28), (29, 28), (29, 20), (28, 17), (25, 20), (21, 20), (21, 18), (17, 20), (15, 18), (17, 26), (19, 26), (21, 34), (22, 33), (19, 32)]",216,144,0,144
216,"(19, 32)","(19, 33)",South,"[(19, 33), (19, 31)]","[(35, 4), (33, 4), (31, 6), (27, 4), (27, 2), (25, 4), (23, 2), (17, 12), (19, 12), (21, 14), (31, 20), (33, 20), (35, 30), (33, 26), (31, 28), (29, 28), (29, 20), (28, 17), (25, 20), (21, 20), (21, 18), (17, 20), (15, 18), (17, 26), (19, 26), (21, 34), (22, 33), (19, 32)]","[(35, 4), (33, 4), (31, 6), (27, 4), (27, 2), (25, 4), (23, 2), (17, 12), (19, 12), (21, 14), (31, 20), (33, 20), (35, 30), (33, 26), (31, 28), (29, 28), (29, 20), (28, 17), (25, 20), (21, 20), (21, 18), (17, 20), (15, 18), (17, 26), (19, 26), (21, 34), (22, 33), (19, 31)]",217,145,0,145
217,"(19, 31)","(19, 32)",South,"[(19, 32)]","[(35, 4), (33, 4), (31, 6), (27, 4), (27, 2), (25, 4), (23, 2), (17, 12), (19, 12), (21, 14), (31, 20), (33, 20), (35, 30), (33, 26), (31, 28), (29, 28), (29, 20), (28, 17), (25, 20), (21, 20), (21, 18), (17, 20), (15, 18), (17, 26), (19, 26), (21, 34), (22, 33), (19, 31)]","[(35, 4), (33, 4), (31, 6), (27, 4), (27, 2), (25, 4), (23, 2), (17, 12), (19, 12), (21, 14), (31, 20), (33, 20), (35, 30), (33, 26), (31, 28), (29, 28), (29, 20), (28, 17), (25, 20), (21, 20), (21, 18), (17, 20), (15, 18), (17, 26), (19, 26), (21, 34), (22, 33)]",218,146,0,146
218,"(22, 33)","(21, 33)",East,"[(23, 33), (21, 33)]","[(35, 4), (33, 4), (31, 6), (27, 4), (27, 2), (25, 4), (23, 2), (17, 12), (19, 12), (21, 14), (31, 20), (33, 20), (35, 30), (33, 26), (31, 28), (29, 28), (29, 20), (28, 17), (25, 20), (21, 20), (21, 18), (17, 20), (15, 18), (17, 26), (19, 26), (21, 34), (22, 33)]","[(35, 4), (33, 4), (31, 6), (27, 4), (27, 2), (25, 4), (23, 2), (17, 12), (19, 12), (21, 14), (31, 20), (33, 20), (35, 30), (33, 26), (31, 28), (29, 28), (29, 20), (28, 17), (25, 20), (21, 20), (21, 18), (17, 20), (15, 18), (17, 26), (19, 26), (21, 34), (23, 33)]",219,143,0,143
219,"(23, 33)","(22, 33)",East,"[(22, 33)]","[(35, 4), (33, 4), (31, 6), (27, 4), (27, 2), (25, 4), (23, 2), (17, 12), (19, 12), (21, 14), (31, 20), (33, 20), (35, 30), (33, 26), (31, 28), (29, 28), (29, 20), (28, 17), (25, 20), (21, 20), (21, 18), (17, 20), (15, 18), (17, 26), (19, 26), (21, 34), (23, 33)]","[(35, 4), (33, 4), (31, 6), (27, 4), (27, 2), (25, 4), (23, 2), (17, 12), (19, 12), (21, 14), (31, 20), (33, 20), (35, 30), (33, 26), (31, 28), (29, 28), (29, 20), (28, 17), (25, 20), (21, 20), (21, 18), (17, 20), (15, 18), (17, 26), (19, 26), (21, 34)]",220,144,0,144
220,"(21, 34)","(21, 33)",North,"[(21, 35), (21, 33)]","[(35, 4), (33, 4), (31, 6), (27, 4), (27, 2), (25, 4), (23, 2), (17, 12), (19, 12), (21, 14), (31, 20), (33, 20), (35, 30), (33, 26), (31, 28), (29, 28), (29, 20), (28, 17), (25, 20), (21, 20), (21, 18), (17, 20), (15, 18), (17, 26), (19, 26), (21, 34)]","[(35, 4), (33, 4), (31, 6), (27, 4), (27, 2), (25, 4), (23, 2), (17, 12), (19, 12), (21, 14), (31, 20), (33, 20), (35, 30), (33, 26), (31, 28), (29, 28), (29, 20), (28, 17), (25, 20), (21, 20), (21, 18), (17, 20), (15, 18), (17, 26), (19, 26), (21, 35)]",221,143,0,143
221,"(21, 35)","(21, 34)",North,"[(21, 34), (22, 35), (20, 35)]","[(35, 4), (33, 4), (31, 6), (27, 4), (27, 2), (25, 4), (23, 2), (17, 12), (19, 12), (21, 14), (31, 20), (33, 20), (35, 30), (33, 26), (31, 28), (29, 28), (29, 20), (28, 17), (25, 20), (21, 20), (21, 18), (17, 20), (15, 18), (17, 26), (19, 26), (21, 35)]","[(35, 4), (33, 4), (31, 6), (27, 4), (27, 2), (25, 4), (23, 2), (17, 12), (19, 12), (21, 14), (31, 20), (33, 20), (35, 30), (33, 26), (31, 28), (29, 28), (29, 20), (28, 17), (25, 20), (21, 20), (21, 18), (17, 20), (15, 18), (17, 26), (19, 26), (22, 35), (20, 35)]",222,144,0,144
222,"(20, 35)","(21, 35)",West,"[(21, 35), (19, 35)]","[(35, 4), (33, 4), (31, 6), (27, 4), (27, 2), (25, 4), (23, 2), (17, 12), (19, 12), (21, 14), (31, 20), (33, 20), (35, 30), (33, 26), (31, 28), (29, 28), (29, 20), (28, 17), (25, 20), (21, 20), (21, 18), (17, 20), (15, 18), (17, 26), (19, 26), (22, 35), (20, 35)]","[(35, 4), (33, 4), (31, 6), (27, 4), (27, 2), (25, 4), (23, 2), (17, 12), (19, 12), (21, 14), (31, 20), (33, 20), (35, 30), (33, 26), (31, 28), (29, 28), (29, 20), (28, 17), (25, 20), (21, 20), (21, 18), (17, 20), (15, 18), (17, 26), (19, 26), (22, 35), (19, 35)]",223,145,0,145
223,"(19, 35)","(20, 35)",West,"[(20, 35), (18, 35)]","[(35, 4), (33, 4), (31, 6), (27, 4), (27, 2), (25, 4), (23, 2), (17, 12), (19, 12), (21, 14), (31, 20), (33, 20), (35, 30), (33, 26), (31, 28), (29, 28), (29, 20), (28, 17), (25, 20), (21, 20), (21, 18), (17, 20), (15, 18), (17, 26), (19, 26), (22, 35), (19, 35)]","[(35, 4), (33, 4), (31, 6), (27, 4), (27, 2), (25, 4), (23, 2), (17, 12), (19, 12), (21, 14), (31, 20), (33, 20), (35, 30), (33, 26), (31, 28), (29, 28), (29, 20), (28, 17), (25, 20), (21, 20), (21, 18), (17, 20), (15, 18), (17, 26), (19, 26), (22, 35), (18, 35)]",224,146,0,146
224,"(18, 35)","(19, 35)",West,"[(19, 35), (17, 35)]","[(35, 4), (33, 4), (31, 6), (27, 4), (27, 2), (25, 4), (23, 2), (17, 12), (19, 12), (21, 14), (31, 20), (33, 20), (35, 30), (33, 26), (31, 28), (29, 28), (29, 20), (28, 17), (25, 20), (21, 20), (21, 18), (17, 20), (15, 18), (17, 26), (19, 26), (22, 35), (18, 35)]","[(35, 4), (33, 4), (31, 6), (27, 4), (27, 2), (25, 4), (23, 2), (17, 12), (19, 12), (21, 14), (31, 20), (33, 20), (35, 30), (33, 26), (31, 28), (29, 28), (29, 20), (28, 17), (25, 20), (21, 20), (21, 18), (17, 20), (15, 18), (17, 26), (19, 26), (22, 35), (17, 35)]",225,147,0,147
225,"(17, 35)","(18, 35)",West,"[(17, 34), (18, 35), (16, 35)]","[(35, 4), (33, 4), (31, 6), (27, 4), (27, 2), (25, 4), (23, 2), (17, 12), (19, 12), (21, 14), (31, 20), (33, 20), (35, 30), (33, 26), (31, 28), (29, 28), (29, 20), (28, 17), (25, 20), (21, 20), (21, 18), (17, 20), (15, 18), (17, 26), (19, 26), (22, 35), (17, 35)]","[(35, 4), (33, 4), (31, 6), (27, 4), (27, 2), (25, 4), (23, 2), (17, 12), (19, 12), (21, 14), (31, 20), (33, 20), (35, 30), (33, 26), (31, 28), (29, 28), (29, 20), (28, 17), (25, 20), (21, 20), (21, 18), (17, 20), (15, 18), (17, 26), (19, 26), (22, 35), (17, 34), (16, 35)]",226,148,0,148
226,"(16, 35)","(17, 35)",West,"[(17, 35), (15, 35)]","[(35, 4), (33, 4), (31, 6), (27, 4), (27, 2), (25, 4), (23, 2), (17, 12), (19, 12), (21, 14), (31, 20), (33, 20), (35, 30), (33, 26), (31, 28), (29, 28), (29, 20), (28, 17), (25, 20), (21, 20), (21, 18), (17, 20), (15, 18), (17, 26), (19, 26), (22, 35), (17, 34), (16, 35)]","[(35, 4), (33, 4), (31, 6), (27, 4), (27, 2), (25, 4), (23, 2), (17, 12), (19, 12), (21, 14), (31, 20), (33, 20), (35, 30), (33, 26), (31, 28), (29, 28), (29, 20), (28, 17), (25, 20), (21, 20), (21, 18), (17, 20), (15, 18), (17, 26), (19, 26), (22, 35), (17, 34), (15, 35)]",227,149,0,149
227,"(15, 35)","(16, 35)",West,"[(15, 34), (16, 35), (14, 35)]","[(35, 4), (33, 4), (31, 6), (27, 4), (27, 2), (25, 4), (23, 2), (17, 12), (19, 12), (21, 14), (31, 20), (33, 20), (35, 30), (33, 26), (31, 28), (29, 28), (29, 20), (28, 17), (25, 20), (21, 20), (21, 18), (17, 20), (15, 18), (17, 26), (19, 26), (22, 35), (17, 34), (15, 35)]","[(35, 4), (33, 4), (31, 6), (27, 4), (27, 2), (25, 4), (23, 2), (17, 12), (19, 12), (21, 14), (31, 20), (33, 20), (35, 30), (33, 26), (31, 28), (29, 28), (29, 20), (28, 17), (25, 20), (21, 20), (21, 18), (17, 20), (15, 18), (17, 26), (19, 26), (22, 35), (17, 34), (15, 34), (14, 35)]",228,150,0,150
228,"(14, 35)","(15, 35)",West,"[(15, 35), (13, 35)]","[(35, 4), (33, 4), (31, 6), (27, 4), (27, 2), (25, 4), (23, 2), (17, 12), (19, 12), (21, 14), (31, 20), (33, 20), (35, 30), (33, 26), (31, 28), (29, 28), (29, 20), (28, 17), (25, 20), (21, 20), (21, 18), (17, 20), (15, 18), (17, 26), (19, 26), (22, 35), (17, 34), (15, 34), (14, 35)]","[(35, 4), (33, 4), (31, 6), (27, 4), (27, 2), (25, 4), (23, 2), (17, 12), (19, 12), (21, 14), (31, 20), (33, 20), (35, 30), (33, 26), (31, 28), (29, 28), (29, 20), (28, 17), (25, 20), (21, 20), (21, 18), (17, 20), (15, 18), (17, 26), (19, 26), (22, 35), (17, 34), (15, 34), (13, 35)]",229,151,0,151
229,"(13, 35)","(14, 35)",West,"[(14, 35)]","[(35, 4), (33, 4), (31, 6), (27, 4), (27, 2), (25, 4), (23, 2), (17, 12), (19, 12), (21, 14), (31, 20), (33, 20), (35, 30), (33, 26), (31, 28), (29, 28), (29, 20), (28, 17), (25, 20), (21, 20), (21, 18), (17, 20), (15, 18), (17, 26), (19, 26), (22, 35), (17, 34), (15, 34), (13, 35)]","[(35, 4), (33, 4), (31, 6), (27, 4), (27, 2), (25, 4), (23, 2), (17, 12), (19, 12), (21, 14), (31, 20), (33, 20), (35, 30), (33, 26), (31, 28), (29, 28), (29, 20), (28, 17), (25, 20), (21, 20), (21, 18), (17, 20), (15, 18), (17, 26), (19, 26), (22, 35), (17, 34), (15, 34)]",230,152,0,152
230,"(15, 34)","(15, 35)",South,"[(15, 35), (15, 33)]","[(35, 4), (33, 4), (31, 6), (27, 4), (27, 2), (25, 4), (23, 2), (17, 12), (19, 12), (21, 14), (31, 20), (33, 20), (35, 30), (33, 26), (31, 28), (29, 28), (29, 20), (28, 17), (25, 20), (21, 20), (21, 18), (17, 20), (15, 18), (17, 26), (19, 26), (22, 35), (17, 34), (15, 34)]","[(35, 4), (33, 4), (31, 6), (27, 4), (27, 2), (25, 4), (23, 2), (17, 12), (19, 12), (21, 14), (31, 20), (33, 20), (35, 30), (33, 26), (31, 28), (29, 28), (29, 20), (28, 17), (25, 20), (21, 20), (21, 18), (17, 20), (15, 18), (17, 26), (19, 26), (22, 35), (17, 34), (15, 33)]",231,151,0,151
231,"(15, 33)","(15, 34)",South,"[(15, 34), (15, 32), (14, 33)]","[(35, 4), (33, 4), (31, 6), (27, 4), (27, 2), (25, 4), (23, 2), (17, 12), (19, 12), (21, 14), (31, 20), (33, 20), (35, 30), (33, 26), (31, 28), (29, 28), (29, 20), (28, 17), (25, 20), (21, 20), (21, 18), (17, 20), (15, 18), (17, 26), (19, 26), (22, 35), (17, 34), (15, 33)]","[(35, 4), (33, 4), (31, 6), (27, 4), (27, 2), (25, 4), (23, 2), (17, 12), (19, 12), (21, 14), (31, 20), (33, 20), (35, 30), (33, 26), (31, 28), (29, 28), (29, 20), (28, 17), (25, 20), (21, 20), (21, 18), (17, 20), (15, 18), (17, 26), (19, 26), (22, 35), (17, 34), (15, 32), (14, 33)]",232,152,0,152
232,"(14, 33)","(15, 33)",West,"[(15, 33), (13, 33)]","[(35, 4), (33, 4), (31, 6), (27, 4), (27, 2), (25, 4), (23, 2), (17, 12), (19, 12), (21, 14), (31, 20), (33, 20), (35, 30), (33, 26), (31, 28), (29, 28), (29, 20), (28, 17), (25, 20), (21, 20), (21, 18), (17, 20), (15, 18), (17, 26), (19, 26), (22, 35), (17, 34), (15, 32), (14, 33)]","[(35, 4), (33, 4), (31, 6), (27, 4), (27, 2), (25, 4), (23, 2), (17, 12), (19, 12), (21, 14), (31, 20), (33, 20), (35, 30), (33, 26), (31, 28), (29, 28), (29, 20), (28, 17), (25, 20), (21, 20), (21, 18), (17, 20), (15, 18), (17, 26), (19, 26), (22, 35), (17, 34), (15, 32), (13, 33)]",233,153,0,153
233,"(13, 33)","(14, 33)",West,"[(14, 33), (12, 33)]","[(35, 4), (33, 4), (31, 6), (27, 4), (27, 2), (25, 4), (23, 2), (17, 12), (19, 12), (21, 14), (31, 20), (33, 20), (35, 30), (33, 26), (31, 28), (29, 28), (29, 20), (28, 17), (25, 20), (21, 20), (21, 18), (17, 20), (15, 18), (17, 26), (19, 26), (22, 35), (17, 34), (15, 32), (13, 33)]","[(35, 4), (33, 4), (31, 6), (27, 4), (27, 2), (25, 4), (23, 2), (17, 12), (19, 12), (21, 14), (31, 20), (33, 20), (35, 30), (33, 26), (31, 28), (29, 28), (29, 20), (28, 17), (25, 20), (21, 20), (21, 18), (17, 20), (15, 18), (17, 26), (19, 26), (22, 35), (17, 34), (15, 32), (12, 33)]",234,154,0,154
234,"(12, 33)","(13, 33)",West,"[(13, 33), (11, 33)]","[(35, 4), (33, 4), (31, 6), (27, 4), (27, 2), (25, 4), (23, 2), (17, 12), (19, 12), (21, 14), (31, 20), (33, 20), (35, 30), (33, 26), (31, 28), (29, 28), (29, 20), (28, 17), (25, 20), (21, 20), (21, 18), (17, 20), (15, 18), (17, 26), (19, 26), (22, 35), (17, 34), (15, 32), (12, 33)]","[(35, 4), (33, 4), (31, 6), (27, 4), (27, 2), (25, 4), (23, 2), (17, 12), (19, 12), (21, 14), (31, 20), (33, 20), (35, 30), (33, 26), (31, 28), (29, 28), (29, 20), (28, 17), (25, 20), (21, 20), (21, 18), (17, 20), (15, 18), (17, 26), (19, 26), (22, 35), (17, 34), (15, 32), (11, 33)]",235,155,0,155
235,"(11, 33)","(12, 33)",West,"[(11, 34), (11, 32), (12, 33), (10, 33)]","[(35, 4), (33, 4), (31, 6), (27, 4), (27, 2), (25, 4), (23, 2), (17, 12), (19, 12), (21, 14), (31, 20), (33, 20), (35, 30), (33, 26), (31, 28), (29, 28), (29, 20), (28, 17), (25, 20), (21, 20), (21, 18), (17, 20), (15, 18), (17, 26), (19, 26), (22, 35), (17, 34), (15, 32), (11, 33)]","[(35, 4), (33, 4), (31, 6), (27, 4), (27, 2), (25, 4), (23, 2), (17, 12), (19, 12), (21, 14), (31, 20), (33, 20), (35, 30), (33, 26), (31, 28), (29, 28), (29, 20), (28, 17), (25, 20), (21, 20), (21, 18), (17, 20), (15, 18), (17, 26), (19, 26), (22, 35), (17, 34), (15, 32), (11, 34), (11, 32), (10, 33)]",236,156,0,156
236,"(10, 33)","(11, 33)",West,"[(11, 33), (9, 33)]","[(35, 4), (33, 4), (31, 6), (27, 4), (27, 2), (25, 4), (23, 2), (17, 12), (19, 12), (21, 14), (31, 20), (33, 20), (35, 30), (33, 26), (31, 28), (29, 28), (29, 20), (28, 17), (25, 20), (21, 20), (21, 18), (17, 20), (15, 18), (17, 26), (19, 26), (22, 35), (17, 34), (15, 32), (11, 34), (11, 32), (10, 33)]","[(35, 4), (33, 4), (31, 6), (27, 4), (27, 2), (25, 4), (23, 2), (17, 12), (19, 12), (21, 14), (31, 20), (33, 20), (35, 30), (33, 26), (31, 28), (29, 28), (29, 20), (28, 17), (25, 20), (21, 20), (21, 18), (17, 20), (15, 18), (17, 26), (19, 26), (22, 35), (17, 34), (15, 32), (11, 34), (11, 32), (9, 33)]",237,157,0,157
237,"(9, 33)","(10, 33)",West,"[(9, 34), (10, 33)]","[(35, 4), (33, 4), (31, 6), (27, 4), (27, 2), (25, 4), (23, 2), (17, 12), (19, 12), (21, 14), (31, 20), (33, 20), (35, 30), (33, 26), (31, 28), (29, 28), (29, 20), (28, 17), (25, 20), (21, 20), (21, 18), (17, 20), (15, 18), (17, 26), (19, 26), (22, 35), (17, 34), (15, 32), (11, 34), (11, 32), (9, 33)]","[(35, 4), (33, 4), (31, 6), (27, 4), (27, 2), (25, 4), (23, 2), (17, 12), (19, 12), (21, 14), (31, 20), (33, 20), (35, 30), (33, 26), (31, 28), (29, 28), (29, 20), (28, 17), (25, 20), (21, 20), (21, 18), (17, 20), (15, 18), (17, 26), (19, 26), (22, 35), (17, 34), (15, 32), (11, 34), (11, 32), (9, 34)]",238,158,0,158
238,"(9, 34)","(9, 33)",North,"[(9, 35), (9, 33)]","[(35, 4), (33, 4), (31, 6), (27, 4), (27, 2), (25, 4), (23, 2), (17, 12), (19, 12), (21, 14), (31, 20), (33, 20), (35, 30), (33, 26), (31, 28), (29, 28), (29, 20), (28, 17), (25, 20), (21, 20), (21, 18), (17, 20), (15, 18), (17, 26), (19, 26), (22, 35), (17, 34), (15, 32), (11, 34), (11, 32), (9, 34)]","[(35, 4), (33, 4), (31, 6), (27, 4), (27, 2), (25, 4), (23, 2), (17, 12), (19, 12), (21, 14), (31, 20), (33, 20), (35, 30), (33, 26), (31, 28), (29, 28), (29, 20), (28, 17), (25, 20), (21, 20), (21, 18), (17, 20), (15, 18), (17, 26), (19, 26), (22, 35), (17, 34), (15, 32), (11, 34), (11, 32), (9, 35)]",239,159,0,159
239,"(9, 35)","(9, 34)",North,"[(9, 34)]","[(35, 4), (33, 4), (31, 6), (27, 4), (27, 2), (25, 4), (23, 2), (17, 12), (19, 12), (21, 14), (31, 20), (33, 20), (35, 30), (33, 26), (31, 28), (29, 28), (29, 20), (28, 17), (25, 20), (21, 20), (21, 18), (17, 20), (15, 18), (17, 26), (19, 26), (22, 35), (17, 34), (15, 32), (11, 34), (11, 32), (9, 35)]","[(35, 4), (33, 4), (31, 6), (27, 4), (27, 2), (25, 4), (23, 2), (17, 12), (19, 12), (21, 14), (31, 20), (33, 20), (35, 30), (33, 26), (31, 28), (29, 28), (29, 20), (28, 17), (25, 20), (21, 20), (21, 18), (17, 20), (15, 18), (17, 26), (19, 26), (22, 35), (17, 34), (15, 32), (11, 34), (11, 32)]",240,160,0,160
240,"(11, 32)","(11, 33)",South,"[(11, 33), (11, 31)]","[(35, 4), (33, 4), (31, 6), (27, 4), (27, 2), (25, 4), (23, 2), (17, 12), (19, 12), (21, 14), (31, 20), (33, 20), (35, 30), (33, 26), (31, 28), (29, 28), (29, 20), (28, 17), (25, 20), (21, 20), (21, 18), (17, 20), (15, 18), (17, 26), (19, 26), (22, 35), (17, 34), (15, 32), (11, 34), (11, 32)]","[(35, 4), (33, 4), (31, 6), (27, 4), (27, 2), (25, 4), (23, 2), (17, 12), (19, 12), (21, 14), (31, 20), (33, 20), (35, 30), (33, 26), (31, 28), (29, 28), (29, 20), (28, 17), (25, 20), (21, 20), (21, 18), (17, 20), (15, 18), (17, 26), (19, 26), (22, 35), (17, 34), (15, 32), (11, 34), (11, 31)]",241,157,0,157
241,"(11, 31)","(11, 32)",South,"[(11, 32), (11, 30), (12, 31)]","[(35, 4), (33, 4), (31, 6), (27, 4), (27, 2), (25, 4), (23, 2), (17, 12), (19, 12), (21, 14), (31, 20), (33, 20), (35, 30), (33, 26), (31, 28), (29, 28), (29, 20), (28, 17), (25, 20), (21, 20), (21, 18), (17, 20), (15, 18), (17, 26), (19, 26), (22, 35), (17, 34), (15, 32), (11, 34), (11, 31)]","[(35, 4), (33, 4), (31, 6), (27, 4), (27, 2), (25, 4), (23, 2), (17, 12), (19, 12), (21, 14), (31, 20), (33, 20), (35, 30), (33, 26), (31, 28), (29, 28), (29, 20), (28, 17), (25, 20), (21, 20), (21, 18), (17, 20), (15, 18), (17, 26), (19, 26), (22, 35), (17, 34), (15, 32), (11, 34), (11, 30), (12, 31)]",242,158,0,158
242,"(12, 31)","(11, 31)",East,"[(13, 31), (11, 31)]","[(35, 4), (33, 4), (31, 6), (27, 4), (27, 2), (25, 4), (23, 2), (17, 12), (19, 12), (21, 14), (31, 20), (33, 20), (35, 30), (33, 26), (31, 28), (29, 28), (29, 20), (28, 17), (25, 20), (21, 20), (21, 18), (17, 20), (15, 18), (17, 26), (19, 26), (22, 35), (17, 34), (15, 32), (11, 34), (11, 30), (12, 31)]","[(35, 4), (33, 4), (31, 6), (27, 4), (27, 2), (25, 4), (23, 2), (17, 12), (19, 12), (21, 14), (31, 20), (33, 20), (35, 30), (33, 26), (31, 28), (29, 28), (29, 20), (28, 17), (25, 20), (21, 20), (21, 18), (17, 20), (15, 18), (17, 26), (19, 26), (22, 35), (17, 34), (15, 32), (11, 34), (11, 30), (13, 31)]",243,159,0,159
243,"(13, 31)","(12, 31)",East,"[(12, 31)]","[(35, 4), (33, 4), (31, 6), (27, 4), (27, 2), (25, 4), (23, 2), (17, 12), (19, 12), (21, 14), (31, 20), (33, 20), (35, 30), (33, 26), (31, 28), (29, 28), (29, 20), (28, 17), (25, 20), (21, 20), (21, 18), (17, 20), (15, 18), (17, 26), (19, 26), (22, 35), (17, 34), (15, 32), (11, 34), (11, 30), (13, 31)]","[(35, 4), (33, 4), (31, 6), (27, 4), (27, 2), (25, 4), (23, 2), (17, 12), (19, 12), (21, 14), (31, 20), (33, 20), (35, 30), (33, 26), (31, 28), (29, 28), (29, 20), (28, 17), (25, 20), (21, 20), (21, 18), (17, 20), (15, 18), (17, 26), (19, 26), (22, 35), (17, 34), (15, 32), (11, 34), (11, 30)]",244,160,0,160
244,"(11, 30)","(11, 31)",South,"[(11, 31), (11, 29)]","[(35, 4), (33, 4), (31, 6), (27, 4), (27, 2), (25, 4), (23, 2), (17, 12), (19, 12), (21, 14), (31, 20), (33, 20), (35, 30), (33, 26), (31, 28), (29, 28), (29, 20), (28, 17), (25, 20), (21, 20), (21, 18), (17, 20), (15, 18), (17, 26), (19, 26), (22, 35), (17, 34), (15, 32), (11, 34), (11, 30)]","[(35, 4), (33, 4), (31, 6), (27, 4), (27, 2), (25, 4), (23, 2), (17, 12), (19, 12), (21, 14), (31, 20), (33, 20), (35, 30), (33, 26), (31, 28), (29, 28), (29, 20), (28, 17), (25, 20), (21, 20), (21, 18), (17, 20), (15, 18), (17, 26), (19, 26), (22, 35), (17, 34), (15, 32), (11, 34), (11, 29)]",245,159,0,159
245,"(11, 29)","(11, 30)",South,"[(11, 30), (12, 29), (10, 29)]","[(35, 4), (33, 4), (31, 6), (27, 4), (27, 2), (25, 4), (23, 2), (17, 12), (19, 12), (21, 14), (31, 20), (33, 20), (35, 30), (33, 26), (31, 28), (29, 28), (29, 20), (28, 17), (25, 20), (21, 20), (21, 18), (17, 20), (15, 18), (17, 26), (19, 26), (22, 35), (17, 34), (15, 32), (11, 34), (11, 29)]","[(35, 4), (33, 4), (31, 6), (27, 4), (27, 2), (25, 4), (23, 2), (17, 12), (19, 12), (21, 14), (31, 20), (33, 20), (35, 30), (33, 26), (31, 28), (29, 28), (29, 20), (28, 17), (25, 20), (21, 20), (21, 18), (17, 20), (15, 18), (17, 26), (19, 26), (22, 35), (17, 34), (15, 32), (11, 34), (12, 29), (10, 29)]",246,160,0,160
246,"(10, 29)","(11, 29)",West,"[(11, 29), (9, 29)]","[(35, 4), (33, 4), (31, 6), (27, 4), (27, 2), (25, 4), (23, 2), (17, 12), (19, 12), (21, 14), (31, 20), (33, 20), (35, 30), (33, 26), (31, 28), (29, 28), (29, 20), (28, 17), (25, 20), (21, 20), (21, 18), (17, 20), (15, 18), (17, 26), (19, 26), (22, 35), (17, 34), (15, 32), (11, 34), (12, 29), (10, 29)]","[(35, 4), (33, 4), (31, 6), (27, 4), (27, 2), (25, 4), (23, 2), (17, 12), (19, 12), (21, 14), (31, 20), (33, 20), (35, 30), (33, 26), (31, 28), (29, 28), (29, 20), (28, 17), (25, 20), (21, 20), (21, 18), (17, 20), (15, 18), (17, 26), (19, 26), (22, 35), (17, 34), (15, 32), (11, 34), (12, 29), (9, 29)]",247,161,0,161
247,"(9, 29)","(10, 29)",West,"[(9, 30), (10, 29)]","[(35, 4), (33, 4), (31, 6), (27, 4), (27, 2), (25, 4), (23, 2), (17, 12), (19, 12), (21, 14), (31, 20), (33, 20), (35, 30), (33, 26), (31, 28), (29, 28), (29, 20), (28, 17), (25, 20), (21, 20), (21, 18), (17, 20), (15, 18), (17, 26), (19, 26), (22, 35), (17, 34), (15, 32), (11, 34), (12, 29), (9, 29)]","[(35, 4), (33, 4), (31, 6), (27, 4), (27, 2), (25, 4), (23, 2), (17, 12), (19, 12), (21, 14), (31, 20), (33, 20), (35, 30), (33, 26), (31, 28), (29, 28), (29, 20), (28, 17), (25, 20), (21, 20), (21, 18), (17, 20), (15, 18), (17, 26), (19, 26), (22, 35), (17, 34), (15, 32), (11, 34), (12, 29), (9, 30)]",248,162,0,162
248,"(9, 30)","(9, 29)",North,"[(9, 31), (9, 29)]","[(35, 4), (33, 4), (31, 6), (27, 4), (27, 2), (25, 4), (23, 2), (17, 12), (19, 12), (21, 14), (31, 20), (33, 20), (35, 30), (33, 26), (31, 28), (29, 28), (29, 20), (28, 17), (25, 20), (21, 20), (21, 18), (17, 20), (15, 18), (17, 26), (19, 26), (22, 35), (17, 34), (15, 32), (11, 34), (12, 29), (9, 30)]","[(35, 4), (33, 4), (31, 6), (27, 4), (27, 2), (25, 4), (23, 2), (17, 12), (19, 12), (21, 14), (31, 20), (33, 20), (35, 30), (33, 26), (31, 28), (29, 28), (29, 20), (28, 17), (25, 20), (21, 20), (21, 18), (17, 20), (15, 18), (17, 26), (19, 26), (22, 35), (17, 34), (15, 32), (11, 34), (12, 29), (9, 31)]",249,163,0,163
249,"(9, 31)","(9, 30)",North,"[(9, 30)]","[(35, 4), (33, 4), (31, 6), (27, 4), (27, 2), (25, 4), (23, 2), (17, 12), (19, 12), (21, 14), (31, 20), (33, 20), (35, 30), (33, 26), (31, 28), (29, 28), (29, 20), (28, 17), (25, 20), (21, 20), (21, 18), (17, 20), (15, 18), (17, 26), (19, 26), (22, 35), (17, 34), (15, 32), (11, 34), (12, 29), (9, 31)]","[(35, 4), (33, 4), (31, 6), (27, 4), (27, 2), (25, 4), (23, 2), (17, 12), (19, 12), (21, 14), (31, 20), (33, 20), (35, 30), (33, 26), (31, 28), (29, 28), (29, 20), (28, 17), (25, 20), (21, 20), (21, 18), (17, 20), (15, 18), (17, 26), (19, 26), (22, 35), (17, 34), (15, 32), (11, 34), (12, 29)]",250,164,0,164
250,"(12, 29)","(11, 29)",East,"[(13, 29), (11, 29)]","[(35, 4), (33, 4), (31, 6), (27, 4), (27, 2), (25, 4), (23, 2), (17, 12), (19, 12), (21, 14), (31, 20), (33, 20), (35, 30), (33, 26), (31, 28), (29, 28), (29, 20), (28, 17), (25, 20), (21, 20), (21, 18), (17, 20), (15, 18), (17, 26), (19, 26), (22, 35), (17, 34), (15, 32), (11, 34), (12, 29)]","[(35, 4), (33, 4), (31, 6), (27, 4), (27, 2), (25, 4), (23, 2), (17, 12), (19, 12), (21, 14), (31, 20), (33, 20), (35, 30), (33, 26), (31, 28), (29, 28), (29, 20), (28, 17), (25, 20), (21, 20), (21, 18), (17, 20), (15, 18), (17, 26), (19, 26), (22, 35), (17, 34), (15, 32), (11, 34), (13, 29)]",251,161,0,161
251,"(13, 29)","(12, 29)",East,"[(13, 28), (12, 29)]","[(35, 4), (33, 4), (31, 6), (27, 4), (27, 2), (25, 4), (23, 2), (17, 12), (19, 12), (21, 14), (31, 20), (33, 20), (35, 30), (33, 26), (31, 28), (29, 28), (29, 20), (28, 17), (25, 20), (21, 20), (21, 18), (17, 20), (15, 18), (17, 26), (19, 26), (22, 35), (17, 34), (15, 32), (11, 34), (13, 29)]","[(35, 4), (33, 4), (31, 6), (27, 4), (27, 2), (25, 4), (23, 2), (17, 12), (19, 12), (21, 14), (31, 20), (33, 20), (35, 30), (33, 26), (31, 28), (29, 28), (29, 20), (28, 17), (25, 20), (21, 20), (21, 18), (17, 20), (15, 18), (17, 26), (19, 26), (22, 35), (17, 34), (15, 32), (11, 34), (13, 28)]",252,162,0,162
252,"(13, 28)","(13, 29)",South,"[(13, 29), (13, 27)]","[(35, 4), (33, 4), (31, 6), (27, 4), (27, 2), (25, 4), (23, 2), (17, 12), (19, 12), (21, 14), (31, 20), (33, 20), (35, 30), (33, 26), (31, 28), (29, 28), (29, 20), (28, 17), (25, 20), (21, 20), (21, 18), (17, 20), (15, 18), (17, 26), (19, 26), (22, 35), (17, 34), (15, 32), (11, 34), (13, 28)]","[(35, 4), (33, 4), (31, 6), (27, 4), (27, 2), (25, 4), (23, 2), (17, 12), (19, 12), (21, 14), (31, 20), (33, 20), (35, 30), (33, 26), (31, 28), (29, 28), (29, 20), (28, 17), (25, 20), (21, 20), (21, 18), (17, 20), (15, 18), (17, 26), (19, 26), (22, 35), (17, 34), (15, 32), (11, 34), (13, 27)]",253,163,0,163
253,"(13, 27)","(13, 28)",South,"[(13, 28), (12, 27)]","[(35, 4), (33, 4), (31, 6), (27, 4), (27, 2), (25, 4), (23, 2), (17, 12), (19, 12), (21, 14), (31, 20), (33, 20), (35, 30), (33, 26), (31, 28), (29, 28), (29, 20), (28, 17), (25, 20), (21, 20), (21, 18), (17, 20), (15, 18), (17, 26), (19, 26), (22, 35), (17, 34), (15, 32), (11, 34), (13, 27)]","[(35, 4), (33, 4), (31, 6), (27, 4), (27, 2), (25, 4), (23, 2), (17, 12), (19, 12), (21, 14), (31, 20), (33, 20), (35, 30), (33, 26), (31, 28), (29, 28), (29, 20), (28, 17), (25, 20), (21, 20), (21, 18), (17, 20), (15, 18), (17, 26), (19, 26), (22, 35), (17, 34), (15, 32), (11, 34), (12, 27)]",254,164,0,164
254,"(12, 27)","(13, 27)",West,"[(13, 27), (11, 27)]","[(35, 4), (33, 4), (31, 6), (27, 4), (27, 2), (25, 4), (23, 2), (17, 12), (19, 12), (21, 14), (31, 20), (33, 20), (35, 30), (33, 26), (31, 28), (29, 28), (29, 20), (28, 17), (25, 20), (21, 20), (21, 18), (17, 20), (15, 18), (17, 26), (19, 26), (22, 35), (17, 34), (15, 32), (11, 34), (12, 27)]","[(35, 4), (33, 4), (31, 6), (27, 4), (27, 2), (25, 4), (23, 2), (17, 12), (19, 12), (21, 14), (31, 20), (33, 20), (35, 30), (33, 26), (31, 28), (29, 28), (29, 20), (28, 17), (25, 20), (21, 20), (21, 18), (17, 20), (15, 18), (17, 26), (19, 26), (22, 35), (17, 34), (15, 32), (11, 34), (11, 27)]",255,165,0,165
255,"(11, 27)","(12, 27)",West,"[(11, 26), (12, 27), (10, 27)]","[(35, 4), (33, 4), (31, 6), (27, 4), (27, 2), (25, 4), (23, 2), (17, 12), (19, 12), (21, 14), (31, 20), (33, 20), (35, 30), (33, 26), (31, 28), (29, 28), (29, 20), (28, 17), (25, 20), (21, 20), (21, 18), (17, 20), (15, 18), (17, 26), (19, 26), (22, 35), (17, 34), (15, 32), (11, 34), (11, 27)]","[(35, 4), (33, 4), (31, 6), (27, 4), (27, 2), (25, 4), (23, 2), (17, 12), (19, 12), (21, 14), (31, 20), (33, 20), (35, 30), (33, 26), (31, 28), (29, 28), (29, 20), (28, 17), (25, 20), (21, 20), (21, 18), (17, 20), (15, 18), (17, 26), (19, 26), (22, 35), (17, 34), (15, 32), (11, 34), (11, 26), (10, 27)]",256,166,0,166
256,"(10, 27)","(11, 27)",West,"[(11, 27), (9, 27)]","[(35, 4), (33, 4), (31, 6), (27, 4), (27, 2), (25, 4), (23, 2), (17, 12), (19, 12), (21, 14), (31, 20), (33, 20), (35, 30), (33, 26), (31, 28), (29, 28), (29, 20), (28, 17), (25, 20), (21, 20), (21, 18), (17, 20), (15, 18), (17, 26), (19, 26), (22, 35), (17, 34), (15, 32), (11, 34), (11, 26), (10, 27)]","[(35, 4), (33, 4), (31, 6), (27, 4), (27, 2), (25, 4), (23, 2), (17, 12), (19, 12), (21, 14), (31, 20), (33, 20), (35, 30), (33, 26), (31, 28), (29, 28), (29, 20), (28, 17), (25, 20), (21, 20), (21, 18), (17, 20), (15, 18), (17, 26), (19, 26), (22, 35), (17, 34), (15, 32), (11, 34), (11, 26), (9, 27)]",257,167,0,167
257,"(9, 27)","(10, 27)",West,"[(9, 26), (10, 27), (8, 27)]","[(35, 4), (33, 4), (31, 6), (27, 4), (27, 2), (25, 4), (23, 2), (17, 12), (19, 12), (21, 14), (31, 20), (33, 20), (35, 30), (33, 26), (31, 28), (29, 28), (29, 20), (28, 17), (25, 20), (21, 20), (21, 18), (17, 20), (15, 18), (17, 26), (19, 26), (22, 35), (17, 34), (15, 32), (11, 34), (11, 26), (9, 27)]","[(35, 4), (33, 4), (31, 6), (27, 4), (27, 2), (25, 4), (23, 2), (17, 12), (19, 12), (21, 14), (31, 20), (33, 20), (35, 30), (33, 26), (31, 28), (29, 28), (29, 20), (28, 17), (25, 20), (21, 20), (21, 18), (17, 20), (15, 18), (17, 26), (19, 26), (22, 35), (17, 34), (15, 32), (11, 34), (11, 26), (9, 26), (8, 27)]",258,168,0,168
258,"(8, 27)","(9, 27)",West,"[(9, 27), (7, 27)]","[(35, 4), (33, 4), (31, 6), (27, 4), (27, 2), (25, 4), (23, 2), (17, 12), (19, 12), (21, 14), (31, 20), (33, 20), (35, 30), (33, 26), (31, 28), (29, 28), (29, 20), (28, 17), (25, 20), (21, 20), (21, 18), (17, 20), (15, 18), (17, 26), (19, 26), (22, 35), (17, 34), (15, 32), (11, 34), (11, 26), (9, 26), (8, 27)]","[(35, 4), (33, 4), (31, 6), (27, 4), (27, 2), (25, 4), (23, 2), (17, 12), (19, 12), (21, 14), (31, 20), (33, 20), (35, 30), (33, 26), (31, 28), (29, 28), (29, 20), (28, 17), (25, 20), (21, 20), (21, 18), (17, 20), (15, 18), (17, 26), (19, 26), (22, 35), (17, 34), (15, 32), (11, 34), (11, 26), (9, 26), (7, 27)]",259,169,0,169
259,"(7, 27)","(8, 27)",West,"[(8, 27), (6, 27)]","[(35, 4), (33, 4), (31, 6), (27, 4), (27, 2), (25, 4), (23, 2), (17, 12), (19, 12), (21, 14), (31, 20), (33, 20), (35, 30), (33, 26), (31, 28), (29, 28), (29, 20), (28, 17), (25, 20), (21, 20), (21, 18), (17, 20), (15, 18), (17, 26), (19, 26), (22, 35), (17, 34), (15, 32), (11, 34), (11, 26), (9, 26), (7, 27)]","[(35, 4), (33, 4), (31, 6), (27, 4), (27, 2), (25, 4), (23, 2), (17, 12), (19, 12), (21, 14), (31, 20), (33, 20), (35, 30), (33, 26), (31, 28), (29, 28), (29, 20), (28, 17), (25, 20), (21, 20), (21, 18), (17, 20), (15, 18), (17, 26), (19, 26), (22, 35), (17, 34), (15, 32), (11, 34), (11, 26), (9, 26), (6, 27)]",260,170,0,170
260,"(6, 27)","(7, 27)",West,"[(7, 27), (5, 27)]","[(35, 4), (33, 4), (31, 6), (27, 4), (27, 2), (25, 4), (23, 2), (17, 12), (19, 12), (21, 14), (31, 20), (33, 20), (35, 30), (33, 26), (31, 28), (29, 28), (29, 20), (28, 17), (25, 20), (21, 20), (21, 18), (17, 20), (15, 18), (17, 26), (19, 26), (22, 35), (17, 34), (15, 32), (11, 34), (11, 26), (9, 26), (6, 27)]","[(35, 4), (33, 4), (31, 6), (27, 4), (27, 2), (25, 4), (23, 2), (17, 12), (19, 12), (21, 14), (31, 20), (33, 20), (35, 30), (33, 26), (31, 28), (29, 28), (29, 20), (28, 17), (25, 20), (21, 20), (21, 18), (17, 20), (15, 18), (17, 26), (19, 26), (22, 35), (17, 34), (15, 32), (11, 34), (11, 26), (9, 26), (5, 27)]",261,171,0,171
261,"(5, 27)","(6, 27)",West,"[(6, 27), (4, 27)]","[(35, 4), (33, 4), (31, 6), (27, 4), (27, 2), (25, 4), (23, 2), (17, 12), (19, 12), (21, 14), (31, 20), (33, 20), (35, 30), (33, 26), (31, 28), (29, 28), (29, 20), (28, 17), (25, 20), (21, 20), (21, 18), (17, 20), (15, 18), (17, 26), (19, 26), (22, 35), (17, 34), (15, 32), (11, 34), (11, 26), (9, 26), (5, 27)]","[(35, 4), (33, 4), (31, 6), (27, 4), (27, 2), (25, 4), (23, 2), (17, 12), (19, 12), (21, 14), (31, 20), (33, 20), (35, 30), (33, 26), (31, 28), (29, 28), (29, 20), (28, 17), (25, 20), (21, 20), (21, 18), (17, 20), (15, 18), (17, 26), (19, 26), (22, 35), (17, 34), (15, 32), (11, 34), (11, 26), (9, 26), (4, 27)]",262,172,0,172
262,"(4, 27)","(5, 27)",West,"[(5, 27), (3, 27)]","[(35, 4), (33, 4), (31, 6), (27, 4), (27, 2), (25, 4), (23, 2), (17, 12), (19, 12), (21, 14), (31, 20), (33, 20), (35, 30), (33, 26), (31, 28), (29, 28), (29, 20), (28, 17), (25, 20), (21, 20), (21, 18), (17, 20), (15, 18), (17, 26), (19, 26), (22, 35), (17, 34), (15, 32), (11, 34), (11, 26), (9, 26), (4, 27)]","[(35, 4), (33, 4), (31, 6), (27, 4), (27, 2), (25, 4), (23, 2), (17, 12), (19, 12), (21, 14), (31, 20), (33, 20), (35, 30), (33, 26), (31, 28), (29, 28), (29, 20), (28, 17), (25, 20), (21, 20), (21, 18), (17, 20), (15, 18), (17, 26), (19, 26), (22, 35), (17, 34), (15, 32), (11, 34), (11, 26), (9, 26), (3, 27)]",263,173,0,173
263,"(3, 27)","(4, 27)",West,"[(3, 28), (3, 26), (4, 27), (2, 27)]","[(35, 4), (33, 4), (31, 6), (27, 4), (27, 2), (25, 4), (23, 2), (17, 12), (19, 12), (21, 14), (31, 20), (33, 20), (35, 30), (33, 26), (31, 28), (29, 28), (29, 20), (28, 17), (25, 20), (21, 20), (21, 18), (17, 20), (15, 18), (17, 26), (19, 26), (22, 35), (17, 34), (15, 32), (11, 34), (11, 26), (9, 26), (3, 27)]","[(35, 4), (33, 4), (31, 6), (27, 4), (27, 2), (25, 4), (23, 2), (17, 12), (19, 12), (21, 14), (31, 20), (33, 20), (35, 30), (33, 26), (31, 28), (29, 28), (29, 20), (28, 17), (25, 20), (21, 20), (21, 18), (17, 20), (15, 18), (17, 26), (19, 26), (22, 35), (17, 34), (15, 32), (11, 34), (11, 26), (9, 26), (3, 28), (3, 26), (2, 27)]",264,174,0,174
264,"(2, 27)","(3, 27)",West,"[(3, 27), (1, 27)]","[(35, 4), (33, 4), (31, 6), (27, 4), (27, 2), (25, 4), (23, 2), (17, 12), (19, 12), (21, 14), (31, 20), (33, 20), (35, 30), (33, 26), (31, 28), (29, 28), (29, 20), (28, 17), (25, 20), (21, 20), (21, 18), (17, 20), (15, 18), (17, 26), (19, 26), (22, 35), (17, 34), (15, 32), (11, 34), (11, 26), (9, 26), (3, 28), (3, 26), (2, 27)]","[(35, 4), (33, 4), (31, 6), (27, 4), (27, 2), (25, 4), (23, 2), (17, 12), (19, 12), (21, 14), (31, 20), (33, 20), (35, 30), (33, 26), (31, 28), (29, 28), (29, 20), (28, 17), (25, 20), (21, 20), (21, 18), (17, 20), (15, 18), (17, 26), (19, 26), (22, 35), (17, 34), (15, 32), (11, 34), (11, 26), (9, 26), (3, 28), (3, 26), (1, 27)]",265,175,0,175
265,"(1, 27)","(2, 27)",West,"[(1, 26), (2, 27)]","[(35, 4), (33, 4), (31, 6), (27, 4), (27, 2), (25, 4), (23, 2), (17, 12), (19, 12), (21, 14), (31, 20), (33, 20), (35, 30), (33, 26), (31, 28), (29, 28), (29, 20), (28, 17), (25, 20), (21, 20), (21, 18), (17, 20), (15, 18), (17, 26), (19, 26), (22, 35), (17, 34), (15, 32), (11, 34), (11, 26), (9, 26), (3, 28), (3, 26), (1, 27)]","[(35, 4), (33, 4), (31, 6), (27, 4), (27, 2), (25, 4), (23, 2), (17, 12), (19, 12), (21, 14), (31, 20), (33, 20), (35, 30), (33, 26), (31, 28), (29, 28), (29, 20), (28, 17), (25, 20), (21, 20), (21, 18), (17, 20), (15, 18), (17, 26), (19, 26), (22, 35), (17, 34), (15, 32), (11, 34), (11, 26), (9, 26), (3, 28), (3, 26), (1, 26)]",266,176,0,176
266,"(1, 26)","(1, 27)",South,"[(1, 27), (1, 25)]","[(35, 4), (33, 4), (31, 6), (27, 4), (27, 2), (25, 4), (23, 2), (17, 12), (19, 12), (21, 14), (31, 20), (33, 20), (35, 30), (33, 26), (31, 28), (29, 28), (29, 20), (28, 17), (25, 20), (21, 20), (21, 18), (17, 20), (15, 18), (17, 26), (19, 26), (22, 35), (17, 34), (15, 32), (11, 34), (11, 26), (9, 26), (3, 28), (3, 26), (1, 26)]","[(35, 4), (33, 4), (31, 6), (27, 4), (27, 2), (25, 4), (23, 2), (17, 12), (19, 12), (21, 14), (31, 20), (33, 20), (35, 30), (33, 26), (31, 28), (29, 28), (29, 20), (28, 17), (25, 20), (21, 20), (21, 18), (17, 20), (15, 18), (17, 26), (19, 26), (22, 35), (17, 34), (15, 32), (11, 34), (11, 26), (9, 26), (3, 28), (3, 26), (1, 25)]",267,177,0,177
267,"(1, 25)","(1, 26)",South,"[(1, 26), (1, 24)]","[(35, 4), (33, 4), (31, 6), (27, 4), (27, 2), (25, 4), (23, 2), (17, 12), (19, 12), (21, 14), (31, 20), (33, 20), (35, 30), (33, 26), (31, 28), (29, 28), (29, 20), (28, 17), (25, 20), (21, 20), (21, 18), (17, 20), (15, 18), (17, 26), (19, 26), (22, 35), (17, 34), (15, 32), (11, 34), (11, 26), (9, 26), (3, 28), (3, 26), (1, 25)]","[(35, 4), (33, 4), (31, 6), (27, 4), (27, 2), (25, 4), (23, 2), (17, 12), (19, 12), (21, 14), (31, 20), (33, 20), (35, 30), (33, 26), (31, 28), (29, 28), (29, 20), (28, 17), (25, 20), (21, 20), (21, 18), (17, 20), (15, 18), (17, 26), (19, 26), (22, 35), (17, 34), (15, 32), (11, 34), (11, 26), (9, 26), (3, 28), (3, 26), (1, 24)]",268,178,0,178
268,"(1, 24)","(1, 25)",South,"[(1, 25), (1, 23)]","[(35, 4), (33, 4), (31, 6), (27, 4), (27, 2), (25, 4), (23, 2), (17, 12), (19, 12), (21, 14), (31, 20), (33, 20), (35, 30), (33, 26), (31, 28), (29, 28), (29, 20), (28, 17), (25, 20), (21, 20), (21, 18), (17, 20), (15, 18), (17, 26), (19, 26), (22, 35), (17, 34), (15, 32), (11, 34), (11, 26), (9, 26), (3, 28), (3, 26), (1, 24)]","[(35, 4), (33, 4), (31, 6), (27, 4), (27, 2), (25, 4), (23, 2), (17, 12), (19, 12), (21, 14), (31, 20), (33, 20), (35, 30), (33, 26), (31, 28), (29, 28), (29, 20), (28, 17), (25, 20), (21, 20), (21, 18), (17, 20), (15, 18), (17, 26), (19, 26), (22, 35), (17, 34), (15, 32), (11, 34), (11, 26), (9, 26), (3, 28), (3, 26), (1, 23)]",269,179,0,179
269,"(1, 23)","(1, 24)",South,"[(1, 24)]","[(35, 4), (33, 4), (31, 6), (27, 4), (27, 2), (25, 4), (23, 2), (17, 12), (19, 12), (21, 14), (31, 20), (33, 20), (35, 30), (33, 26), (31, 28), (29, 28), (29, 20), (28, 17), (25, 20), (21, 20), (21, 18), (17, 20), (15, 18), (17, 26), (19, 26), (22, 35), (17, 34), (15, 32), (11, 34), (11, 26), (9, 26), (3, 28), (3, 26), (1, 23)]","[(35, 4), (33, 4), (31, 6), (27, 4), (27, 2), (25, 4), (23, 2), (17, 12), (19, 12), (21, 14), (31, 20), (33, 20), (35, 30), (33, 26), (31, 28), (29, 28), (29, 20), (28, 17), (25, 20), (21, 20), (21, 18), (17, 20), (15, 18), (17, 26), (19, 26), (22, 35), (17, 34), (15, 32), (11, 34), (11, 26), (9, 26), (3, 28), (3, 26)]",270,180,0,180
270,"(3, 26)","(3, 27)",South,"[(3, 27), (3, 25)]","[(35, 4), (33, 4), (31, 6), (27, 4), (27, 2), (25, 4), (23, 2), (17, 12), (19, 12), (21, 14), (31, 20), (33, 20), (35, 30), (33, 26), (31, 28), (29, 28), (29, 20), (28, 17), (25, 20), (21, 20), (21, 18), (17, 20), (15, 18), (17, 26), (19, 26), (22, 35), (17, 34), (15, 32), (11, 34), (11, 26), (9, 26), (3, 28), (3, 26)]","[(35, 4), (33, 4), (31, 6), (27, 4), (27, 2), (25, 4), (23, 2), (17, 12), (19, 12), (21, 14), (31, 20), (33, 20), (35, 30), (33, 26), (31, 28), (29, 28), (29, 20), (28, 17), (25, 20), (21, 20), (21, 18), (17, 20), (15, 18), (17, 26), (19, 26), (22, 35), (17, 34), (15, 32), (11, 34), (11, 26), (9, 26), (3, 28), (3, 25)]",271,175,0,175
271,"(3, 25)","(3, 26)",South,"[(3, 26), (3, 24)]","[(35, 4), (33, 4), (31, 6), (27, 4), (27, 2), (25, 4), (23, 2), (17, 12), (19, 12), (21, 14), (31, 20), (33, 20), (35, 30), (33, 26), (31, 28), (29, 28), (29, 20), (28, 17), (25, 20), (21, 20), (21, 18), (17, 20), (15, 18), (17, 26), (19, 26), (22, 35), (17, 34), (15, 32), (11, 34), (11, 26), (9, 26), (3, 28), (3, 25)]","[(35, 4), (33, 4), (31, 6), (27, 4), (27, 2), (25, 4), (23, 2), (17, 12), (19, 12), (21, 14), (31, 20), (33, 20), (35, 30), (33, 26), (31, 28), (29, 28), (29, 20), (28, 17), (25, 20), (21, 20), (21, 18), (17, 20), (15, 18), (17, 26), (19, 26), (22, 35), (17, 34), (15, 32), (11, 34), (11, 26), (9, 26), (3, 28), (3, 24)]",272,176,0,176
272,"(3, 24)","(3, 25)",South,"[(3, 25), (3, 23)]","[(35, 4), (33, 4), (31, 6), (27, 4), (27, 2), (25, 4), (23, 2), (17, 12), (19, 12), (21, 14), (31, 20), (33, 20), (35, 30), (33, 26), (31, 28), (29, 28), (29, 20), (28, 17), (25, 20), (21, 20), (21, 18), (17, 20), (15, 18), (17, 26), (19, 26), (22, 35), (17, 34), (15, 32), (11, 34), (11, 26), (9, 26), (3, 28), (3, 24)]","[(35, 4), (33, 4), (31, 6), (27, 4), (27, 2), (25, 4), (23, 2), (17, 12), (19, 12), (21, 14), (31, 20), (33, 20), (35, 30), (33, 26), (31, 28), (29, 28), (29, 20), (28, 17), (25, 20), (21, 20), (21, 18), (17, 20), (15, 18), (17, 26), (19, 26), (22, 35), (17, 34), (15, 32), (11, 34), (11, 26), (9, 26), (3, 28), (3, 23)]",273,177,0,177
273,"(3, 23)","(3, 24)",South,"[(3, 24), (3, 22)]","[(35, 4), (33, 4), (31, 6), (27, 4), (27, 2), (25, 4), (23, 2), (17, 12), (19, 12), (21, 14), (31, 20), (33, 20), (35, 30), (33, 26), (31, 28), (29, 28), (29, 20), (28, 17), (25, 20), (21, 20), (21, 18), (17, 20), (15, 18), (17, 26), (19, 26), (22, 35), (17, 34), (15, 32), (11, 34), (11, 26), (9, 26), (3, 28), (3, 23)]","[(35, 4), (33, 4), (31, 6), (27, 4), (27, 2), (25, 4), (23, 2), (17, 12), (19, 12), (21, 14), (31, 20), (33, 20), (35, 30), (33, 26), (31, 28), (29, 28), (29, 20), (28, 17), (25, 20), (21, 20), (21, 18), (17, 20), (15, 18), (17, 26), (19, 26), (22, 35), (17, 34), (15, 32), (11, 34), (11, 26), (9, 26), (3, 28), (3, 22)]",274,178,0,178
274,"(3, 22)","(3, 23)",South,"[(3, 23), (3, 21)]","[(35, 4), (33, 4), (31, 6), (27, 4), (27, 2), (25, 4), (23, 2), (17, 12), (19, 12), (21, 14), (31, 20), (33, 20), (35, 30), (33, 26), (31, 28), (29, 28), (29, 20), (28, 17), (25, 20), (21, 20), (21, 18), (17, 20), (15, 18), (17, 26), (19, 26), (22, 35), (17, 34), (15, 32), (11, 34), (11, 26), (9, 26), (3, 28), (3, 22)]","[(35, 4), (33, 4), (31, 6), (27, 4), (27, 2), (25, 4), (23, 2), (17, 12), (19, 12), (21, 14), (31, 20), (33, 20), (35, 30), (33, 26), (31, 28), (29, 28), (29, 20), (28, 17), (25, 20), (21, 20), (21, 18), (17, 20), (15, 18), (17, 26), (19, 26), (22, 35), (17, 34), (15, 32), (11, 34), (11, 26), (9, 26), (3, 28), (3, 21)]",275,179,0,179
275,"(3, 21)","(3, 22)",South,"[(3, 22), (3, 20), (4, 21), (2, 21)]","[(35, 4), (33, 4), (31, 6), (27, 4), (27, 2), (25, 4), (23, 2), (17, 12), (19, 12), (21, 14), (31, 20), (33, 20), (35, 30), (33, 26), (31, 28), (29, 28), (29, 20), (28, 17), (25, 20), (21, 20), (21, 18), (17, 20), (15, 18), (17, 26), (19, 26), (22, 35), (17, 34), (15, 32), (11, 34), (11, 26), (9, 26), (3, 28), (3, 21)]","[(35, 4), (33, 4), (31, 6), (27, 4), (27, 2), (25, 4), (23, 2), (17, 12), (19, 12), (21, 14), (31, 20), (33, 20), (35, 30), (33, 26), (31, 28), (29, 28), (29, 20), (28, 17), (25, 20), (21, 20), (21, 18), (17, 20), (15, 18), (17, 26), (19, 26), (22, 35), (17, 34), (15, 32), (11, 34), (11, 26), (9, 26), (3, 28), (3, 20), (4, 21), (2, 21)]",276,180,0,180
276,"(2, 21)","(3, 21)",West,"[(3, 21), (1, 21)]","[(35, 4), (33, 4), (31, 6), (27, 4), (27, 2), (25, 4), (23, 2), (17, 12), (19, 12), (21, 14), (31, 20), (33, 20), (35, 30), (33, 26), (31, 28), (29, 28), (29, 20), (28, 17), (25, 20), (21, 20), (21, 18), (17, 20), (15, 18), (17, 26), (19, 26), (22, 35), (17, 34), (15, 32), (11, 34), (11, 26), (9, 26), (3, 28), (3, 20), (4, 21), (2, 21)]","[(35, 4), (33, 4), (31, 6), (27, 4), (27, 2), (25, 4), (23, 2), (17, 12), (19, 12), (21, 14), (31, 20), (33, 20), (35, 30), (33, 26), (31, 28), (29, 28), (29, 20), (28, 17), (25, 20), (21, 20), (21, 18), (17, 20), (15, 18), (17, 26), (19, 26), (22, 35), (17, 34), (15, 32), (11, 34), (11, 26), (9, 26), (3, 28), (3, 20), (4, 21), (1, 21)]",277,181,0,181
277,"(1, 21)","(2, 21)",West,"[(1, 20), (2, 21)]","[(35, 4), (33, 4), (31, 6), (27, 4), (27, 2), (25, 4), (23, 2), (17, 12), (19, 12), (21, 14), (31, 20), (33, 20), (35, 30), (33, 26), (31, 28), (29, 28), (29, 20), (28, 17), (25, 20), (21, 20), (21, 18), (17, 20), (15, 18), (17, 26), (19, 26), (22, 35), (17, 34), (15, 32), (11, 34), (11, 26), (9, 26), (3, 28), (3, 20), (4, 21), (1, 21)]","[(35, 4), (33, 4), (31, 6), (27, 4), (27, 2), (25, 4), (23, 2), (17, 12), (19, 12), (21, 14), (31, 20), (33, 20), (35, 30), (33, 26), (31, 28), (29, 28), (29, 20), (28, 17), (25, 20), (21, 20), (21, 18), (17, 20), (15, 18), (17, 26), (19, 26), (22, 35), (17, 34), (15, 32), (11, 34), (11, 26), (9, 26), (3, 28), (3, 20), (4, 21), (1, 20)]",278,182,0,182
278,"(1, 20)","(1, 21)",South,"[(1, 21), (1, 19)]","[(35, 4), (33, 4), (31, 6), (27, 4), (27, 2), (25, 4), (23, 2), (17, 12), (19, 12), (21, 14), (31, 20), (33, 20), (35, 30), (33, 26), (31, 28), (29, 28), (29, 20), (28, 17), (25, 20), (21, 20), (21, 18), (17, 20), (15, 18), (17, 26), (19, 26), (22, 35), (17, 34), (15, 32), (11, 34), (11, 26), (9, 26), (3, 28), (3, 20), (4, 21), (1, 20)]","[(35, 4), (33, 4), (31, 6), (27, 4), (27, 2), (25, 4), (23, 2), (17, 12), (19, 12), (21, 14), (31, 20), (33, 20), (35, 30), (33, 26), (31, 28), (29, 28), (29, 20), (28, 17), (25, 20), (21, 20), (21, 18), (17, 20), (15, 18), (17, 26), (19, 26), (22, 35), (17, 34), (15, 32), (11, 34), (11, 26), (9, 26), (3, 28), (3, 20), (4, 21), (1, 19)]",279,183,0,183
279,"(1, 19)","(1, 20)",South,"[(1, 20)]","[(35, 4), (33, 4), (31, 6), (27, 4), (27, 2), (25, 4), (23, 2), (17, 12), (19, 12), (21, 14), (31, 20), (33, 20), (35, 30), (33, 26), (31, 28), (29, 28), (29, 20), (28, 17), (25, 20), (21, 20), (21, 18), (17, 20), (15, 18), (17, 26), (19, 26), (22, 35), (17, 34), (15, 32), (11, 34), (11, 26), (9, 26), (3, 28), (3, 20), (4, 21), (1, 19)]","[(35, 4), (33, 4), (31, 6), (27, 4), (27, 2), (25, 4), (23, 2), (17, 12), (19, 12), (21, 14), (31, 20), (33, 20), (35, 30), (33, 26), (31, 28), (29, 28), (29, 20), (28, 17), (25, 20), (21, 20), (21, 18), (17, 20), (15, 18), (17, 26), (19, 26), (22, 35), (17, 34), (15, 32), (11, 34), (11, 26), (9, 26), (3, 28), (3, 20), (4, 21)]",280,184,0,184
280,"(4, 21)","(3, 21)",East,"[(5, 21), (3, 21)]","[(35, 4), (33, 4), (31, 6), (27, 4), (27, 2), (25, 4), (23, 2), (17, 12), (19, 12), (21, 14), (31, 20), (33, 20), (35, 30), (33, 26), (31, 28), (29, 28), (29, 20), (28, 17), (25, 20), (21, 20), (21, 18), (17, 20), (15, 18), (17, 26), (19, 26), (22, 35), (17, 34), (15, 32), (11, 34), (11, 26), (9, 26), (3, 28), (3, 20), (4, 21)]","[(35, 4), (33, 4), (31, 6), (27, 4), (27, 2), (25, 4), (23, 2), (17, 12), (19, 12), (21, 14), (31, 20), (33, 20), (35, 30), (33, 26), (31, 28), (29, 28), (29, 20), (28, 17), (25, 20), (21, 20), (21, 18), (17, 20), (15, 18), (17, 26), (19, 26), (22, 35), (17, 34), (15, 32), (11, 34), (11, 26), (9, 26), (3, 28), (3, 20), (5, 21)]",281,181,0,181
281,"(5, 21)","(4, 21)",East,"[(5, 20), (4, 21)]","[(35, 4), (33, 4), (31, 6), (27, 4), (27, 2), (25, 4), (23, 2), (17, 12), (19, 12), (21, 14), (31, 20), (33, 20), (35, 30), (33, 26), (31, 28), (29, 28), (29, 20), (28, 17), (25, 20), (21, 20), (21, 18), (17, 20), (15, 18), (17, 26), (19, 26), (22, 35), (17, 34), (15, 32), (11, 34), (11, 26), (9, 26), (3, 28), (3, 20), (5, 21)]","[(35, 4), (33, 4), (31, 6), (27, 4), (27, 2), (25, 4), (23, 2), (17, 12), (19, 12), (21, 14), (31, 20), (33, 20), (35, 30), (33, 26), (31, 28), (29, 28), (29, 20), (28, 17), (25, 20), (21, 20), (21, 18), (17, 20), (15, 18), (17, 26), (19, 26), (22, 35), (17, 34), (15, 32), (11, 34), (11, 26), (9, 26), (3, 28), (3, 20), (5, 20)]",282,182,0,182
282,"(5, 20)","(5, 21)",South,"[(5, 21), (5, 19)]","[(35, 4), (33, 4), (31, 6), (27, 4), (27, 2), (25, 4), (23, 2), (17, 12), (19, 12), (21, 14), (31, 20), (33, 20), (35, 30), (33, 26), (31, 28), (29, 28), (29, 20), (28, 17), (25, 20), (21, 20), (21, 18), (17, 20), (15, 18), (17, 26), (19, 26), (22, 35), (17, 34), (15, 32), (11, 34), (11, 26), (9, 26), (3, 28), (3, 20), (5, 20)]","[(35, 4), (33, 4), (31, 6), (27, 4), (27, 2), (25, 4), (23, 2), (17, 12), (19, 12), (21, 14), (31, 20), (33, 20), (35, 30), (33, 26), (31, 28), (29, 28), (29, 20), (28, 17), (25, 20), (21, 20), (21, 18), (17, 20), (15, 18), (17, 26), (19, 26), (22, 35), (17, 34), (15, 32), (11, 34), (11, 26), (9, 26), (3, 28), (3, 20), (5, 19)]",283,183,0,183
283,"(5, 19)","(5, 20)",South,"[(5, 20)]","[(35, 4), (33, 4), (31, 6), (27, 4), (27, 2), (25, 4), (23, 2), (17, 12), (19, 12), (21, 14), (31, 20), (33, 20), (35, 30), (33, 26), (31, 28), (29, 28), (29, 20), (28, 17), (25, 20), (21, 20), (21, 18), (17, 20), (15, 18), (17, 26), (19, 26), (22, 35), (17, 34), (15, 32), (11, 34), (11, 26), (9, 26), (3, 28), (3, 20), (5, 19)]","[(35, 4), (33, 4), (31, 6), (27, 4), (27, 2), (25, 4), (23, 2), (17, 12), (19, 12), (21, 14), (31, 20), (33, 20), (35, 30), (33, 26), (31, 28), (29, 28), (29, 20), (28, 17), (25, 20), (21, 20), (21, 18), (17, 20), (15, 18), (17, 26), (19, 26), (22, 35), (17, 34), (15, 32), (11, 34), (11, 26), (9, 26), (3, 28), (3, 20)]",284,184,0,184
284,"(3, 20)","(3, 21)",South,"[(3, 21), (3, 19)]","[(35, 4), (33, 4), (31, 6), (27, 4), (27, 2), (25, 4), (23, 2), (17, 12), (19, 12), (21, 14), (31, 20), (33, 20), (35, 30), (33, 26), (31, 28), (29, 28), (29, 20), (28, 17), (25, 20), (21, 20), (21, 18), (17, 20), (15, 18), (17, 26), (19, 26), (22, 35), (17, 34), (15, 32), (11, 34), (11, 26), (9, 26), (3, 28), (3, 20)]","[(35, 4), (33, 4), (31, 6), (27, 4), (27, 2), (25, 4), (23, 2), (17, 12), (19, 12), (21, 14), (31, 20), (33, 20), (35, 30), (33, 26), (31, 28), (29, 28), (29, 20), (28, 17), (25, 20), (21, 20), (21, 18), (17, 20), (15, 18), (17, 26), (19, 26), (22, 35), (17, 34), (15, 32), (11, 34), (11, 26), (9, 26), (3, 28), (3, 19)]",285,181,0,181
285,"(3, 19)","(3, 20)",South,"[(3, 20), (3, 18)]","[(35, 4), (33, 4), (31, 6), (27, 4), (27, 2), (25, 4), (23, 2), (17, 12), (19, 12), (21, 14), (31, 20), (33, 20), (35, 30), (33, 26), (31, 28), (29, 28), (29, 20), (28, 17), (25, 20), (21, 20), (21, 18), (17, 20), (15, 18), (17, 26), (19, 26), (22, 35), (17, 34), (15, 32), (11, 34), (11, 26), (9, 26), (3, 28), (3, 19)]","[(35, 4), (33, 4), (31, 6), (27, 4), (27, 2), (25, 4), (23, 2), (17, 12), (19, 12), (21, 14), (31, 20), (33, 20), (35, 30), (33, 26), (31, 28), (29, 28), (29, 20), (28, 17), (25, 20), (21, 20), (21, 18), (17, 20), (15, 18), (17, 26), (19, 26), (22, 35), (17, 34), (15, 32), (11, 34), (11, 26), (9, 26), (3, 28), (3, 18)]",286,182,0,182
286,"(3, 18)","(3, 19)",South,"[(3, 19), (3, 17)]","[(35, 4), (33, 4), (31, 6), (27, 4), (27, 2), (25, 4), (23, 2), (17, 12), (19, 12), (21, 14), (31, 20), (33, 20), (35, 30), (33, 26), (31, 28), (29, 28), (29, 20), (28, 17), (25, 20), (21, 20), (21, 18), (17, 20), (15, 18), (17, 26), (19, 26), (22, 35), (17, 34), (15, 32), (11, 34), (11, 26), (9, 26), (3, 28), (3, 18)]","[(35, 4), (33, 4), (31, 6), (27, 4), (27, 2), (25, 4), (23, 2), (17, 12), (19, 12), (21, 14), (31, 20), (33, 20), (35, 30), (33, 26), (31, 28), (29, 28), (29, 20), (28, 17), (25, 20), (21, 20), (21, 18), (17, 20), (15, 18), (17, 26), (19, 26), (22, 35), (17, 34), (15, 32), (11, 34), (11, 26), (9, 26), (3, 28), (3, 17)]",287,183,0,183
287,"(3, 17)","(3, 18)",South,"[(3, 18), (4, 17), (2, 17)]","[(35, 4), (33, 4), (31, 6), (27, 4), (27, 2), (25, 4), (23, 2), (17, 12), (19, 12), (21, 14), (31, 20), (33, 20), (35, 30), (33, 26), (31, 28), (29, 28), (29, 20), (28, 17), (25, 20), (21, 20), (21, 18), (17, 20), (15, 18), (17, 26), (19, 26), (22, 35), (17, 34), (15, 32), (11, 34), (11, 26), (9, 26), (3, 28), (3, 17)]","[(35, 4), (33, 4), (31, 6), (27, 4), (27, 2), (25, 4), (23, 2), (17, 12), (19, 12), (21, 14), (31, 20), (33, 20), (35, 30), (33, 26), (31, 28), (29, 28), (29, 20), (28, 17), (25, 20), (21, 20), (21, 18), (17, 20), (15, 18), (17, 26), (19, 26), (22, 35), (17, 34), (15, 32), (11, 34), (11, 26), (9, 26), (3, 28), (4, 17), (2, 17)]",288,184,0,184
288,"(2, 17)","(3, 17)",West,"[(3, 17), (1, 17)]","[(35, 4), (33, 4), (31, 6), (27, 4), (27, 2), (25, 4), (23, 2), (17, 12), (19, 12), (21, 14), (31, 20), (33, 20), (35, 30), (33, 26), (31, 28), (29, 28), (29, 20), (28, 17), (25, 20), (21, 20), (21, 18), (17, 20), (15, 18), (17, 26), (19, 26), (22, 35), (17, 34), (15, 32), (11, 34), (11, 26), (9, 26), (3, 28), (4, 17), (2, 17)]","[(35, 4), (33, 4), (31, 6), (27, 4), (27, 2), (25, 4), (23, 2), (17, 12), (19, 12), (21, 14), (31, 20), (33, 20), (35, 30), (33, 26), (31, 28), (29, 28), (29, 20), (28, 17), (25, 20), (21, 20), (21, 18), (17, 20), (15, 18), (17, 26), (19, 26), (22, 35), (17, 34), (15, 32), (11, 34), (11, 26), (9, 26), (3, 28), (4, 17), (1, 17)]",289,185,0,185
289,"(1, 17)","(2, 17)",West,"[(2, 17)]","[(35, 4), (33, 4), (31, 6), (27, 4), (27, 2), (25, 4), (23, 2), (17, 12), (19, 12), (21, 14), (31, 20), (33, 20), (35, 30), (33, 26), (31, 28), (29, 28), (29, 20), (28, 17), (25, 20), (21, 20), (21, 18), (17, 20), (15, 18), (17, 26), (19, 26), (22, 35), (17, 34), (15, 32), (11, 34), (11, 26), (9, 26), (3, 28), (4, 17), (1, 17)]","[(35, 4), (33, 4), (31, 6), (27, 4), (27, 2), (25, 4), (23, 2), (17, 12), (19, 12), (21, 14), (31, 20), (33, 20), (35, 30), (33, 26), (31, 28), (29, 28), (29, 20), (28, 17), (25, 20), (21, 20), (21, 18), (17, 20), (15, 18), (17, 26), (19, 26), (22, 35), (17, 34), (15, 32), (11, 34), (11, 26), (9, 26), (3, 28), (4, 17)]",290,186,0,186
290,"(4, 17)","(3, 17)",East,"[(5, 17), (3, 17)]","[(35, 4), (33, 4), (31, 6), (27, 4), (27, 2), (25, 4), (23, 2), (17, 12), (19, 12), (21, 14), (31, 20), (33, 20), (35, 30), (33, 26), (31, 28), (29, 28), (29, 20), (28, 17), (25, 20), (21, 20), (21, 18), (17, 20), (15, 18), (17, 26), (19, 26), (22, 35), (17, 34), (15, 32), (11, 34), (11, 26), (9, 26), (3, 28), (4, 17)]","[(35, 4), (33, 4), (31, 6), (27, 4), (27, 2), (25, 4), (23, 2), (17, 12), (19, 12), (21, 14), (31, 20), (33, 20), (35, 30), (33, 26), (31, 28), (29, 28), (29, 20), (28, 17), (25, 20), (21, 20), (21, 18), (17, 20), (15, 18), (17, 26), (19, 26), (22, 35), (17, 34), (15, 32), (11, 34), (11, 26), (9, 26), (3, 28), (5, 17)]",291,185,0,185
291,"(5, 17)","(4, 17)",East,"[(5, 16), (6, 17), (4, 17)]","[(35, 4), (33, 4), (31, 6), (27, 4), (27, 2), (25, 4), (23, 2), (17, 12), (19, 12), (21, 14), (31, 20), (33, 20), (35, 30), (33, 26), (31, 28), (29, 28), (29, 20), (28, 17), (25, 20), (21, 20), (21, 18), (17, 20), (15, 18), (17, 26), (19, 26), (22, 35), (17, 34), (15, 32), (11, 34), (11, 26), (9, 26), (3, 28), (5, 17)]","[(35, 4), (33, 4), (31, 6), (27, 4), (27, 2), (25, 4), (23, 2), (17, 12), (19, 12), (21, 14), (31, 20), (33, 20), (35, 30), (33, 26), (31, 28), (29, 28), (29, 20), (28, 17), (25, 20), (21, 20), (21, 18), (17, 20), (15, 18), (17, 26), (19, 26), (22, 35), (17, 34), (15, 32), (11, 34), (11, 26), (9, 26), (3, 28), (5, 16), (6, 17)]",292,186,0,186
292,"(6, 17)","(5, 17)",East,"[(7, 17), (5, 17)]","[(35, 4), (33, 4), (31, 6), (27, 4), (27, 2), (25, 4), (23, 2), (17, 12), (19, 12), (21, 14), (31, 20), (33, 20), (35, 30), (33, 26), (31, 28), (29, 28), (29, 20), (28, 17), (25, 20), (21, 20), (21, 18), (17, 20), (15, 18), (17, 26), (19, 26), (22, 35), (17, 34), (15, 32), (11, 34), (11, 26), (9, 26), (3, 28), (5, 16), (6, 17)]","[(35, 4), (33, 4), (31, 6), (27, 4), (27, 2), (25, 4), (23, 2), (17, 12), (19, 12), (21, 14), (31, 20), (33, 20), (35, 30), (33, 26), (31, 28), (29, 28), (29, 20), (28, 17), (25, 20), (21, 20), (21, 18), (17, 20), (15, 18), (17, 26), (19, 26), (22, 35), (17, 34), (15, 32), (11, 34), (11, 26), (9, 26), (3, 28), (5, 16), (7, 17)]",293,187,0,187
293,"(7, 17)","(6, 17)",East,"[(7, 16), (6, 17)]","[(35, 4), (33, 4), (31, 6), (27, 4), (27, 2), (25, 4), (23, 2), (17, 12), (19, 12), (21, 14), (31, 20), (33, 20), (35, 30), (33, 26), (31, 28), (29, 28), (29, 20), (28, 17), (25, 20), (21, 20), (21, 18), (17, 20), (15, 18), (17, 26), (19, 26), (22, 35), (17, 34), (15, 32), (11, 34), (11, 26), (9, 26), (3, 28), (5, 16), (7, 17)]","[(35, 4), (33, 4), (31, 6), (27, 4), (27, 2), (25, 4), (23, 2), (17, 12), (19, 12), (21, 14), (31, 20), (33, 20), (35, 30), (33, 26), (31, 28), (29, 28), (29, 20), (28, 17), (25, 20), (21, 20), (21, 18), (17, 20), (15, 18), (17, 26), (19, 26), (22, 35), (17, 34), (15, 32), (11, 34), (11, 26), (9, 26), (3, 28), (5, 16), (7, 16)]",294,188,0,188
294,"(7, 16)","(7, 17)",South,"[(7, 17), (7, 15)]","[(35, 4), (33, 4), (31, 6), (27, 4), (27, 2), (25, 4), (23, 2), (17, 12), (19, 12), (21, 14), (31, 20), (33, 20), (35, 30), (33, 26), (31, 28), (29, 28), (29, 20), (28, 17), (25, 20), (21, 20), (21, 18), (17, 20), (15, 18), (17, 26), (19, 26), (22, 35), (17, 34), (15, 32), (11, 34), (11, 26), (9, 26), (3, 28), (5, 16), (7, 16)]","[(35, 4), (33, 4), (31, 6), (27, 4), (27, 2), (25, 4), (23, 2), (17, 12), (19, 12), (21, 14), (31, 20), (33, 20), (35, 30), (33, 26), (31, 28), (29, 28), (29, 20), (28, 17), (25, 20), (21, 20), (21, 18), (17, 20), (15, 18), (17, 26), (19, 26), (22, 35), (17, 34), (15, 32), (11, 34), (11, 26), (9, 26), (3, 28), (5, 16), (7, 15)]",295,189,0,189
295,"(7, 15)","(7, 16)",South,"[(7, 16), (8, 15)]","[(35, 4), (33, 4), (31, 6), (27, 4), (27, 2), (25, 4), (23, 2), (17, 12), (19, 12), (21, 14), (31, 20), (33, 20), (35, 30), (33, 26), (31, 28), (29, 28), (29, 20), (28, 17), (25, 20), (21, 20), (21, 18), (17, 20), (15, 18), (17, 26), (19, 26), (22, 35), (17, 34), (15, 32), (11, 34), (11, 26), (9, 26), (3, 28), (5, 16), (7, 15)]","[(35, 4), (33, 4), (31, 6), (27, 4), (27, 2), (25, 4), (23, 2), (17, 12), (19, 12), (21, 14), (31, 20), (33, 20), (35, 30), (33, 26), (31, 28), (29, 28), (29, 20), (28, 17), (25, 20), (21, 20), (21, 18), (17, 20), (15, 18), (17, 26), (19, 26), (22, 35), (17, 34), (15, 32), (11, 34), (11, 26), (9, 26), (3, 28), (5, 16), (8, 15)]",296,190,0,190
296,"(8, 15)","(7, 15)",East,"[(9, 15), (7, 15)]","[(35, 4), (33, 4), (31, 6), (27, 4), (27, 2), (25, 4), (23, 2), (17, 12), (19, 12), (21, 14), (31, 20), (33, 20), (35, 30), (33, 26), (31, 28), (29, 28), (29, 20), (28, 17), (25, 20), (21, 20), (21, 18), (17, 20), (15, 18), (17, 26), (19, 26), (22, 35), (17, 34), (15, 32), (11, 34), (11, 26), (9, 26), (3, 28), (5, 16), (8, 15)]","[(35, 4), (33, 4), (31, 6), (27, 4), (27, 2), (25, 4), (23, 2), (17, 12), (19, 12), (21, 14), (31, 20), (33, 20), (35, 30), (33, 26), (31, 28), (29, 28), (29, 20), (28, 17), (25, 20), (21, 20), (21, 18), (17, 20), (15, 18), (17, 26), (19, 26), (22, 35), (17, 34), (15, 32), (11, 34), (11, 26), (9, 26), (3, 28), (5, 16), (9, 15)]",297,191,0,191
297,"(9, 15)","(8, 15)",East,"[(9, 16), (10, 15), (8, 15)]","[(35, 4), (33, 4), (31, 6), (27, 4), (27, 2), (25, 4), (23, 2), (17, 12), (19, 12), (21, 14), (31, 20), (33, 20), (35, 30), (33, 26), (31, 28), (29, 28), (29, 20), (28, 17), (25, 20), (21, 20), (21, 18), (17, 20), (15, 18), (17, 26), (19, 26), (22, 35), (17, 34), (15, 32), (11, 34), (11, 26), (9, 26), (3, 28), (5, 16), (9, 15)]","[(35, 4), (33, 4), (31, 6), (27, 4), (27, 2), (25, 4), (23, 2), (17, 12), (19, 12), (21, 14), (31, 20), (33, 20), (35, 30), (33, 26), (31, 28), (29, 28), (29, 20), (28, 17), (25, 20), (21, 20), (21, 18), (17, 20), (15, 18), (17, 26), (19, 26), (22, 35), (17, 34), (15, 32), (11, 34), (11, 26), (9, 26), (3, 28), (5, 16), (9, 16), (10, 15)]",298,192,0,192
298,"(10, 15)","(9, 15)",East,"[(11, 15), (9, 15)]","[(35, 4), (33, 4), (31, 6), (27, 4), (27, 2), (25, 4), (23, 2), (17, 12), (19, 12), (21, 14), (31, 20), (33, 20), (35, 30), (33, 26), (31, 28), (29, 28), (29, 20), (28, 17), (25, 20), (21, 20), (21, 18), (17, 20), (15, 18), (17, 26), (19, 26), (22, 35), (17, 34), (15, 32), (11, 34), (11, 26), (9, 26), (3, 28), (5, 16), (9, 16), (10, 15)]","[(35, 4), (33, 4), (31, 6), (27, 4), (27, 2), (25, 4), (23, 2), (17, 12), (19, 12), (21, 14), (31, 20), (33, 20), (35, 30), (33, 26), (31, 28), (29, 28), (29, 20), (28, 17), (25, 20), (21, 20), (21, 18), (17, 20), (15, 18), (17, 26), (19, 26), (22, 35), (17, 34), (15, 32), (11, 34), (11, 26), (9, 26), (3, 28), (5, 16), (9, 16), (11, 15)]",299,193,0,193
299,"(11, 15)","(10, 15)",East,"[(11, 14), (12, 15), (10, 15)]","[(35, 4), (33, 4), (31, 6), (27, 4), (27, 2), (25, 4), (23, 2), (17, 12), (19, 12), (21, 14), (31, 20), (33, 20), (35, 30), (33, 26), (31, 28), (29, 28), (29, 20), (28, 17), (25, 20), (21, 20), (21, 18), (17, 20), (15, 18), (17, 26), (19, 26), (22, 35), (17, 34), (15, 32), (11, 34), (11, 26), (9, 26), (3, 28), (5, 16), (9, 16), (11, 15)]","[(35, 4), (33, 4), (31, 6), (27, 4), (27, 2), (25, 4), (23, 2), (17, 12), (19, 12), (21, 14), (31, 20), (33, 20), (35, 30), (33, 26), (31, 28), (29, 28), (29, 20), (28, 17), (25, 20), (21, 20), (21, 18), (17, 20), (15, 18), (17, 26), (19, 26), (22, 35), (17, 34), (15, 32), (11, 34), (11, 26), (9, 26), (3, 28), (5, 16), (9, 16), (11, 14), (12, 15)]",300,194,0,194
300,"(12, 15)","(11, 15)",East,"[(13, 15), (11, 15)]","[(35, 4), (33, 4), (31, 6), (27, 4), (27, 2), (25, 4), (23, 2), (17, 12), (19, 12), (21, 14), (31, 20), (33, 20), (35, 30), (33, 26), (31, 28), (29, 28), (29, 20), (28, 17), (25, 20), (21, 20), (21, 18), (17, 20), (15, 18), (17, 26), (19, 26), (22, 35), (17, 34), (15, 32), (11, 34), (11, 26), (9, 26), (3, 28), (5, 16), (9, 16), (11, 14), (12, 15)]","[(35, 4), (33, 4), (31, 6), (27, 4), (27, 2), (25, 4), (23, 2), (17, 12), (19, 12), (21, 14), (31, 20), (33, 20), (35, 30), (33, 26), (31, 28), (29, 28), (29, 20), (28, 17), (25, 20), (21, 20), (21, 18), (17, 20), (15, 18), (17, 26), (19, 26), (22, 35), (17, 34), (15, 32), (11, 34), (11, 26), (9, 26), (3, 28), (5, 16), (9, 16), (11, 14), (13, 15)]",301,195,0,195
301,"(13, 15)","(12, 15)",East,"[(14, 15), (12, 15)]","[(35, 4), (33, 4), (31, 6), (27, 4), (27, 2), (25, 4), (23, 2), (17, 12), (19, 12), (21, 14), (31, 20), (33, 20), (35, 30), (33, 26), (31, 28), (29, 28), (29, 20), (28, 17), (25, 20), (21, 20), (21, 18), (17, 20), (15, 18), (17, 26), (19, 26), (22, 35), (17, 34), (15, 32), (11, 34), (11, 26), (9, 26), (3, 28), (5, 16), (9, 16), (11, 14), (13, 15)]","[(35, 4), (33, 4), (31, 6), (27, 4), (27, 2), (25, 4), (23, 2), (17, 12), (19, 12), (21, 14), (31, 20), (33, 20), (35, 30), (33, 26), (31, 28), (29, 28), (29, 20), (28, 17), (25, 20), (21, 20), (21, 18), (17, 20), (15, 18), (17, 26), (19, 26), (22, 35), (17, 34), (15, 32), (11, 34), (11, 26), (9, 26), (3, 28), (5, 16), (9, 16), (11, 14), (14, 15)]",302,196,0,196
302,"(14, 15)","(13, 15)",East,"[(15, 15), (13, 15)]","[(35, 4), (33, 4), (31, 6), (27, 4), (27, 2), (25, 4), (23, 2), (17, 12), (19, 12), (21, 14), (31, 20), (33, 20), (35, 30), (33, 26), (31, 28), (29, 28), (29, 20), (28, 17), (25, 20), (21, 20), (21, 18), (17, 20), (15, 18), (17, 26), (19, 26), (22, 35), (17, 34), (15, 32), (11, 34), (11, 26), (9, 26), (3, 28), (5, 16), (9, 16), (11, 14), (14, 15)]","[(35, 4), (33, 4), (31, 6), (27, 4), (27, 2), (25, 4), (23, 2), (17, 12), (19, 12), (21, 14), (31, 20), (33, 20), (35, 30), (33, 26), (31, 28), (29, 28), (29, 20), (28, 17), (25, 20), (21, 20), (21, 18), (17, 20), (15, 18), (17, 26), (19, 26), (22, 35), (17, 34), (15, 32), (11, 34), (11, 26), (9, 26), (3, 28), (5, 16), (9, 16), (11, 14), (15, 15)]",303,197,0,197
303,"(15, 15)","(14, 15)",East,"[(16, 15), (14, 15)]","[(35, 4), (33, 4), (31, 6), (27, 4), (27, 2), (25, 4), (23, 2), (17, 12), (19, 12), (21, 14), (31, 20), (33, 20), (35, 30), (33, 26), (31, 28), (29, 28), (29, 20), (28, 17), (25, 20), (21, 20), (21, 18), (17, 20), (15, 18), (17, 26), (19, 26), (22, 35), (17, 34), (15, 32), (11, 34), (11, 26), (9, 26), (3, 28), (5, 16), (9, 16), (11, 14), (15, 15)]","[(35, 4), (33, 4), (31, 6), (27, 4), (27, 2), (25, 4), (23, 2), (17, 12), (19, 12), (21, 14), (31, 20), (33, 20), (35, 30), (33, 26), (31, 28), (29, 28), (29, 20), (28, 17), (25, 20), (21, 20), (21, 18), (17, 20), (15, 18), (17, 26), (19, 26), (22, 35), (17, 34), (15, 32), (11, 34), (11, 26), (9, 26), (3, 28), (5, 16), (9, 16), (11, 14), (16, 15)]",304,198,0,198
304,"(16, 15)","(15, 15)",East,"[(17, 15), (15, 15)]","[(35, 4), (33, 4), (31, 6), (27, 4), (27, 2), (25, 4), (23, 2), (17, 12), (19, 12), (21, 14), (31, 20), (33, 20), (35, 30), (33, 26), (31, 28), (29, 28), (29, 20), (28, 17), (25, 20), (21, 20), (21, 18), (17, 20), (15, 18), (17, 26), (19, 26), (22, 35), (17, 34), (15, 32), (11, 34), (11, 26), (9, 26), (3, 28), (5, 16), (9, 16), (11, 14), (16, 15)]","[(35, 4), (33, 4), (31, 6), (27, 4), (27, 2), (25, 4), (23, 2), (17, 12), (19, 12), (21, 14), (31, 20), (33, 20), (35, 30), (33, 26), (31, 28), (29, 28), (29, 20), (28, 17), (25, 20), (21, 20), (21, 18), (17, 20), (15, 18), (17, 26), (19, 26), (22, 35), (17, 34), (15, 32), (11, 34), (11, 26), (9, 26), (3, 28), (5, 16), (9, 16), (11, 14), (17, 15)]",305,199,0,199
305,"(17, 15)","(16, 15)",East,"[(16, 15)]","[(35, 4), (33, 4), (31, 6), (27, 4), (27, 2), (25, 4), (23, 2), (17, 12), (19, 12), (21, 14), (31, 20), (33, 20), (35, 30), (33, 26), (31, 28), (29, 28), (29, 20), (28, 17), (25, 20), (21, 20), (21, 18), (17, 20), (15, 18), (17, 26), (19, 26), (22, 35), (17, 34), (15, 32), (11, 34), (11, 26), (9, 26), (3, 28), (5, 16), (9, 16), (11, 14), (17, 15)]","[(35, 4), (33, 4), (31, 6), (27, 4), (27, 2), (25, 4), (23, 2), (17, 12), (19, 12), (21, 14), (31, 20), (33, 20), (35, 30), (33, 26), (31, 28), (29, 28), (29, 20), (28, 17), (25, 20), (21, 20), (21, 18), (17, 20), (15, 18), (17, 26), (19, 26), (22, 35), (17, 34), (15, 32), (11, 34), (11, 26), (9, 26), (3, 28), (5, 16), (9, 16), (11, 14)]",306,200,0,200
306,"(11, 14)","(11, 15)",South,"[(11, 15), (11, 13)]","[(35, 4), (33, 4), (31, 6), (27, 4), (27, 2), (25, 4), (23, 2), (17, 12), (19, 12), (21, 14), (31, 20), (33, 20), (35, 30), (33, 26), (31, 28), (29, 28), (29, 20), (28, 17), (25, 20), (21, 20), (21, 18), (17, 20), (15, 18), (17, 26), (19, 26), (22, 35), (17, 34), (15, 32), (11, 34), (11, 26), (9, 26), (3, 28), (5, 16), (9, 16), (11, 14)]","[(35, 4), (33, 4), (31, 6), (27, 4), (27, 2), (25, 4), (23, 2), (17, 12), (19, 12), (21, 14), (31, 20), (33, 20), (35, 30), (33, 26), (31, 28), (29, 28), (29, 20), (28, 17), (25, 20), (21, 20), (21, 18), (17, 20), (15, 18), (17, 26), (19, 26), (22, 35), (17, 34), (15, 32), (11, 34), (11, 26), (9, 26), (3, 28), (5, 16), (9, 16), (11, 13)]",307,195,0,195
307,"(11, 13)","(11, 14)",South,"[(11, 14), (11, 12), (12, 13), (10, 13)]","[(35, 4), (33, 4), (31, 6), (27, 4), (27, 2), (25, 4), (23, 2), (17, 12), (19, 12), (21, 14), (31, 20), (33, 20), (35, 30), (33, 26), (31, 28), (29, 28), (29, 20), (28, 17), (25, 20), (21, 20), (21, 18), (17, 20), (15, 18), (17, 26), (19, 26), (22, 35), (17, 34), (15, 32), (11, 34), (11, 26), (9, 26), (3, 28), (5, 16), (9, 16), (11, 13)]","[(35, 4), (33, 4), (31, 6), (27, 4), (27, 2), (25, 4), (23, 2), (17, 12), (19, 12), (21, 14), (31, 20), (33, 20), (35, 30), (33, 26), (31, 28), (29, 28), (29, 20), (28, 17), (25, 20), (21, 20), (21, 18), (17, 20), (15, 18), (17, 26), (19, 26), (22, 35), (17, 34), (15, 32), (11, 34), (11, 26), (9, 26), (3, 28), (5, 16), (9, 16), (11, 12), (12, 13), (10, 13)]",308,196,0,196
308,"(10, 13)","(11, 13)",West,"[(11, 13), (9, 13)]","[(35, 4), (33, 4), (31, 6), (27, 4), (27, 2), (25, 4), (23, 2), (17, 12), (19, 12), (21, 14), (31, 20), (33, 20), (35, 30), (33, 26), (31, 28), (29, 28), (29, 20), (28, 17), (25, 20), (21, 20), (21, 18), (17, 20), (15, 18), (17, 26), (19, 26), (22, 35), (17, 34), (15, 32), (11, 34), (11, 26), (9, 26), (3, 28), (5, 16), (9, 16), (11, 12), (12, 13), (10, 13)]","[(35, 4), (33, 4), (31, 6), (27, 4), (27, 2), (25, 4), (23, 2), (17, 12), (19, 12), (21, 14), (31, 20), (33, 20), (35, 30), (33, 26), (31, 28), (29, 28), (29, 20), (28, 17), (25, 20), (21, 20), (21, 18), (17, 20), (15, 18), (17, 26), (19, 26), (22, 35), (17, 34), (15, 32), (11, 34), (11, 26), (9, 26), (3, 28), (5, 16), (9, 16), (11, 12), (12, 13), (9, 13)]",309,197,0,197
309,"(9, 13)","(10, 13)",West,"[(10, 13), (8, 13)]","[(35, 4), (33, 4), (31, 6), (27, 4), (27, 2), (25, 4), (23, 2), (17, 12), (19, 12), (21, 14), (31, 20), (33, 20), (35, 30), (33, 26), (31, 28), (29, 28), (29, 20), (28, 17), (25, 20), (21, 20), (21, 18), (17, 20), (15, 18), (17, 26), (19, 26), (22, 35), (17, 34), (15, 32), (11, 34), (11, 26), (9, 26), (3, 28), (5, 16), (9, 16), (11, 12), (12, 13), (9, 13)]","[(35, 4), (33, 4), (31, 6), (27, 4), (27, 2), (25, 4), (23, 2), (17, 12), (19, 12), (21, 14), (31, 20), (33, 20), (35, 30), (33, 26), (31, 28), (29, 28), (29, 20), (28, 17), (25, 20), (21, 20), (21, 18), (17, 20), (15, 18), (17, 26), (19, 26), (22, 35), (17, 34), (15, 32), (11, 34), (11, 26), (9, 26), (3, 28), (5, 16), (9, 16), (11, 12), (12, 13), (8, 13)]",310,198,0,198
310,"(8, 13)","(9, 13)",West,"[(9, 13), (7, 13)]","[(35, 4), (33, 4), (31, 6), (27, 4), (27, 2), (25, 4), (23, 2), (17, 12), (19, 12), (21, 14), (31, 20), (33, 20), (35, 30), (33, 26), (31, 28), (29, 28), (29, 20), (28, 17), (25, 20), (21, 20), (21, 18), (17, 20), (15, 18), (17, 26), (19, 26), (22, 35), (17, 34), (15, 32), (11, 34), (11, 26), (9, 26), (3, 28), (5, 16), (9, 16), (11, 12), (12, 13), (8, 13)]","[(35, 4), (33, 4), (31, 6), (27, 4), (27, 2), (25, 4), (23, 2), (17, 12), (19, 12), (21, 14), (31, 20), (33, 20), (35, 30), (33, 26), (31, 28), (29, 28), (29, 20), (28, 17), (25, 20), (21, 20), (21, 18), (17, 20), (15, 18), (17, 26), (19, 26), (22, 35), (17, 34), (15, 32), (11, 34), (11, 26), (9, 26), (3, 28), (5, 16), (9, 16), (11, 12), (12, 13), (7, 13)]",311,199,0,199
311,"(7, 13)","(8, 13)",West,"[(8, 13)]","[(35, 4), (33, 4), (31, 6), (27, 4), (27, 2), (25, 4), (23, 2), (17, 12), (19, 12), (21, 14), (31, 20), (33, 20), (35, 30), (33, 26), (31, 28), (29, 28), (29, 20), (28, 17), (25, 20), (21, 20), (21, 18), (17, 20), (15, 18), (17, 26), (19, 26), (22, 35), (17, 34), (15, 32), (11, 34), (11, 26), (9, 26), (3, 28), (5, 16), (9, 16), (11, 12), (12, 13), (7, 13)]","[(35, 4), (33, 4), (31, 6), (27, 4), (27, 2), (25, 4), (23, 2), (17, 12), (19, 12), (21, 14), (31, 20), (33, 20), (35, 30), (33, 26), (31, 28), (29, 28), (29, 20), (28, 17), (25, 20), (21, 20), (21, 18), (17, 20), (15, 18), (17, 26), (19, 26), (22, 35), (17, 34), (15, 32), (11, 34), (11, 26), (9, 26), (3, 28), (5, 16), (9, 16), (11, 12), (12, 13)]",312,200,0,200
312,"(12, 13)","(11, 13)",East,"[(11, 13)]","[(35, 4), (33, 4), (31, 6), (27, 4), (27, 2), (25, 4), (23, 2), (17, 12), (19, 12), (21, 14), (31, 20), (33, 20), (35, 30), (33, 26), (31, 28), (29, 28), (29, 20), (28, 17), (25, 20), (21, 20), (21, 18), (17, 20), (15, 18), (17, 26), (19, 26), (22, 35), (17, 34), (15, 32), (11, 34), (11, 26), (9, 26), (3, 28), (5, 16), (9, 16), (11, 12), (12, 13)]","[(35, 4), (33, 4), (31, 6), (27, 4), (27, 2), (25, 4), (23, 2), (17, 12), (19, 12), (21, 14), (31, 20), (33, 20), (35, 30), (33, 26), (31, 28), (29, 28), (29, 20), (28, 17), (25, 20), (21, 20), (21, 18), (17, 20), (15, 18), (17, 26), (19, 26), (22, 35), (17, 34), (15, 32), (11, 34), (11, 26), (9, 26), (3, 28), (5, 16), (9, 16), (11, 12)]",313,197,0,197
313,"(11, 12)","(11, 13)",South,"[(11, 13), (11, 11)]","[(35, 4), (33, 4), (31, 6), (27, 4), (27, 2), (25, 4), (23, 2), (17, 12), (19, 12), (21, 14), (31, 20), (33, 20), (35, 30), (33, 26), (31, 28), (29, 28), (29, 20), (28, 17), (25, 20), (21, 20), (21, 18), (17, 20), (15, 18), (17, 26), (19, 26), (22, 35), (17, 34), (15, 32), (11, 34), (11, 26), (9, 26), (3, 28), (5, 16), (9, 16), (11, 12)]","[(35, 4), (33, 4), (31, 6), (27, 4), (27, 2), (25, 4), (23, 2), (17, 12), (19, 12), (21, 14), (31, 20), (33, 20), (35, 30), (33, 26), (31, 28), (29, 28), (29, 20), (28, 17), (25, 20), (21, 20), (21, 18), (17, 20), (15, 18), (17, 26), (19, 26), (22, 35), (17, 34), (15, 32), (11, 34), (11, 26), (9, 26), (3, 28), (5, 16), (9, 16), (11, 11)]",314,197,0,197
314,"(11, 11)","(11, 12)",South,"[(11, 12), (11, 10), (12, 11), (10, 11)]","[(35, 4), (33, 4), (31, 6), (27, 4), (27, 2), (25, 4), (23, 2), (17, 12), (19, 12), (21, 14), (31, 20), (33, 20), (35, 30), (33, 26), (31, 28), (29, 28), (29, 20), (28, 17), (25, 20), (21, 20), (21, 18), (17, 20), (15, 18), (17, 26), (19, 26), (22, 35), (17, 34), (15, 32), (11, 34), (11, 26), (9, 26), (3, 28), (5, 16), (9, 16), (11, 11)]","[(35, 4), (33, 4), (31, 6), (27, 4), (27, 2), (25, 4), (23, 2), (17, 12), (19, 12), (21, 14), (31, 20), (33, 20), (35, 30), (33, 26), (31, 28), (29, 28), (29, 20), (28, 17), (25, 20), (21, 20), (21, 18), (17, 20), (15, 18), (17, 26), (19, 26), (22, 35), (17, 34), (15, 32), (11, 34), (11, 26), (9, 26), (3, 28), (5, 16), (9, 16), (11, 10), (12, 11), (10, 11)]",315,198,0,198
315,"(10, 11)","(11, 11)",West,"[(11, 11), (9, 11)]","[(35, 4), (33, 4), (31, 6), (27, 4), (27, 2), (25, 4), (23, 2), (17, 12), (19, 12), (21, 14), (31, 20), (33, 20), (35, 30), (33, 26), (31, 28), (29, 28), (29, 20), (28, 17), (25, 20), (21, 20), (21, 18), (17, 20), (15, 18), (17, 26), (19, 26), (22, 35), (17, 34), (15, 32), (11, 34), (11, 26), (9, 26), (3, 28), (5, 16), (9, 16), (11, 10), (12, 11), (10, 11)]","[(35, 4), (33, 4), (31, 6), (27, 4), (27, 2), (25, 4), (23, 2), (17, 12), (19, 12), (21, 14), (31, 20), (33, 20), (35, 30), (33, 26), (31, 28), (29, 28), (29, 20), (28, 17), (25, 20), (21, 20), (21, 18), (17, 20), (15, 18), (17, 26), (19, 26), (22, 35), (17, 34), (15, 32), (11, 34), (11, 26), (9, 26), (3, 28), (5, 16), (9, 16), (11, 10), (12, 11), (9, 11)]",316,199,0,199
316,"(9, 11)","(10, 11)",West,"[(10, 11)]","[(35, 4), (33, 4), (31, 6), (27, 4), (27, 2), (25, 4), (23, 2), (17, 12), (19, 12), (21, 14), (31, 20), (33, 20), (35, 30), (33, 26), (31, 28), (29, 28), (29, 20), (28, 17), (25, 20), (21, 20), (21, 18), (17, 20), (15, 18), (17, 26), (19, 26), (22, 35), (17, 34), (15, 32), (11, 34), (11, 26), (9, 26), (3, 28), (5, 16), (9, 16), (11, 10), (12, 11), (9, 11)]","[(35, 4), (33, 4), (31, 6), (27, 4), (27, 2), (25, 4), (23, 2), (17, 12), (19, 12), (21, 14), (31, 20), (33, 20), (35, 30), (33, 26), (31, 28), (29, 28), (29, 20), (28, 17), (25, 20), (21, 20), (21, 18), (17, 20), (15, 18), (17, 26), (19, 26), (22, 35), (17, 34), (15, 32), (11, 34), (11, 26), (9, 26), (3, 28), (5, 16), (9, 16), (11, 10), (12, 11)]",317,200,0,200
317,"(12, 11)","(11, 11)",East,"[(13, 11), (11, 11)]","[(35, 4), (33, 4), (31, 6), (27, 4), (27, 2), (25, 4), (23, 2), (17, 12), (19, 12), (21, 14), (31, 20), (33, 20), (35, 30), (33, 26), (31, 28), (29, 28), (29, 20), (28, 17), (25, 20), (21, 20), (21, 18), (17, 20), (15, 18), (17, 26), (19, 26), (22, 35), (17, 34), (15, 32), (11, 34), (11, 26), (9, 26), (3, 28), (5, 16), (9, 16), (11, 10), (12, 11)]","[(35, 4), (33, 4), (31, 6), (27, 4), (27, 2), (25, 4), (23, 2), (17, 12), (19, 12), (21, 14), (31, 20), (33, 20), (35, 30), (33, 26), (31, 28), (29, 28), (29, 20), (28, 17), (25, 20), (21, 20), (21, 18), (17, 20), (15, 18), (17, 26), (19, 26), (22, 35), (17, 34), (15, 32), (11, 34), (11, 26), (9, 26), (3, 28), (5, 16), (9, 16), (11, 10), (13, 11)]",318,199,0,199
318,"(13, 11)","(12, 11)",East,"[(13, 10), (12, 11)]","[(35, 4), (33, 4), (31, 6), (27, 4), (27, 2), (25, 4), (23, 2), (17, 12), (19, 12), (21, 14), (31, 20), (33, 20), (35, 30), (33, 26), (31, 28), (29, 28), (29, 20), (28, 17), (25, 20), (21, 20), (21, 18), (17, 20), (15, 18), (17, 26), (19, 26), (22, 35), (17, 34), (15, 32), (11, 34), (11, 26), (9, 26), (3, 28), (5, 16), (9, 16), (11, 10), (13, 11)]","[(35, 4), (33, 4), (31, 6), (27, 4), (27, 2), (25, 4), (23, 2), (17, 12), (19, 12), (21, 14), (31, 20), (33, 20), (35, 30), (33, 26), (31, 28), (29, 28), (29, 20), (28, 17), (25, 20), (21, 20), (21, 18), (17, 20), (15, 18), (17, 26), (19, 26), (22, 35), (17, 34), (15, 32), (11, 34), (11, 26), (9, 26), (3, 28), (5, 16), (9, 16), (11, 10), (13, 10)]",319,200,0,200
319,"(13, 10)","(13, 11)",South,"[(13, 11), (13, 9)]","[(35, 4), (33, 4), (31, 6), (27, 4), (27, 2), (25, 4), (23, 2), (17, 12), (19, 12), (21, 14), (31, 20), (33, 20), (35, 30), (33, 26), (31, 28), (29, 28), (29, 20), (28, 17), (25, 20), (21, 20), (21, 18), (17, 20), (15, 18), (17, 26), (19, 26), (22, 35), (17, 34), (15, 32), (11, 34), (11, 26), (9, 26), (3, 28), (5, 16), (9, 16), (11, 10), (13, 10)]","[(35, 4), (33, 4), (31, 6), (27, 4), (27, 2), (25, 4), (23, 2), (17, 12), (19, 12), (21, 14), (31, 20), (33, 20), (35, 30), (33, 26), (31, 28), (29, 28), (29, 20), (28, 17), (25, 20), (21, 20), (21, 18), (17, 20), (15, 18), (17, 26), (19, 26), (22, 35), (17, 34), (15, 32), (11, 34), (11, 26), (9, 26), (3, 28), (5, 16), (9, 16), (11, 10), (13, 9)]",320,201,0,201
320,"(13, 9)","(13, 10)",South,"[(13, 10)]","[(35, 4), (33, 4), (31, 6), (27, 4), (27, 2), (25, 4), (23, 2), (17, 12), (19, 12), (21, 14), (31, 20), (33, 20), (35, 30), (33, 26), (31, 28), (29, 28), (29, 20), (28, 17), (25, 20), (21, 20), (21, 18), (17, 20), (15, 18), (17, 26), (19, 26), (22, 35), (17, 34), (15, 32), (11, 34), (11, 26), (9, 26), (3, 28), (5, 16), (9, 16), (11, 10), (13, 9)]","[(35, 4), (33, 4), (31, 6), (27, 4), (27, 2), (25, 4), (23, 2), (17, 12), (19, 12), (21, 14), (31, 20), (33, 20), (35, 30), (33, 26), (31, 28), (29, 28), (29, 20), (28, 17), (25, 20), (21, 20), (21, 18), (17, 20), (15, 18), (17, 26), (19, 26), (22, 35), (17, 34), (15, 32), (11, 34), (11, 26), (9, 26), (3, 28), (5, 16), (9, 16), (11, 10)]",321,202,0,202
321,"(11, 10)","(11, 11)",South,"[(11, 11), (11, 9)]","[(35, 4), (33, 4), (31, 6), (27, 4), (27, 2), (25, 4), (23, 2), (17, 12), (19, 12), (21, 14), (31, 20), (33, 20), (35, 30), (33, 26), (31, 28), (29, 28), (29, 20), (28, 17), (25, 20), (21, 20), (21, 18), (17, 20), (15, 18), (17, 26), (19, 26), (22, 35), (17, 34), (15, 32), (11, 34), (11, 26), (9, 26), (3, 28), (5, 16), (9, 16), (11, 10)]","[(35, 4), (33, 4), (31, 6), (27, 4), (27, 2), (25, 4), (23, 2), (17, 12), (19, 12), (21, 14), (31, 20), (33, 20), (35, 30), (33, 26), (31, 28), (29, 28), (29, 20), (28, 17), (25, 20), (21, 20), (21, 18), (17, 20), (15, 18), (17, 26), (19, 26), (22, 35), (17, 34), (15, 32), (11, 34), (11, 26), (9, 26), (3, 28), (5, 16), (9, 16), (11, 9)]",322,199,0,199
322,"(11, 9)","(11, 10)",South,"[(11, 10), (10, 9)]","[(35, 4), (33, 4), (31, 6), (27, 4), (27, 2), (25, 4), (23, 2), (17, 12), (19, 12), (21, 14), (31, 20), (33, 20), (35, 30), (33, 26), (31, 28), (29, 28), (29, 20), (28, 17), (25, 20), (21, 20), (21, 18), (17, 20), (15, 18), (17, 26), (19, 26), (22, 35), (17, 34), (15, 32), (11, 34), (11, 26), (9, 26), (3, 28), (5, 16), (9, 16), (11, 9)]","[(35, 4), (33, 4), (31, 6), (27, 4), (27, 2), (25, 4), (23, 2), (17, 12), (19, 12), (21, 14), (31, 20), (33, 20), (35, 30), (33, 26), (31, 28), (29, 28), (29, 20), (28, 17), (25, 20), (21, 20), (21, 18), (17, 20), (15, 18), (17, 26), (19, 26), (22, 35), (17, 34), (15, 32), (11, 34), (11, 26), (9, 26), (3, 28), (5, 16), (9, 16), (10, 9)]",323,200,0,200
323,"(10, 9)","(11, 9)",West,"[(11, 9), (9, 9)]","[(35, 4), (33, 4), (31, 6), (27, 4), (27, 2), (25, 4), (23, 2), (17, 12), (19, 12), (21, 14), (31, 20), (33, 20), (35, 30), (33, 26), (31, 28), (29, 28), (29, 20), (28, 17), (25, 20), (21, 20), (21, 18), (17, 20), (15, 18), (17, 26), (19, 26), (22, 35), (17, 34), (15, 32), (11, 34), (11, 26), (9, 26), (3, 28), (5, 16), (9, 16), (10, 9)]","[(35, 4), (33, 4), (31, 6), (27, 4), (27, 2), (25, 4), (23, 2), (17, 12), (19, 12), (21, 14), (31, 20), (33, 20), (35, 30), (33, 26), (31, 28), (29, 28), (29, 20), (28, 17), (25, 20), (21, 20), (21, 18), (17, 20), (15, 18), (17, 26), (19, 26), (22, 35), (17, 34), (15, 32), (11, 34), (11, 26), (9, 26), (3, 28), (5, 16), (9, 16), (9, 9)]",324,201,0,201
324,"(9, 9)","(10, 9)",West,"[(9, 8), (10, 9)]","[(35, 4), (33, 4), (31, 6), (27, 4), (27, 2), (25, 4), (23, 2), (17, 12), (19, 12), (21, 14), (31, 20), (33, 20), (35, 30), (33, 26), (31, 28), (29, 28), (29, 20), (28, 17), (25, 20), (21, 20), (21, 18), (17, 20), (15, 18), (17, 26), (19, 26), (22, 35), (17, 34), (15, 32), (11, 34), (11, 26), (9, 26), (3, 28), (5, 16), (9, 16), (9, 9)]","[(35, 4), (33, 4), (31, 6), (27, 4), (27, 2), (25, 4), (23, 2), (17, 12), (19, 12), (21, 14), (31, 20), (33, 20), (35, 30), (33, 26), (31, 28), (29, 28), (29, 20), (28, 17), (25, 20), (21, 20), (21, 18), (17, 20), (15, 18), (17, 26), (19, 26), (22, 35), (17, 34), (15, 32), (11, 34), (11, 26), (9, 26), (3, 28), (5, 16), (9, 16), (9, 8)]",325,202,0,202
325,"(9, 8)","(9, 9)",South,"[(9, 9), (9, 7)]","[(35, 4), (33, 4), (31, 6), (27, 4), (27, 2), (25, 4), (23, 2), (17, 12), (19, 12), (21, 14), (31, 20), (33, 20), (35, 30), (33, 26), (31, 28), (29, 28), (29, 20), (28, 17), (25, 20), (21, 20), (21, 18), (17, 20), (15, 18), (17, 26), (19, 26), (22, 35), (17, 34), (15, 32), (11, 34), (11, 26), (9, 26), (3, 28), (5, 16), (9, 16), (9, 8)]","[(35, 4), (33, 4), (31, 6), (27, 4), (27, 2), (25, 4), (23, 2), (17, 12), (19, 12), (21, 14), (31, 20), (33, 20), (35, 30), (33, 26), (31, 28), (29, 28), (29, 20), (28, 17), (25, 20), (21, 20), (21, 18), (17, 20), (15, 18), (17, 26), (19, 26), (22, 35), (17, 34), (15, 32), (11, 34), (11, 26), (9, 26), (3, 28), (5, 16), (9, 16), (9, 7)]",326,203,0,203
326,"(9, 7)","(9, 8)",South,"[(9, 8), (10, 7)]","[(35, 4), (33, 4), (31, 6), (27, 4), (27, 2), (25, 4), (23, 2), (17, 12), (19, 12), (21, 14), (31, 20), (33, 20), (35, 30), (33, 26), (31, 28), (29, 28), (29, 20), (28, 17), (25, 20), (21, 20), (21, 18), (17, 20), (15, 18), (17, 26), (19, 26), (22, 35), (17, 34), (15, 32), (11, 34), (11, 26), (9, 26), (3, 28), (5, 16), (9, 16), (9, 7)]","[(35, 4), (33, 4), (31, 6), (27, 4), (27, 2), (25, 4), (23, 2), (17, 12), (19, 12), (21, 14), (31, 20), (33, 20), (35, 30), (33, 26), (31, 28), (29, 28), (29, 20), (28, 17), (25, 20), (21, 20), (21, 18), (17, 20), (15, 18), (17, 26), (19, 26), (22, 35), (17, 34), (15, 32), (11, 34), (11, 26), (9, 26), (3, 28), (5, 16), (9, 16), (10, 7)]",327,204,0,204
327,"(10, 7)","(9, 7)",East,"[(11, 7), (9, 7)]","[(35, 4), (33, 4), (31, 6), (27, 4), (27, 2), (25, 4), (23, 2), (17, 12), (19, 12), (21, 14), (31, 20), (33, 20), (35, 30), (33, 26), (31, 28), (29, 28), (29, 20), (28, 17), (25, 20), (21, 20), (21, 18), (17, 20), (15, 18), (17, 26), (19, 26), (22, 35), (17, 34), (15, 32), (11, 34), (11, 26), (9, 26), (3, 28), (5, 16), (9, 16), (10, 7)]","[(35, 4), (33, 4), (31, 6), (27, 4), (27, 2), (25, 4), (23, 2), (17, 12), (19, 12), (21, 14), (31, 20), (33, 20), (35, 30), (33, 26), (31, 28), (29, 28), (29, 20), (28, 17), (25, 20), (21, 20), (21, 18), (17, 20), (15, 18), (17, 26), (19, 26), (22, 35), (17, 34), (15, 32), (11, 34), (11, 26), (9, 26), (3, 28), (5, 16), (9, 16), (11, 7)]",328,205,0,205
328,"(11, 7)","(10, 7)",East,"[(11, 6), (10, 7)]","[(35, 4), (33, 4), (31, 6), (27, 4), (27, 2), (25, 4), (23, 2), (17, 12), (19, 12), (21, 14), (31, 20), (33, 20), (35, 30), (33, 26), (31, 28), (29, 28), (29, 20), (28, 17), (25, 20), (21, 20), (21, 18), (17, 20), (15, 18), (17, 26), (19, 26), (22, 35), (17, 34), (15, 32), (11, 34), (11, 26), (9, 26), (3, 28), (5, 16), (9, 16), (11, 7)]","[(35, 4), (33, 4), (31, 6), (27, 4), (27, 2), (25, 4), (23, 2), (17, 12), (19, 12), (21, 14), (31, 20), (33, 20), (35, 30), (33, 26), (31, 28), (29, 28), (29, 20), (28, 17), (25, 20), (21, 20), (21, 18), (17, 20), (15, 18), (17, 26), (19, 26), (22, 35), (17, 34), (15, 32), (11, 34), (11, 26), (9, 26), (3, 28), (5, 16), (9, 16), (11, 6)]",329,206,0,206
329,"(11, 6)","(11, 7)",South,"[(11, 7), (11, 5)]","[(35, 4), (33, 4), (31, 6), (27, 4), (27, 2), (25, 4), (23, 2), (17, 12), (19, 12), (21, 14), (31, 20), (33, 20), (35, 30), (33, 26), (31, 28), (29, 28), (29, 20), (28, 17), (25, 20), (21, 20), (21, 18), (17, 20), (15, 18), (17, 26), (19, 26), (22, 35), (17, 34), (15, 32), (11, 34), (11, 26), (9, 26), (3, 28), (5, 16), (9, 16), (11, 6)]","[(35, 4), (33, 4), (31, 6), (27, 4), (27, 2), (25, 4), (23, 2), (17, 12), (19, 12), (21, 14), (31, 20), (33, 20), (35, 30), (33, 26), (31, 28), (29, 28), (29, 20), (28, 17), (25, 20), (21, 20), (21, 18), (17, 20), (15, 18), (17, 26), (19, 26), (22, 35), (17, 34), (15, 32), (11, 34), (11, 26), (9, 26), (3, 28), (5, 16), (9, 16), (11, 5)]",330,207,0,207
330,"(11, 5)","(11, 6)",South,"[(11, 6), (11, 4)]","[(35, 4), (33, 4), (31, 6), (27, 4), (27, 2), (25, 4), (23, 2), (17, 12), (19, 12), (21, 14), (31, 20), (33, 20), (35, 30), (33, 26), (31, 28), (29, 28), (29, 20), (28, 17), (25, 20), (21, 20), (21, 18), (17, 20), (15, 18), (17, 26), (19, 26), (22, 35), (17, 34), (15, 32), (11, 34), (11, 26), (9, 26), (3, 28), (5, 16), (9, 16), (11, 5)]","[(35, 4), (33, 4), (31, 6), (27, 4), (27, 2), (25, 4), (23, 2), (17, 12), (19, 12), (21, 14), (31, 20), (33, 20), (35, 30), (33, 26), (31, 28), (29, 28), (29, 20), (28, 17), (25, 20), (21, 20), (21, 18), (17, 20), (15, 18), (17, 26), (19, 26), (22, 35), (17, 34), (15, 32), (11, 34), (11, 26), (9, 26), (3, 28), (5, 16), (9, 16), (11, 4)]",331,208,0,208
331,"(11, 4)","(11, 5)",South,"[(11, 5), (11, 3)]","[(35, 4), (33, 4), (31, 6), (27, 4), (27, 2), (25, 4), (23, 2), (17, 12), (19, 12), (21, 14), (31, 20), (33, 20), (35, 30), (33, 26), (31, 28), (29, 28), (29, 20), (28, 17), (25, 20), (21, 20), (21, 18), (17, 20), (15, 18), (17, 26), (19, 26), (22, 35), (17, 34), (15, 32), (11, 34), (11, 26), (9, 26), (3, 28), (5, 16), (9, 16), (11, 4)]","[(35, 4), (33, 4), (31, 6), (27, 4), (27, 2), (25, 4), (23, 2), (17, 12), (19, 12), (21, 14), (31, 20), (33, 20), (35, 30), (33, 26), (31, 28), (29, 28), (29, 20), (28, 17), (25, 20), (21, 20), (21, 18), (17, 20), (15, 18), (17, 26), (19, 26), (22, 35), (17, 34), (15, 32), (11, 34), (11, 26), (9, 26), (3, 28), (5, 16), (9, 16), (11, 3)]",332,209,0,209
332,"(11, 3)","(11, 4)",South,"[(11, 4), (11, 2), (10, 3)]","[(35, 4), (33, 4), (31, 6), (27, 4), (27, 2), (25, 4), (23, 2), (17, 12), (19, 12), (21, 14), (31, 20), (33, 20), (35, 30), (33, 26), (31, 28), (29, 28), (29, 20), (28, 17), (25, 20), (21, 20), (21, 18), (17, 20), (15, 18), (17, 26), (19, 26), (22, 35), (17, 34), (15, 32), (11, 34), (11, 26), (9, 26), (3, 28), (5, 16), (9, 16), (11, 3)]","[(35, 4), (33, 4), (31, 6), (27, 4), (27, 2), (25, 4), (23, 2), (17, 12), (19, 12), (21, 14), (31, 20), (33, 20), (35, 30), (33, 26), (31, 28), (29, 28), (29, 20), (28, 17), (25, 20), (21, 20), (21, 18), (17, 20), (15, 18), (17, 26), (19, 26), (22, 35), (17, 34), (15, 32), (11, 34), (11, 26), (9, 26), (3, 28), (5, 16), (9, 16), (11, 2), (10, 3)]",333,210,0,210
333,"(10, 3)","(11, 3)",West,"[(11, 3), (9, 3)]","[(35, 4), (33, 4), (31, 6), (27, 4), (27, 2), (25, 4), (23, 2), (17, 12), (19, 12), (21, 14), (31, 20), (33, 20), (35, 30), (33, 26), (31, 28), (29, 28), (29, 20), (28, 17), (25, 20), (21, 20), (21, 18), (17, 20), (15, 18), (17, 26), (19, 26), (22, 35), (17, 34), (15, 32), (11, 34), (11, 26), (9, 26), (3, 28), (5, 16), (9, 16), (11, 2), (10, 3)]","[(35, 4), (33, 4), (31, 6), (27, 4), (27, 2), (25, 4), (23, 2), (17, 12), (19, 12), (21, 14), (31, 20), (33, 20), (35, 30), (33, 26), (31, 28), (29, 28), (29, 20), (28, 17), (25, 20), (21, 20), (21, 18), (17, 20), (15, 18), (17, 26), (19, 26), (22, 35), (17, 34), (15, 32), (11, 34), (11, 26), (9, 26), (3, 28), (5, 16), (9, 16), (11, 2), (9, 3)]",334,211,0,211
334,"(9, 3)","(10, 3)",West,"[(9, 4), (10, 3)]","[(35, 4), (33, 4), (31, 6), (27, 4), (27, 2), (25, 4), (23, 2), (17, 12), (19, 12), (21, 14), (31, 20), (33, 20), (35, 30), (33, 26), (31, 28), (29, 28), (29, 20), (28, 17), (25, 20), (21, 20), (21, 18), (17, 20), (15, 18), (17, 26), (19, 26), (22, 35), (17, 34), (15, 32), (11, 34), (11, 26), (9, 26), (3, 28), (5, 16), (9, 16), (11, 2), (9, 3)]","[(35, 4), (33, 4), (31, 6), (27, 4), (27, 2), (25, 4), (23, 2), (17, 12), (19, 12), (21, 14), (31, 20), (33, 20), (35, 30), (33, 26), (31, 28), (29, 28), (29, 20), (28, 17), (25, 20), (21, 20), (21, 18), (17, 20), (15, 18), (17, 26), (19, 26), (22, 35), (17, 34), (15, 32), (11, 34), (11, 26), (9, 26), (3, 28), (5, 16), (9, 16), (11, 2), (9, 4)]",335,212,0,212
335,"(9, 4)","(9, 3)",North,"[(9, 5), (9, 3)]","[(35, 4), (33, 4), (31, 6), (27, 4), (27, 2), (25, 4), (23, 2), (17, 12), (19, 12), (21, 14), (31, 20), (33, 20), (35, 30), (33, 26), (31, 28), (29, 28), (29, 20), (28, 17), (25, 20), (21, 20), (21, 18), (17, 20), (15, 18), (17, 26), (19, 26), (22, 35), (17, 34), (15, 32), (11, 34), (11, 26), (9, 26), (3, 28), (5, 16), (9, 16), (11, 2), (9, 4)]","[(35, 4), (33, 4), (31, 6), (27, 4), (27, 2), (25, 4), (23, 2), (17, 12), (19, 12), (21, 14), (31, 20), (33, 20), (35, 30), (33, 26), (31, 28), (29, 28), (29, 20), (28, 17), (25, 20), (21, 20), (21, 18), (17, 20), (15, 18), (17, 26), (19, 26), (22, 35), (17, 34), (15, 32), (11, 34), (11, 26), (9, 26), (3, 28), (5, 16), (9, 16), (11, 2), (9, 5)]",336,213,0,213
336,"(9, 5)","(9, 4)",North,"[(9, 4)]","[(35, 4), (33, 4), (31, 6), (27, 4), (27, 2), (25, 4), (23, 2), (17, 12), (19, 12), (21, 14), (31, 20), (33, 20), (35, 30), (33, 26), (31, 28), (29, 28), (29, 20), (28, 17), (25, 20), (21, 20), (21, 18), (17, 20), (15, 18), (17, 26), (19, 26), (22, 35), (17, 34), (15, 32), (11, 34), (11, 26), (9, 26), (3, 28), (5, 16), (9, 16), (11, 2), (9, 5)]","[(35, 4), (33, 4), (31, 6), (27, 4), (27, 2), (25, 4), (23, 2), (17, 12), (19, 12), (21, 14), (31, 20), (33, 20), (35, 30), (33, 26), (31, 28), (29, 28), (29, 20), (28, 17), (25, 20), (21, 20), (21, 18), (17, 20), (15, 18), (17, 26), (19, 26), (22, 35), (17, 34), (15, 32), (11, 34), (11, 26), (9, 26), (3, 28), (5, 16), (9, 16), (11, 2)]",337,214,0,214
337,"(11, 2)","(11, 3)",South,"[(11, 3), (11, 1)]","[(35, 4), (33, 4), (31, 6), (27, 4), (27, 2), (25, 4), (23, 2), (17, 12), (19, 12), (21, 14), (31, 20), (33, 20), (35, 30), (33, 26), (31, 28), (29, 28), (29, 20), (28, 17), (25, 20), (21, 20), (21, 18), (17, 20), (15, 18), (17, 26), (19, 26), (22, 35), (17, 34), (15, 32), (11, 34), (11, 26), (9, 26), (3, 28), (5, 16), (9, 16), (11, 2)]","[(35, 4), (33, 4), (31, 6), (27, 4), (27, 2), (25, 4), (23, 2), (17, 12), (19, 12), (21, 14), (31, 20), (33, 20), (35, 30), (33, 26), (31, 28), (29, 28), (29, 20), (28, 17), (25, 20), (21, 20), (21, 18), (17, 20), (15, 18), (17, 26), (19, 26), (22, 35), (17, 34), (15, 32), (11, 34), (11, 26), (9, 26), (3, 28), (5, 16), (9, 16), (11, 1)]",338,211,0,211
338,"(11, 1)","(11, 2)",South,"[(11, 2), (12, 1), (10, 1)]","[(35, 4), (33, 4), (31, 6), (27, 4), (27, 2), (25, 4), (23, 2), (17, 12), (19, 12), (21, 14), (31, 20), (33, 20), (35, 30), (33, 26), (31, 28), (29, 28), (29, 20), (28, 17), (25, 20), (21, 20), (21, 18), (17, 20), (15, 18), (17, 26), (19, 26), (22, 35), (17, 34), (15, 32), (11, 34), (11, 26), (9, 26), (3, 28), (5, 16), (9, 16), (11, 1)]","[(35, 4), (33, 4), (31, 6), (27, 4), (27, 2), (25, 4), (23, 2), (17, 12), (19, 12), (21, 14), (31, 20), (33, 20), (35, 30), (33, 26), (31, 28), (29, 28), (29, 20), (28, 17), (25, 20), (21, 20), (21, 18), (17, 20), (15, 18), (17, 26), (19, 26), (22, 35), (17, 34), (15, 32), (11, 34), (11, 26), (9, 26), (3, 28), (5, 16), (9, 16), (12, 1), (10, 1)]",339,212,0,212
339,"(10, 1)","(11, 1)",West,"[(11, 1), (9, 1)]","[(35, 4), (33, 4), (31, 6), (27, 4), (27, 2), (25, 4), (23, 2), (17, 12), (19, 12), (21, 14), (31, 20), (33, 20), (35, 30), (33, 26), (31, 28), (29, 28), (29, 20), (28, 17), (25, 20), (21, 20), (21, 18), (17, 20), (15, 18), (17, 26), (19, 26), (22, 35), (17, 34), (15, 32), (11, 34), (11, 26), (9, 26), (3, 28), (5, 16), (9, 16), (12, 1), (10, 1)]","[(35, 4), (33, 4), (31, 6), (27, 4), (27, 2), (25, 4), (23, 2), (17, 12), (19, 12), (21, 14), (31, 20), (33, 20), (35, 30), (33, 26), (31, 28), (29, 28), (29, 20), (28, 17), (25, 20), (21, 20), (21, 18), (17, 20), (15, 18), (17, 26), (19, 26), (22, 35), (17, 34), (15, 32), (11, 34), (11, 26), (9, 26), (3, 28), (5, 16), (9, 16), (12, 1), (9, 1)]",340,213,0,213
340,"(9, 1)","(10, 1)",West,"[(10, 1), (8, 1)]","[(35, 4), (33, 4), (31, 6), (27, 4), (27, 2), (25, 4), (23, 2), (17, 12), (19, 12), (21, 14), (31, 20), (33, 20), (35, 30), (33, 26), (31, 28), (29, 28), (29, 20), (28, 17), (25, 20), (21, 20), (21, 18), (17, 20), (15, 18), (17, 26), (19, 26), (22, 35), (17, 34), (15, 32), (11, 34), (11, 26), (9, 26), (3, 28), (5, 16), (9, 16), (12, 1), (9, 1)]","[(35, 4), (33, 4), (31, 6), (27, 4), (27, 2), (25, 4), (23, 2), (17, 12), (19, 12), (21, 14), (31, 20), (33, 20), (35, 30), (33, 26), (31, 28), (29, 28), (29, 20), (28, 17), (25, 20), (21, 20), (21, 18), (17, 20), (15, 18), (17, 26), (19, 26), (22, 35), (17, 34), (15, 32), (11, 34), (11, 26), (9, 26), (3, 28), (5, 16), (9, 16), (12, 1), (8, 1)]",341,214,0,214
341,"(8, 1)","(9, 1)",West,"[(9, 1), (7, 1)]","[(35, 4), (33, 4), (31, 6), (27, 4), (27, 2), (25, 4), (23, 2), (17, 12), (19, 12), (21, 14), (31, 20), (33, 20), (35, 30), (33, 26), (31, 28), (29, 28), (29, 20), (28, 17), (25, 20), (21, 20), (21, 18), (17, 20), (15, 18), (17, 26), (19, 26), (22, 35), (17, 34), (15, 32), (11, 34), (11, 26), (9, 26), (3, 28), (5, 16), (9, 16), (12, 1), (8, 1)]","[(35, 4), (33, 4), (31, 6), (27, 4), (27, 2), (25, 4), (23, 2), (17, 12), (19, 12), (21, 14), (31, 20), (33, 20), (35, 30), (33, 26), (31, 28), (29, 28), (29, 20), (28, 17), (25, 20), (21, 20), (21, 18), (17, 20), (15, 18), (17, 26), (19, 26), (22, 35), (17, 34), (15, 32), (11, 34), (11, 26), (9, 26), (3, 28), (5, 16), (9, 16), (12, 1), (7, 1)]",342,215,0,215
342,"(7, 1)","(8, 1)",West,"[(7, 2), (8, 1)]","[(35, 4), (33, 4), (31, 6), (27, 4), (27, 2), (25, 4), (23, 2), (17, 12), (19, 12), (21, 14), (31, 20), (33, 20), (35, 30), (33, 26), (31, 28), (29, 28), (29, 20), (28, 17), (25, 20), (21, 20), (21, 18), (17, 20), (15, 18), (17, 26), (19, 26), (22, 35), (17, 34), (15, 32), (11, 34), (11, 26), (9, 26), (3, 28), (5, 16), (9, 16), (12, 1), (7, 1)]","[(35, 4), (33, 4), (31, 6), (27, 4), (27, 2), (25, 4), (23, 2), (17, 12), (19, 12), (21, 14), (31, 20), (33, 20), (35, 30), (33, 26), (31, 28), (29, 28), (29, 20), (28, 17), (25, 20), (21, 20), (21, 18), (17, 20), (15, 18), (17, 26), (19, 26), (22, 35), (17, 34), (15, 32), (11, 34), (11, 26), (9, 26), (3, 28), (5, 16), (9, 16), (12, 1), (7, 2)]",343,216,0,216
343,"(7, 2)","(7, 1)",North,"[(7, 3), (7, 1)]","[(35, 4), (33, 4), (31, 6), (27, 4), (27, 2), (25, 4), (23, 2), (17, 12), (19, 12), (21, 14), (31, 20), (33, 20), (35, 30), (33, 26), (31, 28), (29, 28), (29, 20), (28, 17), (25, 20), (21, 20), (21, 18), (17, 20), (15, 18), (17, 26), (19, 26), (22, 35), (17, 34), (15, 32), (11, 34), (11, 26), (9, 26), (3, 28), (5, 16), (9, 16), (12, 1), (7, 2)]","[(35, 4), (33, 4), (31, 6), (27, 4), (27, 2), (25, 4), (23, 2), (17, 12), (19, 12), (21, 14), (31, 20), (33, 20), (35, 30), (33, 26), (31, 28), (29, 28), (29, 20), (28, 17), (25, 20), (21, 20), (21, 18), (17, 20), (15, 18), (17, 26), (19, 26), (22, 35), (17, 34), (15, 32), (11, 34), (11, 26), (9, 26), (3, 28), (5, 16), (9, 16), (12, 1), (7, 3)]",344,217,0,217
344,"(7, 3)","(7, 2)",North,"[(7, 4), (7, 2), (6, 3)]","[(35, 4), (33, 4), (31, 6), (27, 4), (27, 2), (25, 4), (23, 2), (17, 12), (19, 12), (21, 14), (31, 20), (33, 20), (35, 30), (33, 26), (31, 28), (29, 28), (29, 20), (28, 17), (25, 20), (21, 20), (21, 18), (17, 20), (15, 18), (17, 26), (19, 26), (22, 35), (17, 34), (15, 32), (11, 34), (11, 26), (9, 26), (3, 28), (5, 16), (9, 16), (12, 1), (7, 3)]","[(35, 4), (33, 4), (31, 6), (27, 4), (27, 2), (25, 4), (23, 2), (17, 12), (19, 12), (21, 14), (31, 20), (33, 20), (35, 30), (33, 26), (31, 28), (29, 28), (29, 20), (28, 17), (25, 20), (21, 20), (21, 18), (17, 20), (15, 18), (17, 26), (19, 26), (22, 35), (17, 34), (15, 32), (11, 34), (11, 26), (9, 26), (3, 28), (5, 16), (9, 16), (12, 1), (7, 4), (6, 3)]",345,218,0,218
345,"(6, 3)","(7, 3)",West,"[(7, 3), (5, 3)]","[(35, 4), (33, 4), (31, 6), (27, 4), (27, 2), (25, 4), (23, 2), (17, 12), (19, 12), (21, 14), (31, 20), (33, 20), (35, 30), (33, 26), (31, 28), (29, 28), (29, 20), (28, 17), (25, 20), (21, 20), (21, 18), (17, 20), (15, 18), (17, 26), (19, 26), (22, 35), (17, 34), (15, 32), (11, 34), (11, 26), (9, 26), (3, 28), (5, 16), (9, 16), (12, 1), (7, 4), (6, 3)]","[(35, 4), (33, 4), (31, 6), (27, 4), (27, 2), (25, 4), (23, 2), (17, 12), (19, 12), (21, 14), (31, 20), (33, 20), (35, 30), (33, 26), (31, 28), (29, 28), (29, 20), (28, 17), (25, 20), (21, 20), (21, 18), (17, 20), (15, 18), (17, 26), (19, 26), (22, 35), (17, 34), (15, 32), (11, 34), (11, 26), (9, 26), (3, 28), (5, 16), (9, 16), (12, 1), (7, 4), (5, 3)]",346,219,0,219
346,"(5, 3)","(6, 3)",West,"[(5, 2), (6, 3)]","[(35, 4), (33, 4), (31, 6), (27, 4), (27, 2), (25, 4), (23, 2), (17, 12), (19, 12), (21, 14), (31, 20), (33, 20), (35, 30), (33, 26), (31, 28), (29, 28), (29, 20), (28, 17), (25, 20), (21, 20), (21, 18), (17, 20), (15, 18), (17, 26), (19, 26), (22, 35), (17, 34), (15, 32), (11, 34), (11, 26), (9, 26), (3, 28), (5, 16), (9, 16), (12, 1), (7, 4), (5, 3)]","[(35, 4), (33, 4), (31, 6), (27, 4), (27, 2), (25, 4), (23, 2), (17, 12), (19, 12), (21, 14), (31, 20), (33, 20), (35, 30), (33, 26), (31, 28), (29, 28), (29, 20), (28, 17), (25, 20), (21, 20), (21, 18), (17, 20), (15, 18), (17, 26), (19, 26), (22, 35), (17, 34), (15, 32), (11, 34), (11, 26), (9, 26), (3, 28), (5, 16), (9, 16), (12, 1), (7, 4), (5, 2)]",347,220,0,220
347,"(5, 2)","(5, 3)",South,"[(5, 3), (5, 1)]","[(35, 4), (33, 4), (31, 6), (27, 4), (27, 2), (25, 4), (23, 2), (17, 12), (19, 12), (21, 14), (31, 20), (33, 20), (35, 30), (33, 26), (31, 28), (29, 28), (29, 20), (28, 17), (25, 20), (21, 20), (21, 18), (17, 20), (15, 18), (17, 26), (19, 26), (22, 35), (17, 34), (15, 32), (11, 34), (11, 26), (9, 26), (3, 28), (5, 16), (9, 16), (12, 1), (7, 4), (5, 2)]","[(35, 4), (33, 4), (31, 6), (27, 4), (27, 2), (25, 4), (23, 2), (17, 12), (19, 12), (21, 14), (31, 20), (33, 20), (35, 30), (33, 26), (31, 28), (29, 28), (29, 20), (28, 17), (25, 20), (21, 20), (21, 18), (17, 20), (15, 18), (17, 26), (19, 26), (22, 35), (17, 34), (15, 32), (11, 34), (11, 26), (9, 26), (3, 28), (5, 16), (9, 16), (12, 1), (7, 4), (5, 1)]",348,221,0,221
348,"(5, 1)","(5, 2)",South,"[(5, 2)]","[(35, 4), (33, 4), (31, 6), (27, 4), (27, 2), (25, 4), (23, 2), (17, 12), (19, 12), (21, 14), (31, 20), (33, 20), (35, 30), (33, 26), (31, 28), (29, 28), (29, 20), (28, 17), (25, 20), (21, 20), (21, 18), (17, 20), (15, 18), (17, 26), (19, 26), (22, 35), (17, 34), (15, 32), (11, 34), (11, 26), (9, 26), (3, 28), (5, 16), (9, 16), (12, 1), (7, 4), (5, 1)]","[(35, 4), (33, 4), (31, 6), (27, 4), (27, 2), (25, 4), (23, 2), (17, 12), (19, 12), (21, 14), (31, 20), (33, 20), (35, 30), (33, 26), (31, 28), (29, 28), (29, 20), (28, 17), (25, 20), (21, 20), (21, 18), (17, 20), (15, 18), (17, 26), (19, 26), (22, 35), (17, 34), (15, 32), (11, 34), (11, 26), (9, 26), (3, 28), (5, 16), (9, 16), (12, 1), (7, 4)]",349,222,0,222
349,"(7, 4)","(7, 3)",North,"[(7, 5), (7, 3)]","[(35, 4), (33, 4), (31, 6), (27, 4), (27, 2), (25, 4), (23, 2), (17, 12), (19, 12), (21, 14), (31, 20), (33, 20), (35, 30), (33, 26), (31, 28), (29, 28), (29, 20), (28, 17), (25, 20), (21, 20), (21, 18), (17, 20), (15, 18), (17, 26), (19, 26), (22, 35), (17, 34), (15, 32), (11, 34), (11, 26), (9, 26), (3, 28), (5, 16), (9, 16), (12, 1), (7, 4)]","[(35, 4), (33, 4), (31, 6), (27, 4), (27, 2), (25, 4), (23, 2), (17, 12), (19, 12), (21, 14), (31, 20), (33, 20), (35, 30), (33, 26), (31, 28), (29, 28), (29, 20), (28, 17), (25, 20), (21, 20), (21, 18), (17, 20), (15, 18), (17, 26), (19, 26), (22, 35), (17, 34), (15, 32), (11, 34), (11, 26), (9, 26), (3, 28), (5, 16), (9, 16), (12, 1), (7, 5)]",350,219,0,219
350,"(7, 5)","(7, 4)",North,"[(7, 4)]","[(35, 4), (33, 4), (31, 6), (27, 4), (27, 2), (25, 4), (23, 2), (17, 12), (19, 12), (21, 14), (31, 20), (33, 20), (35, 30), (33, 26), (31, 28), (29, 28), (29, 20), (28, 17), (25, 20), (21, 20), (21, 18), (17, 20), (15, 18), (17, 26), (19, 26), (22, 35), (17, 34), (15, 32), (11, 34), (11, 26), (9, 26), (3, 28), (5, 16), (9, 16), (12, 1), (7, 5)]","[(35, 4), (33, 4), (31, 6), (27, 4), (27, 2), (25, 4), (23, 2), (17, 12), (19, 12), (21, 14), (31, 20), (33, 20), (35, 30), (33, 26), (31, 28), (29, 28), (29, 20), (28, 17), (25, 20), (21, 20), (21, 18), (17, 20), (15, 18), (17, 26), (19, 26), (22, 35), (17, 34), (15, 32), (11, 34), (11, 26), (9, 26), (3, 28), (5, 16), (9, 16), (12, 1)]",351,220,0,220
351,"(12, 1)","(11, 1)",East,"[(13, 1), (11, 1)]","[(35, 4), (33, 4), (31, 6), (27, 4), (27, 2), (25, 4), (23, 2), (17, 12), (19, 12), (21, 14), (31, 20), (33, 20), (35, 30), (33, 26), (31, 28), (29, 28), (29, 20), (28, 17), (25, 20), (21, 20), (21, 18), (17, 20), (15, 18), (17, 26), (19, 26), (22, 35), (17, 34), (15, 32), (11, 34), (11, 26), (9, 26), (3, 28), (5, 16), (9, 16), (12, 1)]","[(35, 4), (33, 4), (31, 6), (27, 4), (27, 2), (25, 4), (23, 2), (17, 12), (19, 12), (21, 14), (31, 20), (33, 20), (35, 30), (33, 26), (31, 28), (29, 28), (29, 20), (28, 17), (25, 20), (21, 20), (21, 18), (17, 20), (15, 18), (17, 26), (19, 26), (22, 35), (17, 34), (15, 32), (11, 34), (11, 26), (9, 26), (3, 28), (5, 16), (9, 16), (13, 1)]",352,213,0,213
352,"(13, 1)","(12, 1)",East,"[(12, 1)]","[(35, 4), (33, 4), (31, 6), (27, 4), (27, 2), (25, 4), (23, 2), (17, 12), (19, 12), (21, 14), (31, 20), (33, 20), (35, 30), (33, 26), (31, 28), (29, 28), (29, 20), (28, 17), (25, 20), (21, 20), (21, 18), (17, 20), (15, 18), (17, 26), (19, 26), (22, 35), (17, 34), (15, 32), (11, 34), (11, 26), (9, 26), (3, 28), (5, 16), (9, 16), (13, 1)]","[(35, 4), (33, 4), (31, 6), (27, 4), (27, 2), (25, 4), (23, 2), (17, 12), (19, 12), (21, 14), (31, 20), (33, 20), (35, 30), (33, 26), (31, 28), (29, 28), (29, 20), (28, 17), (25, 20), (21, 20), (21, 18), (17, 20), (15, 18), (17, 26), (19, 26), (22, 35), (17, 34), (15, 32), (11, 34), (11, 26), (9, 26), (3, 28), (5, 16), (9, 16)]",353,214,0,214
353,"(9, 16)","(9, 15)",North,"[(9, 17), (9, 15)]","[(35, 4), (33, 4), (31, 6), (27, 4), (27, 2), (25, 4), (23, 2), (17, 12), (19, 12), (21, 14), (31, 20), (33, 20), (35, 30), (33, 26), (31, 28), (29, 28), (29, 20), (28, 17), (25, 20), (21, 20), (21, 18), (17, 20), (15, 18), (17, 26), (19, 26), (22, 35), (17, 34), (15, 32), (11, 34), (11, 26), (9, 26), (3, 28), (5, 16), (9, 16)]","[(35, 4), (33, 4), (31, 6), (27, 4), (27, 2), (25, 4), (23, 2), (17, 12), (19, 12), (21, 14), (31, 20), (33, 20), (35, 30), (33, 26), (31, 28), (29, 28), (29, 20), (28, 17), (25, 20), (21, 20), (21, 18), (17, 20), (15, 18), (17, 26), (19, 26), (22, 35), (17, 34), (15, 32), (11, 34), (11, 26), (9, 26), (3, 28), (5, 16), (9, 17)]",354,193,0,193
354,"(9, 17)","(9, 16)",North,"[(9, 16)]","[(35, 4), (33, 4), (31, 6), (27, 4), (27, 2), (25, 4), (23, 2), (17, 12), (19, 12), (21, 14), (31, 20), (33, 20), (35, 30), (33, 26), (31, 28), (29, 28), (29, 20), (28, 17), (25, 20), (21, 20), (21, 18), (17, 20), (15, 18), (17, 26), (19, 26), (22, 35), (17, 34), (15, 32), (11, 34), (11, 26), (9, 26), (3, 28), (5, 16), (9, 17)]","[(35, 4), (33, 4), (31, 6), (27, 4), (27, 2), (25, 4), (23, 2), (17, 12), (19, 12), (21, 14), (31, 20), (33, 20), (35, 30), (33, 26), (31, 28), (29, 28), (29, 20), (28, 17), (25, 20), (21, 20), (21, 18), (17, 20), (15, 18), (17, 26), (19, 26), (22, 35), (17, 34), (15, 32), (11, 34), (11, 26), (9, 26), (3, 28), (5, 16)]",355,194,0,194
355,"(5, 16)","(5, 17)",South,"[(5, 17), (5, 15)]","[(35, 4), (33, 4), (31, 6), (27, 4), (27, 2), (25, 4), (23, 2), (17, 12), (19, 12), (21, 14), (31, 20), (33, 20), (35, 30), (33, 26), (31, 28), (29, 28), (29, 20), (28, 17), (25, 20), (21, 20), (21, 18), (17, 20), (15, 18), (17, 26), (19, 26), (22, 35), (17, 34), (15, 32), (11, 34), (11, 26), (9, 26), (3, 28), (5, 16)]","[(35, 4), (33, 4), (31, 6), (27, 4), (27, 2), (25, 4), (23, 2), (17, 12), (19, 12), (21, 14), (31, 20), (33, 20), (35, 30), (33, 26), (31, 28), (29, 28), (29, 20), (28, 17), (25, 20), (21, 20), (21, 18), (17, 20), (15, 18), (17, 26), (19, 26), (22, 35), (17, 34), (15, 32), (11, 34), (11, 26), (9, 26), (3, 28), (5, 15)]",356,187,0,187
356,"(5, 15)","(5, 16)",South,"[(5, 16), (5, 14)]","[(35, 4), (33, 4), (31, 6), (27, 4), (27, 2), (25, 4), (23, 2), (17, 12), (19, 12), (21, 14), (31, 20), (33, 20), (35, 30), (33, 26), (31, 28), (29, 28), (29, 20), (28, 17), (25, 20), (21, 20), (21, 18), (17, 20), (15, 18), (17, 26), (19, 26), (22, 35), (17, 34), (15, 32), (11, 34), (11, 26), (9, 26), (3, 28), (5, 15)]","[(35, 4), (33, 4), (31, 6), (27, 4), (27, 2), (25, 4), (23, 2), (17, 12), (19, 12), (21, 14), (31, 20), (33, 20), (35, 30), (33, 26), (31, 28), (29, 28), (29, 20), (28, 17), (25, 20), (21, 20), (21, 18), (17, 20), (15, 18), (17, 26), (19, 26), (22, 35), (17, 34), (15, 32), (11, 34), (11, 26), (9, 26), (3, 28), (5, 14)]",357,188,0,188
357,"(5, 14)","(5, 15)",South,"[(5, 15), (5, 13)]","[(35, 4), (33, 4), (31, 6), (27, 4), (27, 2), (25, 4), (23, 2), (17, 12), (19, 12), (21, 14), (31, 20), (33, 20), (35, 30), (33, 26), (31, 28), (29, 28), (29, 20), (28, 17), (25, 20), (21, 20), (21, 18), (17, 20), (15, 18), (17, 26), (19, 26), (22, 35), (17, 34), (15, 32), (11, 34), (11, 26), (9, 26), (3, 28), (5, 14)]","[(35, 4), (33, 4), (31, 6), (27, 4), (27, 2), (25, 4), (23, 2), (17, 12), (19, 12), (21, 14), (31, 20), (33, 20), (35, 30), (33, 26), (31, 28), (29, 28), (29, 20), (28, 17), (25, 20), (21, 20), (21, 18), (17, 20), (15, 18), (17, 26), (19, 26), (22, 35), (17, 34), (15, 32), (11, 34), (11, 26), (9, 26), (3, 28), (5, 13)]",358,189,0,189
358,"(5, 13)","(5, 14)",South,"[(5, 14), (5, 12), (4, 13)]","[(35, 4), (33, 4), (31, 6), (27, 4), (27, 2), (25, 4), (23, 2), (17, 12), (19, 12), (21, 14), (31, 20), (33, 20), (35, 30), (33, 26), (31, 28), (29, 28), (29, 20), (28, 17), (25, 20), (21, 20), (21, 18), (17, 20), (15, 18), (17, 26), (19, 26), (22, 35), (17, 34), (15, 32), (11, 34), (11, 26), (9, 26), (3, 28), (5, 13)]","[(35, 4), (33, 4), (31, 6), (27, 4), (27, 2), (25, 4), (23, 2), (17, 12), (19, 12), (21, 14), (31, 20), (33, 20), (35, 30), (33, 26), (31, 28), (29, 28), (29, 20), (28, 17), (25, 20), (21, 20), (21, 18), (17, 20), (15, 18), (17, 26), (19, 26), (22, 35), (17, 34), (15, 32), (11, 34), (11, 26), (9, 26), (3, 28), (5, 12), (4, 13)]",359,190,0,190
359,"(4, 13)","(5, 13)",West,"[(5, 13), (3, 13)]","[(35, 4), (33, 4), (31, 6), (27, 4), (27, 2), (25, 4), (23, 2), (17, 12), (19, 12), (21, 14), (31, 20), (33, 20), (35, 30), (33, 26), (31, 28), (29, 28), (29, 20), (28, 17), (25, 20), (21, 20), (21, 18), (17, 20), (15, 18), (17, 26), (19, 26), (22, 35), (17, 34), (15, 32), (11, 34), (11, 26), (9, 26), (3, 28), (5, 12), (4, 13)]","[(35, 4), (33, 4), (31, 6), (27, 4), (27, 2), (25, 4), (23, 2), (17, 12), (19, 12), (21, 14), (31, 20), (33, 20), (35, 30), (33, 26), (31, 28), (29, 28), (29, 20), (28, 17), (25, 20), (21, 20), (21, 18), (17, 20), (15, 18), (17, 26), (19, 26), (22, 35), (17, 34), (15, 32), (11, 34), (11, 26), (9, 26), (3, 28), (5, 12), (3, 13)]",360,191,0,191
360,"(3, 13)","(4, 13)",West,"[(3, 12), (4, 13)]","[(35, 4), (33, 4), (31, 6), (27, 4), (27, 2), (25, 4), (23, 2), (17, 12), (19, 12), (21, 14), (31, 20), (33, 20), (35, 30), (33, 26), (31, 28), (29, 28), (29, 20), (28, 17), (25, 20), (21, 20), (21, 18), (17, 20), (15, 18), (17, 26), (19, 26), (22, 35), (17, 34), (15, 32), (11, 34), (11, 26), (9, 26), (3, 28), (5, 12), (3, 13)]","[(35, 4), (33, 4), (31, 6), (27, 4), (27, 2), (25, 4), (23, 2), (17, 12), (19, 12), (21, 14), (31, 20), (33, 20), (35, 30), (33, 26), (31, 28), (29, 28), (29, 20), (28, 17), (25, 20), (21, 20), (21, 18), (17, 20), (15, 18), (17, 26), (19, 26), (22, 35), (17, 34), (15, 32), (11, 34), (11, 26), (9, 26), (3, 28), (5, 12), (3, 12)]",361,192,0,192
361,"(3, 12)","(3, 13)",South,"[(3, 13), (3, 11)]","[(35, 4), (33, 4), (31, 6), (27, 4), (27, 2), (25, 4), (23, 2), (17, 12), (19, 12), (21, 14), (31, 20), (33, 20), (35, 30), (33, 26), (31, 28), (29, 28), (29, 20), (28, 17), (25, 20), (21, 20), (21, 18), (17, 20), (15, 18), (17, 26), (19, 26), (22, 35), (17, 34), (15, 32), (11, 34), (11, 26), (9, 26), (3, 28), (5, 12), (3, 12)]","[(35, 4), (33, 4), (31, 6), (27, 4), (27, 2), (25, 4), (23, 2), (17, 12), (19, 12), (21, 14), (31, 20), (33, 20), (35, 30), (33, 26), (31, 28), (29, 28), (29, 20), (28, 17), (25, 20), (21, 20), (21, 18), (17, 20), (15, 18), (17, 26), (19, 26), (22, 35), (17, 34), (15, 32), (11, 34), (11, 26), (9, 26), (3, 28), (5, 12), (3, 11)]",362,193,0,193
362,"(3, 11)","(3, 12)",South,"[(3, 12), (3, 10)]","[(35, 4), (33, 4), (31, 6), (27, 4), (27, 2), (25, 4), (23, 2), (17, 12), (19, 12), (21, 14), (31, 20), (33, 20), (35, 30), (33, 26), (31, 28), (29, 28), (29, 20), (28, 17), (25, 20), (21, 20), (21, 18), (17, 20), (15, 18), (17, 26), (19, 26), (22, 35), (17, 34), (15, 32), (11, 34), (11, 26), (9, 26), (3, 28), (5, 12), (3, 11)]","[(35, 4), (33, 4), (31, 6), (27, 4), (27, 2), (25, 4), (23, 2), (17, 12), (19, 12), (21, 14), (31, 20), (33, 20), (35, 30), (33, 26), (31, 28), (29, 28), (29, 20), (28, 17), (25, 20), (21, 20), (21, 18), (17, 20), (15, 18), (17, 26), (19, 26), (22, 35), (17, 34), (15, 32), (11, 34), (11, 26), (9, 26), (3, 28), (5, 12), (3, 10)]",363,194,0,194
363,"(3, 10)","(3, 11)",South,"[(3, 11), (3, 9)]","[(35, 4), (33, 4), (31, 6), (27, 4), (27, 2), (25, 4), (23, 2), (17, 12), (19, 12), (21, 14), (31, 20), (33, 20), (35, 30), (33, 26), (31, 28), (29, 28), (29, 20), (28, 17), (25, 20), (21, 20), (21, 18), (17, 20), (15, 18), (17, 26), (19, 26), (22, 35), (17, 34), (15, 32), (11, 34), (11, 26), (9, 26), (3, 28), (5, 12), (3, 10)]","[(35, 4), (33, 4), (31, 6), (27, 4), (27, 2), (25, 4), (23, 2), (17, 12), (19, 12), (21, 14), (31, 20), (33, 20), (35, 30), (33, 26), (31, 28), (29, 28), (29, 20), (28, 17), (25, 20), (21, 20), (21, 18), (17, 20), (15, 18), (17, 26), (19, 26), (22, 35), (17, 34), (15, 32), (11, 34), (11, 26), (9, 26), (3, 28), (5, 12), (3, 9)]",364,195,0,195
364,"(3, 9)","(3, 10)",South,"[(3, 10), (4, 9)]","[(35, 4), (33, 4), (31, 6), (27, 4), (27, 2), (25, 4), (23, 2), (17, 12), (19, 12), (21, 14), (31, 20), (33, 20), (35, 30), (33, 26), (31, 28), (29, 28), (29, 20), (28, 17), (25, 20), (21, 20), (21, 18), (17, 20), (15, 18), (17, 26), (19, 26), (22, 35), (17, 34), (15, 32), (11, 34), (11, 26), (9, 26), (3, 28), (5, 12), (3, 9)]","[(35, 4), (33, 4), (31, 6), (27, 4), (27, 2), (25, 4), (23, 2), (17, 12), (19, 12), (21, 14), (31, 20), (33, 20), (35, 30), (33, 26), (31, 28), (29, 28), (29, 20), (28, 17), (25, 20), (21, 20), (21, 18), (17, 20), (15, 18), (17, 26), (19, 26), (22, 35), (17, 34), (15, 32), (11, 34), (11, 26), (9, 26), (3, 28), (5, 12), (4, 9)]",365,196,0,196
365,"(4, 9)","(3, 9)",East,"[(5, 9), (3, 9)]","[(35, 4), (33, 4), (31, 6), (27, 4), (27, 2), (25, 4), (23, 2), (17, 12), (19, 12), (21, 14), (31, 20), (33, 20), (35, 30), (33, 26), (31, 28), (29, 28), (29, 20), (28, 17), (25, 20), (21, 20), (21, 18), (17, 20), (15, 18), (17, 26), (19, 26), (22, 35), (17, 34), (15, 32), (11, 34), (11, 26), (9, 26), (3, 28), (5, 12), (4, 9)]","[(35, 4), (33, 4), (31, 6), (27, 4), (27, 2), (25, 4), (23, 2), (17, 12), (19, 12), (21, 14), (31, 20), (33, 20), (35, 30), (33, 26), (31, 28), (29, 28), (29, 20), (28, 17), (25, 20), (21, 20), (21, 18), (17, 20), (15, 18), (17, 26), (19, 26), (22, 35), (17, 34), (15, 32), (11, 34), (11, 26), (9, 26), (3, 28), (5, 12), (5, 9)]",366,197,0,197
366,"(5, 9)","(4, 9)",East,"[(5, 8), (4, 9)]","[(35, 4), (33, 4), (31, 6), (27, 4), (27, 2), (25, 4), (23, 2), (17, 12), (19, 12), (21, 14), (31, 20), (33, 20), (35, 30), (33, 26), (31, 28), (29, 28), (29, 20), (28, 17), (25, 20), (21, 20), (21, 18), (17, 20), (15, 18), (17, 26), (19, 26), (22, 35), (17, 34), (15, 32), (11, 34), (11, 26), (9, 26), (3, 28), (5, 12), (5, 9)]","[(35, 4), (33, 4), (31, 6), (27, 4), (27, 2), (25, 4), (23, 2), (17, 12), (19, 12), (21, 14), (31, 20), (33, 20), (35, 30), (33, 26), (31, 28), (29, 28), (29, 20), (28, 17), (25, 20), (21, 20), (21, 18), (17, 20), (15, 18), (17, 26), (19, 26), (22, 35), (17, 34), (15, 32), (11, 34), (11, 26), (9, 26), (3, 28), (5, 12), (5, 8)]",367,198,0,198
367,"(5, 8)","(5, 9)",South,"[(5, 9), (5, 7)]","[(35, 4), (33, 4), (31, 6), (27, 4), (27, 2), (25, 4), (23, 2), (17, 12), (19, 12), (21, 14), (31, 20), (33, 20), (35, 30), (33, 26), (31, 28), (29, 28), (29, 20), (28, 17), (25, 20), (21, 20), (21, 18), (17, 20), (15, 18), (17, 26), (19, 26), (22, 35), (17, 34), (15, 32), (11, 34), (11, 26), (9, 26), (3, 28), (5, 12), (5, 8)]","[(35, 4), (33, 4), (31, 6), (27, 4), (27, 2), (25, 4), (23, 2), (17, 12), (19, 12), (21, 14), (31, 20), (33, 20), (35, 30), (33, 26), (31, 28), (29, 28), (29, 20), (28, 17), (25, 20), (21, 20), (21, 18), (17, 20), (15, 18), (17, 26), (19, 26), (22, 35), (17, 34), (15, 32), (11, 34), (11, 26), (9, 26), (3, 28), (5, 12), (5, 7)]",368,199,0,199
368,"(5, 7)","(5, 8)",South,"[(5, 8), (5, 6), (6, 7), (4, 7)]","[(35, 4), (33, 4), (31, 6), (27, 4), (27, 2), (25, 4), (23, 2), (17, 12), (19, 12), (21, 14), (31, 20), (33, 20), (35, 30), (33, 26), (31, 28), (29, 28), (29, 20), (28, 17), (25, 20), (21, 20), (21, 18), (17, 20), (15, 18), (17, 26), (19, 26), (22, 35), (17, 34), (15, 32), (11, 34), (11, 26), (9, 26), (3, 28), (5, 12), (5, 7)]","[(35, 4), (33, 4), (31, 6), (27, 4), (27, 2), (25, 4), (23, 2), (17, 12), (19, 12), (21, 14), (31, 20), (33, 20), (35, 30), (33, 26), (31, 28), (29, 28), (29, 20), (28, 17), (25, 20), (21, 20), (21, 18), (17, 20), (15, 18), (17, 26), (19, 26), (22, 35), (17, 34), (15, 32), (11, 34), (11, 26), (9, 26), (3, 28), (5, 12), (5, 6), (6, 7), (4, 7)]",369,200,0,200
369,"(4, 7)","(5, 7)",West,"[(5, 7), (3, 7)]","[(35, 4), (33, 4), (31, 6), (27, 4), (27, 2), (25, 4), (23, 2), (17, 12), (19, 12), (21, 14), (31, 20), (33, 20), (35, 30), (33, 26), (31, 28), (29, 28), (29, 20), (28, 17), (25, 20), (21, 20), (21, 18), (17, 20), (15, 18), (17, 26), (19, 26), (22, 35), (17, 34), (15, 32), (11, 34), (11, 26), (9, 26), (3, 28), (5, 12), (5, 6), (6, 7), (4, 7)]","[(35, 4), (33, 4), (31, 6), (27, 4), (27, 2), (25, 4), (23, 2), (17, 12), (19, 12), (21, 14), (31, 20), (33, 20), (35, 30), (33, 26), (31, 28), (29, 28), (29, 20), (28, 17), (25, 20), (21, 20), (21, 18), (17, 20), (15, 18), (17, 26), (19, 26), (22, 35), (17, 34), (15, 32), (11, 34), (11, 26), (9, 26), (3, 28), (5, 12), (5, 6), (6, 7), (3, 7)]",370,201,0,201
370,"(3, 7)","(4, 7)",West,"[(3, 6), (4, 7), (2, 7)]","[(35, 4), (33, 4), (31, 6), (27, 4), (27, 2), (25, 4), (23, 2), (17, 12), (19, 12), (21, 14), (31, 20), (33, 20), (35, 30), (33, 26), (31, 28), (29, 28), (29, 20), (28, 17), (25, 20), (21, 20), (21, 18), (17, 20), (15, 18), (17, 26), (19, 26), (22, 35), (17, 34), (15, 32), (11, 34), (11, 26), (9, 26), (3, 28), (5, 12), (5, 6), (6, 7), (3, 7)]","[(35, 4), (33, 4), (31, 6), (27, 4), (27, 2), (25, 4), (23, 2), (17, 12), (19, 12), (21, 14), (31, 20), (33, 20), (35, 30), (33, 26), (31, 28), (29, 28), (29, 20), (28, 17), (25, 20), (21, 20), (21, 18), (17, 20), (15, 18), (17, 26), (19, 26), (22, 35), (17, 34), (15, 32), (11, 34), (11, 26), (9, 26), (3, 28), (5, 12), (5, 6), (6, 7), (3, 6), (2, 7)]",371,202,0,202
371,"(2, 7)","(3, 7)",West,"[(3, 7), (1, 7)]","[(35, 4), (33, 4), (31, 6), (27, 4), (27, 2), (25, 4), (23, 2), (17, 12), (19, 12), (21, 14), (31, 20), (33, 20), (35, 30), (33, 26), (31, 28), (29, 28), (29, 20), (28, 17), (25, 20), (21, 20), (21, 18), (17, 20), (15, 18), (17, 26), (19, 26), (22, 35), (17, 34), (15, 32), (11, 34), (11, 26), (9, 26), (3, 28), (5, 12), (5, 6), (6, 7), (3, 6), (2, 7)]","[(35, 4), (33, 4), (31, 6), (27, 4), (27, 2), (25, 4), (23, 2), (17, 12), (19, 12), (21, 14), (31, 20), (33, 20), (35, 30), (33, 26), (31, 28), (29, 28), (29, 20), (28, 17), (25, 20), (21, 20), (21, 18), (17, 20), (15, 18), (17, 26), (19, 26), (22, 35), (17, 34), (15, 32), (11, 34), (11, 26), (9, 26), (3, 28), (5, 12), (5, 6), (6, 7), (3, 6), (1, 7)]",372,203,0,203
372,"(1, 7)","(2, 7)",West,"[(1, 8), (2, 7)]","[(35, 4), (33, 4), (31, 6), (27, 4), (27, 2), (25, 4), (23, 2), (17, 12), (19, 12), (21, 14), (31, 20), (33, 20), (35, 30), (33, 26), (31, 28), (29, 28), (29, 20), (28, 17), (25, 20), (21, 20), (21, 18), (17, 20), (15, 18), (17, 26), (19, 26), (22, 35), (17, 34), (15, 32), (11, 34), (11, 26), (9, 26), (3, 28), (5, 12), (5, 6), (6, 7), (3, 6), (1, 7)]","[(35, 4), (33, 4), (31, 6), (27, 4), (27, 2), (25, 4), (23, 2), (17, 12), (19, 12), (21, 14), (31, 20), (33, 20), (35, 30), (33, 26), (31, 28), (29, 28), (29, 20), (28, 17), (25, 20), (21, 20), (21, 18), (17, 20), (15, 18), (17, 26), (19, 26), (22, 35), (17, 34), (15, 32), (11, 34), (11, 26), (9, 26), (3, 28), (5, 12), (5, 6), (6, 7), (3, 6), (1, 8)]",373,204,0,204
373,"(1, 8)","(1, 7)",North,"[(1, 9), (1, 7)]","[(35, 4), (33, 4), (31, 6), (27, 4), (27, 2), (25, 4), (23, 2), (17, 12), (19, 12), (21, 14), (31, 20), (33, 20), (35, 30), (33, 26), (31, 28), (29, 28), (29, 20), (28, 17), (25, 20), (21, 20), (21, 18), (17, 20), (15, 18), (17, 26), (19, 26), (22, 35), (17, 34), (15, 32), (11, 34), (11, 26), (9, 26), (3, 28), (5, 12), (5, 6), (6, 7), (3, 6), (1, 8)]","[(35, 4), (33, 4), (31, 6), (27, 4), (27, 2), (25, 4), (23, 2), (17, 12), (19, 12), (21, 14), (31, 20), (33, 20), (35, 30), (33, 26), (31, 28), (29, 28), (29, 20), (28, 17), (25, 20), (21, 20), (21, 18), (17, 20), (15, 18), (17, 26), (19, 26), (22, 35), (17, 34), (15, 32), (11, 34), (11, 26), (9, 26), (3, 28), (5, 12), (5, 6), (6, 7), (3, 6), (1, 9)]",374,205,0,205
374,"(1, 9)","(1, 8)",North,"[(1, 10), (1, 8)]","[(35, 4), (33, 4), (31, 6), (27, 4), (27, 2), (25, 4), (23, 2), (17, 12), (19, 12), (21, 14), (31, 20), (33, 20), (35, 30), (33, 26), (31, 28), (29, 28), (29, 20), (28, 17), (25, 20), (21, 20), (21, 18), (17, 20), (15, 18), (17, 26), (19, 26), (22, 35), (17, 34), (15, 32), (11, 34), (11, 26), (9, 26), (3, 28), (5, 12), (5, 6), (6, 7), (3, 6), (1, 9)]","[(35, 4), (33, 4), (31, 6), (27, 4), (27, 2), (25, 4), (23, 2), (17, 12), (19, 12), (21, 14), (31, 20), (33, 20), (35, 30), (33, 26), (31, 28), (29, 28), (29, 20), (28, 17), (25, 20), (21, 20), (21, 18), (17, 20), (15, 18), (17, 26), (19, 26), (22, 35), (17, 34), (15, 32), (11, 34), (11, 26), (9, 26), (3, 28), (5, 12), (5, 6), (6, 7), (3, 6), (1, 10)]",375,206,0,206
375,"(1, 10)","(1, 9)",North,"[(1, 11), (1, 9)]","[(35, 4), (33, 4), (31, 6), (27, 4), (27, 2), (25, 4), (23, 2), (17, 12), (19, 12), (21, 14), (31, 20), (33, 20), (35, 30), (33, 26), (31, 28), (29, 28), (29, 20), (28, 17), (25, 20), (21, 20), (21, 18), (17, 20), (15, 18), (17, 26), (19, 26), (22, 35), (17, 34), (15, 32), (11, 34), (11, 26), (9, 26), (3, 28), (5, 12), (5, 6), (6, 7), (3, 6), (1, 10)]","[(35, 4), (33, 4), (31, 6), (27, 4), (27, 2), (25, 4), (23, 2), (17, 12), (19, 12), (21, 14), (31, 20), (33, 20), (35, 30), (33, 26), (31, 28), (29, 28), (29, 20), (28, 17), (25, 20), (21, 20), (21, 18), (17, 20), (15, 18), (17, 26), (19, 26), (22, 35), (17, 34), (15, 32), (11, 34), (11, 26), (9, 26), (3, 28), (5, 12), (5, 6), (6, 7), (3, 6), (1, 11)]",376,207,0,207
376,"(1, 11)","(1, 10)",North,"[(1, 12), (1, 10)]","[(35, 4), (33, 4), (31, 6), (27, 4), (27, 2), (25, 4), (23, 2), (17, 12), (19, 12), (21, 14), (31, 20), (33, 20), (35, 30), (33, 26), (31, 28), (29, 28), (29, 20), (28, 17), (25, 20), (21, 20), (21, 18), (17, 20), (15, 18), (17, 26), (19, 26), (22, 35), (17, 34), (15, 32), (11, 34), (11, 26), (9, 26), (3, 28), (5, 12), (5, 6), (6, 7), (3, 6), (1, 11)]","[(35, 4), (33, 4), (31, 6), (27, 4), (27, 2), (25, 4), (23, 2), (17, 12), (19, 12), (21, 14), (31, 20), (33, 20), (35, 30), (33, 26), (31, 28), (29, 28), (29, 20), (28, 17), (25, 20), (21, 20), (21, 18), (17, 20), (15, 18), (17, 26), (19, 26), (22, 35), (17, 34), (15, 32), (11, 34), (11, 26), (9, 26), (3, 28), (5, 12), (5, 6), (6, 7), (3, 6), (1, 12)]",377,208,0,208
377,"(1, 12)","(1, 11)",North,"[(1, 13), (1, 11)]","[(35, 4), (33, 4), (31, 6), (27, 4), (27, 2), (25, 4), (23, 2), (17, 12), (19, 12), (21, 14), (31, 20), (33, 20), (35, 30), (33, 26), (31, 28), (29, 28), (29, 20), (28, 17), (25, 20), (21, 20), (21, 18), (17, 20), (15, 18), (17, 26), (19, 26), (22, 35), (17, 34), (15, 32), (11, 34), (11, 26), (9, 26), (3, 28), (5, 12), (5, 6), (6, 7), (3, 6), (1, 12)]","[(35, 4), (33, 4), (31, 6), (27, 4), (27, 2), (25, 4), (23, 2), (17, 12), (19, 12), (21, 14), (31, 20), (33, 20), (35, 30), (33, 26), (31, 28), (29, 28), (29, 20), (28, 17), (25, 20), (21, 20), (21, 18), (17, 20), (15, 18), (17, 26), (19, 26), (22, 35), (17, 34), (15, 32), (11, 34), (11, 26), (9, 26), (3, 28), (5, 12), (5, 6), (6, 7), (3, 6), (1, 13)]",378,209,0,209
378,"(1, 13)","(1, 12)",North,"[(1, 14), (1, 12)]","[(35, 4), (33, 4), (31, 6), (27, 4), (27, 2), (25, 4), (23, 2), (17, 12), (19, 12), (21, 14), (31, 20), (33, 20), (35, 30), (33, 26), (31, 28), (29, 28), (29, 20), (28, 17), (25, 20), (21, 20), (21, 18), (17, 20), (15, 18), (17, 26), (19, 26), (22, 35), (17, 34), (15, 32), (11, 34), (11, 26), (9, 26), (3, 28), (5, 12), (5, 6), (6, 7), (3, 6), (1, 13)]","[(35, 4), (33, 4), (31, 6), (27, 4), (27, 2), (25, 4), (23, 2), (17, 12), (19, 12), (21, 14), (31, 20), (33, 20), (35, 30), (33, 26), (31, 28), (29, 28), (29, 20), (28, 17), (25, 20), (21, 20), (21, 18), (17, 20), (15, 18), (17, 26), (19, 26), (22, 35), (17, 34), (15, 32), (11, 34), (11, 26), (9, 26), (3, 28), (5, 12), (5, 6), (6, 7), (3, 6), (1, 14)]",379,210,0,210
379,"(1, 14)","(1, 13)",North,"[(1, 15), (1, 13)]","[(35, 4), (33, 4), (31, 6), (27, 4), (27, 2), (25, 4), (23, 2), (17, 12), (19, 12), (21, 14), (31, 20), (33, 20), (35, 30), (33, 26), (31, 28), (29, 28), (29, 20), (28, 17), (25, 20), (21, 20), (21, 18), (17, 20), (15, 18), (17, 26), (19, 26), (22, 35), (17, 34), (15, 32), (11, 34), (11, 26), (9, 26), (3, 28), (5, 12), (5, 6), (6, 7), (3, 6), (1, 14)]","[(35, 4), (33, 4), (31, 6), (27, 4), (27, 2), (25, 4), (23, 2), (17, 12), (19, 12), (21, 14), (31, 20), (33, 20), (35, 30), (33, 26), (31, 28), (29, 28), (29, 20), (28, 17), (25, 20), (21, 20), (21, 18), (17, 20), (15, 18), (17, 26), (19, 26), (22, 35), (17, 34), (15, 32), (11, 34), (11, 26), (9, 26), (3, 28), (5, 12), (5, 6), (6, 7), (3, 6), (1, 15)]",380,211,0,211
380,"(1, 15)","(1, 14)",North,"[(1, 14), (2, 15)]","[(35, 4), (33, 4), (31, 6), (27, 4), (27, 2), (25, 4), (23, 2), (17, 12), (19, 12), (21, 14), (31, 20), (33, 20), (35, 30), (33, 26), (31, 28), (29, 28), (29, 20), (28, 17), (25, 20), (21, 20), (21, 18), (17, 20), (15, 18), (17, 26), (19, 26), (22, 35), (17, 34), (15, 32), (11, 34), (11, 26), (9, 26), (3, 28), (5, 12), (5, 6), (6, 7), (3, 6), (1, 15)]","[(35, 4), (33, 4), (31, 6), (27, 4), (27, 2), (25, 4), (23, 2), (17, 12), (19, 12), (21, 14), (31, 20), (33, 20), (35, 30), (33, 26), (31, 28), (29, 28), (29, 20), (28, 17), (25, 20), (21, 20), (21, 18), (17, 20), (15, 18), (17, 26), (19, 26), (22, 35), (17, 34), (15, 32), (11, 34), (11, 26), (9, 26), (3, 28), (5, 12), (5, 6), (6, 7), (3, 6), (2, 15)]",381,212,0,212
381,"(2, 15)","(1, 15)",East,"[(3, 15), (1, 15)]","[(35, 4), (33, 4), (31, 6), (27, 4), (27, 2), (25, 4), (23, 2), (17, 12), (19, 12), (21, 14), (31, 20), (33, 20), (35, 30), (33, 26), (31, 28), (29, 28), (29, 20), (28, 17), (25, 20), (21, 20), (21, 18), (17, 20), (15, 18), (17, 26), (19, 26), (22, 35), (17, 34), (15, 32), (11, 34), (11, 26), (9, 26), (3, 28), (5, 12), (5, 6), (6, 7), (3, 6), (2, 15)]","[(35, 4), (33, 4), (31, 6), (27, 4), (27, 2), (25, 4), (23, 2), (17, 12), (19, 12), (21, 14), (31, 20), (33, 20), (35, 30), (33, 26), (31, 28), (29, 28), (29, 20), (28, 17), (25, 20), (21, 20), (21, 18), (17, 20), (15, 18), (17, 26), (19, 26), (22, 35), (17, 34), (15, 32), (11, 34), (11, 26), (9, 26), (3, 28), (5, 12), (5, 6), (6, 7), (3, 6), (3, 15)]",382,213,0,213
382,"(3, 15)","(2, 15)",East,"[(2, 15)]","[(35, 4), (33, 4), (31, 6), (27, 4), (27, 2), (25, 4), (23, 2), (17, 12), (19, 12), (21, 14), (31, 20), (33, 20), (35, 30), (33, 26), (31, 28), (29, 28), (29, 20), (28, 17), (25, 20), (21, 20), (21, 18), (17, 20), (15, 18), (17, 26), (19, 26), (22, 35), (17, 34), (15, 32), (11, 34), (11, 26), (9, 26), (3, 28), (5, 12), (5, 6), (6, 7), (3, 6), (3, 15)]","[(35, 4), (33, 4), (31, 6), (27, 4), (27, 2), (25, 4), (23, 2), (17, 12), (19, 12), (21, 14), (31, 20), (33, 20), (35, 30), (33, 26), (31, 28), (29, 28), (29, 20), (28, 17), (25, 20), (21, 20), (21, 18), (17, 20), (15, 18), (17, 26), (19, 26), (22, 35), (17, 34), (15, 32), (11, 34), (11, 26), (9, 26), (3, 28), (5, 12), (5, 6), (6, 7), (3, 6)]",383,214,0,214
383,"(3, 6)","(3, 7)",South,"[(3, 7), (3, 5)]","[(35, 4), (33, 4), (31, 6), (27, 4), (27, 2), (25, 4), (23, 2), (17, 12), (19, 12), (21, 14), (31, 20), (33, 20), (35, 30), (33, 26), (31, 28), (29, 28), (29, 20), (28, 17), (25, 20), (21, 20), (21, 18), (17, 20), (15, 18), (17, 26), (19, 26), (22, 35), (17, 34), (15, 32), (11, 34), (11, 26), (9, 26), (3, 28), (5, 12), (5, 6), (6, 7), (3, 6)]","[(35, 4), (33, 4), (31, 6), (27, 4), (27, 2), (25, 4), (23, 2), (17, 12), (19, 12), (21, 14), (31, 20), (33, 20), (35, 30), (33, 26), (31, 28), (29, 28), (29, 20), (28, 17), (25, 20), (21, 20), (21, 18), (17, 20), (15, 18), (17, 26), (19, 26), (22, 35), (17, 34), (15, 32), (11, 34), (11, 26), (9, 26), (3, 28), (5, 12), (5, 6), (6, 7), (3, 5)]",384,203,0,203
384,"(3, 5)","(3, 6)",South,"[(3, 6), (3, 4)]","[(35, 4), (33, 4), (31, 6), (27, 4), (27, 2), (25, 4), (23, 2), (17, 12), (19, 12), (21, 14), (31, 20), (33, 20), (35, 30), (33, 26), (31, 28), (29, 28), (29, 20), (28, 17), (25, 20), (21, 20), (21, 18), (17, 20), (15, 18), (17, 26), (19, 26), (22, 35), (17, 34), (15, 32), (11, 34), (11, 26), (9, 26), (3, 28), (5, 12), (5, 6), (6, 7), (3, 5)]","[(35, 4), (33, 4), (31, 6), (27, 4), (27, 2), (25, 4), (23, 2), (17, 12), (19, 12), (21, 14), (31, 20), (33, 20), (35, 30), (33, 26), (31, 28), (29, 28), (29, 20), (28, 17), (25, 20), (21, 20), (21, 18), (17, 20), (15, 18), (17, 26), (19, 26), (22, 35), (17, 34), (15, 32), (11, 34), (11, 26), (9, 26), (3, 28), (5, 12), (5, 6), (6, 7), (3, 4)]",385,204,0,204
385,"(3, 4)","(3, 5)",South,"[(3, 5), (3, 3)]","[(35, 4), (33, 4), (31, 6), (27, 4), (27, 2), (25, 4), (23, 2), (17, 12), (19, 12), (21, 14), (31, 20), (33, 20), (35, 30), (33, 26), (31, 28), (29, 28), (29, 20), (28, 17), (25, 20), (21, 20), (21, 18), (17, 20), (15, 18), (17, 26), (19, 26), (22, 35), (17, 34), (15, 32), (11, 34), (11, 26), (9, 26), (3, 28), (5, 12), (5, 6), (6, 7), (3, 4)]","[(35, 4), (33, 4), (31, 6), (27, 4), (27, 2), (25, 4), (23, 2), (17, 12), (19, 12), (21, 14), (31, 20), (33, 20), (35, 30), (33, 26), (31, 28), (29, 28), (29, 20), (28, 17), (25, 20), (21, 20), (21, 18), (17, 20), (15, 18), (17, 26), (19, 26), (22, 35), (17, 34), (15, 32), (11, 34), (11, 26), (9, 26), (3, 28), (5, 12), (5, 6), (6, 7), (3, 3)]",386,205,0,205
386,"(3, 3)","(3, 4)",South,"[(3, 4), (3, 2), (2, 3)]","[(35, 4), (33, 4), (31, 6), (27, 4), (27, 2), (25, 4), (23, 2), (17, 12), (19, 12), (21, 14), (31, 20), (33, 20), (35, 30), (33, 26), (31, 28), (29, 28), (29, 20), (28, 17), (25, 20), (21, 20), (21, 18), (17, 20), (15, 18), (17, 26), (19, 26), (22, 35), (17, 34), (15, 32), (11, 34), (11, 26), (9, 26), (3, 28), (5, 12), (5, 6), (6, 7), (3, 3)]","[(35, 4), (33, 4), (31, 6), (27, 4), (27, 2), (25, 4), (23, 2), (17, 12), (19, 12), (21, 14), (31, 20), (33, 20), (35, 30), (33, 26), (31, 28), (29, 28), (29, 20), (28, 17), (25, 20), (21, 20), (21, 18), (17, 20), (15, 18), (17, 26), (19, 26), (22, 35), (17, 34), (15, 32), (11, 34), (11, 26), (9, 26), (3, 28), (5, 12), (5, 6), (6, 7), (3, 2), (2, 3)]",387,206,0,206
387,"(2, 3)","(3, 3)",West,"[(3, 3), (1, 3)]","[(35, 4), (33, 4), (31, 6), (27, 4), (27, 2), (25, 4), (23, 2), (17, 12), (19, 12), (21, 14), (31, 20), (33, 20), (35, 30), (33, 26), (31, 28), (29, 28), (29, 20), (28, 17), (25, 20), (21, 20), (21, 18), (17, 20), (15, 18), (17, 26), (19, 26), (22, 35), (17, 34), (15, 32), (11, 34), (11, 26), (9, 26), (3, 28), (5, 12), (5, 6), (6, 7), (3, 2), (2, 3)]","[(35, 4), (33, 4), (31, 6), (27, 4), (27, 2), (25, 4), (23, 2), (17, 12), (19, 12), (21, 14), (31, 20), (33, 20), (35, 30), (33, 26), (31, 28), (29, 28), (29, 20), (28, 17), (25, 20), (21, 20), (21, 18), (17, 20), (15, 18), (17, 26), (19, 26), (22, 35), (17, 34), (15, 32), (11, 34), (11, 26), (9, 26), (3, 28), (5, 12), (5, 6), (6, 7), (3, 2), (1, 3)]",388,207,0,207
388,"(1, 3)","(2, 3)",West,"[(1, 4), (1, 2), (2, 3)]","[(35, 4), (33, 4), (31, 6), (27, 4), (27, 2), (25, 4), (23, 2), (17, 12), (19, 12), (21, 14), (31, 20), (33, 20), (35, 30), (33, 26), (31, 28), (29, 28), (29, 20), (28, 17), (25, 20), (21, 20), (21, 18), (17, 20), (15, 18), (17, 26), (19, 26), (22, 35), (17, 34), (15, 32), (11, 34), (11, 26), (9, 26), (3, 28), (5, 12), (5, 6), (6, 7), (3, 2), (1, 3)]","[(35, 4), (33, 4), (31, 6), (27, 4), (27, 2), (25, 4), (23, 2), (17, 12), (19, 12), (21, 14), (31, 20), (33, 20), (35, 30), (33, 26), (31, 28), (29, 28), (29, 20), (28, 17), (25, 20), (21, 20), (21, 18), (17, 20), (15, 18), (17, 26), (19, 26), (22, 35), (17, 34), (15, 32), (11, 34), (11, 26), (9, 26), (3, 28), (5, 12), (5, 6), (6, 7), (3, 2), (1, 4), (1, 2)]",389,208,0,208
389,"(1, 2)","(1, 3)",South,"[(1, 3), (1, 1)]","[(35, 4), (33, 4), (31, 6), (27, 4), (27, 2), (25, 4), (23, 2), (17, 12), (19, 12), (21, 14), (31, 20), (33, 20), (35, 30), (33, 26), (31, 28), (29, 28), (29, 20), (28, 17), (25, 20), (21, 20), (21, 18), (17, 20), (15, 18), (17, 26), (19, 26), (22, 35), (17, 34), (15, 32), (11, 34), (11, 26), (9, 26), (3, 28), (5, 12), (5, 6), (6, 7), (3, 2), (1, 4), (1, 2)]","[(35, 4), (33, 4), (31, 6), (27, 4), (27, 2), (25, 4), (23, 2), (17, 12), (19, 12), (21, 14), (31, 20), (33, 20), (35, 30), (33, 26), (31, 28), (29, 28), (29, 20), (28, 17), (25, 20), (21, 20), (21, 18), (17, 20), (15, 18), (17, 26), (19, 26), (22, 35), (17, 34), (15, 32), (11, 34), (11, 26), (9, 26), (3, 28), (5, 12), (5, 6), (6, 7), (3, 2), (1, 4), (1, 1)]",390,209,0,209
390,"(1, 1)","(1, 2)",South,[],"[(35, 4), (33, 4), (31, 6), (27, 4), (27, 2), (25, 4), (23, 2), (17, 12), (19, 12), (21, 14), (31, 20), (33, 20), (35, 30), (33, 26), (31, 28), (29, 28), (29, 20), (28, 17), (25, 20), (21, 20), (21, 18), (17, 20), (15, 18), (17, 26), (19, 26), (22, 35), (17, 34), (15, 32), (11, 34), (11, 26), (9, 26), (3, 28), (5, 12), (5, 6), (6, 7), (3, 2), (1, 4), (1, 1)]","[(35, 4), (33, 4), (31, 6), (27, 4), (27, 2), (25, 4), (23, 2), (17, 12), (19, 12), (21, 14), (31, 20), (33, 20), (35, 30), (33, 26), (31, 28), (29, 28), (29, 20), (28, 17), (25, 20), (21, 20), (21, 18), (17, 20), (15, 18), (17, 26), (19, 26), (22, 35), (17, 34), (15, 32), (11, 34), (11, 26), (9, 26), (3, 28), (5, 12), (5, 6), (6, 7), (3, 2), (1, 4)]",390,210,0,210
