iteration,expanded_state,parent,action,generated_successors,frontier_before,frontier_after,explored,g,h,f
0,"((4, 5), (False, False, False, False))",None,None,"[((4, 6), (False, False, False, False)), ((5, 5), (False, False, False, False)), ((3, 5), (False, False, False, False))]","[((4, 5), (False, False, False, False))]","[((3, 5), (False, False, False, False)), ((5, 5), (False, False, False, False)), ((4, 6), (False, False, False, False))]",1,0,0,0
1,"((4, 6), (False, False, False, False))","((4, 5), (False, False, False, False))",North,"[((4, 5), (False, False, False, False)), ((5, 6), (False, False, False, False)), ((3, 6), (False, False, False, False))]","[((3, 5), (False, False, False, False)), ((5, 5), (False, False, False, False)), ((4, 6), (False, False, False, False))]","[((3, 6), (False, False, False, False)), ((5, 6), (False, False, False, False)), ((3, 5), (False, False, False, False)), ((5, 5), (False, False, False, False))]",2,1,0,1
2,"((5, 5), (False, False, False, False))","((4, 5), (False, False, False, False))",East,"[((5, 6), (False, False, False, False)), ((6, 5), (False, False, False, False)), ((4, 5), (False, False, False, False))]","[((3, 6), (False, False, False, False)), ((5, 6), (False, False, False, False)), ((3, 5), (False, False, False, False)), ((5, 5), (False, False, False, False))]","[((6, 5), (False, False, False, False)), ((5, 6), (False, False, False, False)), ((3, 6), (False, False, False, False)), ((5, 6), (False, False, False, False)), ((3, 5), (False, False, False, False))]",3,1,0,1
3,"((3, 5), (False, False, False, False))","((4, 5), (False, False, False, False))",West,"[((3, 6), (False, False, False, False)), ((4, 5), (False, False, False, False)), ((2, 5), (False, False, False, False))]","[((6, 5), (False, False, False, False)), ((5, 6), (False, False, False, False)), ((3, 6), (False, False, False, False)), ((5, 6), (False, False, False, False)), ((3, 5), (False, False, False, False))]","[((2, 5), (False, False, False, False)), ((3, 6), (False, False, False, False)), ((6, 5), (False, False, False, False)), ((5, 6), (False, False, False, False)), ((3, 6), (False, False, False, False)), ((5, 6), (False, False, False, False))]",4,1,0,1
4,"((5, 6), (False, False, False, False))","((4, 6), (False, False, False, False))",East,"[((5, 5), (False, False, False, False)), ((6, 6), (False, False, False, True)), ((4, 6), (False, False, False, False))]","[((2, 5), (False, False, False, False)), ((3, 6), (False, False, False, False)), ((6, 5), (False, False, False, False)), ((5, 6), (False, False, False, False)), ((3, 6), (False, False, False, False)), ((5, 6), (False, False, False, False))]","[((6, 6), (False, False, False, True)), ((2, 5), (False, False, False, False)), ((3, 6), (False, False, False, False)), ((6, 5), (False, False, False, False)), ((5, 6), (False, False, False, False)), ((3, 6), (False, False, False, False))]",5,2,0,2
5,"((3, 6), (False, False, False, False))","((4, 6), (False, False, False, False))",West,"[((3, 5), (False, False, False, False)), ((4, 6), (False, False, False, False)), ((2, 6), (False, False, False, False))]","[((6, 6), (False, False, False, True)), ((2, 5), (False, False, False, False)), ((3, 6), (False, False, False, False)), ((6, 5), (False, False, False, False)), ((5, 6), (False, False, False, False)), ((3, 6), (False, False, False, False))]","[((2, 6), (False, False, False, False)), ((6, 6), (False, False, False, True)), ((2, 5), (False, False, False, False)), ((3, 6), (False, False, False, False)), ((6, 5), (False, False, False, False)), ((5, 6), (False, False, False, False))]",6,2,0,2
6,"((6, 5), (False, False, False, False))","((5, 5), (False, False, False, False))",East,"[((6, 6), (False, False, False, True)), ((6, 4), (False, False, False, False)), ((5, 5), (False, False, False, False))]","[((2, 6), (False, False, False, False)), ((6, 6), (False, False, False, True)), ((2, 5), (False, False, False, False)), ((3, 6), (False, False, False, False)), ((6, 5), (False, False, False, False))]","[((6, 4), (False, False, False, False)), ((6, 6), (False, False, False, True)), ((2, 6), (False, False, False, False)), ((6, 6), (False, False, False, True)), ((2, 5), (False, False, False, False)), ((3, 6), (False, False, False, False))]",7,2,0,2
7,"((2, 5), (False, False, False, False))","((3, 5), (False, False, False, False))",West,"[((2, 6), (False, False, False, False)), ((3, 5), (False, False, False, False)), ((1, 5), (False, False, False, False))]","[((6, 4), (False, False, False, False)), ((6, 6), (False, False, False, True)), ((2, 6), (False, False, False, False)), ((6, 6), (False, False, False, True)), ((2, 5), (False, False, False, False))]","[((1, 5), (False, False, False, False)), ((2, 6), (False, False, False, False)), ((6, 4), (False, False, False, False)), ((6, 6), (False, False, False, True)), ((2, 6), (False, False, False, False)), ((6, 6), (False, False, False, True))]",8,2,0,2
8,"((6, 6), (False, False, False, True))","((5, 6), (False, False, False, False))",East,"[((6, 5), (False, False, False, True)), ((5, 6), (False, False, False, True))]","[((1, 5), (False, False, False, False)), ((2, 6), (False, False, False, False)), ((6, 4), (False, False, False, False)), ((6, 6), (False, False, False, True)), ((2, 6), (False, False, False, False)), ((6, 6), (False, False, False, True))]","[((5, 6), (False, False, False, True)), ((6, 5), (False, False, False, True)), ((1, 5), (False, False, False, False)), ((2, 6), (False, False, False, False)), ((6, 4), (False, False, False, False)), ((6, 6), (False, False, False, True)), ((2, 6), (False, False, False, False))]",9,3,0,3
9,"((2, 6), (False, False, False, False))","((3, 6), (False, False, False, False))",West,"[((2, 5), (False, False, False, False)), ((3, 6), (False, False, False, False)), ((1, 6), (False, True, False, False))]","[((5, 6), (False, False, False, True)), ((6, 5), (False, False, False, True)), ((1, 5), (False, False, False, False)), ((2, 6), (False, False, False, False)), ((6, 4), (False, False, False, False)), ((6, 6), (False, False, False, True)), ((2, 6), (False, False, False, False))]","[((1, 6), (False, True, False, False)), ((5, 6), (False, False, False, True)), ((6, 5), (False, False, False, True)), ((1, 5), (False, False, False, False)), ((2, 6), (False, False, False, False)), ((6, 4), (False, False, False, False)), ((6, 6), (False, False, False, True))]",10,3,0,3
10,"((6, 4), (False, False, False, False))","((6, 5), (False, False, False, False))",South,"[((6, 5), (False, False, False, False)), ((6, 3), (False, False, False, False))]","[((1, 6), (False, True, False, False)), ((5, 6), (False, False, False, True)), ((6, 5), (False, False, False, True)), ((1, 5), (False, False, False, False)), ((2, 6), (False, False, False, False)), ((6, 4), (False, False, False, False))]","[((6, 3), (False, False, False, False)), ((1, 6), (False, True, False, False)), ((5, 6), (False, False, False, True)), ((6, 5), (False, False, False, True)), ((1, 5), (False, False, False, False)), ((2, 6), (False, False, False, False))]",11,3,0,3
11,"((1, 5), (False, False, False, False))","((2, 5), (False, False, False, False))",West,"[((1, 6), (False, True, False, False)), ((1, 4), (False, False, False, False)), ((2, 5), (False, False, False, False))]","[((6, 3), (False, False, False, False)), ((1, 6), (False, True, False, False)), ((5, 6), (False, False, False, True)), ((6, 5), (False, False, False, True)), ((1, 5), (False, False, False, False))]","[((1, 4), (False, False, False, False)), ((1, 6), (False, True, False, False)), ((6, 3), (False, False, False, False)), ((1, 6), (False, True, False, False)), ((5, 6), (False, False, False, True)), ((6, 5), (False, False, False, True))]",12,3,0,3
12,"((6, 5), (False, False, False, True))","((6, 6), (False, False, False, True))",South,"[((6, 6), (False, False, False, True)), ((6, 4), (False, False, False, True)), ((5, 5), (False, False, False, True))]","[((1, 4), (False, False, False, False)), ((1, 6), (False, True, False, False)), ((6, 3), (False, False, False, False)), ((1, 6), (False, True, False, False)), ((5, 6), (False, False, False, True)), ((6, 5), (False, False, False, True))]","[((5, 5), (False, False, False, True)), ((6, 4), (False, False, False, True)), ((1, 4), (False, False, False, False)), ((1, 6), (False, True, False, False)), ((6, 3), (False, False, False, False)), ((1, 6), (False, True, False, False)), ((5, 6), (False, False, False, True))]",13,4,0,4
13,"((5, 6), (False, False, False, True))","((6, 6), (False, False, False, True))",West,"[((5, 5), (False, False, False, True)), ((6, 6), (False, False, False, True)), ((4, 6), (False, False, False, True))]","[((5, 5), (False, False, False, True)), ((6, 4), (False, False, False, True)), ((1, 4), (False, False, False, False)), ((1, 6), (False, True, False, False)), ((6, 3), (False, False, False, False)), ((1, 6), (False, True, False, False)), ((5, 6), (False, False, False, True))]","[((4, 6), (False, False, False, True)), ((5, 5), (False, False, False, True)), ((5, 5), (False, False, False, True)), ((6, 4), (False, False, False, True)), ((1, 4), (False, False, False, False)), ((1, 6), (False, True, False, False)), ((6, 3), (False, False, False, False)), ((1, 6), (False, True, False, False))]",14,4,0,4
14,"((1, 6), (False, True, False, False))","((2, 6), (False, False, False, False))",West,"[((1, 5), (False, True, False, False)), ((2, 6), (False, True, False, False))]","[((4, 6), (False, False, False, True)), ((5, 5), (False, False, False, True)), ((5, 5), (False, False, False, True)), ((6, 4), (False, False, False, True)), ((1, 4), (False, False, False, False)), ((1, 6), (False, True, False, False)), ((6, 3), (False, False, False, False)), ((1, 6), (False, True, False, False))]","[((2, 6), (False, True, False, False)), ((1, 5), (False, True, False, False)), ((4, 6), (False, False, False, True)), ((5, 5), (False, False, False, True)), ((5, 5), (False, False, False, True)), ((6, 4), (False, False, False, True)), ((1, 4), (False, False, False, False)), ((1, 6), (False, True, False, False)), ((6, 3), (False, False, False, False))]",15,4,0,4
15,"((6, 3), (False, False, False, False))","((6, 4), (False, False, False, False))",South,"[((6, 4), (False, False, False, False)), ((5, 3), (False, False, False, False))]","[((2, 6), (False, True, False, False)), ((1, 5), (False, True, False, False)), ((4, 6), (False, False, False, True)), ((5, 5), (False, False, False, True)), ((5, 5), (False, False, False, True)), ((6, 4), (False, False, False, True)), ((1, 4), (False, False, False, False)), ((1, 6), (False, True, False, False)), ((6, 3), (False, False, False, False))]","[((5, 3), (False, False, False, False)), ((2, 6), (False, True, False, False)), ((1, 5), (False, True, False, False)), ((4, 6), (False, False, False, True)), ((5, 5), (False, False, False, True)), ((5, 5), (False, False, False, True)), ((6, 4), (False, False, False, True)), ((1, 4), (False, False, False, False)), ((1, 6), (False, True, False, False))]",16,4,0,4
16,"((1, 4), (False, False, False, False))","((1, 5), (False, False, False, False))",South,"[((1, 5), (False, False, False, False)), ((1, 3), (False, False, False, False))]","[((5, 3), (False, False, False, False)), ((2, 6), (False, True, False, False)), ((1, 5), (False, True, False, False)), ((4, 6), (False, False, False, True)), ((5, 5), (False, False, False, True)), ((5, 5), (False, False, False, True)), ((6, 4), (False, False, False, True)), ((1, 4), (False, False, False, False))]","[((1, 3), (False, False, False, False)), ((5, 3), (False, False, False, False)), ((2, 6), (False, True, False, False)), ((1, 5), (False, True, False, False)), ((4, 6), (False, False, False, True)), ((5, 5), (False, False, False, True)), ((5, 5), (False, False, False, True)), ((6, 4), (False, False, False, True))]",17,4,0,4
17,"((6, 4), (False, False, False, True))","((6, 5), (False, False, False, True))",South,"[((6, 5), (False, False, False, True)), ((6, 3), (False, False, False, True))]","[((1, 3), (False, False, False, False)), ((5, 3), (False, False, False, False)), ((2, 6), (False, True, False, False)), ((1, 5), (False, True, False, False)), ((4, 6), (False, False, False, True)), ((5, 5), (False, False, False, True)), ((5, 5), (False, False, False, True)), ((6, 4), (False, False, False, True))]","[((6, 3), (False, False, False, True)), ((1, 3), (False, False, False, False)), ((5, 3), (False, False, False, False)), ((2, 6), (False, True, False, False)), ((1, 5), (False, True, False, False)), ((4, 6), (False, False, False, True)), ((5, 5), (False, False, False, True)), ((5, 5), (False, False, False, True))]",18,5,0,5
18,"((5, 5), (False, False, False, True))","((6, 5), (False, False, False, True))",West,"[((5, 6), (False, False, False, True)), ((6, 5), (False, False, False, True)), ((4, 5), (False, False, False, True))]","[((6, 3), (False, False, False, True)), ((1, 3), (False, False, False, False)), ((5, 3), (False, False, False, False)), ((2, 6), (False, True, False, False)), ((1, 5), (False, True, False, False)), ((4, 6), (False, False, False, True)), ((5, 5), (False, False, False, True)), ((5, 5), (False, False, False, True))]","[((4, 5), (False, False, False, True)), ((6, 3), (False, False, False, True)), ((1, 3), (False, False, False, False)), ((5, 3), (False, False, False, False)), ((2, 6), (False, True, False, False)), ((1, 5), (False, True, False, False)), ((4, 6), (False, False, False, True)), ((5, 5), (False, False, False, True))]",19,5,0,5
19,"((4, 6), (False, False, False, True))","((5, 6), (False, False, False, True))",West,"[((4, 5), (False, False, False, True)), ((5, 6), (False, False, False, True)), ((3, 6), (False, False, False, True))]","[((4, 5), (False, False, False, True)), ((6, 3), (False, False, False, True)), ((1, 3), (False, False, False, False)), ((5, 3), (False, False, False, False)), ((2, 6), (False, True, False, False)), ((1, 5), (False, True, False, False)), ((4, 6), (False, False, False, True))]","[((3, 6), (False, False, False, True)), ((4, 5), (False, False, False, True)), ((4, 5), (False, False, False, True)), ((6, 3), (False, False, False, True)), ((1, 3), (False, False, False, False)), ((5, 3), (False, False, False, False)), ((2, 6), (False, True, False, False)), ((1, 5), (False, True, False, False))]",20,5,0,5
20,"((1, 5), (False, True, False, False))","((1, 6), (False, True, False, False))",South,"[((1, 6), (False, True, False, False)), ((1, 4), (False, True, False, False)), ((2, 5), (False, True, False, False))]","[((3, 6), (False, False, False, True)), ((4, 5), (False, False, False, True)), ((4, 5), (False, False, False, True)), ((6, 3), (False, False, False, True)), ((1, 3), (False, False, False, False)), ((5, 3), (False, False, False, False)), ((2, 6), (False, True, False, False)), ((1, 5), (False, True, False, False))]","[((2, 5), (False, True, False, False)), ((1, 4), (False, True, False, False)), ((3, 6), (False, False, False, True)), ((4, 5), (False, False, False, True)), ((4, 5), (False, False, False, True)), ((6, 3), (False, False, False, True)), ((1, 3), (False, False, False, False)), ((5, 3), (False, False, False, False)), ((2, 6), (False, True, False, False))]",21,5,0,5
21,"((2, 6), (False, True, False, False))","((1, 6), (False, True, False, False))",East,"[((2, 5), (False, True, False, False)), ((3, 6), (False, True, False, False)), ((1, 6), (False, True, False, False))]","[((2, 5), (False, True, False, False)), ((1, 4), (False, True, False, False)), ((3, 6), (False, False, False, True)), ((4, 5), (False, False, False, True)), ((4, 5), (False, False, False, True)), ((6, 3), (False, False, False, True)), ((1, 3), (False, False, False, False)), ((5, 3), (False, False, False, False)), ((2, 6), (False, True, False, False))]","[((3, 6), (False, True, False, False)), ((2, 5), (False, True, False, False)), ((2, 5), (False, True, False, False)), ((1, 4), (False, True, False, False)), ((3, 6), (False, False, False, True)), ((4, 5), (False, False, False, True)), ((4, 5), (False, False, False, True)), ((6, 3), (False, False, False, True)), ((1, 3), (False, False, False, False)), ((5, 3), (False, False, False, False))]",22,5,0,5
22,"((5, 3), (False, False, False, False))","((6, 3), (False, False, False, False))",West,"[((6, 3), (False, False, False, False)), ((4, 3), (False, False, False, False))]","[((3, 6), (False, True, False, False)), ((2, 5), (False, True, False, False)), ((2, 5), (False, True, False, False)), ((1, 4), (False, True, False, False)), ((3, 6), (False, False, False, True)), ((4, 5), (False, False, False, True)), ((4, 5), (False, False, False, True)), ((6, 3), (False, False, False, True)), ((1, 3), (False, False, False, False)), ((5, 3), (False, False, False, False))]","[((4, 3), (False, False, False, False)), ((3, 6), (False, True, False, False)), ((2, 5), (False, True, False, False)), ((2, 5), (False, True, False, False)), ((1, 4), (False, True, False, False)), ((3, 6), (False, False, False, True)), ((4, 5), (False, False, False, True)), ((4, 5), (False, False, False, True)), ((6, 3), (False, False, False, True)), ((1, 3), (False, False, False, False))]",23,5,0,5
23,"((1, 3), (False, False, False, False))","((1, 4), (False, False, False, False))",South,"[((1, 4), (False, False, False, False)), ((1, 2), (False, False, False, False))]","[((4, 3), (False, False, False, False)), ((3, 6), (False, True, False, False)), ((2, 5), (False, True, False, False)), ((2, 5), (False, True, False, False)), ((1, 4), (False, True, False, False)), ((3, 6), (False, False, False, True)), ((4, 5), (False, False, False, True)), ((4, 5), (False, False, False, True)), ((6, 3), (False, False, False, True)), ((1, 3), (False, False, False, False))]","[((1, 2), (False, False, False, False)), ((4, 3), (False, False, False, False)), ((3, 6), (False, True, False, False)), ((2, 5), (False, True, False, False)), ((2, 5), (False, True, False, False)), ((1, 4), (False, True, False, False)), ((3, 6), (False, False, False, True)), ((4, 5), (False, False, False, True)), ((4, 5), (False, False, False, True)), ((6, 3), (False, False, False, True))]",24,5,0,5
24,"((6, 3), (False, False, False, True))","((6, 4), (False, False, False, True))",South,"[((6, 4), (False, False, False, True)), ((5, 3), (False, False, False, True))]","[((1, 2), (False, False, False, False)), ((4, 3), (False, False, False, False)), ((3, 6), (False, True, False, False)), ((2, 5), (False, True, False, False)), ((2, 5), (False, True, False, False)), ((1, 4), (False, True, False, False)), ((3, 6), (False, False, False, True)), ((4, 5), (False, False, False, True)), ((4, 5), (False, False, False, True)), ((6, 3), (False, False, False, True))]","[((5, 3), (False, False, False, True)), ((1, 2), (False, False, False, False)), ((4, 3), (False, False, False, False)), ((3, 6), (False, True, False, False)), ((2, 5), (False, True, False, False)), ((2, 5), (False, True, False, False)), ((1, 4), (False, True, False, False)), ((3, 6), (False, False, False, True)), ((4, 5), (False, False, False, True)), ((4, 5), (False, False, False, True))]",25,6,0,6
25,"((4, 5), (False, False, False, True))","((5, 5), (False, False, False, True))",West,"[((4, 6), (False, False, False, True)), ((5, 5), (False, False, False, True)), ((3, 5), (False, False, False, True))]","[((5, 3), (False, False, False, True)), ((1, 2), (False, False, False, False)), ((4, 3), (False, False, False, False)), ((3, 6), (False, True, False, False)), ((2, 5), (False, True, False, False)), ((2, 5), (False, True, False, False)), ((1, 4), (False, True, False, False)), ((3, 6), (False, False, False, True)), ((4, 5), (False, False, False, True)), ((4, 5), (False, False, False, True))]","[((3, 5), (False, False, False, True)), ((5, 3), (False, False, False, True)), ((1, 2), (False, False, False, False)), ((4, 3), (False, False, False, False)), ((3, 6), (False, True, False, False)), ((2, 5), (False, True, False, False)), ((2, 5), (False, True, False, False)), ((1, 4), (False, True, False, False)), ((3, 6), (False, False, False, True)), ((4, 5), (False, False, False, True))]",26,6,0,6
26,"((3, 6), (False, False, False, True))","((4, 6), (False, False, False, True))",West,"[((3, 5), (False, False, False, True)), ((4, 6), (False, False, False, True)), ((2, 6), (False, False, False, True))]","[((3, 5), (False, False, False, True)), ((5, 3), (False, False, False, True)), ((1, 2), (False, False, False, False)), ((4, 3), (False, False, False, False)), ((3, 6), (False, True, False, False)), ((2, 5), (False, True, False, False)), ((2, 5), (False, True, False, False)), ((1, 4), (False, True, False, False)), ((3, 6), (False, False, False, True))]","[((2, 6), (False, False, False, True)), ((3, 5), (False, False, False, True)), ((3, 5), (False, False, False, True)), ((5, 3), (False, False, False, True)), ((1, 2), (False, False, False, False)), ((4, 3), (False, False, False, False)), ((3, 6), (False, True, False, False)), ((2, 5), (False, True, False, False)), ((2, 5), (False, True, False, False)), ((1, 4), (False, True, False, False))]",27,6,0,6
27,"((1, 4), (False, True, False, False))","((1, 5), (False, True, False, False))",South,"[((1, 5), (False, True, False, False)), ((1, 3), (False, True, False, False))]","[((2, 6), (False, False, False, True)), ((3, 5), (False, False, False, True)), ((3, 5), (False, False, False, True)), ((5, 3), (False, False, False, True)), ((1, 2), (False, False, False, False)), ((4, 3), (False, False, False, False)), ((3, 6), (False, True, False, False)), ((2, 5), (False, True, False, False)), ((2, 5), (False, True, False, False)), ((1, 4), (False, True, False, False))]","[((1, 3), (False, True, False, False)), ((2, 6), (False, False, False, True)), ((3, 5), (False, False, False, True)), ((3, 5), (False, False, False, True)), ((5, 3), (False, False, False, True)), ((1, 2), (False, False, False, False)), ((4, 3), (False, False, False, False)), ((3, 6), (False, True, False, False)), ((2, 5), (False, True, False, False)), ((2, 5), (False, True, False, False))]",28,6,0,6
28,"((2, 5), (False, True, False, False))","((1, 5), (False, True, False, False))",East,"[((2, 6), (False, True, False, False)), ((3, 5), (False, True, False, False)), ((1, 5), (False, True, False, False))]","[((1, 3), (False, True, False, False)), ((2, 6), (False, False, False, True)), ((3, 5), (False, False, False, True)), ((3, 5), (False, False, False, True)), ((5, 3), (False, False, False, True)), ((1, 2), (False, False, False, False)), ((4, 3), (False, False, False, False)), ((3, 6), (False, True, False, False)), ((2, 5), (False, True, False, False)), ((2, 5), (False, True, False, False))]","[((3, 5), (False, True, False, False)), ((1, 3), (False, True, False, False)), ((2, 6), (False, False, False, True)), ((3, 5), (False, False, False, True)), ((3, 5), (False, False, False, True)), ((5, 3), (False, False, False, True)), ((1, 2), (False, False, False, False)), ((4, 3), (False, False, False, False)), ((3, 6), (False, True, False, False)), ((2, 5), (False, True, False, False))]",29,6,0,6
29,"((3, 6), (False, True, False, False))","((2, 6), (False, True, False, False))",East,"[((3, 5), (False, True, False, False)), ((4, 6), (False, True, False, False)), ((2, 6), (False, True, False, False))]","[((3, 5), (False, True, False, False)), ((1, 3), (False, True, False, False)), ((2, 6), (False, False, False, True)), ((3, 5), (False, False, False, True)), ((3, 5), (False, False, False, True)), ((5, 3), (False, False, False, True)), ((1, 2), (False, False, False, False)), ((4, 3), (False, False, False, False)), ((3, 6), (False, True, False, False))]","[((4, 6), (False, True, False, False)), ((3, 5), (False, True, False, False)), ((3, 5), (False, True, False, False)), ((1, 3), (False, True, False, False)), ((2, 6), (False, False, False, True)), ((3, 5), (False, False, False, True)), ((3, 5), (False, False, False, True)), ((5, 3), (False, False, False, True)), ((1, 2), (False, False, False, False)), ((4, 3), (False, False, False, False))]",30,6,0,6
30,"((4, 3), (False, False, False, False))","((5, 3), (False, False, False, False))",West,"[((5, 3), (False, False, False, False)), ((3, 3), (False, False, False, False))]","[((4, 6), (False, True, False, False)), ((3, 5), (False, True, False, False)), ((3, 5), (False, True, False, False)), ((1, 3), (False, True, False, False)), ((2, 6), (False, False, False, True)), ((3, 5), (False, False, False, True)), ((3, 5), (False, False, False, True)), ((5, 3), (False, False, False, True)), ((1, 2), (False, False, False, False)), ((4, 3), (False, False, False, False))]","[((3, 3), (False, False, False, False)), ((4, 6), (False, True, False, False)), ((3, 5), (False, True, False, False)), ((3, 5), (False, True, False, False)), ((1, 3), (False, True, False, False)), ((2, 6), (False, False, False, True)), ((3, 5), (False, False, False, True)), ((3, 5), (False, False, False, True)), ((5, 3), (False, False, False, True)), ((1, 2), (False, False, False, False))]",31,6,0,6
31,"((1, 2), (False, False, False, False))","((1, 3), (False, False, False, False))",South,"[((1, 3), (False, False, False, False)), ((1, 1), (True, False, False, False))]","[((3, 3), (False, False, False, False)), ((4, 6), (False, True, False, False)), ((3, 5), (False, True, False, False)), ((3, 5), (False, True, False, False)), ((1, 3), (False, True, False, False)), ((2, 6), (False, False, False, True)), ((3, 5), (False, False, False, True)), ((3, 5), (False, False, False, True)), ((5, 3), (False, False, False, True)), ((1, 2), (False, False, False, False))]","[((1, 1), (True, False, False, False)), ((3, 3), (False, False, False, False)), ((4, 6), (False, True, False, False)), ((3, 5), (False, True, False, False)), ((3, 5), (False, True, False, False)), ((1, 3), (False, True, False, False)), ((2, 6), (False, False, False, True)), ((3, 5), (False, False, False, True)), ((3, 5), (False, False, False, True)), ((5, 3), (False, False, False, True))]",32,6,0,6
32,"((5, 3), (False, False, False, True))","((6, 3), (False, False, False, True))",West,"[((6, 3), (False, False, False, True)), ((4, 3), (False, False, False, True))]","[((1, 1), (True, False, False, False)), ((3, 3), (False, False, False, False)), ((4, 6), (False, True, False, False)), ((3, 5), (False, True, False, False)), ((3, 5), (False, True, False, False)), ((1, 3), (False, True, False, False)), ((2, 6), (False, False, False, True)), ((3, 5), (False, False, False, True)), ((3, 5), (False, False, False, True)), ((5, 3), (False, False, False, True))]","[((4, 3), (False, False, False, True)), ((1, 1), (True, False, False, False)), ((3, 3), (False, False, False, False)), ((4, 6), (False, True, False, False)), ((3, 5), (False, True, False, False)), ((3, 5), (False, True, False, False)), ((1, 3), (False, True, False, False)), ((2, 6), (False, False, False, True)), ((3, 5), (False, False, False, True)), ((3, 5), (False, False, False, True))]",33,7,0,7
33,"((3, 5), (False, False, False, True))","((4, 5), (False, False, False, True))",West,"[((3, 6), (False, False, False, True)), ((4, 5), (False, False, False, True)), ((2, 5), (False, False, False, True))]","[((4, 3), (False, False, False, True)), ((1, 1), (True, False, False, False)), ((3, 3), (False, False, False, False)), ((4, 6), (False, True, False, False)), ((3, 5), (False, True, False, False)), ((3, 5), (False, True, False, False)), ((1, 3), (False, True, False, False)), ((2, 6), (False, False, False, True)), ((3, 5), (False, False, False, True)), ((3, 5), (False, False, False, True))]","[((2, 5), (False, False, False, True)), ((4, 3), (False, False, False, True)), ((1, 1), (True, False, False, False)), ((3, 3), (False, False, False, False)), ((4, 6), (False, True, False, False)), ((3, 5), (False, True, False, False)), ((3, 5), (False, True, False, False)), ((1, 3), (False, True, False, False)), ((2, 6), (False, False, False, True)), ((3, 5), (False, False, False, True))]",34,7,0,7
34,"((2, 6), (False, False, False, True))","((3, 6), (False, False, False, True))",West,"[((2, 5), (False, False, False, True)), ((3, 6), (False, False, False, True)), ((1, 6), (False, True, False, True))]","[((2, 5), (False, False, False, True)), ((4, 3), (False, False, False, True)), ((1, 1), (True, False, False, False)), ((3, 3), (False, False, False, False)), ((4, 6), (False, True, False, False)), ((3, 5), (False, True, False, False)), ((3, 5), (False, True, False, False)), ((1, 3), (False, True, False, False)), ((2, 6), (False, False, False, True))]","[((1, 6), (False, True, False, True)), ((2, 5), (False, False, False, True)), ((2, 5), (False, False, False, True)), ((4, 3), (False, False, False, True)), ((1, 1), (True, False, False, False)), ((3, 3), (False, False, False, False)), ((4, 6), (False, True, False, False)), ((3, 5), (False, True, False, False)), ((3, 5), (False, True, False, False)), ((1, 3), (False, True, False, False))]",35,7,0,7
35,"((1, 3), (False, True, False, False))","((1, 4), (False, True, False, False))",South,"[((1, 4), (False, True, False, False)), ((1, 2), (False, True, False, False))]","[((1, 6), (False, True, False, True)), ((2, 5), (False, False, False, True)), ((2, 5), (False, False, False, True)), ((4, 3), (False, False, False, True)), ((1, 1), (True, False, False, False)), ((3, 3), (False, False, False, False)), ((4, 6), (False, True, False, False)), ((3, 5), (False, True, False, False)), ((3, 5), (False, True, False, False)), ((1, 3), (False, True, False, False))]","[((1, 2), (False, True, False, False)), ((1, 6), (False, True, False, True)), ((2, 5), (False, False, False, True)), ((2, 5), (False, False, False, True)), ((4, 3), (False, False, False, True)), ((1, 1), (True, False, False, False)), ((3, 3), (False, False, False, False)), ((4, 6), (False, True, False, False)), ((3, 5), (False, True, False, False)), ((3, 5), (False, True, False, False))]",36,7,0,7
36,"((3, 5), (False, True, False, False))","((2, 5), (False, True, False, False))",East,"[((3, 6), (False, True, False, False)), ((4, 5), (False, True, False, False)), ((2, 5), (False, True, False, False))]","[((1, 2), (False, True, False, False)), ((1, 6), (False, True, False, True)), ((2, 5), (False, False, False, True)), ((2, 5), (False, False, False, True)), ((4, 3), (False, False, False, True)), ((1, 1), (True, False, False, False)), ((3, 3), (False, False, False, False)), ((4, 6), (False, True, False, False)), ((3, 5), (False, True, False, False)), ((3, 5), (False, True, False, False))]","[((4, 5), (False, True, False, False)), ((1, 2), (False, True, False, False)), ((1, 6), (False, True, False, True)), ((2, 5), (False, False, False, True)), ((2, 5), (False, False, False, True)), ((4, 3), (False, False, False, True)), ((1, 1), (True, False, False, False)), ((3, 3), (False, False, False, False)), ((4, 6), (False, True, False, False)), ((3, 5), (False, True, False, False))]",37,7,0,7
37,"((4, 6), (False, True, False, False))","((3, 6), (False, True, False, False))",East,"[((4, 5), (False, True, False, False)), ((5, 6), (False, True, False, False)), ((3, 6), (False, True, False, False))]","[((4, 5), (False, True, False, False)), ((1, 2), (False, True, False, False)), ((1, 6), (False, True, False, True)), ((2, 5), (False, False, False, True)), ((2, 5), (False, False, False, True)), ((4, 3), (False, False, False, True)), ((1, 1), (True, False, False, False)), ((3, 3), (False, False, False, False)), ((4, 6), (False, True, False, False))]","[((5, 6), (False, True, False, False)), ((4, 5), (False, True, False, False)), ((4, 5), (False, True, False, False)), ((1, 2), (False, True, False, False)), ((1, 6), (False, True, False, True)), ((2, 5), (False, False, False, True)), ((2, 5), (False, False, False, True)), ((4, 3), (False, False, False, True)), ((1, 1), (True, False, False, False)), ((3, 3), (False, False, False, False))]",38,7,0,7
38,"((3, 3), (False, False, False, False))","((4, 3), (False, False, False, False))",West,"[((3, 2), (False, False, False, False)), ((4, 3), (False, False, False, False))]","[((5, 6), (False, True, False, False)), ((4, 5), (False, True, False, False)), ((4, 5), (False, True, False, False)), ((1, 2), (False, True, False, False)), ((1, 6), (False, True, False, True)), ((2, 5), (False, False, False, True)), ((2, 5), (False, False, False, True)), ((4, 3), (False, False, False, True)), ((1, 1), (True, False, False, False)), ((3, 3), (False, False, False, False))]","[((3, 2), (False, False, False, False)), ((5, 6), (False, True, False, False)), ((4, 5), (False, True, False, False)), ((4, 5), (False, True, False, False)), ((1, 2), (False, True, False, False)), ((1, 6), (False, True, False, True)), ((2, 5), (False, False, False, True)), ((2, 5), (False, False, False, True)), ((4, 3), (False, False, False, True)), ((1, 1), (True, False, False, False))]",39,7,0,7
39,"((1, 1), (True, False, False, False))","((1, 2), (False, False, False, False))",South,"[((1, 2), (True, False, False, False))]","[((3, 2), (False, False, False, False)), ((5, 6), (False, True, False, False)), ((4, 5), (False, True, False, False)), ((4, 5), (False, True, False, False)), ((1, 2), (False, True, False, False)), ((1, 6), (False, True, False, True)), ((2, 5), (False, False, False, True)), ((2, 5), (False, False, False, True)), ((4, 3), (False, False, False, True)), ((1, 1), (True, False, False, False))]","[((1, 2), (True, False, False, False)), ((3, 2), (False, False, False, False)), ((5, 6), (False, True, False, False)), ((4, 5), (False, True, False, False)), ((4, 5), (False, True, False, False)), ((1, 2), (False, True, False, False)), ((1, 6), (False, True, False, True)), ((2, 5), (False, False, False, True)), ((2, 5), (False, False, False, True)), ((4, 3), (False, False, False, True))]",40,7,0,7
40,"((4, 3), (False, False, False, True))","((5, 3), (False, False, False, True))",West,"[((5, 3), (False, False, False, True)), ((3, 3), (False, False, False, True))]","[((1, 2), (True, False, False, False)), ((3, 2), (False, False, False, False)), ((5, 6), (False, True, False, False)), ((4, 5), (False, True, False, False)), ((4, 5), (False, True, False, False)), ((1, 2), (False, True, False, False)), ((1, 6), (False, True, False, True)), ((2, 5), (False, False, False, True)), ((2, 5), (False, False, False, True)), ((4, 3), (False, False, False, True))]","[((3, 3), (False, False, False, True)), ((1, 2), (True, False, False, False)), ((3, 2), (False, False, False, False)), ((5, 6), (False, True, False, False)), ((4, 5), (False, True, False, False)), ((4, 5), (False, True, False, False)), ((1, 2), (False, True, False, False)), ((1, 6), (False, True, False, True)), ((2, 5), (False, False, False, True)), ((2, 5), (False, False, False, True))]",41,8,0,8
41,"((2, 5), (False, False, False, True))","((3, 5), (False, False, False, True))",West,"[((2, 6), (False, False, False, True)), ((3, 5), (False, False, False, True)), ((1, 5), (False, False, False, True))]","[((3, 3), (False, False, False, True)), ((1, 2), (True, False, False, False)), ((3, 2), (False, False, False, False)), ((5, 6), (False, True, False, False)), ((4, 5), (False, True, False, False)), ((4, 5), (False, True, False, False)), ((1, 2), (False, True, False, False)), ((1, 6), (False, True, False, True)), ((2, 5), (False, False, False, True)), ((2, 5), (False, False, False, True))]","[((1, 5), (False, False, False, True)), ((3, 3), (False, False, False, True)), ((1, 2), (True, False, False, False)), ((3, 2), (False, False, False, False)), ((5, 6), (False, True, False, False)), ((4, 5), (False, True, False, False)), ((4, 5), (False, True, False, False)), ((1, 2), (False, True, False, False)), ((1, 6), (False, True, False, True)), ((2, 5), (False, False, False, True))]",42,8,0,8
42,"((1, 6), (False, True, False, True))","((2, 6), (False, False, False, True))",West,"[((1, 5), (False, True, False, True)), ((2, 6), (False, True, False, True))]","[((1, 5), (False, False, False, True)), ((3, 3), (False, False, False, True)), ((1, 2), (True, False, False, False)), ((3, 2), (False, False, False, False)), ((5, 6), (False, True, False, False)), ((4, 5), (False, True, False, False)), ((4, 5), (False, True, False, False)), ((1, 2), (False, True, False, False)), ((1, 6), (False, True, False, True))]","[((2, 6), (False, True, False, True)), ((1, 5), (False, True, False, True)), ((1, 5), (False, False, False, True)), ((3, 3), (False, False, False, True)), ((1, 2), (True, False, False, False)), ((3, 2), (False, False, False, False)), ((5, 6), (False, True, False, False)), ((4, 5), (False, True, False, False)), ((4, 5), (False, True, False, False)), ((1, 2), (False, True, False, False))]",43,8,0,8
43,"((1, 2), (False, True, False, False))","((1, 3), (False, True, False, False))",South,"[((1, 3), (False, True, False, False)), ((1, 1), (True, True, False, False))]","[((2, 6), (False, True, False, True)), ((1, 5), (False, True, False, True)), ((1, 5), (False, False, False, True)), ((3, 3), (False, False, False, True)), ((1, 2), (True, False, False, False)), ((3, 2), (False, False, False, False)), ((5, 6), (False, True, False, False)), ((4, 5), (False, True, False, False)), ((4, 5), (False, True, False, False)), ((1, 2), (False, True, False, False))]","[((1, 1), (True, True, False, False)), ((2, 6), (False, True, False, True)), ((1, 5), (False, True, False, True)), ((1, 5), (False, False, False, True)), ((3, 3), (False, False, False, True)), ((1, 2), (True, False, False, False)), ((3, 2), (False, False, False, False)), ((5, 6), (False, True, False, False)), ((4, 5), (False, True, False, False)), ((4, 5), (False, True, False, False))]",44,8,0,8
44,"((4, 5), (False, True, False, False))","((3, 5), (False, True, False, False))",East,"[((4, 6), (False, True, False, False)), ((5, 5), (False, True, False, False)), ((3, 5), (False, True, False, False))]","[((1, 1), (True, True, False, False)), ((2, 6), (False, True, False, True)), ((1, 5), (False, True, False, True)), ((1, 5), (False, False, False, True)), ((3, 3), (False, False, False, True)), ((1, 2), (True, False, False, False)), ((3, 2), (False, False, False, False)), ((5, 6), (False, True, False, False)), ((4, 5), (False, True, False, False)), ((4, 5), (False, True, False, False))]","[((5, 5), (False, True, False, False)), ((1, 1), (True, True, False, False)), ((2, 6), (False, True, False, True)), ((1, 5), (False, True, False, True)), ((1, 5), (False, False, False, True)), ((3, 3), (False, False, False, True)), ((1, 2), (True, False, False, False)), ((3, 2), (False, False, False, False)), ((5, 6), (False, True, False, False)), ((4, 5), (False, True, False, False))]",45,8,0,8
45,"((5, 6), (False, True, False, False))","((4, 6), (False, True, False, False))",East,"[((5, 5), (False, True, False, False)), ((6, 6), (False, True, False, True)), ((4, 6), (False, True, False, False))]","[((5, 5), (False, True, False, False)), ((1, 1), (True, True, False, False)), ((2, 6), (False, True, False, True)), ((1, 5), (False, True, False, True)), ((1, 5), (False, False, False, True)), ((3, 3), (False, False, False, True)), ((1, 2), (True, False, False, False)), ((3, 2), (False, False, False, False)), ((5, 6), (False, True, False, False))]","[((6, 6), (False, True, False, True)), ((5, 5), (False, True, False, False)), ((5, 5), (False, True, False, False)), ((1, 1), (True, True, False, False)), ((2, 6), (False, True, False, True)), ((1, 5), (False, True, False, True)), ((1, 5), (False, False, False, True)), ((3, 3), (False, False, False, True)), ((1, 2), (True, False, False, False)), ((3, 2), (False, False, False, False))]",46,8,0,8
46,"((3, 2), (False, False, False, False))","((3, 3), (False, False, False, False))",South,"[((3, 3), (False, False, False, False)), ((3, 1), (False, False, False, False))]","[((6, 6), (False, True, False, True)), ((5, 5), (False, True, False, False)), ((5, 5), (False, True, False, False)), ((1, 1), (True, True, False, False)), ((2, 6), (False, True, False, True)), ((1, 5), (False, True, False, True)), ((1, 5), (False, False, False, True)), ((3, 3), (False, False, False, True)), ((1, 2), (True, False, False, False)), ((3, 2), (False, False, False, False))]","[((3, 1), (False, False, False, False)), ((6, 6), (False, True, False, True)), ((5, 5), (False, True, False, False)), ((5, 5), (False, True, False, False)), ((1, 1), (True, True, False, False)), ((2, 6), (False, True, False, True)), ((1, 5), (False, True, False, True)), ((1, 5), (False, False, False, True)), ((3, 3), (False, False, False, True)), ((1, 2), (True, False, False, False))]",47,8,0,8
47,"((1, 2), (True, False, False, False))","((1, 1), (True, False, False, False))",North,"[((1, 3), (True, False, False, False)), ((1, 1), (True, False, False, False))]","[((3, 1), (False, False, False, False)), ((6, 6), (False, True, False, True)), ((5, 5), (False, True, False, False)), ((5, 5), (False, True, False, False)), ((1, 1), (True, True, False, False)), ((2, 6), (False, True, False, True)), ((1, 5), (False, True, False, True)), ((1, 5), (False, False, False, True)), ((3, 3), (False, False, False, True)), ((1, 2), (True, False, False, False))]","[((1, 3), (True, False, False, False)), ((3, 1), (False, False, False, False)), ((6, 6), (False, True, False, True)), ((5, 5), (False, True, False, False)), ((5, 5), (False, True, False, False)), ((1, 1), (True, True, False, False)), ((2, 6), (False, True, False, True)), ((1, 5), (False, True, False, True)), ((1, 5), (False, False, False, True)), ((3, 3), (False, False, False, True))]",48,8,0,8
48,"((3, 3), (False, False, False, True))","((4, 3), (False, False, False, True))",West,"[((3, 2), (False, False, False, True)), ((4, 3), (False, False, False, True))]","[((1, 3), (True, False, False, False)), ((3, 1), (False, False, False, False)), ((6, 6), (False, True, False, True)), ((5, 5), (False, True, False, False)), ((5, 5), (False, True, False, False)), ((1, 1), (True, True, False, False)), ((2, 6), (False, True, False, True)), ((1, 5), (False, True, False, True)), ((1, 5), (False, False, False, True)), ((3, 3), (False, False, False, True))]","[((3, 2), (False, False, False, True)), ((1, 3), (True, False, False, False)), ((3, 1), (False, False, False, False)), ((6, 6), (False, True, False, True)), ((5, 5), (False, True, False, False)), ((5, 5), (False, True, False, False)), ((1, 1), (True, True, False, False)), ((2, 6), (False, True, False, True)), ((1, 5), (False, True, False, True)), ((1, 5), (False, False, False, True))]",49,9,0,9
49,"((1, 5), (False, False, False, True))","((2, 5), (False, False, False, True))",West,"[((1, 6), (False, True, False, True)), ((1, 4), (False, False, False, True)), ((2, 5), (False, False, False, True))]","[((3, 2), (False, False, False, True)), ((1, 3), (True, False, False, False)), ((3, 1), (False, False, False, False)), ((6, 6), (False, True, False, True)), ((5, 5), (False, True, False, False)), ((5, 5), (False, True, False, False)), ((1, 1), (True, True, False, False)), ((2, 6), (False, True, False, True)), ((1, 5), (False, True, False, True)), ((1, 5), (False, False, False, True))]","[((1, 4), (False, False, False, True)), ((3, 2), (False, False, False, True)), ((1, 3), (True, False, False, False)), ((3, 1), (False, False, False, False)), ((6, 6), (False, True, False, True)), ((5, 5), (False, True, False, False)), ((5, 5), (False, True, False, False)), ((1, 1), (True, True, False, False)), ((2, 6), (False, True, False, True)), ((1, 5), (False, True, False, True))]",50,9,0,9
50,"((1, 5), (False, True, False, True))","((1, 6), (False, True, False, True))",South,"[((1, 6), (False, True, False, True)), ((1, 4), (False, True, False, True)), ((2, 5), (False, True, False, True))]","[((1, 4), (False, False, False, True)), ((3, 2), (False, False, False, True)), ((1, 3), (True, False, False, False)), ((3, 1), (False, False, False, False)), ((6, 6), (False, True, False, True)), ((5, 5), (False, True, False, False)), ((5, 5), (False, True, False, False)), ((1, 1), (True, True, False, False)), ((2, 6), (False, True, False, True)), ((1, 5), (False, True, False, True))]","[((2, 5), (False, True, False, True)), ((1, 4), (False, True, False, True)), ((1, 4), (False, False, False, True)), ((3, 2), (False, False, False, True)), ((1, 3), (True, False, False, False)), ((3, 1), (False, False, False, False)), ((6, 6), (False, True, False, True)), ((5, 5), (False, True, False, False)), ((5, 5), (False, True, False, False)), ((1, 1), (True, True, False, False)), ((2, 6), (False, True, False, True))]",51,9,0,9
51,"((2, 6), (False, True, False, True))","((1, 6), (False, True, False, True))",East,"[((2, 5), (False, True, False, True)), ((3, 6), (False, True, False, True)), ((1, 6), (False, True, False, True))]","[((2, 5), (False, True, False, True)), ((1, 4), (False, True, False, True)), ((1, 4), (False, False, False, True)), ((3, 2), (False, False, False, True)), ((1, 3), (True, False, False, False)), ((3, 1), (False, False, False, False)), ((6, 6), (False, True, False, True)), ((5, 5), (False, True, False, False)), ((5, 5), (False, True, False, False)), ((1, 1), (True, True, False, False)), ((2, 6), (False, True, False, True))]","[((3, 6), (False, True, False, True)), ((2, 5), (False, True, False, True)), ((2, 5), (False, True, False, True)), ((1, 4), (False, True, False, True)), ((1, 4), (False, False, False, True)), ((3, 2), (False, False, False, True)), ((1, 3), (True, False, False, False)), ((3, 1), (False, False, False, False)), ((6, 6), (False, True, False, True)), ((5, 5), (False, True, False, False)), ((5, 5), (False, True, False, False)), ((1, 1), (True, True, False, False))]",52,9,0,9
52,"((1, 1), (True, True, False, False))","((1, 2), (False, True, False, False))",South,"[((1, 2), (True, True, False, False))]","[((3, 6), (False, True, False, True)), ((2, 5), (False, True, False, True)), ((2, 5), (False, True, False, True)), ((1, 4), (False, True, False, True)), ((1, 4), (False, False, False, True)), ((3, 2), (False, False, False, True)), ((1, 3), (True, False, False, False)), ((3, 1), (False, False, False, False)), ((6, 6), (False, True, False, True)), ((5, 5), (False, True, False, False)), ((5, 5), (False, True, False, False)), ((1, 1), (True, True, False, False))]","[((1, 2), (True, True, False, False)), ((3, 6), (False, True, False, True)), ((2, 5), (False, True, False, True)), ((2, 5), (False, True, False, True)), ((1, 4), (False, True, False, True)), ((1, 4), (False, False, False, True)), ((3, 2), (False, False, False, True)), ((1, 3), (True, False, False, False)), ((3, 1), (False, False, False, False)), ((6, 6), (False, True, False, True)), ((5, 5), (False, True, False, False)), ((5, 5), (False, True, False, False))]",53,9,0,9
53,"((5, 5), (False, True, False, False))","((4, 5), (False, True, False, False))",East,"[((5, 6), (False, True, False, False)), ((6, 5), (False, True, False, False)), ((4, 5), (False, True, False, False))]","[((1, 2), (True, True, False, False)), ((3, 6), (False, True, False, True)), ((2, 5), (False, True, False, True)), ((2, 5), (False, True, False, True)), ((1, 4), (False, True, False, True)), ((1, 4), (False, False, False, True)), ((3, 2), (False, False, False, True)), ((1, 3), (True, False, False, False)), ((3, 1), (False, False, False, False)), ((6, 6), (False, True, False, True)), ((5, 5), (False, True, False, False)), ((5, 5), (False, True, False, False))]","[((6, 5), (False, True, False, False)), ((1, 2), (True, True, False, False)), ((3, 6), (False, True, False, True)), ((2, 5), (False, True, False, True)), ((2, 5), (False, True, False, True)), ((1, 4), (False, True, False, True)), ((1, 4), (False, False, False, True)), ((3, 2), (False, False, False, True)), ((1, 3), (True, False, False, False)), ((3, 1), (False, False, False, False)), ((6, 6), (False, True, False, True)), ((5, 5), (False, True, False, False))]",54,9,0,9
54,"((6, 6), (False, True, False, True))","((5, 6), (False, True, False, False))",East,"[((6, 5), (False, True, False, True)), ((5, 6), (False, True, False, True))]","[((6, 5), (False, True, False, False)), ((1, 2), (True, True, False, False)), ((3, 6), (False, True, False, True)), ((2, 5), (False, True, False, True)), ((2, 5), (False, True, False, True)), ((1, 4), (False, True, False, True)), ((1, 4), (False, False, False, True)), ((3, 2), (False, False, False, True)), ((1, 3), (True, False, False, False)), ((3, 1), (False, False, False, False)), ((6, 6), (False, True, False, True))]","[((5, 6), (False, True, False, True)), ((6, 5), (False, True, False, True)), ((6, 5), (False, True, False, False)), ((1, 2), (True, True, False, False)), ((3, 6), (False, True, False, True)), ((2, 5), (False, True, False, True)), ((2, 5), (False, True, False, True)), ((1, 4), (False, True, False, True)), ((1, 4), (False, False, False, True)), ((3, 2), (False, False, False, True)), ((1, 3), (True, False, False, False)), ((3, 1), (False, False, False, False))]",55,9,0,9
55,"((3, 1), (False, False, False, False))","((3, 2), (False, False, False, False))",South,"[((3, 2), (False, False, False, False)), ((4, 1), (False, False, False, False))]","[((5, 6), (False, True, False, True)), ((6, 5), (False, True, False, True)), ((6, 5), (False, True, False, False)), ((1, 2), (True, True, False, False)), ((3, 6), (False, True, False, True)), ((2, 5), (False, True, False, True)), ((2, 5), (False, True, False, True)), ((1, 4), (False, True, False, True)), ((1, 4), (False, False, False, True)), ((3, 2), (False, False, False, True)), ((1, 3), (True, False, False, False)), ((3, 1), (False, False, False, False))]","[((4, 1), (False, False, False, False)), ((5, 6), (False, True, False, True)), ((6, 5), (False, True, False, True)), ((6, 5), (False, True, False, False)), ((1, 2), (True, True, False, False)), ((3, 6), (False, True, False, True)), ((2, 5), (False, True, False, True)), ((2, 5), (False, True, False, True)), ((1, 4), (False, True, False, True)), ((1, 4), (False, False, False, True)), ((3, 2), (False, False, False, True)), ((1, 3), (True, False, False, False))]",56,9,0,9
56,"((1, 3), (True, False, False, False))","((1, 2), (True, False, False, False))",North,"[((1, 4), (True, False, False, False)), ((1, 2), (True, False, False, False))]","[((4, 1), (False, False, False, False)), ((5, 6), (False, True, False, True)), ((6, 5), (False, True, False, True)), ((6, 5), (False, True, False, False)), ((1, 2), (True, True, False, False)), ((3, 6), (False, True, False, True)), ((2, 5), (False, True, False, True)), ((2, 5), (False, True, False, True)), ((1, 4), (False, True, False, True)), ((1, 4), (False, False, False, True)), ((3, 2), (False, False, False, True)), ((1, 3), (True, False, False, False))]","[((1, 4), (True, False, False, False)), ((4, 1), (False, False, False, False)), ((5, 6), (False, True, False, True)), ((6, 5), (False, True, False, True)), ((6, 5), (False, True, False, False)), ((1, 2), (True, True, False, False)), ((3, 6), (False, True, False, True)), ((2, 5), (False, True, False, True)), ((2, 5), (False, True, False, True)), ((1, 4), (False, True, False, True)), ((1, 4), (False, False, False, True)), ((3, 2), (False, False, False, True))]",57,9,0,9
57,"((3, 2), (False, False, False, True))","((3, 3), (False, False, False, True))",South,"[((3, 3), (False, False, False, True)), ((3, 1), (False, False, False, True))]","[((1, 4), (True, False, False, False)), ((4, 1), (False, False, False, False)), ((5, 6), (False, True, False, True)), ((6, 5), (False, True, False, True)), ((6, 5), (False, True, False, False)), ((1, 2), (True, True, False, False)), ((3, 6), (False, True, False, True)), ((2, 5), (False, True, False, True)), ((2, 5), (False, True, False, True)), ((1, 4), (False, True, False, True)), ((1, 4), (False, False, False, True)), ((3, 2), (False, False, False, True))]","[((3, 1), (False, False, False, True)), ((1, 4), (True, False, False, False)), ((4, 1), (False, False, False, False)), ((5, 6), (False, True, False, True)), ((6, 5), (False, True, False, True)), ((6, 5), (False, True, False, False)), ((1, 2), (True, True, False, False)), ((3, 6), (False, True, False, True)), ((2, 5), (False, True, False, True)), ((2, 5), (False, True, False, True)), ((1, 4), (False, True, False, True)), ((1, 4), (False, False, False, True))]",58,10,0,10
58,"((1, 4), (False, False, False, True))","((1, 5), (False, False, False, True))",South,"[((1, 5), (False, False, False, True)), ((1, 3), (False, False, False, True))]","[((3, 1), (False, False, False, True)), ((1, 4), (True, False, False, False)), ((4, 1), (False, False, False, False)), ((5, 6), (False, True, False, True)), ((6, 5), (False, True, False, True)), ((6, 5), (False, True, False, False)), ((1, 2), (True, True, False, False)), ((3, 6), (False, True, False, True)), ((2, 5), (False, True, False, True)), ((2, 5), (False, True, False, True)), ((1, 4), (False, True, False, True)), ((1, 4), (False, False, False, True))]","[((1, 3), (False, False, False, True)), ((3, 1), (False, False, False, True)), ((1, 4), (True, False, False, False)), ((4, 1), (False, False, False, False)), ((5, 6), (False, True, False, True)), ((6, 5), (False, True, False, True)), ((6, 5), (False, True, False, False)), ((1, 2), (True, True, False, False)), ((3, 6), (False, True, False, True)), ((2, 5), (False, True, False, True)), ((2, 5), (False, True, False, True)), ((1, 4), (False, True, False, True))]",59,10,0,10
59,"((1, 4), (False, True, False, True))","((1, 5), (False, True, False, True))",South,"[((1, 5), (False, True, False, True)), ((1, 3), (False, True, False, True))]","[((1, 3), (False, False, False, True)), ((3, 1), (False, False, False, True)), ((1, 4), (True, False, False, False)), ((4, 1), (False, False, False, False)), ((5, 6), (False, True, False, True)), ((6, 5), (False, True, False, True)), ((6, 5), (False, True, False, False)), ((1, 2), (True, True, False, False)), ((3, 6), (False, True, False, True)), ((2, 5), (False, True, False, True)), ((2, 5), (False, True, False, True)), ((1, 4), (False, True, False, True))]","[((1, 3), (False, True, False, True)), ((1, 3), (False, False, False, True)), ((3, 1), (False, False, False, True)), ((1, 4), (True, False, False, False)), ((4, 1), (False, False, False, False)), ((5, 6), (False, True, False, True)), ((6, 5), (False, True, False, True)), ((6, 5), (False, True, False, False)), ((1, 2), (True, True, False, False)), ((3, 6), (False, True, False, True)), ((2, 5), (False, True, False, True)), ((2, 5), (False, True, False, True))]",60,10,0,10
60,"((2, 5), (False, True, False, True))","((1, 5), (False, True, False, True))",East,"[((2, 6), (False, True, False, True)), ((3, 5), (False, True, False, True)), ((1, 5), (False, True, False, True))]","[((1, 3), (False, True, False, True)), ((1, 3), (False, False, False, True)), ((3, 1), (False, False, False, True)), ((1, 4), (True, False, False, False)), ((4, 1), (False, False, False, False)), ((5, 6), (False, True, False, True)), ((6, 5), (False, True, False, True)), ((6, 5), (False, True, False, False)), ((1, 2), (True, True, False, False)), ((3, 6), (False, True, False, True)), ((2, 5), (False, True, False, True)), ((2, 5), (False, True, False, True))]","[((3, 5), (False, True, False, True)), ((1, 3), (False, True, False, True)), ((1, 3), (False, False, False, True)), ((3, 1), (False, False, False, True)), ((1, 4), (True, False, False, False)), ((4, 1), (False, False, False, False)), ((5, 6), (False, True, False, True)), ((6, 5), (False, True, False, True)), ((6, 5), (False, True, False, False)), ((1, 2), (True, True, False, False)), ((3, 6), (False, True, False, True)), ((2, 5), (False, True, False, True))]",61,10,0,10
61,"((3, 6), (False, True, False, True))","((2, 6), (False, True, False, True))",East,"[((3, 5), (False, True, False, True)), ((4, 6), (False, True, False, True)), ((2, 6), (False, True, False, True))]","[((3, 5), (False, True, False, True)), ((1, 3), (False, True, False, True)), ((1, 3), (False, False, False, True)), ((3, 1), (False, False, False, True)), ((1, 4), (True, False, False, False)), ((4, 1), (False, False, False, False)), ((5, 6), (False, True, False, True)), ((6, 5), (False, True, False, True)), ((6, 5), (False, True, False, False)), ((1, 2), (True, True, False, False)), ((3, 6), (False, True, False, True))]","[((4, 6), (False, True, False, True)), ((3, 5), (False, True, False, True)), ((3, 5), (False, True, False, True)), ((1, 3), (False, True, False, True)), ((1, 3), (False, False, False, True)), ((3, 1), (False, False, False, True)), ((1, 4), (True, False, False, False)), ((4, 1), (False, False, False, False)), ((5, 6), (False, True, False, True)), ((6, 5), (False, True, False, True)), ((6, 5), (False, True, False, False)), ((1, 2), (True, True, False, False))]",62,10,0,10
62,"((1, 2), (True, True, False, False))","((1, 1), (True, True, False, False))",North,"[((1, 3), (True, True, False, False)), ((1, 1), (True, True, False, False))]","[((4, 6), (False, True, False, True)), ((3, 5), (False, True, False, True)), ((3, 5), (False, True, False, True)), ((1, 3), (False, True, False, True)), ((1, 3), (False, False, False, True)), ((3, 1), (False, False, False, True)), ((1, 4), (True, False, False, False)), ((4, 1), (False, False, False, False)), ((5, 6), (False, True, False, True)), ((6, 5), (False, True, False, True)), ((6, 5), (False, True, False, False)), ((1, 2), (True, True, False, False))]","[((1, 3), (True, True, False, False)), ((4, 6), (False, True, False, True)), ((3, 5), (False, True, False, True)), ((3, 5), (False, True, False, True)), ((1, 3), (False, True, False, True)), ((1, 3), (False, False, False, True)), ((3, 1), (False, False, False, True)), ((1, 4), (True, False, False, False)), ((4, 1), (False, False, False, False)), ((5, 6), (False, True, False, True)), ((6, 5), (False, True, False, True)), ((6, 5), (False, True, False, False))]",63,10,0,10
63,"((6, 5), (False, True, False, False))","((5, 5), (False, True, False, False))",East,"[((6, 6), (False, True, False, True)), ((6, 4), (False, True, False, False)), ((5, 5), (False, True, False, False))]","[((1, 3), (True, True, False, False)), ((4, 6), (False, True, False, True)), ((3, 5), (False, True, False, True)), ((3, 5), (False, True, False, True)), ((1, 3), (False, True, False, True)), ((1, 3), (False, False, False, True)), ((3, 1), (False, False, False, True)), ((1, 4), (True, False, False, False)), ((4, 1), (False, False, False, False)), ((5, 6), (False, True, False, True)), ((6, 5), (False, True, False, True)), ((6, 5), (False, True, False, False))]","[((6, 4), (False, True, False, False)), ((1, 3), (True, True, False, False)), ((4, 6), (False, True, False, True)), ((3, 5), (False, True, False, True)), ((3, 5), (False, True, False, True)), ((1, 3), (False, True, False, True)), ((1, 3), (False, False, False, True)), ((3, 1), (False, False, False, True)), ((1, 4), (True, False, False, False)), ((4, 1), (False, False, False, False)), ((5, 6), (False, True, False, True)), ((6, 5), (False, True, False, True))]",64,10,0,10
64,"((6, 5), (False, True, False, True))","((6, 6), (False, True, False, True))",South,"[((6, 6), (False, True, False, True)), ((6, 4), (False, True, False, True)), ((5, 5), (False, True, False, True))]","[((6, 4), (False, True, False, False)), ((1, 3), (True, True, False, False)), ((4, 6), (False, True, False, True)), ((3, 5), (False, True, False, True)), ((3, 5), (False, True, False, True)), ((1, 3), (False, True, False, True)), ((1, 3), (False, False, False, True)), ((3, 1), (False, False, False, True)), ((1, 4), (True, False, False, False)), ((4, 1), (False, False, False, False)), ((5, 6), (False, True, False, True)), ((6, 5), (False, True, False, True))]","[((5, 5), (False, True, False, True)), ((6, 4), (False, True, False, True)), ((6, 4), (False, True, False, False)), ((1, 3), (True, True, False, False)), ((4, 6), (False, True, False, True)), ((3, 5), (False, True, False, True)), ((3, 5), (False, True, False, True)), ((1, 3), (False, True, False, True)), ((1, 3), (False, False, False, True)), ((3, 1), (False, False, False, True)), ((1, 4), (True, False, False, False)), ((4, 1), (False, False, False, False)), ((5, 6), (False, True, False, True))]",65,10,0,10
65,"((5, 6), (False, True, False, True))","((6, 6), (False, True, False, True))",West,"[((5, 5), (False, True, False, True)), ((6, 6), (False, True, False, True)), ((4, 6), (False, True, False, True))]","[((5, 5), (False, True, False, True)), ((6, 4), (False, True, False, True)), ((6, 4), (False, True, False, False)), ((1, 3), (True, True, False, False)), ((4, 6), (False, True, False, True)), ((3, 5), (False, True, False, True)), ((3, 5), (False, True, False, True)), ((1, 3), (False, True, False, True)), ((1, 3), (False, False, False, True)), ((3, 1), (False, False, False, True)), ((1, 4), (True, False, False, False)), ((4, 1), (False, False, False, False)), ((5, 6), (False, True, False, True))]","[((4, 6), (False, True, False, True)), ((5, 5), (False, True, False, True)), ((5, 5), (False, True, False, True)), ((6, 4), (False, True, False, True)), ((6, 4), (False, True, False, False)), ((1, 3), (True, True, False, False)), ((4, 6), (False, True, False, True)), ((3, 5), (False, True, False, True)), ((3, 5), (False, True, False, True)), ((1, 3), (False, True, False, True)), ((1, 3), (False, False, False, True)), ((3, 1), (False, False, False, True)), ((1, 4), (True, False, False, False)), ((4, 1), (False, False, False, False))]",66,10,0,10
66,"((4, 1), (False, False, False, False))","((3, 1), (False, False, False, False))",East,"[((5, 1), (False, False, False, False)), ((3, 1), (False, False, False, False))]","[((4, 6), (False, True, False, True)), ((5, 5), (False, True, False, True)), ((5, 5), (False, True, False, True)), ((6, 4), (False, True, False, True)), ((6, 4), (False, True, False, False)), ((1, 3), (True, True, False, False)), ((4, 6), (False, True, False, True)), ((3, 5), (False, True, False, True)), ((3, 5), (False, True, False, True)), ((1, 3), (False, True, False, True)), ((1, 3), (False, False, False, True)), ((3, 1), (False, False, False, True)), ((1, 4), (True, False, False, False)), ((4, 1), (False, False, False, False))]","[((5, 1), (False, False, False, False)), ((4, 6), (False, True, False, True)), ((5, 5), (False, True, False, True)), ((5, 5), (False, True, False, True)), ((6, 4), (False, True, False, True)), ((6, 4), (False, True, False, False)), ((1, 3), (True, True, False, False)), ((4, 6), (False, True, False, True)), ((3, 5), (False, True, False, True)), ((3, 5), (False, True, False, True)), ((1, 3), (False, True, False, True)), ((1, 3), (False, False, False, True)), ((3, 1), (False, False, False, True)), ((1, 4), (True, False, False, False))]",67,10,0,10
67,"((1, 4), (True, False, False, False))","((1, 3), (True, False, False, False))",North,"[((1, 5), (True, False, False, False)), ((1, 3), (True, False, False, False))]","[((5, 1), (False, False, False, False)), ((4, 6), (False, True, False, True)), ((5, 5), (False, True, False, True)), ((5, 5), (False, True, False, True)), ((6, 4), (False, True, False, True)), ((6, 4), (False, True, False, False)), ((1, 3), (True, True, False, False)), ((4, 6), (False, True, False, True)), ((3, 5), (False, True, False, True)), ((3, 5), (False, True, False, True)), ((1, 3), (False, True, False, True)), ((1, 3), (False, False, False, True)), ((3, 1), (False, False, False, True)), ((1, 4), (True, False, False, False))]","[((1, 5), (True, False, False, False)), ((5, 1), (False, False, False, False)), ((4, 6), (False, True, False, True)), ((5, 5), (False, True, False, True)), ((5, 5), (False, True, False, True)), ((6, 4), (False, True, False, True)), ((6, 4), (False, True, False, False)), ((1, 3), (True, True, False, False)), ((4, 6), (False, True, False, True)), ((3, 5), (False, True, False, True)), ((3, 5), (False, True, False, True)), ((1, 3), (False, True, False, True)), ((1, 3), (False, False, False, True)), ((3, 1), (False, False, False, True))]",68,10,0,10
68,"((3, 1), (False, False, False, True))","((3, 2), (False, False, False, True))",South,"[((3, 2), (False, False, False, True)), ((4, 1), (False, False, False, True))]","[((1, 5), (True, False, False, False)), ((5, 1), (False, False, False, False)), ((4, 6), (False, True, False, True)), ((5, 5), (False, True, False, True)), ((5, 5), (False, True, False, True)), ((6, 4), (False, True, False, True)), ((6, 4), (False, True, False, False)), ((1, 3), (True, True, False, False)), ((4, 6), (False, True, False, True)), ((3, 5), (False, True, False, True)), ((3, 5), (False, True, False, True)), ((1, 3), (False, True, False, True)), ((1, 3), (False, False, False, True)), ((3, 1), (False, False, False, True))]","[((4, 1), (False, False, False, True)), ((1, 5), (True, False, False, False)), ((5, 1), (False, False, False, False)), ((4, 6), (False, True, False, True)), ((5, 5), (False, True, False, True)), ((5, 5), (False, True, False, True)), ((6, 4), (False, True, False, True)), ((6, 4), (False, True, False, False)), ((1, 3), (True, True, False, False)), ((4, 6), (False, True, False, True)), ((3, 5), (False, True, False, True)), ((3, 5), (False, True, False, True)), ((1, 3), (False, True, False, True)), ((1, 3), (False, False, False, True))]",69,11,0,11
69,"((1, 3), (False, False, False, True))","((1, 4), (False, False, False, True))",South,"[((1, 4), (False, False, False, True)), ((1, 2), (False, False, False, True))]","[((4, 1), (False, False, False, True)), ((1, 5), (True, False, False, False)), ((5, 1), (False, False, False, False)), ((4, 6), (False, True, False, True)), ((5, 5), (False, True, False, True)), ((5, 5), (False, True, False, True)), ((6, 4), (False, True, False, True)), ((6, 4), (False, True, False, False)), ((1, 3), (True, True, False, False)), ((4, 6), (False, True, False, True)), ((3, 5), (False, True, False, True)), ((3, 5), (False, True, False, True)), ((1, 3), (False, True, False, True)), ((1, 3), (False, False, False, True))]","[((1, 2), (False, False, False, True)), ((4, 1), (False, False, False, True)), ((1, 5), (True, False, False, False)), ((5, 1), (False, False, False, False)), ((4, 6), (False, True, False, True)), ((5, 5), (False, True, False, True)), ((5, 5), (False, True, False, True)), ((6, 4), (False, True, False, True)), ((6, 4), (False, True, False, False)), ((1, 3), (True, True, False, False)), ((4, 6), (False, True, False, True)), ((3, 5), (False, True, False, True)), ((3, 5), (False, True, False, True)), ((1, 3), (False, True, False, True))]",70,11,0,11
70,"((1, 3), (False, True, False, True))","((1, 4), (False, True, False, True))",South,"[((1, 4), (False, True, False, True)), ((1, 2), (False, True, False, True))]","[((1, 2), (False, False, False, True)), ((4, 1), (False, False, False, True)), ((1, 5), (True, False, False, False)), ((5, 1), (False, False, False, False)), ((4, 6), (False, True, False, True)), ((5, 5), (False, True, False, True)), ((5, 5), (False, True, False, True)), ((6, 4), (False, True, False, True)), ((6, 4), (False, True, False, False)), ((1, 3), (True, True, False, False)), ((4, 6), (False, True, False, True)), ((3, 5), (False, True, False, True)), ((3, 5), (False, True, False, True)), ((1, 3), (False, True, False, True))]","[((1, 2), (False, True, False, True)), ((1, 2), (False, False, False, True)), ((4, 1), (False, False, False, True)), ((1, 5), (True, False, False, False)), ((5, 1), (False, False, False, False)), ((4, 6), (False, True, False, True)), ((5, 5), (False, True, False, True)), ((5, 5), (False, True, False, True)), ((6, 4), (False, True, False, True)), ((6, 4), (False, True, False, False)), ((1, 3), (True, True, False, False)), ((4, 6), (False, True, False, True)), ((3, 5), (False, True, False, True)), ((3, 5), (False, True, False, True))]",71,11,0,11
71,"((3, 5), (False, True, False, True))","((2, 5), (False, True, False, True))",East,"[((3, 6), (False, True, False, True)), ((4, 5), (False, True, False, True)), ((2, 5), (False, True, False, True))]","[((1, 2), (False, True, False, True)), ((1, 2), (False, False, False, True)), ((4, 1), (False, False, False, True)), ((1, 5), (True, False, False, False)), ((5, 1), (False, False, False, False)), ((4, 6), (False, True, False, True)), ((5, 5), (False, True, False, True)), ((5, 5), (False, True, False, True)), ((6, 4), (False, True, False, True)), ((6, 4), (False, True, False, False)), ((1, 3), (True, True, False, False)), ((4, 6), (False, True, False, True)), ((3, 5), (False, True, False, True)), ((3, 5), (False, True, False, True))]","[((4, 5), (False, True, False, True)), ((1, 2), (False, True, False, True)), ((1, 2), (False, False, False, True)), ((4, 1), (False, False, False, True)), ((1, 5), (True, False, False, False)), ((5, 1), (False, False, False, False)), ((4, 6), (False, True, False, True)), ((5, 5), (False, True, False, True)), ((5, 5), (False, True, False, True)), ((6, 4), (False, True, False, True)), ((6, 4), (False, True, False, False)), ((1, 3), (True, True, False, False)), ((4, 6), (False, True, False, True)), ((3, 5), (False, True, False, True))]",72,11,0,11
72,"((4, 6), (False, True, False, True))","((3, 6), (False, True, False, True))",East,"[((4, 5), (False, True, False, True)), ((5, 6), (False, True, False, True)), ((3, 6), (False, True, False, True))]","[((4, 5), (False, True, False, True)), ((1, 2), (False, True, False, True)), ((1, 2), (False, False, False, True)), ((4, 1), (False, False, False, True)), ((1, 5), (True, False, False, False)), ((5, 1), (False, False, False, False)), ((4, 6), (False, True, False, True)), ((5, 5), (False, True, False, True)), ((5, 5), (False, True, False, True)), ((6, 4), (False, True, False, True)), ((6, 4), (False, True, False, False)), ((1, 3), (True, True, False, False)), ((4, 6), (False, True, False, True))]","[((4, 5), (False, True, False, True)), ((4, 5), (False, True, False, True)), ((1, 2), (False, True, False, True)), ((1, 2), (False, False, False, True)), ((4, 1), (False, False, False, True)), ((1, 5), (True, False, False, False)), ((5, 1), (False, False, False, False)), ((4, 6), (False, True, False, True)), ((5, 5), (False, True, False, True)), ((5, 5), (False, True, False, True)), ((6, 4), (False, True, False, True)), ((6, 4), (False, True, False, False)), ((1, 3), (True, True, False, False))]",73,11,0,11
73,"((1, 3), (True, True, False, False))","((1, 2), (True, True, False, False))",North,"[((1, 4), (True, True, False, False)), ((1, 2), (True, True, False, False))]","[((4, 5), (False, True, False, True)), ((4, 5), (False, True, False, True)), ((1, 2), (False, True, False, True)), ((1, 2), (False, False, False, True)), ((4, 1), (False, False, False, True)), ((1, 5), (True, False, False, False)), ((5, 1), (False, False, False, False)), ((4, 6), (False, True, False, True)), ((5, 5), (False, True, False, True)), ((5, 5), (False, True, False, True)), ((6, 4), (False, True, False, True)), ((6, 4), (False, True, False, False)), ((1, 3), (True, True, False, False))]","[((1, 4), (True, True, False, False)), ((4, 5), (False, True, False, True)), ((4, 5), (False, True, False, True)), ((1, 2), (False, True, False, True)), ((1, 2), (False, False, False, True)), ((4, 1), (False, False, False, True)), ((1, 5), (True, False, False, False)), ((5, 1), (False, False, False, False)), ((4, 6), (False, True, False, True)), ((5, 5), (False, True, False, True)), ((5, 5), (False, True, False, True)), ((6, 4), (False, True, False, True)), ((6, 4), (False, True, False, False))]",74,11,0,11
74,"((6, 4), (False, True, False, False))","((6, 5), (False, True, False, False))",South,"[((6, 5), (False, True, False, False)), ((6, 3), (False, True, False, False))]","[((1, 4), (True, True, False, False)), ((4, 5), (False, True, False, True)), ((4, 5), (False, True, False, True)), ((1, 2), (False, True, False, True)), ((1, 2), (False, False, False, True)), ((4, 1), (False, False, False, True)), ((1, 5), (True, False, False, False)), ((5, 1), (False, False, False, False)), ((4, 6), (False, True, False, True)), ((5, 5), (False, True, False, True)), ((5, 5), (False, True, False, True)), ((6, 4), (False, True, False, True)), ((6, 4), (False, True, False, False))]","[((6, 3), (False, True, False, False)), ((1, 4), (True, True, False, False)), ((4, 5), (False, True, False, True)), ((4, 5), (False, True, False, True)), ((1, 2), (False, True, False, True)), ((1, 2), (False, False, False, True)), ((4, 1), (False, False, False, True)), ((1, 5), (True, False, False, False)), ((5, 1), (False, False, False, False)), ((4, 6), (False, True, False, True)), ((5, 5), (False, True, False, True)), ((5, 5), (False, True, False, True)), ((6, 4), (False, True, False, True))]",75,11,0,11
75,"((6, 4), (False, True, False, True))","((6, 5), (False, True, False, True))",South,"[((6, 5), (False, True, False, True)), ((6, 3), (False, True, False, True))]","[((6, 3), (False, True, False, False)), ((1, 4), (True, True, False, False)), ((4, 5), (False, True, False, True)), ((4, 5), (False, True, False, True)), ((1, 2), (False, True, False, True)), ((1, 2), (False, False, False, True)), ((4, 1), (False, False, False, True)), ((1, 5), (True, False, False, False)), ((5, 1), (False, False, False, False)), ((4, 6), (False, True, False, True)), ((5, 5), (False, True, False, True)), ((5, 5), (False, True, False, True)), ((6, 4), (False, True, False, True))]","[((6, 3), (False, True, False, True)), ((6, 3), (False, True, False, False)), ((1, 4), (True, True, False, False)), ((4, 5), (False, True, False, True)), ((4, 5), (False, True, False, True)), ((1, 2), (False, True, False, True)), ((1, 2), (False, False, False, True)), ((4, 1), (False, False, False, True)), ((1, 5), (True, False, False, False)), ((5, 1), (False, False, False, False)), ((4, 6), (False, True, False, True)), ((5, 5), (False, True, False, True)), ((5, 5), (False, True, False, True))]",76,11,0,11
76,"((5, 5), (False, True, False, True))","((6, 5), (False, True, False, True))",West,"[((5, 6), (False, True, False, True)), ((6, 5), (False, True, False, True)), ((4, 5), (False, True, False, True))]","[((6, 3), (False, True, False, True)), ((6, 3), (False, True, False, False)), ((1, 4), (True, True, False, False)), ((4, 5), (False, True, False, True)), ((4, 5), (False, True, False, True)), ((1, 2), (False, True, False, True)), ((1, 2), (False, False, False, True)), ((4, 1), (False, False, False, True)), ((1, 5), (True, False, False, False)), ((5, 1), (False, False, False, False)), ((4, 6), (False, True, False, True)), ((5, 5), (False, True, False, True)), ((5, 5), (False, True, False, True))]","[((4, 5), (False, True, False, True)), ((6, 3), (False, True, False, True)), ((6, 3), (False, True, False, False)), ((1, 4), (True, True, False, False)), ((4, 5), (False, True, False, True)), ((4, 5), (False, True, False, True)), ((1, 2), (False, True, False, True)), ((1, 2), (False, False, False, True)), ((4, 1), (False, False, False, True)), ((1, 5), (True, False, False, False)), ((5, 1), (False, False, False, False)), ((4, 6), (False, True, False, True)), ((5, 5), (False, True, False, True))]",77,11,0,11
77,"((5, 1), (False, False, False, False))","((4, 1), (False, False, False, False))",East,"[((6, 1), (False, False, True, False)), ((4, 1), (False, False, False, False))]","[((4, 5), (False, True, False, True)), ((6, 3), (False, True, False, True)), ((6, 3), (False, True, False, False)), ((1, 4), (True, True, False, False)), ((4, 5), (False, True, False, True)), ((4, 5), (False, True, False, True)), ((1, 2), (False, True, False, True)), ((1, 2), (False, False, False, True)), ((4, 1), (False, False, False, True)), ((1, 5), (True, False, False, False)), ((5, 1), (False, False, False, False))]","[((6, 1), (False, False, True, False)), ((4, 5), (False, True, False, True)), ((6, 3), (False, True, False, True)), ((6, 3), (False, True, False, False)), ((1, 4), (True, True, False, False)), ((4, 5), (False, True, False, True)), ((4, 5), (False, True, False, True)), ((1, 2), (False, True, False, True)), ((1, 2), (False, False, False, True)), ((4, 1), (False, False, False, True)), ((1, 5), (True, False, False, False))]",78,11,0,11
78,"((1, 5), (True, False, False, False))","((1, 4), (True, False, False, False))",North,"[((1, 6), (True, True, False, False)), ((1, 4), (True, False, False, False)), ((2, 5), (True, False, False, False))]","[((6, 1), (False, False, True, False)), ((4, 5), (False, True, False, True)), ((6, 3), (False, True, False, True)), ((6, 3), (False, True, False, False)), ((1, 4), (True, True, False, False)), ((4, 5), (False, True, False, True)), ((4, 5), (False, True, False, True)), ((1, 2), (False, True, False, True)), ((1, 2), (False, False, False, True)), ((4, 1), (False, False, False, True)), ((1, 5), (True, False, False, False))]","[((2, 5), (True, False, False, False)), ((1, 6), (True, True, False, False)), ((6, 1), (False, False, True, False)), ((4, 5), (False, True, False, True)), ((6, 3), (False, True, False, True)), ((6, 3), (False, True, False, False)), ((1, 4), (True, True, False, False)), ((4, 5), (False, True, False, True)), ((4, 5), (False, True, False, True)), ((1, 2), (False, True, False, True)), ((1, 2), (False, False, False, True)), ((4, 1), (False, False, False, True))]",79,11,0,11
79,"((4, 1), (False, False, False, True))","((3, 1), (False, False, False, True))",East,"[((5, 1), (False, False, False, True)), ((3, 1), (False, False, False, True))]","[((2, 5), (True, False, False, False)), ((1, 6), (True, True, False, False)), ((6, 1), (False, False, True, False)), ((4, 5), (False, True, False, True)), ((6, 3), (False, True, False, True)), ((6, 3), (False, True, False, False)), ((1, 4), (True, True, False, False)), ((4, 5), (False, True, False, True)), ((4, 5), (False, True, False, True)), ((1, 2), (False, True, False, True)), ((1, 2), (False, False, False, True)), ((4, 1), (False, False, False, True))]","[((5, 1), (False, False, False, True)), ((2, 5), (True, False, False, False)), ((1, 6), (True, True, False, False)), ((6, 1), (False, False, True, False)), ((4, 5), (False, True, False, True)), ((6, 3), (False, True, False, True)), ((6, 3), (False, True, False, False)), ((1, 4), (True, True, False, False)), ((4, 5), (False, True, False, True)), ((4, 5), (False, True, False, True)), ((1, 2), (False, True, False, True)), ((1, 2), (False, False, False, True))]",80,12,0,12
80,"((1, 2), (False, False, False, True))","((1, 3), (False, False, False, True))",South,"[((1, 3), (False, False, False, True)), ((1, 1), (True, False, False, True))]","[((5, 1), (False, False, False, True)), ((2, 5), (True, False, False, False)), ((1, 6), (True, True, False, False)), ((6, 1), (False, False, True, False)), ((4, 5), (False, True, False, True)), ((6, 3), (False, True, False, True)), ((6, 3), (False, True, False, False)), ((1, 4), (True, True, False, False)), ((4, 5), (False, True, False, True)), ((4, 5), (False, True, False, True)), ((1, 2), (False, True, False, True)), ((1, 2), (False, False, False, True))]","[((1, 1), (True, False, False, True)), ((5, 1), (False, False, False, True)), ((2, 5), (True, False, False, False)), ((1, 6), (True, True, False, False)), ((6, 1), (False, False, True, False)), ((4, 5), (False, True, False, True)), ((6, 3), (False, True, False, True)), ((6, 3), (False, True, False, False)), ((1, 4), (True, True, False, False)), ((4, 5), (False, True, False, True)), ((4, 5), (False, True, False, True)), ((1, 2), (False, True, False, True))]",81,12,0,12
81,"((1, 2), (False, True, False, True))","((1, 3), (False, True, False, True))",South,"[((1, 3), (False, True, False, True)), ((1, 1), (True, True, False, True))]","[((1, 1), (True, False, False, True)), ((5, 1), (False, False, False, True)), ((2, 5), (True, False, False, False)), ((1, 6), (True, True, False, False)), ((6, 1), (False, False, True, False)), ((4, 5), (False, True, False, True)), ((6, 3), (False, True, False, True)), ((6, 3), (False, True, False, False)), ((1, 4), (True, True, False, False)), ((4, 5), (False, True, False, True)), ((4, 5), (False, True, False, True)), ((1, 2), (False, True, False, True))]","[((1, 1), (True, True, False, True)), ((1, 1), (True, False, False, True)), ((5, 1), (False, False, False, True)), ((2, 5), (True, False, False, False)), ((1, 6), (True, True, False, False)), ((6, 1), (False, False, True, False)), ((4, 5), (False, True, False, True)), ((6, 3), (False, True, False, True)), ((6, 3), (False, True, False, False)), ((1, 4), (True, True, False, False)), ((4, 5), (False, True, False, True)), ((4, 5), (False, True, False, True))]",82,12,0,12
82,"((4, 5), (False, True, False, True))","((3, 5), (False, True, False, True))",East,"[((4, 6), (False, True, False, True)), ((5, 5), (False, True, False, True)), ((3, 5), (False, True, False, True))]","[((1, 1), (True, True, False, True)), ((1, 1), (True, False, False, True)), ((5, 1), (False, False, False, True)), ((2, 5), (True, False, False, False)), ((1, 6), (True, True, False, False)), ((6, 1), (False, False, True, False)), ((4, 5), (False, True, False, True)), ((6, 3), (False, True, False, True)), ((6, 3), (False, True, False, False)), ((1, 4), (True, True, False, False)), ((4, 5), (False, True, False, True)), ((4, 5), (False, True, False, True))]","[((1, 1), (True, True, False, True)), ((1, 1), (True, False, False, True)), ((5, 1), (False, False, False, True)), ((2, 5), (True, False, False, False)), ((1, 6), (True, True, False, False)), ((6, 1), (False, False, True, False)), ((4, 5), (False, True, False, True)), ((6, 3), (False, True, False, True)), ((6, 3), (False, True, False, False)), ((1, 4), (True, True, False, False)), ((4, 5), (False, True, False, True))]",83,12,0,12
83,"((1, 4), (True, True, False, False))","((1, 3), (True, True, False, False))",North,"[((1, 5), (True, True, False, False)), ((1, 3), (True, True, False, False))]","[((1, 1), (True, True, False, True)), ((1, 1), (True, False, False, True)), ((5, 1), (False, False, False, True)), ((2, 5), (True, False, False, False)), ((1, 6), (True, True, False, False)), ((6, 1), (False, False, True, False)), ((4, 5), (False, True, False, True)), ((6, 3), (False, True, False, True)), ((6, 3), (False, True, False, False)), ((1, 4), (True, True, False, False))]","[((1, 5), (True, True, False, False)), ((1, 1), (True, True, False, True)), ((1, 1), (True, False, False, True)), ((5, 1), (False, False, False, True)), ((2, 5), (True, False, False, False)), ((1, 6), (True, True, False, False)), ((6, 1), (False, False, True, False)), ((4, 5), (False, True, False, True)), ((6, 3), (False, True, False, True)), ((6, 3), (False, True, False, False))]",84,12,0,12
84,"((6, 3), (False, True, False, False))","((6, 4), (False, True, False, False))",South,"[((6, 4), (False, True, False, False)), ((5, 3), (False, True, False, False))]","[((1, 5), (True, True, False, False)), ((1, 1), (True, True, False, True)), ((1, 1), (True, False, False, True)), ((5, 1), (False, False, False, True)), ((2, 5), (True, False, False, False)), ((1, 6), (True, True, False, False)), ((6, 1), (False, False, True, False)), ((4, 5), (False, True, False, True)), ((6, 3), (False, True, False, True)), ((6, 3), (False, True, False, False))]","[((5, 3), (False, True, False, False)), ((1, 5), (True, True, False, False)), ((1, 1), (True, True, False, True)), ((1, 1), (True, False, False, True)), ((5, 1), (False, False, False, True)), ((2, 5), (True, False, False, False)), ((1, 6), (True, True, False, False)), ((6, 1), (False, False, True, False)), ((4, 5), (False, True, False, True)), ((6, 3), (False, True, False, True))]",85,12,0,12
85,"((6, 3), (False, True, False, True))","((6, 4), (False, True, False, True))",South,"[((6, 4), (False, True, False, True)), ((5, 3), (False, True, False, True))]","[((5, 3), (False, True, False, False)), ((1, 5), (True, True, False, False)), ((1, 1), (True, True, False, True)), ((1, 1), (True, False, False, True)), ((5, 1), (False, False, False, True)), ((2, 5), (True, False, False, False)), ((1, 6), (True, True, False, False)), ((6, 1), (False, False, True, False)), ((4, 5), (False, True, False, True)), ((6, 3), (False, True, False, True))]","[((5, 3), (False, True, False, True)), ((5, 3), (False, True, False, False)), ((1, 5), (True, True, False, False)), ((1, 1), (True, True, False, True)), ((1, 1), (True, False, False, True)), ((5, 1), (False, False, False, True)), ((2, 5), (True, False, False, False)), ((1, 6), (True, True, False, False)), ((6, 1), (False, False, True, False)), ((4, 5), (False, True, False, True))]",86,12,0,12
86,"((6, 1), (False, False, True, False))","((5, 1), (False, False, False, False))",East,"[((5, 1), (False, False, True, False))]","[((5, 3), (False, True, False, True)), ((5, 3), (False, True, False, False)), ((1, 5), (True, True, False, False)), ((1, 1), (True, True, False, True)), ((1, 1), (True, False, False, True)), ((5, 1), (False, False, False, True)), ((2, 5), (True, False, False, False)), ((1, 6), (True, True, False, False)), ((6, 1), (False, False, True, False))]","[((5, 1), (False, False, True, False)), ((5, 3), (False, True, False, True)), ((5, 3), (False, True, False, False)), ((1, 5), (True, True, False, False)), ((1, 1), (True, True, False, True)), ((1, 1), (True, False, False, True)), ((5, 1), (False, False, False, True)), ((2, 5), (True, False, False, False)), ((1, 6), (True, True, False, False))]",87,12,0,12
87,"((1, 6), (True, True, False, False))","((1, 5), (True, False, False, False))",North,"[((1, 5), (True, True, False, False)), ((2, 6), (True, True, False, False))]","[((5, 1), (False, False, True, False)), ((5, 3), (False, True, False, True)), ((5, 3), (False, True, False, False)), ((1, 5), (True, True, False, False)), ((1, 1), (True, True, False, True)), ((1, 1), (True, False, False, True)), ((5, 1), (False, False, False, True)), ((2, 5), (True, False, False, False)), ((1, 6), (True, True, False, False))]","[((2, 6), (True, True, False, False)), ((1, 5), (True, True, False, False)), ((5, 1), (False, False, True, False)), ((5, 3), (False, True, False, True)), ((5, 3), (False, True, False, False)), ((1, 5), (True, True, False, False)), ((1, 1), (True, True, False, True)), ((1, 1), (True, False, False, True)), ((5, 1), (False, False, False, True)), ((2, 5), (True, False, False, False))]",88,12,0,12
88,"((2, 5), (True, False, False, False))","((1, 5), (True, False, False, False))",East,"[((2, 6), (True, False, False, False)), ((3, 5), (True, False, False, False)), ((1, 5), (True, False, False, False))]","[((2, 6), (True, True, False, False)), ((1, 5), (True, True, False, False)), ((5, 1), (False, False, True, False)), ((5, 3), (False, True, False, True)), ((5, 3), (False, True, False, False)), ((1, 5), (True, True, False, False)), ((1, 1), (True, True, False, True)), ((1, 1), (True, False, False, True)), ((5, 1), (False, False, False, True)), ((2, 5), (True, False, False, False))]","[((3, 5), (True, False, False, False)), ((2, 6), (True, False, False, False)), ((2, 6), (True, True, False, False)), ((1, 5), (True, True, False, False)), ((5, 1), (False, False, True, False)), ((5, 3), (False, True, False, True)), ((5, 3), (False, True, False, False)), ((1, 5), (True, True, False, False)), ((1, 1), (True, True, False, True)), ((1, 1), (True, False, False, True)), ((5, 1), (False, False, False, True))]",89,12,0,12
89,"((5, 1), (False, False, False, True))","((4, 1), (False, False, False, True))",East,"[((6, 1), (False, False, True, True)), ((4, 1), (False, False, False, True))]","[((3, 5), (True, False, False, False)), ((2, 6), (True, False, False, False)), ((2, 6), (True, True, False, False)), ((1, 5), (True, True, False, False)), ((5, 1), (False, False, True, False)), ((5, 3), (False, True, False, True)), ((5, 3), (False, True, False, False)), ((1, 5), (True, True, False, False)), ((1, 1), (True, True, False, True)), ((1, 1), (True, False, False, True)), ((5, 1), (False, False, False, True))]","[((6, 1), (False, False, True, True)), ((3, 5), (True, False, False, False)), ((2, 6), (True, False, False, False)), ((2, 6), (True, True, False, False)), ((1, 5), (True, True, False, False)), ((5, 1), (False, False, True, False)), ((5, 3), (False, True, False, True)), ((5, 3), (False, True, False, False)), ((1, 5), (True, True, False, False)), ((1, 1), (True, True, False, True)), ((1, 1), (True, False, False, True))]",90,13,0,13
90,"((1, 1), (True, False, False, True))","((1, 2), (False, False, False, True))",South,"[((1, 2), (True, False, False, True))]","[((6, 1), (False, False, True, True)), ((3, 5), (True, False, False, False)), ((2, 6), (True, False, False, False)), ((2, 6), (True, True, False, False)), ((1, 5), (True, True, False, False)), ((5, 1), (False, False, True, False)), ((5, 3), (False, True, False, True)), ((5, 3), (False, True, False, False)), ((1, 5), (True, True, False, False)), ((1, 1), (True, True, False, True)), ((1, 1), (True, False, False, True))]","[((1, 2), (True, False, False, True)), ((6, 1), (False, False, True, True)), ((3, 5), (True, False, False, False)), ((2, 6), (True, False, False, False)), ((2, 6), (True, True, False, False)), ((1, 5), (True, True, False, False)), ((5, 1), (False, False, True, False)), ((5, 3), (False, True, False, True)), ((5, 3), (False, True, False, False)), ((1, 5), (True, True, False, False)), ((1, 1), (True, True, False, True))]",91,13,0,13
91,"((1, 1), (True, True, False, True))","((1, 2), (False, True, False, True))",South,"[((1, 2), (True, True, False, True))]","[((1, 2), (True, False, False, True)), ((6, 1), (False, False, True, True)), ((3, 5), (True, False, False, False)), ((2, 6), (True, False, False, False)), ((2, 6), (True, True, False, False)), ((1, 5), (True, True, False, False)), ((5, 1), (False, False, True, False)), ((5, 3), (False, True, False, True)), ((5, 3), (False, True, False, False)), ((1, 5), (True, True, False, False)), ((1, 1), (True, True, False, True))]","[((1, 2), (True, True, False, True)), ((1, 2), (True, False, False, True)), ((6, 1), (False, False, True, True)), ((3, 5), (True, False, False, False)), ((2, 6), (True, False, False, False)), ((2, 6), (True, True, False, False)), ((1, 5), (True, True, False, False)), ((5, 1), (False, False, True, False)), ((5, 3), (False, True, False, True)), ((5, 3), (False, True, False, False)), ((1, 5), (True, True, False, False))]",92,13,0,13
92,"((1, 5), (True, True, False, False))","((1, 4), (True, True, False, False))",North,"[((1, 6), (True, True, False, False)), ((1, 4), (True, True, False, False)), ((2, 5), (True, True, False, False))]","[((1, 2), (True, True, False, True)), ((1, 2), (True, False, False, True)), ((6, 1), (False, False, True, True)), ((3, 5), (True, False, False, False)), ((2, 6), (True, False, False, False)), ((2, 6), (True, True, False, False)), ((1, 5), (True, True, False, False)), ((5, 1), (False, False, True, False)), ((5, 3), (False, True, False, True)), ((5, 3), (False, True, False, False)), ((1, 5), (True, True, False, False))]","[((2, 5), (True, True, False, False)), ((1, 2), (True, True, False, True)), ((1, 2), (True, False, False, True)), ((6, 1), (False, False, True, True)), ((3, 5), (True, False, False, False)), ((2, 6), (True, False, False, False)), ((2, 6), (True, True, False, False)), ((1, 5), (True, True, False, False)), ((5, 1), (False, False, True, False)), ((5, 3), (False, True, False, True)), ((5, 3), (False, True, False, False))]",93,13,0,13
93,"((5, 3), (False, True, False, False))","((6, 3), (False, True, False, False))",West,"[((6, 3), (False, True, False, False)), ((4, 3), (False, True, False, False))]","[((2, 5), (True, True, False, False)), ((1, 2), (True, True, False, True)), ((1, 2), (True, False, False, True)), ((6, 1), (False, False, True, True)), ((3, 5), (True, False, False, False)), ((2, 6), (True, False, False, False)), ((2, 6), (True, True, False, False)), ((1, 5), (True, True, False, False)), ((5, 1), (False, False, True, False)), ((5, 3), (False, True, False, True)), ((5, 3), (False, True, False, False))]","[((4, 3), (False, True, False, False)), ((2, 5), (True, True, False, False)), ((1, 2), (True, True, False, True)), ((1, 2), (True, False, False, True)), ((6, 1), (False, False, True, True)), ((3, 5), (True, False, False, False)), ((2, 6), (True, False, False, False)), ((2, 6), (True, True, False, False)), ((1, 5), (True, True, False, False)), ((5, 1), (False, False, True, False)), ((5, 3), (False, True, False, True))]",94,13,0,13
94,"((5, 3), (False, True, False, True))","((6, 3), (False, True, False, True))",West,"[((6, 3), (False, True, False, True)), ((4, 3), (False, True, False, True))]","[((4, 3), (False, True, False, False)), ((2, 5), (True, True, False, False)), ((1, 2), (True, True, False, True)), ((1, 2), (True, False, False, True)), ((6, 1), (False, False, True, True)), ((3, 5), (True, False, False, False)), ((2, 6), (True, False, False, False)), ((2, 6), (True, True, False, False)), ((1, 5), (True, True, False, False)), ((5, 1), (False, False, True, False)), ((5, 3), (False, True, False, True))]","[((4, 3), (False, True, False, True)), ((4, 3), (False, True, False, False)), ((2, 5), (True, True, False, False)), ((1, 2), (True, True, False, True)), ((1, 2), (True, False, False, True)), ((6, 1), (False, False, True, True)), ((3, 5), (True, False, False, False)), ((2, 6), (True, False, False, False)), ((2, 6), (True, True, False, False)), ((1, 5), (True, True, False, False)), ((5, 1), (False, False, True, False))]",95,13,0,13
95,"((5, 1), (False, False, True, False))","((6, 1), (False, False, True, False))",West,"[((6, 1), (False, False, True, False)), ((4, 1), (False, False, True, False))]","[((4, 3), (False, True, False, True)), ((4, 3), (False, True, False, False)), ((2, 5), (True, True, False, False)), ((1, 2), (True, True, False, True)), ((1, 2), (True, False, False, True)), ((6, 1), (False, False, True, True)), ((3, 5), (True, False, False, False)), ((2, 6), (True, False, False, False)), ((2, 6), (True, True, False, False)), ((1, 5), (True, True, False, False)), ((5, 1), (False, False, True, False))]","[((4, 1), (False, False, True, False)), ((4, 3), (False, True, False, True)), ((4, 3), (False, True, False, False)), ((2, 5), (True, True, False, False)), ((1, 2), (True, True, False, True)), ((1, 2), (True, False, False, True)), ((6, 1), (False, False, True, True)), ((3, 5), (True, False, False, False)), ((2, 6), (True, False, False, False)), ((2, 6), (True, True, False, False)), ((1, 5), (True, True, False, False))]",96,13,0,13
96,"((2, 6), (True, True, False, False))","((1, 6), (True, True, False, False))",East,"[((2, 5), (True, True, False, False)), ((3, 6), (True, True, False, False)), ((1, 6), (True, True, False, False))]","[((4, 1), (False, False, True, False)), ((4, 3), (False, True, False, True)), ((4, 3), (False, True, False, False)), ((2, 5), (True, True, False, False)), ((1, 2), (True, True, False, True)), ((1, 2), (True, False, False, True)), ((6, 1), (False, False, True, True)), ((3, 5), (True, False, False, False)), ((2, 6), (True, False, False, False)), ((2, 6), (True, True, False, False))]","[((3, 6), (True, True, False, False)), ((2, 5), (True, True, False, False)), ((4, 1), (False, False, True, False)), ((4, 3), (False, True, False, True)), ((4, 3), (False, True, False, False)), ((2, 5), (True, True, False, False)), ((1, 2), (True, True, False, True)), ((1, 2), (True, False, False, True)), ((6, 1), (False, False, True, True)), ((3, 5), (True, False, False, False)), ((2, 6), (True, False, False, False))]",97,13,0,13
97,"((2, 6), (True, False, False, False))","((2, 5), (True, False, False, False))",North,"[((2, 5), (True, False, False, False)), ((3, 6), (True, False, False, False)), ((1, 6), (True, True, False, False))]","[((3, 6), (True, True, False, False)), ((2, 5), (True, True, False, False)), ((4, 1), (False, False, True, False)), ((4, 3), (False, True, False, True)), ((4, 3), (False, True, False, False)), ((2, 5), (True, True, False, False)), ((1, 2), (True, True, False, True)), ((1, 2), (True, False, False, True)), ((6, 1), (False, False, True, True)), ((3, 5), (True, False, False, False)), ((2, 6), (True, False, False, False))]","[((3, 6), (True, False, False, False)), ((3, 6), (True, True, False, False)), ((2, 5), (True, True, False, False)), ((4, 1), (False, False, True, False)), ((4, 3), (False, True, False, True)), ((4, 3), (False, True, False, False)), ((2, 5), (True, True, False, False)), ((1, 2), (True, True, False, True)), ((1, 2), (True, False, False, True)), ((6, 1), (False, False, True, True)), ((3, 5), (True, False, False, False))]",98,13,0,13
98,"((3, 5), (True, False, False, False))","((2, 5), (True, False, False, False))",East,"[((3, 6), (True, False, False, False)), ((4, 5), (True, False, False, False)), ((2, 5), (True, False, False, False))]","[((3, 6), (True, False, False, False)), ((3, 6), (True, True, False, False)), ((2, 5), (True, True, False, False)), ((4, 1), (False, False, True, False)), ((4, 3), (False, True, False, True)), ((4, 3), (False, True, False, False)), ((2, 5), (True, True, False, False)), ((1, 2), (True, True, False, True)), ((1, 2), (True, False, False, True)), ((6, 1), (False, False, True, True)), ((3, 5), (True, False, False, False))]","[((4, 5), (True, False, False, False)), ((3, 6), (True, False, False, False)), ((3, 6), (True, False, False, False)), ((3, 6), (True, True, False, False)), ((2, 5), (True, True, False, False)), ((4, 1), (False, False, True, False)), ((4, 3), (False, True, False, True)), ((4, 3), (False, True, False, False)), ((2, 5), (True, True, False, False)), ((1, 2), (True, True, False, True)), ((1, 2), (True, False, False, True)), ((6, 1), (False, False, True, True))]",99,13,0,13
99,"((6, 1), (False, False, True, True))","((5, 1), (False, False, False, True))",East,"[((5, 1), (False, False, True, True))]","[((4, 5), (True, False, False, False)), ((3, 6), (True, False, False, False)), ((3, 6), (True, False, False, False)), ((3, 6), (True, True, False, False)), ((2, 5), (True, True, False, False)), ((4, 1), (False, False, True, False)), ((4, 3), (False, True, False, True)), ((4, 3), (False, True, False, False)), ((2, 5), (True, True, False, False)), ((1, 2), (True, True, False, True)), ((1, 2), (True, False, False, True)), ((6, 1), (False, False, True, True))]","[((5, 1), (False, False, True, True)), ((4, 5), (True, False, False, False)), ((3, 6), (True, False, False, False)), ((3, 6), (True, False, False, False)), ((3, 6), (True, True, False, False)), ((2, 5), (True, True, False, False)), ((4, 1), (False, False, True, False)), ((4, 3), (False, True, False, True)), ((4, 3), (False, True, False, False)), ((2, 5), (True, True, False, False)), ((1, 2), (True, True, False, True)), ((1, 2), (True, False, False, True))]",100,14,0,14
100,"((1, 2), (True, False, False, True))","((1, 1), (True, False, False, True))",North,"[((1, 3), (True, False, False, True)), ((1, 1), (True, False, False, True))]","[((5, 1), (False, False, True, True)), ((4, 5), (True, False, False, False)), ((3, 6), (True, False, False, False)), ((3, 6), (True, False, False, False)), ((3, 6), (True, True, False, False)), ((2, 5), (True, True, False, False)), ((4, 1), (False, False, True, False)), ((4, 3), (False, True, False, True)), ((4, 3), (False, True, False, False)), ((2, 5), (True, True, False, False)), ((1, 2), (True, True, False, True)), ((1, 2), (True, False, False, True))]","[((1, 3), (True, False, False, True)), ((5, 1), (False, False, True, True)), ((4, 5), (True, False, False, False)), ((3, 6), (True, False, False, False)), ((3, 6), (True, False, False, False)), ((3, 6), (True, True, False, False)), ((2, 5), (True, True, False, False)), ((4, 1), (False, False, True, False)), ((4, 3), (False, True, False, True)), ((4, 3), (False, True, False, False)), ((2, 5), (True, True, False, False)), ((1, 2), (True, True, False, True))]",101,14,0,14
101,"((1, 2), (True, True, False, True))","((1, 1), (True, True, False, True))",North,"[((1, 3), (True, True, False, True)), ((1, 1), (True, True, False, True))]","[((1, 3), (True, False, False, True)), ((5, 1), (False, False, True, True)), ((4, 5), (True, False, False, False)), ((3, 6), (True, False, False, False)), ((3, 6), (True, False, False, False)), ((3, 6), (True, True, False, False)), ((2, 5), (True, True, False, False)), ((4, 1), (False, False, True, False)), ((4, 3), (False, True, False, True)), ((4, 3), (False, True, False, False)), ((2, 5), (True, True, False, False)), ((1, 2), (True, True, False, True))]","[((1, 3), (True, True, False, True)), ((1, 3), (True, False, False, True)), ((5, 1), (False, False, True, True)), ((4, 5), (True, False, False, False)), ((3, 6), (True, False, False, False)), ((3, 6), (True, False, False, False)), ((3, 6), (True, True, False, False)), ((2, 5), (True, True, False, False)), ((4, 1), (False, False, True, False)), ((4, 3), (False, True, False, True)), ((4, 3), (False, True, False, False)), ((2, 5), (True, True, False, False))]",102,14,0,14
102,"((2, 5), (True, True, False, False))","((1, 5), (True, True, False, False))",East,"[((2, 6), (True, True, False, False)), ((3, 5), (True, True, False, False)), ((1, 5), (True, True, False, False))]","[((1, 3), (True, True, False, True)), ((1, 3), (True, False, False, True)), ((5, 1), (False, False, True, True)), ((4, 5), (True, False, False, False)), ((3, 6), (True, False, False, False)), ((3, 6), (True, False, False, False)), ((3, 6), (True, True, False, False)), ((2, 5), (True, True, False, False)), ((4, 1), (False, False, True, False)), ((4, 3), (False, True, False, True)), ((4, 3), (False, True, False, False)), ((2, 5), (True, True, False, False))]","[((3, 5), (True, True, False, False)), ((1, 3), (True, True, False, True)), ((1, 3), (True, False, False, True)), ((5, 1), (False, False, True, True)), ((4, 5), (True, False, False, False)), ((3, 6), (True, False, False, False)), ((3, 6), (True, False, False, False)), ((3, 6), (True, True, False, False)), ((2, 5), (True, True, False, False)), ((4, 1), (False, False, True, False)), ((4, 3), (False, True, False, True)), ((4, 3), (False, True, False, False))]",103,14,0,14
103,"((4, 3), (False, True, False, False))","((5, 3), (False, True, False, False))",West,"[((5, 3), (False, True, False, False)), ((3, 3), (False, True, False, False))]","[((3, 5), (True, True, False, False)), ((1, 3), (True, True, False, True)), ((1, 3), (True, False, False, True)), ((5, 1), (False, False, True, True)), ((4, 5), (True, False, False, False)), ((3, 6), (True, False, False, False)), ((3, 6), (True, False, False, False)), ((3, 6), (True, True, False, False)), ((2, 5), (True, True, False, False)), ((4, 1), (False, False, True, False)), ((4, 3), (False, True, False, True)), ((4, 3), (False, True, False, False))]","[((3, 3), (False, True, False, False)), ((3, 5), (True, True, False, False)), ((1, 3), (True, True, False, True)), ((1, 3), (True, False, False, True)), ((5, 1), (False, False, True, True)), ((4, 5), (True, False, False, False)), ((3, 6), (True, False, False, False)), ((3, 6), (True, False, False, False)), ((3, 6), (True, True, False, False)), ((2, 5), (True, True, False, False)), ((4, 1), (False, False, True, False)), ((4, 3), (False, True, False, True))]",104,14,0,14
104,"((4, 3), (False, True, False, True))","((5, 3), (False, True, False, True))",West,"[((5, 3), (False, True, False, True)), ((3, 3), (False, True, False, True))]","[((3, 3), (False, True, False, False)), ((3, 5), (True, True, False, False)), ((1, 3), (True, True, False, True)), ((1, 3), (True, False, False, True)), ((5, 1), (False, False, True, True)), ((4, 5), (True, False, False, False)), ((3, 6), (True, False, False, False)), ((3, 6), (True, False, False, False)), ((3, 6), (True, True, False, False)), ((2, 5), (True, True, False, False)), ((4, 1), (False, False, True, False)), ((4, 3), (False, True, False, True))]","[((3, 3), (False, True, False, True)), ((3, 3), (False, True, False, False)), ((3, 5), (True, True, False, False)), ((1, 3), (True, True, False, True)), ((1, 3), (True, False, False, True)), ((5, 1), (False, False, True, True)), ((4, 5), (True, False, False, False)), ((3, 6), (True, False, False, False)), ((3, 6), (True, False, False, False)), ((3, 6), (True, True, False, False)), ((2, 5), (True, True, False, False)), ((4, 1), (False, False, True, False))]",105,14,0,14
105,"((4, 1), (False, False, True, False))","((5, 1), (False, False, True, False))",West,"[((5, 1), (False, False, True, False)), ((3, 1), (False, False, True, False))]","[((3, 3), (False, True, False, True)), ((3, 3), (False, True, False, False)), ((3, 5), (True, True, False, False)), ((1, 3), (True, True, False, True)), ((1, 3), (True, False, False, True)), ((5, 1), (False, False, True, True)), ((4, 5), (True, False, False, False)), ((3, 6), (True, False, False, False)), ((3, 6), (True, False, False, False)), ((3, 6), (True, True, False, False)), ((2, 5), (True, True, False, False)), ((4, 1), (False, False, True, False))]","[((3, 1), (False, False, True, False)), ((3, 3), (False, True, False, True)), ((3, 3), (False, True, False, False)), ((3, 5), (True, True, False, False)), ((1, 3), (True, True, False, True)), ((1, 3), (True, False, False, True)), ((5, 1), (False, False, True, True)), ((4, 5), (True, False, False, False)), ((3, 6), (True, False, False, False)), ((3, 6), (True, False, False, False)), ((3, 6), (True, True, False, False)), ((2, 5), (True, True, False, False))]",106,14,0,14
106,"((3, 6), (True, True, False, False))","((2, 6), (True, True, False, False))",East,"[((3, 5), (True, True, False, False)), ((4, 6), (True, True, False, False)), ((2, 6), (True, True, False, False))]","[((3, 1), (False, False, True, False)), ((3, 3), (False, True, False, True)), ((3, 3), (False, True, False, False)), ((3, 5), (True, True, False, False)), ((1, 3), (True, True, False, True)), ((1, 3), (True, False, False, True)), ((5, 1), (False, False, True, True)), ((4, 5), (True, False, False, False)), ((3, 6), (True, False, False, False)), ((3, 6), (True, False, False, False)), ((3, 6), (True, True, False, False))]","[((4, 6), (True, True, False, False)), ((3, 5), (True, True, False, False)), ((3, 1), (False, False, True, False)), ((3, 3), (False, True, False, True)), ((3, 3), (False, True, False, False)), ((3, 5), (True, True, False, False)), ((1, 3), (True, True, False, True)), ((1, 3), (True, False, False, True)), ((5, 1), (False, False, True, True)), ((4, 5), (True, False, False, False)), ((3, 6), (True, False, False, False)), ((3, 6), (True, False, False, False))]",107,14,0,14
107,"((3, 6), (True, False, False, False))","((2, 6), (True, False, False, False))",East,"[((3, 5), (True, False, False, False)), ((4, 6), (True, False, False, False)), ((2, 6), (True, False, False, False))]","[((4, 6), (True, True, False, False)), ((3, 5), (True, True, False, False)), ((3, 1), (False, False, True, False)), ((3, 3), (False, True, False, True)), ((3, 3), (False, True, False, False)), ((3, 5), (True, True, False, False)), ((1, 3), (True, True, False, True)), ((1, 3), (True, False, False, True)), ((5, 1), (False, False, True, True)), ((4, 5), (True, False, False, False)), ((3, 6), (True, False, False, False)), ((3, 6), (True, False, False, False))]","[((4, 6), (True, False, False, False)), ((4, 6), (True, True, False, False)), ((3, 5), (True, True, False, False)), ((3, 1), (False, False, True, False)), ((3, 3), (False, True, False, True)), ((3, 3), (False, True, False, False)), ((3, 5), (True, True, False, False)), ((1, 3), (True, True, False, True)), ((1, 3), (True, False, False, True)), ((5, 1), (False, False, True, True)), ((4, 5), (True, False, False, False)), ((3, 6), (True, False, False, False))]",108,14,0,14
108,"((4, 5), (True, False, False, False))","((3, 5), (True, False, False, False))",East,"[((4, 6), (True, False, False, False)), ((5, 5), (True, False, False, False)), ((3, 5), (True, False, False, False))]","[((4, 6), (True, False, False, False)), ((4, 6), (True, True, False, False)), ((3, 5), (True, True, False, False)), ((3, 1), (False, False, True, False)), ((3, 3), (False, True, False, True)), ((3, 3), (False, True, False, False)), ((3, 5), (True, True, False, False)), ((1, 3), (True, True, False, True)), ((1, 3), (True, False, False, True)), ((5, 1), (False, False, True, True)), ((4, 5), (True, False, False, False))]","[((5, 5), (True, False, False, False)), ((4, 6), (True, False, False, False)), ((4, 6), (True, False, False, False)), ((4, 6), (True, True, False, False)), ((3, 5), (True, True, False, False)), ((3, 1), (False, False, True, False)), ((3, 3), (False, True, False, True)), ((3, 3), (False, True, False, False)), ((3, 5), (True, True, False, False)), ((1, 3), (True, True, False, True)), ((1, 3), (True, False, False, True)), ((5, 1), (False, False, True, True))]",109,14,0,14
109,"((5, 1), (False, False, True, True))","((6, 1), (False, False, True, True))",West,"[((6, 1), (False, False, True, True)), ((4, 1), (False, False, True, True))]","[((5, 5), (True, False, False, False)), ((4, 6), (True, False, False, False)), ((4, 6), (True, False, False, False)), ((4, 6), (True, True, False, False)), ((3, 5), (True, True, False, False)), ((3, 1), (False, False, True, False)), ((3, 3), (False, True, False, True)), ((3, 3), (False, True, False, False)), ((3, 5), (True, True, False, False)), ((1, 3), (True, True, False, True)), ((1, 3), (True, False, False, True)), ((5, 1), (False, False, True, True))]","[((4, 1), (False, False, True, True)), ((5, 5), (True, False, False, False)), ((4, 6), (True, False, False, False)), ((4, 6), (True, False, False, False)), ((4, 6), (True, True, False, False)), ((3, 5), (True, True, False, False)), ((3, 1), (False, False, True, False)), ((3, 3), (False, True, False, True)), ((3, 3), (False, True, False, False)), ((3, 5), (True, True, False, False)), ((1, 3), (True, True, False, True)), ((1, 3), (True, False, False, True))]",110,15,0,15
110,"((1, 3), (True, False, False, True))","((1, 2), (True, False, False, True))",North,"[((1, 4), (True, False, False, True)), ((1, 2), (True, False, False, True))]","[((4, 1), (False, False, True, True)), ((5, 5), (True, False, False, False)), ((4, 6), (True, False, False, False)), ((4, 6), (True, False, False, False)), ((4, 6), (True, True, False, False)), ((3, 5), (True, True, False, False)), ((3, 1), (False, False, True, False)), ((3, 3), (False, True, False, True)), ((3, 3), (False, True, False, False)), ((3, 5), (True, True, False, False)), ((1, 3), (True, True, False, True)), ((1, 3), (True, False, False, True))]","[((1, 4), (True, False, False, True)), ((4, 1), (False, False, True, True)), ((5, 5), (True, False, False, False)), ((4, 6), (True, False, False, False)), ((4, 6), (True, False, False, False)), ((4, 6), (True, True, False, False)), ((3, 5), (True, True, False, False)), ((3, 1), (False, False, True, False)), ((3, 3), (False, True, False, True)), ((3, 3), (False, True, False, False)), ((3, 5), (True, True, False, False)), ((1, 3), (True, True, False, True))]",111,15,0,15
111,"((1, 3), (True, True, False, True))","((1, 2), (True, True, False, True))",North,"[((1, 4), (True, True, False, True)), ((1, 2), (True, True, False, True))]","[((1, 4), (True, False, False, True)), ((4, 1), (False, False, True, True)), ((5, 5), (True, False, False, False)), ((4, 6), (True, False, False, False)), ((4, 6), (True, False, False, False)), ((4, 6), (True, True, False, False)), ((3, 5), (True, True, False, False)), ((3, 1), (False, False, True, False)), ((3, 3), (False, True, False, True)), ((3, 3), (False, True, False, False)), ((3, 5), (True, True, False, False)), ((1, 3), (True, True, False, True))]","[((1, 4), (True, True, False, True)), ((1, 4), (True, False, False, True)), ((4, 1), (False, False, True, True)), ((5, 5), (True, False, False, False)), ((4, 6), (True, False, False, False)), ((4, 6), (True, False, False, False)), ((4, 6), (True, True, False, False)), ((3, 5), (True, True, False, False)), ((3, 1), (False, False, True, False)), ((3, 3), (False, True, False, True)), ((3, 3), (False, True, False, False)), ((3, 5), (True, True, False, False))]",112,15,0,15
112,"((3, 5), (True, True, False, False))","((2, 5), (True, True, False, False))",East,"[((3, 6), (True, True, False, False)), ((4, 5), (True, True, False, False)), ((2, 5), (True, True, False, False))]","[((1, 4), (True, True, False, True)), ((1, 4), (True, False, False, True)), ((4, 1), (False, False, True, True)), ((5, 5), (True, False, False, False)), ((4, 6), (True, False, False, False)), ((4, 6), (True, False, False, False)), ((4, 6), (True, True, False, False)), ((3, 5), (True, True, False, False)), ((3, 1), (False, False, True, False)), ((3, 3), (False, True, False, True)), ((3, 3), (False, True, False, False)), ((3, 5), (True, True, False, False))]","[((4, 5), (True, True, False, False)), ((1, 4), (True, True, False, True)), ((1, 4), (True, False, False, True)), ((4, 1), (False, False, True, True)), ((5, 5), (True, False, False, False)), ((4, 6), (True, False, False, False)), ((4, 6), (True, False, False, False)), ((4, 6), (True, True, False, False)), ((3, 5), (True, True, False, False)), ((3, 1), (False, False, True, False)), ((3, 3), (False, True, False, True)), ((3, 3), (False, True, False, False))]",113,15,0,15
113,"((3, 3), (False, True, False, False))","((4, 3), (False, True, False, False))",West,"[((3, 2), (False, True, False, False)), ((4, 3), (False, True, False, False))]","[((4, 5), (True, True, False, False)), ((1, 4), (True, True, False, True)), ((1, 4), (True, False, False, True)), ((4, 1), (False, False, True, True)), ((5, 5), (True, False, False, False)), ((4, 6), (True, False, False, False)), ((4, 6), (True, False, False, False)), ((4, 6), (True, True, False, False)), ((3, 5), (True, True, False, False)), ((3, 1), (False, False, True, False)), ((3, 3), (False, True, False, True)), ((3, 3), (False, True, False, False))]","[((3, 2), (False, True, False, False)), ((4, 5), (True, True, False, False)), ((1, 4), (True, True, False, True)), ((1, 4), (True, False, False, True)), ((4, 1), (False, False, True, True)), ((5, 5), (True, False, False, False)), ((4, 6), (True, False, False, False)), ((4, 6), (True, False, False, False)), ((4, 6), (True, True, False, False)), ((3, 5), (True, True, False, False)), ((3, 1), (False, False, True, False)), ((3, 3), (False, True, False, True))]",114,15,0,15
114,"((3, 3), (False, True, False, True))","((4, 3), (False, True, False, True))",West,"[((3, 2), (False, True, False, True)), ((4, 3), (False, True, False, True))]","[((3, 2), (False, True, False, False)), ((4, 5), (True, True, False, False)), ((1, 4), (True, True, False, True)), ((1, 4), (True, False, False, True)), ((4, 1), (False, False, True, True)), ((5, 5), (True, False, False, False)), ((4, 6), (True, False, False, False)), ((4, 6), (True, False, False, False)), ((4, 6), (True, True, False, False)), ((3, 5), (True, True, False, False)), ((3, 1), (False, False, True, False)), ((3, 3), (False, True, False, True))]","[((3, 2), (False, True, False, True)), ((3, 2), (False, True, False, False)), ((4, 5), (True, True, False, False)), ((1, 4), (True, True, False, True)), ((1, 4), (True, False, False, True)), ((4, 1), (False, False, True, True)), ((5, 5), (True, False, False, False)), ((4, 6), (True, False, False, False)), ((4, 6), (True, False, False, False)), ((4, 6), (True, True, False, False)), ((3, 5), (True, True, False, False)), ((3, 1), (False, False, True, False))]",115,15,0,15
115,"((3, 1), (False, False, True, False))","((4, 1), (False, False, True, False))",West,"[((3, 2), (False, False, True, False)), ((4, 1), (False, False, True, False))]","[((3, 2), (False, True, False, True)), ((3, 2), (False, True, False, False)), ((4, 5), (True, True, False, False)), ((1, 4), (True, True, False, True)), ((1, 4), (True, False, False, True)), ((4, 1), (False, False, True, True)), ((5, 5), (True, False, False, False)), ((4, 6), (True, False, False, False)), ((4, 6), (True, False, False, False)), ((4, 6), (True, True, False, False)), ((3, 5), (True, True, False, False)), ((3, 1), (False, False, True, False))]","[((3, 2), (False, False, True, False)), ((3, 2), (False, True, False, True)), ((3, 2), (False, True, False, False)), ((4, 5), (True, True, False, False)), ((1, 4), (True, True, False, True)), ((1, 4), (True, False, False, True)), ((4, 1), (False, False, True, True)), ((5, 5), (True, False, False, False)), ((4, 6), (True, False, False, False)), ((4, 6), (True, False, False, False)), ((4, 6), (True, True, False, False)), ((3, 5), (True, True, False, False))]",116,15,0,15
116,"((4, 6), (True, True, False, False))","((3, 6), (True, True, False, False))",East,"[((4, 5), (True, True, False, False)), ((5, 6), (True, True, False, False)), ((3, 6), (True, True, False, False))]","[((3, 2), (False, False, True, False)), ((3, 2), (False, True, False, True)), ((3, 2), (False, True, False, False)), ((4, 5), (True, True, False, False)), ((1, 4), (True, True, False, True)), ((1, 4), (True, False, False, True)), ((4, 1), (False, False, True, True)), ((5, 5), (True, False, False, False)), ((4, 6), (True, False, False, False)), ((4, 6), (True, False, False, False)), ((4, 6), (True, True, False, False))]","[((5, 6), (True, True, False, False)), ((4, 5), (True, True, False, False)), ((3, 2), (False, False, True, False)), ((3, 2), (False, True, False, True)), ((3, 2), (False, True, False, False)), ((4, 5), (True, True, False, False)), ((1, 4), (True, True, False, True)), ((1, 4), (True, False, False, True)), ((4, 1), (False, False, True, True)), ((5, 5), (True, False, False, False)), ((4, 6), (True, False, False, False)), ((4, 6), (True, False, False, False))]",117,15,0,15
117,"((4, 6), (True, False, False, False))","((3, 6), (True, False, False, False))",East,"[((4, 5), (True, False, False, False)), ((5, 6), (True, False, False, False)), ((3, 6), (True, False, False, False))]","[((5, 6), (True, True, False, False)), ((4, 5), (True, True, False, False)), ((3, 2), (False, False, True, False)), ((3, 2), (False, True, False, True)), ((3, 2), (False, True, False, False)), ((4, 5), (True, True, False, False)), ((1, 4), (True, True, False, True)), ((1, 4), (True, False, False, True)), ((4, 1), (False, False, True, True)), ((5, 5), (True, False, False, False)), ((4, 6), (True, False, False, False)), ((4, 6), (True, False, False, False))]","[((5, 6), (True, False, False, False)), ((5, 6), (True, True, False, False)), ((4, 5), (True, True, False, False)), ((3, 2), (False, False, True, False)), ((3, 2), (False, True, False, True)), ((3, 2), (False, True, False, False)), ((4, 5), (True, True, False, False)), ((1, 4), (True, True, False, True)), ((1, 4), (True, False, False, True)), ((4, 1), (False, False, True, True)), ((5, 5), (True, False, False, False)), ((4, 6), (True, False, False, False))]",118,15,0,15
118,"((5, 5), (True, False, False, False))","((4, 5), (True, False, False, False))",East,"[((5, 6), (True, False, False, False)), ((6, 5), (True, False, False, False)), ((4, 5), (True, False, False, False))]","[((5, 6), (True, False, False, False)), ((5, 6), (True, True, False, False)), ((4, 5), (True, True, False, False)), ((3, 2), (False, False, True, False)), ((3, 2), (False, True, False, True)), ((3, 2), (False, True, False, False)), ((4, 5), (True, True, False, False)), ((1, 4), (True, True, False, True)), ((1, 4), (True, False, False, True)), ((4, 1), (False, False, True, True)), ((5, 5), (True, False, False, False))]","[((6, 5), (True, False, False, False)), ((5, 6), (True, False, False, False)), ((5, 6), (True, False, False, False)), ((5, 6), (True, True, False, False)), ((4, 5), (True, True, False, False)), ((3, 2), (False, False, True, False)), ((3, 2), (False, True, False, True)), ((3, 2), (False, True, False, False)), ((4, 5), (True, True, False, False)), ((1, 4), (True, True, False, True)), ((1, 4), (True, False, False, True)), ((4, 1), (False, False, True, True))]",119,15,0,15
119,"((4, 1), (False, False, True, True))","((5, 1), (False, False, True, True))",West,"[((5, 1), (False, False, True, True)), ((3, 1), (False, False, True, True))]","[((6, 5), (True, False, False, False)), ((5, 6), (True, False, False, False)), ((5, 6), (True, False, False, False)), ((5, 6), (True, True, False, False)), ((4, 5), (True, True, False, False)), ((3, 2), (False, False, True, False)), ((3, 2), (False, True, False, True)), ((3, 2), (False, True, False, False)), ((4, 5), (True, True, False, False)), ((1, 4), (True, True, False, True)), ((1, 4), (True, False, False, True)), ((4, 1), (False, False, True, True))]","[((3, 1), (False, False, True, True)), ((6, 5), (True, False, False, False)), ((5, 6), (True, False, False, False)), ((5, 6), (True, False, False, False)), ((5, 6), (True, True, False, False)), ((4, 5), (True, True, False, False)), ((3, 2), (False, False, True, False)), ((3, 2), (False, True, False, True)), ((3, 2), (False, True, False, False)), ((4, 5), (True, True, False, False)), ((1, 4), (True, True, False, True)), ((1, 4), (True, False, False, True))]",120,16,0,16
120,"((1, 4), (True, False, False, True))","((1, 3), (True, False, False, True))",North,"[((1, 5), (True, False, False, True)), ((1, 3), (True, False, False, True))]","[((3, 1), (False, False, True, True)), ((6, 5), (True, False, False, False)), ((5, 6), (True, False, False, False)), ((5, 6), (True, False, False, False)), ((5, 6), (True, True, False, False)), ((4, 5), (True, True, False, False)), ((3, 2), (False, False, True, False)), ((3, 2), (False, True, False, True)), ((3, 2), (False, True, False, False)), ((4, 5), (True, True, False, False)), ((1, 4), (True, True, False, True)), ((1, 4), (True, False, False, True))]","[((1, 5), (True, False, False, True)), ((3, 1), (False, False, True, True)), ((6, 5), (True, False, False, False)), ((5, 6), (True, False, False, False)), ((5, 6), (True, False, False, False)), ((5, 6), (True, True, False, False)), ((4, 5), (True, True, False, False)), ((3, 2), (False, False, True, False)), ((3, 2), (False, True, False, True)), ((3, 2), (False, True, False, False)), ((4, 5), (True, True, False, False)), ((1, 4), (True, True, False, True))]",121,16,0,16
121,"((1, 4), (True, True, False, True))","((1, 3), (True, True, False, True))",North,"[((1, 5), (True, True, False, True)), ((1, 3), (True, True, False, True))]","[((1, 5), (True, False, False, True)), ((3, 1), (False, False, True, True)), ((6, 5), (True, False, False, False)), ((5, 6), (True, False, False, False)), ((5, 6), (True, False, False, False)), ((5, 6), (True, True, False, False)), ((4, 5), (True, True, False, False)), ((3, 2), (False, False, True, False)), ((3, 2), (False, True, False, True)), ((3, 2), (False, True, False, False)), ((4, 5), (True, True, False, False)), ((1, 4), (True, True, False, True))]","[((1, 5), (True, True, False, True)), ((1, 5), (True, False, False, True)), ((3, 1), (False, False, True, True)), ((6, 5), (True, False, False, False)), ((5, 6), (True, False, False, False)), ((5, 6), (True, False, False, False)), ((5, 6), (True, True, False, False)), ((4, 5), (True, True, False, False)), ((3, 2), (False, False, True, False)), ((3, 2), (False, True, False, True)), ((3, 2), (False, True, False, False)), ((4, 5), (True, True, False, False))]",122,16,0,16
122,"((4, 5), (True, True, False, False))","((3, 5), (True, True, False, False))",East,"[((4, 6), (True, True, False, False)), ((5, 5), (True, True, False, False)), ((3, 5), (True, True, False, False))]","[((1, 5), (True, True, False, True)), ((1, 5), (True, False, False, True)), ((3, 1), (False, False, True, True)), ((6, 5), (True, False, False, False)), ((5, 6), (True, False, False, False)), ((5, 6), (True, False, False, False)), ((5, 6), (True, True, False, False)), ((4, 5), (True, True, False, False)), ((3, 2), (False, False, True, False)), ((3, 2), (False, True, False, True)), ((3, 2), (False, True, False, False)), ((4, 5), (True, True, False, False))]","[((5, 5), (True, True, False, False)), ((1, 5), (True, True, False, True)), ((1, 5), (True, False, False, True)), ((3, 1), (False, False, True, True)), ((6, 5), (True, False, False, False)), ((5, 6), (True, False, False, False)), ((5, 6), (True, False, False, False)), ((5, 6), (True, True, False, False)), ((4, 5), (True, True, False, False)), ((3, 2), (False, False, True, False)), ((3, 2), (False, True, False, True)), ((3, 2), (False, True, False, False))]",123,16,0,16
123,"((3, 2), (False, True, False, False))","((3, 3), (False, True, False, False))",South,"[((3, 3), (False, True, False, False)), ((3, 1), (False, True, False, False))]","[((5, 5), (True, True, False, False)), ((1, 5), (True, True, False, True)), ((1, 5), (True, False, False, True)), ((3, 1), (False, False, True, True)), ((6, 5), (True, False, False, False)), ((5, 6), (True, False, False, False)), ((5, 6), (True, False, False, False)), ((5, 6), (True, True, False, False)), ((4, 5), (True, True, False, False)), ((3, 2), (False, False, True, False)), ((3, 2), (False, True, False, True)), ((3, 2), (False, True, False, False))]","[((3, 1), (False, True, False, False)), ((5, 5), (True, True, False, False)), ((1, 5), (True, True, False, True)), ((1, 5), (True, False, False, True)), ((3, 1), (False, False, True, True)), ((6, 5), (True, False, False, False)), ((5, 6), (True, False, False, False)), ((5, 6), (True, False, False, False)), ((5, 6), (True, True, False, False)), ((4, 5), (True, True, False, False)), ((3, 2), (False, False, True, False)), ((3, 2), (False, True, False, True))]",124,16,0,16
124,"((3, 2), (False, True, False, True))","((3, 3), (False, True, False, True))",South,"[((3, 3), (False, True, False, True)), ((3, 1), (False, True, False, True))]","[((3, 1), (False, True, False, False)), ((5, 5), (True, True, False, False)), ((1, 5), (True, True, False, True)), ((1, 5), (True, False, False, True)), ((3, 1), (False, False, True, True)), ((6, 5), (True, False, False, False)), ((5, 6), (True, False, False, False)), ((5, 6), (True, False, False, False)), ((5, 6), (True, True, False, False)), ((4, 5), (True, True, False, False)), ((3, 2), (False, False, True, False)), ((3, 2), (False, True, False, True))]","[((3, 1), (False, True, False, True)), ((3, 1), (False, True, False, False)), ((5, 5), (True, True, False, False)), ((1, 5), (True, True, False, True)), ((1, 5), (True, False, False, True)), ((3, 1), (False, False, True, True)), ((6, 5), (True, False, False, False)), ((5, 6), (True, False, False, False)), ((5, 6), (True, False, False, False)), ((5, 6), (True, True, False, False)), ((4, 5), (True, True, False, False)), ((3, 2), (False, False, True, False))]",125,16,0,16
125,"((3, 2), (False, False, True, False))","((3, 1), (False, False, True, False))",North,"[((3, 3), (False, False, True, False)), ((3, 1), (False, False, True, False))]","[((3, 1), (False, True, False, True)), ((3, 1), (False, True, False, False)), ((5, 5), (True, True, False, False)), ((1, 5), (True, True, False, True)), ((1, 5), (True, False, False, True)), ((3, 1), (False, False, True, True)), ((6, 5), (True, False, False, False)), ((5, 6), (True, False, False, False)), ((5, 6), (True, False, False, False)), ((5, 6), (True, True, False, False)), ((4, 5), (True, True, False, False)), ((3, 2), (False, False, True, False))]","[((3, 3), (False, False, True, False)), ((3, 1), (False, True, False, True)), ((3, 1), (False, True, False, False)), ((5, 5), (True, True, False, False)), ((1, 5), (True, True, False, True)), ((1, 5), (True, False, False, True)), ((3, 1), (False, False, True, True)), ((6, 5), (True, False, False, False)), ((5, 6), (True, False, False, False)), ((5, 6), (True, False, False, False)), ((5, 6), (True, True, False, False)), ((4, 5), (True, True, False, False))]",126,16,0,16
126,"((5, 6), (True, True, False, False))","((4, 6), (True, True, False, False))",East,"[((5, 5), (True, True, False, False)), ((6, 6), (True, True, False, True)), ((4, 6), (True, True, False, False))]","[((3, 3), (False, False, True, False)), ((3, 1), (False, True, False, True)), ((3, 1), (False, True, False, False)), ((5, 5), (True, True, False, False)), ((1, 5), (True, True, False, True)), ((1, 5), (True, False, False, True)), ((3, 1), (False, False, True, True)), ((6, 5), (True, False, False, False)), ((5, 6), (True, False, False, False)), ((5, 6), (True, False, False, False)), ((5, 6), (True, True, False, False))]","[((6, 6), (True, True, False, True)), ((5, 5), (True, True, False, False)), ((3, 3), (False, False, True, False)), ((3, 1), (False, True, False, True)), ((3, 1), (False, True, False, False)), ((5, 5), (True, True, False, False)), ((1, 5), (True, True, False, True)), ((1, 5), (True, False, False, True)), ((3, 1), (False, False, True, True)), ((6, 5), (True, False, False, False)), ((5, 6), (True, False, False, False)), ((5, 6), (True, False, False, False))]",127,16,0,16
127,"((5, 6), (True, False, False, False))","((4, 6), (True, False, False, False))",East,"[((5, 5), (True, False, False, False)), ((6, 6), (True, False, False, True)), ((4, 6), (True, False, False, False))]","[((6, 6), (True, True, False, True)), ((5, 5), (True, True, False, False)), ((3, 3), (False, False, True, False)), ((3, 1), (False, True, False, True)), ((3, 1), (False, True, False, False)), ((5, 5), (True, True, False, False)), ((1, 5), (True, True, False, True)), ((1, 5), (True, False, False, True)), ((3, 1), (False, False, True, True)), ((6, 5), (True, False, False, False)), ((5, 6), (True, False, False, False)), ((5, 6), (True, False, False, False))]","[((6, 6), (True, False, False, True)), ((6, 6), (True, True, False, True)), ((5, 5), (True, True, False, False)), ((3, 3), (False, False, True, False)), ((3, 1), (False, True, False, True)), ((3, 1), (False, True, False, False)), ((5, 5), (True, True, False, False)), ((1, 5), (True, True, False, True)), ((1, 5), (True, False, False, True)), ((3, 1), (False, False, True, True)), ((6, 5), (True, False, False, False)), ((5, 6), (True, False, False, False))]",128,16,0,16
128,"((6, 5), (True, False, False, False))","((5, 5), (True, False, False, False))",East,"[((6, 6), (True, False, False, True)), ((6, 4), (True, False, False, False)), ((5, 5), (True, False, False, False))]","[((6, 6), (True, False, False, True)), ((6, 6), (True, True, False, True)), ((5, 5), (True, True, False, False)), ((3, 3), (False, False, True, False)), ((3, 1), (False, True, False, True)), ((3, 1), (False, True, False, False)), ((5, 5), (True, True, False, False)), ((1, 5), (True, True, False, True)), ((1, 5), (True, False, False, True)), ((3, 1), (False, False, True, True)), ((6, 5), (True, False, False, False))]","[((6, 4), (True, False, False, False)), ((6, 6), (True, False, False, True)), ((6, 6), (True, False, False, True)), ((6, 6), (True, True, False, True)), ((5, 5), (True, True, False, False)), ((3, 3), (False, False, True, False)), ((3, 1), (False, True, False, True)), ((3, 1), (False, True, False, False)), ((5, 5), (True, True, False, False)), ((1, 5), (True, True, False, True)), ((1, 5), (True, False, False, True)), ((3, 1), (False, False, True, True))]",129,16,0,16
129,"((3, 1), (False, False, True, True))","((4, 1), (False, False, True, True))",West,"[((3, 2), (False, False, True, True)), ((4, 1), (False, False, True, True))]","[((6, 4), (True, False, False, False)), ((6, 6), (True, False, False, True)), ((6, 6), (True, False, False, True)), ((6, 6), (True, True, False, True)), ((5, 5), (True, True, False, False)), ((3, 3), (False, False, True, False)), ((3, 1), (False, True, False, True)), ((3, 1), (False, True, False, False)), ((5, 5), (True, True, False, False)), ((1, 5), (True, True, False, True)), ((1, 5), (True, False, False, True)), ((3, 1), (False, False, True, True))]","[((3, 2), (False, False, True, True)), ((6, 4), (True, False, False, False)), ((6, 6), (True, False, False, True)), ((6, 6), (True, False, False, True)), ((6, 6), (True, True, False, True)), ((5, 5), (True, True, False, False)), ((3, 3), (False, False, True, False)), ((3, 1), (False, True, False, True)), ((3, 1), (False, True, False, False)), ((5, 5), (True, True, False, False)), ((1, 5), (True, True, False, True)), ((1, 5), (True, False, False, True))]",130,17,0,17
130,"((1, 5), (True, False, False, True))","((1, 4), (True, False, False, True))",North,"[((1, 6), (True, True, False, True)), ((1, 4), (True, False, False, True)), ((2, 5), (True, False, False, True))]","[((3, 2), (False, False, True, True)), ((6, 4), (True, False, False, False)), ((6, 6), (True, False, False, True)), ((6, 6), (True, False, False, True)), ((6, 6), (True, True, False, True)), ((5, 5), (True, True, False, False)), ((3, 3), (False, False, True, False)), ((3, 1), (False, True, False, True)), ((3, 1), (False, True, False, False)), ((5, 5), (True, True, False, False)), ((1, 5), (True, True, False, True)), ((1, 5), (True, False, False, True))]","[((2, 5), (True, False, False, True)), ((1, 6), (True, True, False, True)), ((3, 2), (False, False, True, True)), ((6, 4), (True, False, False, False)), ((6, 6), (True, False, False, True)), ((6, 6), (True, False, False, True)), ((6, 6), (True, True, False, True)), ((5, 5), (True, True, False, False)), ((3, 3), (False, False, True, False)), ((3, 1), (False, True, False, True)), ((3, 1), (False, True, False, False)), ((5, 5), (True, True, False, False)), ((1, 5), (True, True, False, True))]",131,17,0,17
131,"((1, 5), (True, True, False, True))","((1, 4), (True, True, False, True))",North,"[((1, 6), (True, True, False, True)), ((1, 4), (True, True, False, True)), ((2, 5), (True, True, False, True))]","[((2, 5), (True, False, False, True)), ((1, 6), (True, True, False, True)), ((3, 2), (False, False, True, True)), ((6, 4), (True, False, False, False)), ((6, 6), (True, False, False, True)), ((6, 6), (True, False, False, True)), ((6, 6), (True, True, False, True)), ((5, 5), (True, True, False, False)), ((3, 3), (False, False, True, False)), ((3, 1), (False, True, False, True)), ((3, 1), (False, True, False, False)), ((5, 5), (True, True, False, False)), ((1, 5), (True, True, False, True))]","[((2, 5), (True, True, False, True)), ((1, 6), (True, True, False, True)), ((2, 5), (True, False, False, True)), ((1, 6), (True, True, False, True)), ((3, 2), (False, False, True, True)), ((6, 4), (True, False, False, False)), ((6, 6), (True, False, False, True)), ((6, 6), (True, False, False, True)), ((6, 6), (True, True, False, True)), ((5, 5), (True, True, False, False)), ((3, 3), (False, False, True, False)), ((3, 1), (False, True, False, True)), ((3, 1), (False, True, False, False)), ((5, 5), (True, True, False, False))]",132,17,0,17
132,"((5, 5), (True, True, False, False))","((4, 5), (True, True, False, False))",East,"[((5, 6), (True, True, False, False)), ((6, 5), (True, True, False, False)), ((4, 5), (True, True, False, False))]","[((2, 5), (True, True, False, True)), ((1, 6), (True, True, False, True)), ((2, 5), (True, False, False, True)), ((1, 6), (True, True, False, True)), ((3, 2), (False, False, True, True)), ((6, 4), (True, False, False, False)), ((6, 6), (True, False, False, True)), ((6, 6), (True, False, False, True)), ((6, 6), (True, True, False, True)), ((5, 5), (True, True, False, False)), ((3, 3), (False, False, True, False)), ((3, 1), (False, True, False, True)), ((3, 1), (False, True, False, False)), ((5, 5), (True, True, False, False))]","[((6, 5), (True, True, False, False)), ((2, 5), (True, True, False, True)), ((1, 6), (True, True, False, True)), ((2, 5), (True, False, False, True)), ((1, 6), (True, True, False, True)), ((3, 2), (False, False, True, True)), ((6, 4), (True, False, False, False)), ((6, 6), (True, False, False, True)), ((6, 6), (True, False, False, True)), ((6, 6), (True, True, False, True)), ((5, 5), (True, True, False, False)), ((3, 3), (False, False, True, False)), ((3, 1), (False, True, False, True)), ((3, 1), (False, True, False, False))]",133,17,0,17
133,"((3, 1), (False, True, False, False))","((3, 2), (False, True, False, False))",South,"[((3, 2), (False, True, False, False)), ((4, 1), (False, True, False, False))]","[((6, 5), (True, True, False, False)), ((2, 5), (True, True, False, True)), ((1, 6), (True, True, False, True)), ((2, 5), (True, False, False, True)), ((1, 6), (True, True, False, True)), ((3, 2), (False, False, True, True)), ((6, 4), (True, False, False, False)), ((6, 6), (True, False, False, True)), ((6, 6), (True, False, False, True)), ((6, 6), (True, True, False, True)), ((5, 5), (True, True, False, False)), ((3, 3), (False, False, True, False)), ((3, 1), (False, True, False, True)), ((3, 1), (False, True, False, False))]","[((4, 1), (False, True, False, False)), ((6, 5), (True, True, False, False)), ((2, 5), (True, True, False, True)), ((1, 6), (True, True, False, True)), ((2, 5), (True, False, False, True)), ((1, 6), (True, True, False, True)), ((3, 2), (False, False, True, True)), ((6, 4), (True, False, False, False)), ((6, 6), (True, False, False, True)), ((6, 6), (True, False, False, True)), ((6, 6), (True, True, False, True)), ((5, 5), (True, True, False, False)), ((3, 3), (False, False, True, False)), ((3, 1), (False, True, False, True))]",134,17,0,17
134,"((3, 1), (False, True, False, True))","((3, 2), (False, True, False, True))",South,"[((3, 2), (False, True, False, True)), ((4, 1), (False, True, False, True))]","[((4, 1), (False, True, False, False)), ((6, 5), (True, True, False, False)), ((2, 5), (True, True, False, True)), ((1, 6), (True, True, False, True)), ((2, 5), (True, False, False, True)), ((1, 6), (True, True, False, True)), ((3, 2), (False, False, True, True)), ((6, 4), (True, False, False, False)), ((6, 6), (True, False, False, True)), ((6, 6), (True, False, False, True)), ((6, 6), (True, True, False, True)), ((5, 5), (True, True, False, False)), ((3, 3), (False, False, True, False)), ((3, 1), (False, True, False, True))]","[((4, 1), (False, True, False, True)), ((4, 1), (False, True, False, False)), ((6, 5), (True, True, False, False)), ((2, 5), (True, True, False, True)), ((1, 6), (True, True, False, True)), ((2, 5), (True, False, False, True)), ((1, 6), (True, True, False, True)), ((3, 2), (False, False, True, True)), ((6, 4), (True, False, False, False)), ((6, 6), (True, False, False, True)), ((6, 6), (True, False, False, True)), ((6, 6), (True, True, False, True)), ((5, 5), (True, True, False, False)), ((3, 3), (False, False, True, False))]",135,17,0,17
135,"((3, 3), (False, False, True, False))","((3, 2), (False, False, True, False))",North,"[((3, 2), (False, False, True, False)), ((4, 3), (False, False, True, False))]","[((4, 1), (False, True, False, True)), ((4, 1), (False, True, False, False)), ((6, 5), (True, True, False, False)), ((2, 5), (True, True, False, True)), ((1, 6), (True, True, False, True)), ((2, 5), (True, False, False, True)), ((1, 6), (True, True, False, True)), ((3, 2), (False, False, True, True)), ((6, 4), (True, False, False, False)), ((6, 6), (True, False, False, True)), ((6, 6), (True, False, False, True)), ((6, 6), (True, True, False, True)), ((5, 5), (True, True, False, False)), ((3, 3), (False, False, True, False))]","[((4, 3), (False, False, True, False)), ((4, 1), (False, True, False, True)), ((4, 1), (False, True, False, False)), ((6, 5), (True, True, False, False)), ((2, 5), (True, True, False, True)), ((1, 6), (True, True, False, True)), ((2, 5), (True, False, False, True)), ((1, 6), (True, True, False, True)), ((3, 2), (False, False, True, True)), ((6, 4), (True, False, False, False)), ((6, 6), (True, False, False, True)), ((6, 6), (True, False, False, True)), ((6, 6), (True, True, False, True)), ((5, 5), (True, True, False, False))]",136,17,0,17
136,"((6, 6), (True, True, False, True))","((5, 6), (True, True, False, False))",East,"[((6, 5), (True, True, False, True)), ((5, 6), (True, True, False, True))]","[((4, 3), (False, False, True, False)), ((4, 1), (False, True, False, True)), ((4, 1), (False, True, False, False)), ((6, 5), (True, True, False, False)), ((2, 5), (True, True, False, True)), ((1, 6), (True, True, False, True)), ((2, 5), (True, False, False, True)), ((1, 6), (True, True, False, True)), ((3, 2), (False, False, True, True)), ((6, 4), (True, False, False, False)), ((6, 6), (True, False, False, True)), ((6, 6), (True, False, False, True)), ((6, 6), (True, True, False, True))]","[((5, 6), (True, True, False, True)), ((6, 5), (True, True, False, True)), ((4, 3), (False, False, True, False)), ((4, 1), (False, True, False, True)), ((4, 1), (False, True, False, False)), ((6, 5), (True, True, False, False)), ((2, 5), (True, True, False, True)), ((1, 6), (True, True, False, True)), ((2, 5), (True, False, False, True)), ((1, 6), (True, True, False, True)), ((3, 2), (False, False, True, True)), ((6, 4), (True, False, False, False)), ((6, 6), (True, False, False, True)), ((6, 6), (True, False, False, True))]",137,17,0,17
137,"((6, 6), (True, False, False, True))","((5, 6), (True, False, False, False))",East,"[((6, 5), (True, False, False, True)), ((5, 6), (True, False, False, True))]","[((5, 6), (True, True, False, True)), ((6, 5), (True, True, False, True)), ((4, 3), (False, False, True, False)), ((4, 1), (False, True, False, True)), ((4, 1), (False, True, False, False)), ((6, 5), (True, True, False, False)), ((2, 5), (True, True, False, True)), ((1, 6), (True, True, False, True)), ((2, 5), (True, False, False, True)), ((1, 6), (True, True, False, True)), ((3, 2), (False, False, True, True)), ((6, 4), (True, False, False, False)), ((6, 6), (True, False, False, True)), ((6, 6), (True, False, False, True))]","[((5, 6), (True, False, False, True)), ((6, 5), (True, False, False, True)), ((5, 6), (True, True, False, True)), ((6, 5), (True, True, False, True)), ((4, 3), (False, False, True, False)), ((4, 1), (False, True, False, True)), ((4, 1), (False, True, False, False)), ((6, 5), (True, True, False, False)), ((2, 5), (True, True, False, True)), ((1, 6), (True, True, False, True)), ((2, 5), (True, False, False, True)), ((1, 6), (True, True, False, True)), ((3, 2), (False, False, True, True)), ((6, 4), (True, False, False, False)), ((6, 6), (True, False, False, True))]",138,17,0,17
138,"((6, 4), (True, False, False, False))","((6, 5), (True, False, False, False))",South,"[((6, 5), (True, False, False, False)), ((6, 3), (True, False, False, False))]","[((5, 6), (True, False, False, True)), ((6, 5), (True, False, False, True)), ((5, 6), (True, True, False, True)), ((6, 5), (True, True, False, True)), ((4, 3), (False, False, True, False)), ((4, 1), (False, True, False, True)), ((4, 1), (False, True, False, False)), ((6, 5), (True, True, False, False)), ((2, 5), (True, True, False, True)), ((1, 6), (True, True, False, True)), ((2, 5), (True, False, False, True)), ((1, 6), (True, True, False, True)), ((3, 2), (False, False, True, True)), ((6, 4), (True, False, False, False))]","[((6, 3), (True, False, False, False)), ((5, 6), (True, False, False, True)), ((6, 5), (True, False, False, True)), ((5, 6), (True, True, False, True)), ((6, 5), (True, True, False, True)), ((4, 3), (False, False, True, False)), ((4, 1), (False, True, False, True)), ((4, 1), (False, True, False, False)), ((6, 5), (True, True, False, False)), ((2, 5), (True, True, False, True)), ((1, 6), (True, True, False, True)), ((2, 5), (True, False, False, True)), ((1, 6), (True, True, False, True)), ((3, 2), (False, False, True, True))]",139,17,0,17
139,"((3, 2), (False, False, True, True))","((3, 1), (False, False, True, True))",North,"[((3, 3), (False, False, True, True)), ((3, 1), (False, False, True, True))]","[((6, 3), (True, False, False, False)), ((5, 6), (True, False, False, True)), ((6, 5), (True, False, False, True)), ((5, 6), (True, True, False, True)), ((6, 5), (True, True, False, True)), ((4, 3), (False, False, True, False)), ((4, 1), (False, True, False, True)), ((4, 1), (False, True, False, False)), ((6, 5), (True, True, False, False)), ((2, 5), (True, True, False, True)), ((1, 6), (True, True, False, True)), ((2, 5), (True, False, False, True)), ((1, 6), (True, True, False, True)), ((3, 2), (False, False, True, True))]","[((3, 3), (False, False, True, True)), ((6, 3), (True, False, False, False)), ((5, 6), (True, False, False, True)), ((6, 5), (True, False, False, True)), ((5, 6), (True, True, False, True)), ((6, 5), (True, True, False, True)), ((4, 3), (False, False, True, False)), ((4, 1), (False, True, False, True)), ((4, 1), (False, True, False, False)), ((6, 5), (True, True, False, False)), ((2, 5), (True, True, False, True)), ((1, 6), (True, True, False, True)), ((2, 5), (True, False, False, True)), ((1, 6), (True, True, False, True))]",140,18,0,18
140,"((1, 6), (True, True, False, True))","((1, 5), (True, False, False, True))",North,"[((1, 5), (True, True, False, True)), ((2, 6), (True, True, False, True))]","[((3, 3), (False, False, True, True)), ((6, 3), (True, False, False, False)), ((5, 6), (True, False, False, True)), ((6, 5), (True, False, False, True)), ((5, 6), (True, True, False, True)), ((6, 5), (True, True, False, True)), ((4, 3), (False, False, True, False)), ((4, 1), (False, True, False, True)), ((4, 1), (False, True, False, False)), ((6, 5), (True, True, False, False)), ((2, 5), (True, True, False, True)), ((1, 6), (True, True, False, True)), ((2, 5), (True, False, False, True)), ((1, 6), (True, True, False, True))]","[((2, 6), (True, True, False, True)), ((3, 3), (False, False, True, True)), ((6, 3), (True, False, False, False)), ((5, 6), (True, False, False, True)), ((6, 5), (True, False, False, True)), ((5, 6), (True, True, False, True)), ((6, 5), (True, True, False, True)), ((4, 3), (False, False, True, False)), ((4, 1), (False, True, False, True)), ((4, 1), (False, True, False, False)), ((6, 5), (True, True, False, False)), ((2, 5), (True, True, False, True)), ((1, 6), (True, True, False, True)), ((2, 5), (True, False, False, True))]",141,18,0,18
141,"((2, 5), (True, False, False, True))","((1, 5), (True, False, False, True))",East,"[((2, 6), (True, False, False, True)), ((3, 5), (True, False, False, True)), ((1, 5), (True, False, False, True))]","[((2, 6), (True, True, False, True)), ((3, 3), (False, False, True, True)), ((6, 3), (True, False, False, False)), ((5, 6), (True, False, False, True)), ((6, 5), (True, False, False, True)), ((5, 6), (True, True, False, True)), ((6, 5), (True, True, False, True)), ((4, 3), (False, False, True, False)), ((4, 1), (False, True, False, True)), ((4, 1), (False, True, False, False)), ((6, 5), (True, True, False, False)), ((2, 5), (True, True, False, True)), ((1, 6), (True, True, False, True)), ((2, 5), (True, False, False, True))]","[((3, 5), (True, False, False, True)), ((2, 6), (True, False, False, True)), ((2, 6), (True, True, False, True)), ((3, 3), (False, False, True, True)), ((6, 3), (True, False, False, False)), ((5, 6), (True, False, False, True)), ((6, 5), (True, False, False, True)), ((5, 6), (True, True, False, True)), ((6, 5), (True, True, False, True)), ((4, 3), (False, False, True, False)), ((4, 1), (False, True, False, True)), ((4, 1), (False, True, False, False)), ((6, 5), (True, True, False, False)), ((2, 5), (True, True, False, True)), ((1, 6), (True, True, False, True))]",142,18,0,18
142,"((2, 5), (True, True, False, True))","((1, 5), (True, True, False, True))",East,"[((2, 6), (True, True, False, True)), ((3, 5), (True, True, False, True)), ((1, 5), (True, True, False, True))]","[((3, 5), (True, False, False, True)), ((2, 6), (True, False, False, True)), ((2, 6), (True, True, False, True)), ((3, 3), (False, False, True, True)), ((6, 3), (True, False, False, False)), ((5, 6), (True, False, False, True)), ((6, 5), (True, False, False, True)), ((5, 6), (True, True, False, True)), ((6, 5), (True, True, False, True)), ((4, 3), (False, False, True, False)), ((4, 1), (False, True, False, True)), ((4, 1), (False, True, False, False)), ((6, 5), (True, True, False, False)), ((2, 5), (True, True, False, True))]","[((3, 5), (True, True, False, True)), ((2, 6), (True, True, False, True)), ((3, 5), (True, False, False, True)), ((2, 6), (True, False, False, True)), ((2, 6), (True, True, False, True)), ((3, 3), (False, False, True, True)), ((6, 3), (True, False, False, False)), ((5, 6), (True, False, False, True)), ((6, 5), (True, False, False, True)), ((5, 6), (True, True, False, True)), ((6, 5), (True, True, False, True)), ((4, 3), (False, False, True, False)), ((4, 1), (False, True, False, True)), ((4, 1), (False, True, False, False)), ((6, 5), (True, True, False, False))]",143,18,0,18
143,"((6, 5), (True, True, False, False))","((5, 5), (True, True, False, False))",East,"[((6, 6), (True, True, False, True)), ((6, 4), (True, True, False, False)), ((5, 5), (True, True, False, False))]","[((3, 5), (True, True, False, True)), ((2, 6), (True, True, False, True)), ((3, 5), (True, False, False, True)), ((2, 6), (True, False, False, True)), ((2, 6), (True, True, False, True)), ((3, 3), (False, False, True, True)), ((6, 3), (True, False, False, False)), ((5, 6), (True, False, False, True)), ((6, 5), (True, False, False, True)), ((5, 6), (True, True, False, True)), ((6, 5), (True, True, False, True)), ((4, 3), (False, False, True, False)), ((4, 1), (False, True, False, True)), ((4, 1), (False, True, False, False)), ((6, 5), (True, True, False, False))]","[((6, 4), (True, True, False, False)), ((3, 5), (True, True, False, True)), ((2, 6), (True, True, False, True)), ((3, 5), (True, False, False, True)), ((2, 6), (True, False, False, True)), ((2, 6), (True, True, False, True)), ((3, 3), (False, False, True, True)), ((6, 3), (True, False, False, False)), ((5, 6), (True, False, False, True)), ((6, 5), (True, False, False, True)), ((5, 6), (True, True, False, True)), ((6, 5), (True, True, False, True)), ((4, 3), (False, False, True, False)), ((4, 1), (False, True, False, True)), ((4, 1), (False, True, False, False))]",144,18,0,18
144,"((4, 1), (False, True, False, False))","((3, 1), (False, True, False, False))",East,"[((5, 1), (False, True, False, False)), ((3, 1), (False, True, False, False))]","[((6, 4), (True, True, False, False)), ((3, 5), (True, True, False, True)), ((2, 6), (True, True, False, True)), ((3, 5), (True, False, False, True)), ((2, 6), (True, False, False, True)), ((2, 6), (True, True, False, True)), ((3, 3), (False, False, True, True)), ((6, 3), (True, False, False, False)), ((5, 6), (True, False, False, True)), ((6, 5), (True, False, False, True)), ((5, 6), (True, True, False, True)), ((6, 5), (True, True, False, True)), ((4, 3), (False, False, True, False)), ((4, 1), (False, True, False, True)), ((4, 1), (False, True, False, False))]","[((5, 1), (False, True, False, False)), ((6, 4), (True, True, False, False)), ((3, 5), (True, True, False, True)), ((2, 6), (True, True, False, True)), ((3, 5), (True, False, False, True)), ((2, 6), (True, False, False, True)), ((2, 6), (True, True, False, True)), ((3, 3), (False, False, True, True)), ((6, 3), (True, False, False, False)), ((5, 6), (True, False, False, True)), ((6, 5), (True, False, False, True)), ((5, 6), (True, True, False, True)), ((6, 5), (True, True, False, True)), ((4, 3), (False, False, True, False)), ((4, 1), (False, True, False, True))]",145,18,0,18
145,"((4, 1), (False, True, False, True))","((3, 1), (False, True, False, True))",East,"[((5, 1), (False, True, False, True)), ((3, 1), (False, True, False, True))]","[((5, 1), (False, True, False, False)), ((6, 4), (True, True, False, False)), ((3, 5), (True, True, False, True)), ((2, 6), (True, True, False, True)), ((3, 5), (True, False, False, True)), ((2, 6), (True, False, False, True)), ((2, 6), (True, True, False, True)), ((3, 3), (False, False, True, True)), ((6, 3), (True, False, False, False)), ((5, 6), (True, False, False, True)), ((6, 5), (True, False, False, True)), ((5, 6), (True, True, False, True)), ((6, 5), (True, True, False, True)), ((4, 3), (False, False, True, False)), ((4, 1), (False, True, False, True))]","[((5, 1), (False, True, False, True)), ((5, 1), (False, True, False, False)), ((6, 4), (True, True, False, False)), ((3, 5), (True, True, False, True)), ((2, 6), (True, True, False, True)), ((3, 5), (True, False, False, True)), ((2, 6), (True, False, False, True)), ((2, 6), (True, True, False, True)), ((3, 3), (False, False, True, True)), ((6, 3), (True, False, False, False)), ((5, 6), (True, False, False, True)), ((6, 5), (True, False, False, True)), ((5, 6), (True, True, False, True)), ((6, 5), (True, True, False, True)), ((4, 3), (False, False, True, False))]",146,18,0,18
146,"((4, 3), (False, False, True, False))","((3, 3), (False, False, True, False))",East,"[((5, 3), (False, False, True, False)), ((3, 3), (False, False, True, False))]","[((5, 1), (False, True, False, True)), ((5, 1), (False, True, False, False)), ((6, 4), (True, True, False, False)), ((3, 5), (True, True, False, True)), ((2, 6), (True, True, False, True)), ((3, 5), (True, False, False, True)), ((2, 6), (True, False, False, True)), ((2, 6), (True, True, False, True)), ((3, 3), (False, False, True, True)), ((6, 3), (True, False, False, False)), ((5, 6), (True, False, False, True)), ((6, 5), (True, False, False, True)), ((5, 6), (True, True, False, True)), ((6, 5), (True, True, False, True)), ((4, 3), (False, False, True, False))]","[((5, 3), (False, False, True, False)), ((5, 1), (False, True, False, True)), ((5, 1), (False, True, False, False)), ((6, 4), (True, True, False, False)), ((3, 5), (True, True, False, True)), ((2, 6), (True, True, False, True)), ((3, 5), (True, False, False, True)), ((2, 6), (True, False, False, True)), ((2, 6), (True, True, False, True)), ((3, 3), (False, False, True, True)), ((6, 3), (True, False, False, False)), ((5, 6), (True, False, False, True)), ((6, 5), (True, False, False, True)), ((5, 6), (True, True, False, True)), ((6, 5), (True, True, False, True))]",147,18,0,18
147,"((6, 5), (True, True, False, True))","((6, 6), (True, True, False, True))",South,"[((6, 6), (True, True, False, True)), ((6, 4), (True, True, False, True)), ((5, 5), (True, True, False, True))]","[((5, 3), (False, False, True, False)), ((5, 1), (False, True, False, True)), ((5, 1), (False, True, False, False)), ((6, 4), (True, True, False, False)), ((3, 5), (True, True, False, True)), ((2, 6), (True, True, False, True)), ((3, 5), (True, False, False, True)), ((2, 6), (True, False, False, True)), ((2, 6), (True, True, False, True)), ((3, 3), (False, False, True, True)), ((6, 3), (True, False, False, False)), ((5, 6), (True, False, False, True)), ((6, 5), (True, False, False, True)), ((5, 6), (True, True, False, True)), ((6, 5), (True, True, False, True))]","[((5, 5), (True, True, False, True)), ((6, 4), (True, True, False, True)), ((5, 3), (False, False, True, False)), ((5, 1), (False, True, False, True)), ((5, 1), (False, True, False, False)), ((6, 4), (True, True, False, False)), ((3, 5), (True, True, False, True)), ((2, 6), (True, True, False, True)), ((3, 5), (True, False, False, True)), ((2, 6), (True, False, False, True)), ((2, 6), (True, True, False, True)), ((3, 3), (False, False, True, True)), ((6, 3), (True, False, False, False)), ((5, 6), (True, False, False, True)), ((6, 5), (True, False, False, True)), ((5, 6), (True, True, False, True))]",148,18,0,18
148,"((5, 6), (True, True, False, True))","((6, 6), (True, True, False, True))",West,"[((5, 5), (True, True, False, True)), ((6, 6), (True, True, False, True)), ((4, 6), (True, True, False, True))]","[((5, 5), (True, True, False, True)), ((6, 4), (True, True, False, True)), ((5, 3), (False, False, True, False)), ((5, 1), (False, True, False, True)), ((5, 1), (False, True, False, False)), ((6, 4), (True, True, False, False)), ((3, 5), (True, True, False, True)), ((2, 6), (True, True, False, True)), ((3, 5), (True, False, False, True)), ((2, 6), (True, False, False, True)), ((2, 6), (True, True, False, True)), ((3, 3), (False, False, True, True)), ((6, 3), (True, False, False, False)), ((5, 6), (True, False, False, True)), ((6, 5), (True, False, False, True)), ((5, 6), (True, True, False, True))]","[((4, 6), (True, True, False, True)), ((5, 5), (True, True, False, True)), ((5, 5), (True, True, False, True)), ((6, 4), (True, True, False, True)), ((5, 3), (False, False, True, False)), ((5, 1), (False, True, False, True)), ((5, 1), (False, True, False, False)), ((6, 4), (True, True, False, False)), ((3, 5), (True, True, False, True)), ((2, 6), (True, True, False, True)), ((3, 5), (True, False, False, True)), ((2, 6), (True, False, False, True)), ((2, 6), (True, True, False, True)), ((3, 3), (False, False, True, True)), ((6, 3), (True, False, False, False)), ((5, 6), (True, False, False, True)), ((6, 5), (True, False, False, True))]",149,18,0,18
149,"((6, 5), (True, False, False, True))","((6, 6), (True, False, False, True))",South,"[((6, 6), (True, False, False, True)), ((6, 4), (True, False, False, True)), ((5, 5), (True, False, False, True))]","[((4, 6), (True, True, False, True)), ((5, 5), (True, True, False, True)), ((5, 5), (True, True, False, True)), ((6, 4), (True, True, False, True)), ((5, 3), (False, False, True, False)), ((5, 1), (False, True, False, True)), ((5, 1), (False, True, False, False)), ((6, 4), (True, True, False, False)), ((3, 5), (True, True, False, True)), ((2, 6), (True, True, False, True)), ((3, 5), (True, False, False, True)), ((2, 6), (True, False, False, True)), ((2, 6), (True, True, False, True)), ((3, 3), (False, False, True, True)), ((6, 3), (True, False, False, False)), ((5, 6), (True, False, False, True)), ((6, 5), (True, False, False, True))]","[((5, 5), (True, False, False, True)), ((6, 4), (True, False, False, True)), ((4, 6), (True, True, False, True)), ((5, 5), (True, True, False, True)), ((5, 5), (True, True, False, True)), ((6, 4), (True, True, False, True)), ((5, 3), (False, False, True, False)), ((5, 1), (False, True, False, True)), ((5, 1), (False, True, False, False)), ((6, 4), (True, True, False, False)), ((3, 5), (True, True, False, True)), ((2, 6), (True, True, False, True)), ((3, 5), (True, False, False, True)), ((2, 6), (True, False, False, True)), ((2, 6), (True, True, False, True)), ((3, 3), (False, False, True, True)), ((6, 3), (True, False, False, False)), ((5, 6), (True, False, False, True))]",150,18,0,18
150,"((5, 6), (True, False, False, True))","((6, 6), (True, False, False, True))",West,"[((5, 5), (True, False, False, True)), ((6, 6), (True, False, False, True)), ((4, 6), (True, False, False, True))]","[((5, 5), (True, False, False, True)), ((6, 4), (True, False, False, True)), ((4, 6), (True, True, False, True)), ((5, 5), (True, True, False, True)), ((5, 5), (True, True, False, True)), ((6, 4), (True, True, False, True)), ((5, 3), (False, False, True, False)), ((5, 1), (False, True, False, True)), ((5, 1), (False, True, False, False)), ((6, 4), (True, True, False, False)), ((3, 5), (True, True, False, True)), ((2, 6), (True, True, False, True)), ((3, 5), (True, False, False, True)), ((2, 6), (True, False, False, True)), ((2, 6), (True, True, False, True)), ((3, 3), (False, False, True, True)), ((6, 3), (True, False, False, False)), ((5, 6), (True, False, False, True))]","[((4, 6), (True, False, False, True)), ((5, 5), (True, False, False, True)), ((5, 5), (True, False, False, True)), ((6, 4), (True, False, False, True)), ((4, 6), (True, True, False, True)), ((5, 5), (True, True, False, True)), ((5, 5), (True, True, False, True)), ((6, 4), (True, True, False, True)), ((5, 3), (False, False, True, False)), ((5, 1), (False, True, False, True)), ((5, 1), (False, True, False, False)), ((6, 4), (True, True, False, False)), ((3, 5), (True, True, False, True)), ((2, 6), (True, True, False, True)), ((3, 5), (True, False, False, True)), ((2, 6), (True, False, False, True)), ((2, 6), (True, True, False, True)), ((3, 3), (False, False, True, True)), ((6, 3), (True, False, False, False))]",151,18,0,18
151,"((6, 3), (True, False, False, False))","((6, 4), (True, False, False, False))",South,"[((6, 4), (True, False, False, False)), ((5, 3), (True, False, False, False))]","[((4, 6), (True, False, False, True)), ((5, 5), (True, False, False, True)), ((5, 5), (True, False, False, True)), ((6, 4), (True, False, False, True)), ((4, 6), (True, True, False, True)), ((5, 5), (True, True, False, True)), ((5, 5), (True, True, False, True)), ((6, 4), (True, True, False, True)), ((5, 3), (False, False, True, False)), ((5, 1), (False, True, False, True)), ((5, 1), (False, True, False, False)), ((6, 4), (True, True, False, False)), ((3, 5), (True, True, False, True)), ((2, 6), (True, True, False, True)), ((3, 5), (True, False, False, True)), ((2, 6), (True, False, False, True)), ((2, 6), (True, True, False, True)), ((3, 3), (False, False, True, True)), ((6, 3), (True, False, False, False))]","[((5, 3), (True, False, False, False)), ((4, 6), (True, False, False, True)), ((5, 5), (True, False, False, True)), ((5, 5), (True, False, False, True)), ((6, 4), (True, False, False, True)), ((4, 6), (True, True, False, True)), ((5, 5), (True, True, False, True)), ((5, 5), (True, True, False, True)), ((6, 4), (True, True, False, True)), ((5, 3), (False, False, True, False)), ((5, 1), (False, True, False, True)), ((5, 1), (False, True, False, False)), ((6, 4), (True, True, False, False)), ((3, 5), (True, True, False, True)), ((2, 6), (True, True, False, True)), ((3, 5), (True, False, False, True)), ((2, 6), (True, False, False, True)), ((2, 6), (True, True, False, True)), ((3, 3), (False, False, True, True))]",152,18,0,18
152,"((3, 3), (False, False, True, True))","((3, 2), (False, False, True, True))",North,"[((3, 2), (False, False, True, True)), ((4, 3), (False, False, True, True))]","[((5, 3), (True, False, False, False)), ((4, 6), (True, False, False, True)), ((5, 5), (True, False, False, True)), ((5, 5), (True, False, False, True)), ((6, 4), (True, False, False, True)), ((4, 6), (True, True, False, True)), ((5, 5), (True, True, False, True)), ((5, 5), (True, True, False, True)), ((6, 4), (True, True, False, True)), ((5, 3), (False, False, True, False)), ((5, 1), (False, True, False, True)), ((5, 1), (False, True, False, False)), ((6, 4), (True, True, False, False)), ((3, 5), (True, True, False, True)), ((2, 6), (True, True, False, True)), ((3, 5), (True, False, False, True)), ((2, 6), (True, False, False, True)), ((2, 6), (True, True, False, True)), ((3, 3), (False, False, True, True))]","[((4, 3), (False, False, True, True)), ((5, 3), (True, False, False, False)), ((4, 6), (True, False, False, True)), ((5, 5), (True, False, False, True)), ((5, 5), (True, False, False, True)), ((6, 4), (True, False, False, True)), ((4, 6), (True, True, False, True)), ((5, 5), (True, True, False, True)), ((5, 5), (True, True, False, True)), ((6, 4), (True, True, False, True)), ((5, 3), (False, False, True, False)), ((5, 1), (False, True, False, True)), ((5, 1), (False, True, False, False)), ((6, 4), (True, True, False, False)), ((3, 5), (True, True, False, True)), ((2, 6), (True, True, False, True)), ((3, 5), (True, False, False, True)), ((2, 6), (True, False, False, True)), ((2, 6), (True, True, False, True))]",153,19,0,19
153,"((2, 6), (True, True, False, True))","((1, 6), (True, True, False, True))",East,"[((2, 5), (True, True, False, True)), ((3, 6), (True, True, False, True)), ((1, 6), (True, True, False, True))]","[((4, 3), (False, False, True, True)), ((5, 3), (True, False, False, False)), ((4, 6), (True, False, False, True)), ((5, 5), (True, False, False, True)), ((5, 5), (True, False, False, True)), ((6, 4), (True, False, False, True)), ((4, 6), (True, True, False, True)), ((5, 5), (True, True, False, True)), ((5, 5), (True, True, False, True)), ((6, 4), (True, True, False, True)), ((5, 3), (False, False, True, False)), ((5, 1), (False, True, False, True)), ((5, 1), (False, True, False, False)), ((6, 4), (True, True, False, False)), ((3, 5), (True, True, False, True)), ((2, 6), (True, True, False, True)), ((3, 5), (True, False, False, True)), ((2, 6), (True, False, False, True)), ((2, 6), (True, True, False, True))]","[((3, 6), (True, True, False, True)), ((4, 3), (False, False, True, True)), ((5, 3), (True, False, False, False)), ((4, 6), (True, False, False, True)), ((5, 5), (True, False, False, True)), ((5, 5), (True, False, False, True)), ((6, 4), (True, False, False, True)), ((4, 6), (True, True, False, True)), ((5, 5), (True, True, False, True)), ((5, 5), (True, True, False, True)), ((6, 4), (True, True, False, True)), ((5, 3), (False, False, True, False)), ((5, 1), (False, True, False, True)), ((5, 1), (False, True, False, False)), ((6, 4), (True, True, False, False)), ((3, 5), (True, True, False, True)), ((2, 6), (True, True, False, True)), ((3, 5), (True, False, False, True)), ((2, 6), (True, False, False, True))]",154,19,0,19
154,"((2, 6), (True, False, False, True))","((2, 5), (True, False, False, True))",North,"[((2, 5), (True, False, False, True)), ((3, 6), (True, False, False, True)), ((1, 6), (True, True, False, True))]","[((3, 6), (True, True, False, True)), ((4, 3), (False, False, True, True)), ((5, 3), (True, False, False, False)), ((4, 6), (True, False, False, True)), ((5, 5), (True, False, False, True)), ((5, 5), (True, False, False, True)), ((6, 4), (True, False, False, True)), ((4, 6), (True, True, False, True)), ((5, 5), (True, True, False, True)), ((5, 5), (True, True, False, True)), ((6, 4), (True, True, False, True)), ((5, 3), (False, False, True, False)), ((5, 1), (False, True, False, True)), ((5, 1), (False, True, False, False)), ((6, 4), (True, True, False, False)), ((3, 5), (True, True, False, True)), ((2, 6), (True, True, False, True)), ((3, 5), (True, False, False, True)), ((2, 6), (True, False, False, True))]","[((3, 6), (True, False, False, True)), ((3, 6), (True, True, False, True)), ((4, 3), (False, False, True, True)), ((5, 3), (True, False, False, False)), ((4, 6), (True, False, False, True)), ((5, 5), (True, False, False, True)), ((5, 5), (True, False, False, True)), ((6, 4), (True, False, False, True)), ((4, 6), (True, True, False, True)), ((5, 5), (True, True, False, True)), ((5, 5), (True, True, False, True)), ((6, 4), (True, True, False, True)), ((5, 3), (False, False, True, False)), ((5, 1), (False, True, False, True)), ((5, 1), (False, True, False, False)), ((6, 4), (True, True, False, False)), ((3, 5), (True, True, False, True)), ((2, 6), (True, True, False, True)), ((3, 5), (True, False, False, True))]",155,19,0,19
155,"((3, 5), (True, False, False, True))","((2, 5), (True, False, False, True))",East,"[((3, 6), (True, False, False, True)), ((4, 5), (True, False, False, True)), ((2, 5), (True, False, False, True))]","[((3, 6), (True, False, False, True)), ((3, 6), (True, True, False, True)), ((4, 3), (False, False, True, True)), ((5, 3), (True, False, False, False)), ((4, 6), (True, False, False, True)), ((5, 5), (True, False, False, True)), ((5, 5), (True, False, False, True)), ((6, 4), (True, False, False, True)), ((4, 6), (True, True, False, True)), ((5, 5), (True, True, False, True)), ((5, 5), (True, True, False, True)), ((6, 4), (True, True, False, True)), ((5, 3), (False, False, True, False)), ((5, 1), (False, True, False, True)), ((5, 1), (False, True, False, False)), ((6, 4), (True, True, False, False)), ((3, 5), (True, True, False, True)), ((2, 6), (True, True, False, True)), ((3, 5), (True, False, False, True))]","[((4, 5), (True, False, False, True)), ((3, 6), (True, False, False, True)), ((3, 6), (True, False, False, True)), ((3, 6), (True, True, False, True)), ((4, 3), (False, False, True, True)), ((5, 3), (True, False, False, False)), ((4, 6), (True, False, False, True)), ((5, 5), (True, False, False, True)), ((5, 5), (True, False, False, True)), ((6, 4), (True, False, False, True)), ((4, 6), (True, True, False, True)), ((5, 5), (True, True, False, True)), ((5, 5), (True, True, False, True)), ((6, 4), (True, True, False, True)), ((5, 3), (False, False, True, False)), ((5, 1), (False, True, False, True)), ((5, 1), (False, True, False, False)), ((6, 4), (True, True, False, False)), ((3, 5), (True, True, False, True)), ((2, 6), (True, True, False, True))]",156,19,0,19
156,"((3, 5), (True, True, False, True))","((2, 5), (True, True, False, True))",East,"[((3, 6), (True, True, False, True)), ((4, 5), (True, True, False, True)), ((2, 5), (True, True, False, True))]","[((4, 5), (True, False, False, True)), ((3, 6), (True, False, False, True)), ((3, 6), (True, False, False, True)), ((3, 6), (True, True, False, True)), ((4, 3), (False, False, True, True)), ((5, 3), (True, False, False, False)), ((4, 6), (True, False, False, True)), ((5, 5), (True, False, False, True)), ((5, 5), (True, False, False, True)), ((6, 4), (True, False, False, True)), ((4, 6), (True, True, False, True)), ((5, 5), (True, True, False, True)), ((5, 5), (True, True, False, True)), ((6, 4), (True, True, False, True)), ((5, 3), (False, False, True, False)), ((5, 1), (False, True, False, True)), ((5, 1), (False, True, False, False)), ((6, 4), (True, True, False, False)), ((3, 5), (True, True, False, True))]","[((4, 5), (True, True, False, True)), ((3, 6), (True, True, False, True)), ((4, 5), (True, False, False, True)), ((3, 6), (True, False, False, True)), ((3, 6), (True, False, False, True)), ((3, 6), (True, True, False, True)), ((4, 3), (False, False, True, True)), ((5, 3), (True, False, False, False)), ((4, 6), (True, False, False, True)), ((5, 5), (True, False, False, True)), ((5, 5), (True, False, False, True)), ((6, 4), (True, False, False, True)), ((4, 6), (True, True, False, True)), ((5, 5), (True, True, False, True)), ((5, 5), (True, True, False, True)), ((6, 4), (True, True, False, True)), ((5, 3), (False, False, True, False)), ((5, 1), (False, True, False, True)), ((5, 1), (False, True, False, False)), ((6, 4), (True, True, False, False))]",157,19,0,19
157,"((6, 4), (True, True, False, False))","((6, 5), (True, True, False, False))",South,"[((6, 5), (True, True, False, False)), ((6, 3), (True, True, False, False))]","[((4, 5), (True, True, False, True)), ((3, 6), (True, True, False, True)), ((4, 5), (True, False, False, True)), ((3, 6), (True, False, False, True)), ((3, 6), (True, False, False, True)), ((3, 6), (True, True, False, True)), ((4, 3), (False, False, True, True)), ((5, 3), (True, False, False, False)), ((4, 6), (True, False, False, True)), ((5, 5), (True, False, False, True)), ((5, 5), (True, False, False, True)), ((6, 4), (True, False, False, True)), ((4, 6), (True, True, False, True)), ((5, 5), (True, True, False, True)), ((5, 5), (True, True, False, True)), ((6, 4), (True, True, False, True)), ((5, 3), (False, False, True, False)), ((5, 1), (False, True, False, True)), ((5, 1), (False, True, False, False)), ((6, 4), (True, True, False, False))]","[((6, 3), (True, True, False, False)), ((4, 5), (True, True, False, True)), ((3, 6), (True, True, False, True)), ((4, 5), (True, False, False, True)), ((3, 6), (True, False, False, True)), ((3, 6), (True, False, False, True)), ((3, 6), (True, True, False, True)), ((4, 3), (False, False, True, True)), ((5, 3), (True, False, False, False)), ((4, 6), (True, False, False, True)), ((5, 5), (True, False, False, True)), ((5, 5), (True, False, False, True)), ((6, 4), (True, False, False, True)), ((4, 6), (True, True, False, True)), ((5, 5), (True, True, False, True)), ((5, 5), (True, True, False, True)), ((6, 4), (True, True, False, True)), ((5, 3), (False, False, True, False)), ((5, 1), (False, True, False, True)), ((5, 1), (False, True, False, False))]",158,19,0,19
158,"((5, 1), (False, True, False, False))","((4, 1), (False, True, False, False))",East,"[((6, 1), (False, True, True, False)), ((4, 1), (False, True, False, False))]","[((6, 3), (True, True, False, False)), ((4, 5), (True, True, False, True)), ((3, 6), (True, True, False, True)), ((4, 5), (True, False, False, True)), ((3, 6), (True, False, False, True)), ((3, 6), (True, False, False, True)), ((3, 6), (True, True, False, True)), ((4, 3), (False, False, True, True)), ((5, 3), (True, False, False, False)), ((4, 6), (True, False, False, True)), ((5, 5), (True, False, False, True)), ((5, 5), (True, False, False, True)), ((6, 4), (True, False, False, True)), ((4, 6), (True, True, False, True)), ((5, 5), (True, True, False, True)), ((5, 5), (True, True, False, True)), ((6, 4), (True, True, False, True)), ((5, 3), (False, False, True, False)), ((5, 1), (False, True, False, True)), ((5, 1), (False, True, False, False))]","[((6, 1), (False, True, True, False)), ((6, 3), (True, True, False, False)), ((4, 5), (True, True, False, True)), ((3, 6), (True, True, False, True)), ((4, 5), (True, False, False, True)), ((3, 6), (True, False, False, True)), ((3, 6), (True, False, False, True)), ((3, 6), (True, True, False, True)), ((4, 3), (False, False, True, True)), ((5, 3), (True, False, False, False)), ((4, 6), (True, False, False, True)), ((5, 5), (True, False, False, True)), ((5, 5), (True, False, False, True)), ((6, 4), (True, False, False, True)), ((4, 6), (True, True, False, True)), ((5, 5), (True, True, False, True)), ((5, 5), (True, True, False, True)), ((6, 4), (True, True, False, True)), ((5, 3), (False, False, True, False)), ((5, 1), (False, True, False, True))]",159,19,0,19
159,"((5, 1), (False, True, False, True))","((4, 1), (False, True, False, True))",East,"[((6, 1), (False, True, True, True)), ((4, 1), (False, True, False, True))]","[((6, 1), (False, True, True, False)), ((6, 3), (True, True, False, False)), ((4, 5), (True, True, False, True)), ((3, 6), (True, True, False, True)), ((4, 5), (True, False, False, True)), ((3, 6), (True, False, False, True)), ((3, 6), (True, False, False, True)), ((3, 6), (True, True, False, True)), ((4, 3), (False, False, True, True)), ((5, 3), (True, False, False, False)), ((4, 6), (True, False, False, True)), ((5, 5), (True, False, False, True)), ((5, 5), (True, False, False, True)), ((6, 4), (True, False, False, True)), ((4, 6), (True, True, False, True)), ((5, 5), (True, True, False, True)), ((5, 5), (True, True, False, True)), ((6, 4), (True, True, False, True)), ((5, 3), (False, False, True, False)), ((5, 1), (False, True, False, True))]","[((6, 1), (False, True, True, True)), ((6, 1), (False, True, True, False)), ((6, 3), (True, True, False, False)), ((4, 5), (True, True, False, True)), ((3, 6), (True, True, False, True)), ((4, 5), (True, False, False, True)), ((3, 6), (True, False, False, True)), ((3, 6), (True, False, False, True)), ((3, 6), (True, True, False, True)), ((4, 3), (False, False, True, True)), ((5, 3), (True, False, False, False)), ((4, 6), (True, False, False, True)), ((5, 5), (True, False, False, True)), ((5, 5), (True, False, False, True)), ((6, 4), (True, False, False, True)), ((4, 6), (True, True, False, True)), ((5, 5), (True, True, False, True)), ((5, 5), (True, True, False, True)), ((6, 4), (True, True, False, True)), ((5, 3), (False, False, True, False))]",160,19,0,19
160,"((5, 3), (False, False, True, False))","((4, 3), (False, False, True, False))",East,"[((6, 3), (False, False, True, False)), ((4, 3), (False, False, True, False))]","[((6, 1), (False, True, True, True)), ((6, 1), (False, True, True, False)), ((6, 3), (True, True, False, False)), ((4, 5), (True, True, False, True)), ((3, 6), (True, True, False, True)), ((4, 5), (True, False, False, True)), ((3, 6), (True, False, False, True)), ((3, 6), (True, False, False, True)), ((3, 6), (True, True, False, True)), ((4, 3), (False, False, True, True)), ((5, 3), (True, False, False, False)), ((4, 6), (True, False, False, True)), ((5, 5), (True, False, False, True)), ((5, 5), (True, False, False, True)), ((6, 4), (True, False, False, True)), ((4, 6), (True, True, False, True)), ((5, 5), (True, True, False, True)), ((5, 5), (True, True, False, True)), ((6, 4), (True, True, False, True)), ((5, 3), (False, False, True, False))]","[((6, 3), (False, False, True, False)), ((6, 1), (False, True, True, True)), ((6, 1), (False, True, True, False)), ((6, 3), (True, True, False, False)), ((4, 5), (True, True, False, True)), ((3, 6), (True, True, False, True)), ((4, 5), (True, False, False, True)), ((3, 6), (True, False, False, True)), ((3, 6), (True, False, False, True)), ((3, 6), (True, True, False, True)), ((4, 3), (False, False, True, True)), ((5, 3), (True, False, False, False)), ((4, 6), (True, False, False, True)), ((5, 5), (True, False, False, True)), ((5, 5), (True, False, False, True)), ((6, 4), (True, False, False, True)), ((4, 6), (True, True, False, True)), ((5, 5), (True, True, False, True)), ((5, 5), (True, True, False, True)), ((6, 4), (True, True, False, True))]",161,19,0,19
161,"((6, 4), (True, True, False, True))","((6, 5), (True, True, False, True))",South,"[((6, 5), (True, True, False, True)), ((6, 3), (True, True, False, True))]","[((6, 3), (False, False, True, False)), ((6, 1), (False, True, True, True)), ((6, 1), (False, True, True, False)), ((6, 3), (True, True, False, False)), ((4, 5), (True, True, False, True)), ((3, 6), (True, True, False, True)), ((4, 5), (True, False, False, True)), ((3, 6), (True, False, False, True)), ((3, 6), (True, False, False, True)), ((3, 6), (True, True, False, True)), ((4, 3), (False, False, True, True)), ((5, 3), (True, False, False, False)), ((4, 6), (True, False, False, True)), ((5, 5), (True, False, False, True)), ((5, 5), (True, False, False, True)), ((6, 4), (True, False, False, True)), ((4, 6), (True, True, False, True)), ((5, 5), (True, True, False, True)), ((5, 5), (True, True, False, True)), ((6, 4), (True, True, False, True))]","[((6, 3), (True, True, False, True)), ((6, 3), (False, False, True, False)), ((6, 1), (False, True, True, True)), ((6, 1), (False, True, True, False)), ((6, 3), (True, True, False, False)), ((4, 5), (True, True, False, True)), ((3, 6), (True, True, False, True)), ((4, 5), (True, False, False, True)), ((3, 6), (True, False, False, True)), ((3, 6), (True, False, False, True)), ((3, 6), (True, True, False, True)), ((4, 3), (False, False, True, True)), ((5, 3), (True, False, False, False)), ((4, 6), (True, False, False, True)), ((5, 5), (True, False, False, True)), ((5, 5), (True, False, False, True)), ((6, 4), (True, False, False, True)), ((4, 6), (True, True, False, True)), ((5, 5), (True, True, False, True)), ((5, 5), (True, True, False, True))]",162,19,0,19
162,"((5, 5), (True, True, False, True))","((6, 5), (True, True, False, True))",West,"[((5, 6), (True, True, False, True)), ((6, 5), (True, True, False, True)), ((4, 5), (True, True, False, True))]","[((6, 3), (True, True, False, True)), ((6, 3), (False, False, True, False)), ((6, 1), (False, True, True, True)), ((6, 1), (False, True, True, False)), ((6, 3), (True, True, False, False)), ((4, 5), (True, True, False, True)), ((3, 6), (True, True, False, True)), ((4, 5), (True, False, False, True)), ((3, 6), (True, False, False, True)), ((3, 6), (True, False, False, True)), ((3, 6), (True, True, False, True)), ((4, 3), (False, False, True, True)), ((5, 3), (True, False, False, False)), ((4, 6), (True, False, False, True)), ((5, 5), (True, False, False, True)), ((5, 5), (True, False, False, True)), ((6, 4), (True, False, False, True)), ((4, 6), (True, True, False, True)), ((5, 5), (True, True, False, True)), ((5, 5), (True, True, False, True))]","[((4, 5), (True, True, False, True)), ((6, 3), (True, True, False, True)), ((6, 3), (False, False, True, False)), ((6, 1), (False, True, True, True)), ((6, 1), (False, True, True, False)), ((6, 3), (True, True, False, False)), ((4, 5), (True, True, False, True)), ((3, 6), (True, True, False, True)), ((4, 5), (True, False, False, True)), ((3, 6), (True, False, False, True)), ((3, 6), (True, False, False, True)), ((3, 6), (True, True, False, True)), ((4, 3), (False, False, True, True)), ((5, 3), (True, False, False, False)), ((4, 6), (True, False, False, True)), ((5, 5), (True, False, False, True)), ((5, 5), (True, False, False, True)), ((6, 4), (True, False, False, True)), ((4, 6), (True, True, False, True)), ((5, 5), (True, True, False, True))]",163,19,0,19
163,"((4, 6), (True, True, False, True))","((5, 6), (True, True, False, True))",West,"[((4, 5), (True, True, False, True)), ((5, 6), (True, True, False, True)), ((3, 6), (True, True, False, True))]","[((4, 5), (True, True, False, True)), ((6, 3), (True, True, False, True)), ((6, 3), (False, False, True, False)), ((6, 1), (False, True, True, True)), ((6, 1), (False, True, True, False)), ((6, 3), (True, True, False, False)), ((4, 5), (True, True, False, True)), ((3, 6), (True, True, False, True)), ((4, 5), (True, False, False, True)), ((3, 6), (True, False, False, True)), ((3, 6), (True, False, False, True)), ((3, 6), (True, True, False, True)), ((4, 3), (False, False, True, True)), ((5, 3), (True, False, False, False)), ((4, 6), (True, False, False, True)), ((5, 5), (True, False, False, True)), ((5, 5), (True, False, False, True)), ((6, 4), (True, False, False, True)), ((4, 6), (True, True, False, True))]","[((3, 6), (True, True, False, True)), ((4, 5), (True, True, False, True)), ((4, 5), (True, True, False, True)), ((6, 3), (True, True, False, True)), ((6, 3), (False, False, True, False)), ((6, 1), (False, True, True, True)), ((6, 1), (False, True, True, False)), ((6, 3), (True, True, False, False)), ((4, 5), (True, True, False, True)), ((3, 6), (True, True, False, True)), ((4, 5), (True, False, False, True)), ((3, 6), (True, False, False, True)), ((3, 6), (True, False, False, True)), ((3, 6), (True, True, False, True)), ((4, 3), (False, False, True, True)), ((5, 3), (True, False, False, False)), ((4, 6), (True, False, False, True)), ((5, 5), (True, False, False, True)), ((5, 5), (True, False, False, True)), ((6, 4), (True, False, False, True))]",164,19,0,19
164,"((6, 4), (True, False, False, True))","((6, 5), (True, False, False, True))",South,"[((6, 5), (True, False, False, True)), ((6, 3), (True, False, False, True))]","[((3, 6), (True, True, False, True)), ((4, 5), (True, True, False, True)), ((4, 5), (True, True, False, True)), ((6, 3), (True, True, False, True)), ((6, 3), (False, False, True, False)), ((6, 1), (False, True, True, True)), ((6, 1), (False, True, True, False)), ((6, 3), (True, True, False, False)), ((4, 5), (True, True, False, True)), ((3, 6), (True, True, False, True)), ((4, 5), (True, False, False, True)), ((3, 6), (True, False, False, True)), ((3, 6), (True, False, False, True)), ((3, 6), (True, True, False, True)), ((4, 3), (False, False, True, True)), ((5, 3), (True, False, False, False)), ((4, 6), (True, False, False, True)), ((5, 5), (True, False, False, True)), ((5, 5), (True, False, False, True)), ((6, 4), (True, False, False, True))]","[((6, 3), (True, False, False, True)), ((3, 6), (True, True, False, True)), ((4, 5), (True, True, False, True)), ((4, 5), (True, True, False, True)), ((6, 3), (True, True, False, True)), ((6, 3), (False, False, True, False)), ((6, 1), (False, True, True, True)), ((6, 1), (False, True, True, False)), ((6, 3), (True, True, False, False)), ((4, 5), (True, True, False, True)), ((3, 6), (True, True, False, True)), ((4, 5), (True, False, False, True)), ((3, 6), (True, False, False, True)), ((3, 6), (True, False, False, True)), ((3, 6), (True, True, False, True)), ((4, 3), (False, False, True, True)), ((5, 3), (True, False, False, False)), ((4, 6), (True, False, False, True)), ((5, 5), (True, False, False, True)), ((5, 5), (True, False, False, True))]",165,19,0,19
165,"((5, 5), (True, False, False, True))","((6, 5), (True, False, False, True))",West,"[((5, 6), (True, False, False, True)), ((6, 5), (True, False, False, True)), ((4, 5), (True, False, False, True))]","[((6, 3), (True, False, False, True)), ((3, 6), (True, True, False, True)), ((4, 5), (True, True, False, True)), ((4, 5), (True, True, False, True)), ((6, 3), (True, True, False, True)), ((6, 3), (False, False, True, False)), ((6, 1), (False, True, True, True)), ((6, 1), (False, True, True, False)), ((6, 3), (True, True, False, False)), ((4, 5), (True, True, False, True)), ((3, 6), (True, True, False, True)), ((4, 5), (True, False, False, True)), ((3, 6), (True, False, False, True)), ((3, 6), (True, False, False, True)), ((3, 6), (True, True, False, True)), ((4, 3), (False, False, True, True)), ((5, 3), (True, False, False, False)), ((4, 6), (True, False, False, True)), ((5, 5), (True, False, False, True)), ((5, 5), (True, False, False, True))]","[((4, 5), (True, False, False, True)), ((6, 3), (True, False, False, True)), ((3, 6), (True, True, False, True)), ((4, 5), (True, True, False, True)), ((4, 5), (True, True, False, True)), ((6, 3), (True, True, False, True)), ((6, 3), (False, False, True, False)), ((6, 1), (False, True, True, True)), ((6, 1), (False, True, True, False)), ((6, 3), (True, True, False, False)), ((4, 5), (True, True, False, True)), ((3, 6), (True, True, False, True)), ((4, 5), (True, False, False, True)), ((3, 6), (True, False, False, True)), ((3, 6), (True, False, False, True)), ((3, 6), (True, True, False, True)), ((4, 3), (False, False, True, True)), ((5, 3), (True, False, False, False)), ((4, 6), (True, False, False, True)), ((5, 5), (True, False, False, True))]",166,19,0,19
166,"((4, 6), (True, False, False, True))","((5, 6), (True, False, False, True))",West,"[((4, 5), (True, False, False, True)), ((5, 6), (True, False, False, True)), ((3, 6), (True, False, False, True))]","[((4, 5), (True, False, False, True)), ((6, 3), (True, False, False, True)), ((3, 6), (True, True, False, True)), ((4, 5), (True, True, False, True)), ((4, 5), (True, True, False, True)), ((6, 3), (True, True, False, True)), ((6, 3), (False, False, True, False)), ((6, 1), (False, True, True, True)), ((6, 1), (False, True, True, False)), ((6, 3), (True, True, False, False)), ((4, 5), (True, True, False, True)), ((3, 6), (True, True, False, True)), ((4, 5), (True, False, False, True)), ((3, 6), (True, False, False, True)), ((3, 6), (True, False, False, True)), ((3, 6), (True, True, False, True)), ((4, 3), (False, False, True, True)), ((5, 3), (True, False, False, False)), ((4, 6), (True, False, False, True))]","[((3, 6), (True, False, False, True)), ((4, 5), (True, False, False, True)), ((4, 5), (True, False, False, True)), ((6, 3), (True, False, False, True)), ((3, 6), (True, True, False, True)), ((4, 5), (True, True, False, True)), ((4, 5), (True, True, False, True)), ((6, 3), (True, True, False, True)), ((6, 3), (False, False, True, False)), ((6, 1), (False, True, True, True)), ((6, 1), (False, True, True, False)), ((6, 3), (True, True, False, False)), ((4, 5), (True, True, False, True)), ((3, 6), (True, True, False, True)), ((4, 5), (True, False, False, True)), ((3, 6), (True, False, False, True)), ((3, 6), (True, False, False, True)), ((3, 6), (True, True, False, True)), ((4, 3), (False, False, True, True)), ((5, 3), (True, False, False, False))]",167,19,0,19
167,"((5, 3), (True, False, False, False))","((6, 3), (True, False, False, False))",West,"[((6, 3), (True, False, False, False)), ((4, 3), (True, False, False, False))]","[((3, 6), (True, False, False, True)), ((4, 5), (True, False, False, True)), ((4, 5), (True, False, False, True)), ((6, 3), (True, False, False, True)), ((3, 6), (True, True, False, True)), ((4, 5), (True, True, False, True)), ((4, 5), (True, True, False, True)), ((6, 3), (True, True, False, True)), ((6, 3), (False, False, True, False)), ((6, 1), (False, True, True, True)), ((6, 1), (False, True, True, False)), ((6, 3), (True, True, False, False)), ((4, 5), (True, True, False, True)), ((3, 6), (True, True, False, True)), ((4, 5), (True, False, False, True)), ((3, 6), (True, False, False, True)), ((3, 6), (True, False, False, True)), ((3, 6), (True, True, False, True)), ((4, 3), (False, False, True, True)), ((5, 3), (True, False, False, False))]","[((4, 3), (True, False, False, False)), ((3, 6), (True, False, False, True)), ((4, 5), (True, False, False, True)), ((4, 5), (True, False, False, True)), ((6, 3), (True, False, False, True)), ((3, 6), (True, True, False, True)), ((4, 5), (True, True, False, True)), ((4, 5), (True, True, False, True)), ((6, 3), (True, True, False, True)), ((6, 3), (False, False, True, False)), ((6, 1), (False, True, True, True)), ((6, 1), (False, True, True, False)), ((6, 3), (True, True, False, False)), ((4, 5), (True, True, False, True)), ((3, 6), (True, True, False, True)), ((4, 5), (True, False, False, True)), ((3, 6), (True, False, False, True)), ((3, 6), (True, False, False, True)), ((3, 6), (True, True, False, True)), ((4, 3), (False, False, True, True))]",168,19,0,19
168,"((4, 3), (False, False, True, True))","((3, 3), (False, False, True, True))",East,"[((5, 3), (False, False, True, True)), ((3, 3), (False, False, True, True))]","[((4, 3), (True, False, False, False)), ((3, 6), (True, False, False, True)), ((4, 5), (True, False, False, True)), ((4, 5), (True, False, False, True)), ((6, 3), (True, False, False, True)), ((3, 6), (True, True, False, True)), ((4, 5), (True, True, False, True)), ((4, 5), (True, True, False, True)), ((6, 3), (True, True, False, True)), ((6, 3), (False, False, True, False)), ((6, 1), (False, True, True, True)), ((6, 1), (False, True, True, False)), ((6, 3), (True, True, False, False)), ((4, 5), (True, True, False, True)), ((3, 6), (True, True, False, True)), ((4, 5), (True, False, False, True)), ((3, 6), (True, False, False, True)), ((3, 6), (True, False, False, True)), ((3, 6), (True, True, False, True)), ((4, 3), (False, False, True, True))]","[((5, 3), (False, False, True, True)), ((4, 3), (True, False, False, False)), ((3, 6), (True, False, False, True)), ((4, 5), (True, False, False, True)), ((4, 5), (True, False, False, True)), ((6, 3), (True, False, False, True)), ((3, 6), (True, True, False, True)), ((4, 5), (True, True, False, True)), ((4, 5), (True, True, False, True)), ((6, 3), (True, True, False, True)), ((6, 3), (False, False, True, False)), ((6, 1), (False, True, True, True)), ((6, 1), (False, True, True, False)), ((6, 3), (True, True, False, False)), ((4, 5), (True, True, False, True)), ((3, 6), (True, True, False, True)), ((4, 5), (True, False, False, True)), ((3, 6), (True, False, False, True)), ((3, 6), (True, False, False, True)), ((3, 6), (True, True, False, True))]",169,20,0,20
169,"((3, 6), (True, True, False, True))","((2, 6), (True, True, False, True))",East,"[((3, 5), (True, True, False, True)), ((4, 6), (True, True, False, True)), ((2, 6), (True, True, False, True))]","[((5, 3), (False, False, True, True)), ((4, 3), (True, False, False, False)), ((3, 6), (True, False, False, True)), ((4, 5), (True, False, False, True)), ((4, 5), (True, False, False, True)), ((6, 3), (True, False, False, True)), ((3, 6), (True, True, False, True)), ((4, 5), (True, True, False, True)), ((4, 5), (True, True, False, True)), ((6, 3), (True, True, False, True)), ((6, 3), (False, False, True, False)), ((6, 1), (False, True, True, True)), ((6, 1), (False, True, True, False)), ((6, 3), (True, True, False, False)), ((4, 5), (True, True, False, True)), ((3, 6), (True, True, False, True)), ((4, 5), (True, False, False, True)), ((3, 6), (True, False, False, True)), ((3, 6), (True, False, False, True)), ((3, 6), (True, True, False, True))]","[((5, 3), (False, False, True, True)), ((4, 3), (True, False, False, False)), ((3, 6), (True, False, False, True)), ((4, 5), (True, False, False, True)), ((4, 5), (True, False, False, True)), ((6, 3), (True, False, False, True)), ((3, 6), (True, True, False, True)), ((4, 5), (True, True, False, True)), ((4, 5), (True, True, False, True)), ((6, 3), (True, True, False, True)), ((6, 3), (False, False, True, False)), ((6, 1), (False, True, True, True)), ((6, 1), (False, True, True, False)), ((6, 3), (True, True, False, False)), ((4, 5), (True, True, False, True)), ((3, 6), (True, True, False, True)), ((4, 5), (True, False, False, True)), ((3, 6), (True, False, False, True)), ((3, 6), (True, False, False, True))]",170,20,0,20
170,"((3, 6), (True, False, False, True))","((2, 6), (True, False, False, True))",East,"[((3, 5), (True, False, False, True)), ((4, 6), (True, False, False, True)), ((2, 6), (True, False, False, True))]","[((5, 3), (False, False, True, True)), ((4, 3), (True, False, False, False)), ((3, 6), (True, False, False, True)), ((4, 5), (True, False, False, True)), ((4, 5), (True, False, False, True)), ((6, 3), (True, False, False, True)), ((3, 6), (True, True, False, True)), ((4, 5), (True, True, False, True)), ((4, 5), (True, True, False, True)), ((6, 3), (True, True, False, True)), ((6, 3), (False, False, True, False)), ((6, 1), (False, True, True, True)), ((6, 1), (False, True, True, False)), ((6, 3), (True, True, False, False)), ((4, 5), (True, True, False, True)), ((3, 6), (True, True, False, True)), ((4, 5), (True, False, False, True)), ((3, 6), (True, False, False, True)), ((3, 6), (True, False, False, True))]","[((5, 3), (False, False, True, True)), ((4, 3), (True, False, False, False)), ((3, 6), (True, False, False, True)), ((4, 5), (True, False, False, True)), ((4, 5), (True, False, False, True)), ((6, 3), (True, False, False, True)), ((3, 6), (True, True, False, True)), ((4, 5), (True, True, False, True)), ((4, 5), (True, True, False, True)), ((6, 3), (True, True, False, True)), ((6, 3), (False, False, True, False)), ((6, 1), (False, True, True, True)), ((6, 1), (False, True, True, False)), ((6, 3), (True, True, False, False)), ((4, 5), (True, True, False, True)), ((3, 6), (True, True, False, True)), ((4, 5), (True, False, False, True)), ((3, 6), (True, False, False, True))]",171,20,0,20
171,"((4, 5), (True, False, False, True))","((3, 5), (True, False, False, True))",East,"[((4, 6), (True, False, False, True)), ((5, 5), (True, False, False, True)), ((3, 5), (True, False, False, True))]","[((5, 3), (False, False, True, True)), ((4, 3), (True, False, False, False)), ((3, 6), (True, False, False, True)), ((4, 5), (True, False, False, True)), ((4, 5), (True, False, False, True)), ((6, 3), (True, False, False, True)), ((3, 6), (True, True, False, True)), ((4, 5), (True, True, False, True)), ((4, 5), (True, True, False, True)), ((6, 3), (True, True, False, True)), ((6, 3), (False, False, True, False)), ((6, 1), (False, True, True, True)), ((6, 1), (False, True, True, False)), ((6, 3), (True, True, False, False)), ((4, 5), (True, True, False, True)), ((3, 6), (True, True, False, True)), ((4, 5), (True, False, False, True))]","[((5, 3), (False, False, True, True)), ((4, 3), (True, False, False, False)), ((3, 6), (True, False, False, True)), ((4, 5), (True, False, False, True)), ((4, 5), (True, False, False, True)), ((6, 3), (True, False, False, True)), ((3, 6), (True, True, False, True)), ((4, 5), (True, True, False, True)), ((4, 5), (True, True, False, True)), ((6, 3), (True, True, False, True)), ((6, 3), (False, False, True, False)), ((6, 1), (False, True, True, True)), ((6, 1), (False, True, True, False)), ((6, 3), (True, True, False, False)), ((4, 5), (True, True, False, True)), ((3, 6), (True, True, False, True))]",172,20,0,20
172,"((4, 5), (True, True, False, True))","((3, 5), (True, True, False, True))",East,"[((4, 6), (True, True, False, True)), ((5, 5), (True, True, False, True)), ((3, 5), (True, True, False, True))]","[((5, 3), (False, False, True, True)), ((4, 3), (True, False, False, False)), ((3, 6), (True, False, False, True)), ((4, 5), (True, False, False, True)), ((4, 5), (True, False, False, True)), ((6, 3), (True, False, False, True)), ((3, 6), (True, True, False, True)), ((4, 5), (True, True, False, True)), ((4, 5), (True, True, False, True)), ((6, 3), (True, True, False, True)), ((6, 3), (False, False, True, False)), ((6, 1), (False, True, True, True)), ((6, 1), (False, True, True, False)), ((6, 3), (True, True, False, False)), ((4, 5), (True, True, False, True))]","[((5, 3), (False, False, True, True)), ((4, 3), (True, False, False, False)), ((3, 6), (True, False, False, True)), ((4, 5), (True, False, False, True)), ((4, 5), (True, False, False, True)), ((6, 3), (True, False, False, True)), ((3, 6), (True, True, False, True)), ((4, 5), (True, True, False, True)), ((4, 5), (True, True, False, True)), ((6, 3), (True, True, False, True)), ((6, 3), (False, False, True, False)), ((6, 1), (False, True, True, True)), ((6, 1), (False, True, True, False)), ((6, 3), (True, True, False, False))]",173,20,0,20
173,"((6, 3), (True, True, False, False))","((6, 4), (True, True, False, False))",South,"[((6, 4), (True, True, False, False)), ((5, 3), (True, True, False, False))]","[((5, 3), (False, False, True, True)), ((4, 3), (True, False, False, False)), ((3, 6), (True, False, False, True)), ((4, 5), (True, False, False, True)), ((4, 5), (True, False, False, True)), ((6, 3), (True, False, False, True)), ((3, 6), (True, True, False, True)), ((4, 5), (True, True, False, True)), ((4, 5), (True, True, False, True)), ((6, 3), (True, True, False, True)), ((6, 3), (False, False, True, False)), ((6, 1), (False, True, True, True)), ((6, 1), (False, True, True, False)), ((6, 3), (True, True, False, False))]","[((5, 3), (True, True, False, False)), ((5, 3), (False, False, True, True)), ((4, 3), (True, False, False, False)), ((3, 6), (True, False, False, True)), ((4, 5), (True, False, False, True)), ((4, 5), (True, False, False, True)), ((6, 3), (True, False, False, True)), ((3, 6), (True, True, False, True)), ((4, 5), (True, True, False, True)), ((4, 5), (True, True, False, True)), ((6, 3), (True, True, False, True)), ((6, 3), (False, False, True, False)), ((6, 1), (False, True, True, True)), ((6, 1), (False, True, True, False))]",174,20,0,20
174,"((6, 1), (False, True, True, False))","((5, 1), (False, True, False, False))",East,"[((5, 1), (False, True, True, False))]","[((5, 3), (True, True, False, False)), ((5, 3), (False, False, True, True)), ((4, 3), (True, False, False, False)), ((3, 6), (True, False, False, True)), ((4, 5), (True, False, False, True)), ((4, 5), (True, False, False, True)), ((6, 3), (True, False, False, True)), ((3, 6), (True, True, False, True)), ((4, 5), (True, True, False, True)), ((4, 5), (True, True, False, True)), ((6, 3), (True, True, False, True)), ((6, 3), (False, False, True, False)), ((6, 1), (False, True, True, True)), ((6, 1), (False, True, True, False))]","[((5, 1), (False, True, True, False)), ((5, 3), (True, True, False, False)), ((5, 3), (False, False, True, True)), ((4, 3), (True, False, False, False)), ((3, 6), (True, False, False, True)), ((4, 5), (True, False, False, True)), ((4, 5), (True, False, False, True)), ((6, 3), (True, False, False, True)), ((3, 6), (True, True, False, True)), ((4, 5), (True, True, False, True)), ((4, 5), (True, True, False, True)), ((6, 3), (True, True, False, True)), ((6, 3), (False, False, True, False)), ((6, 1), (False, True, True, True))]",175,20,0,20
175,"((6, 1), (False, True, True, True))","((5, 1), (False, True, False, True))",East,"[((5, 1), (False, True, True, True))]","[((5, 1), (False, True, True, False)), ((5, 3), (True, True, False, False)), ((5, 3), (False, False, True, True)), ((4, 3), (True, False, False, False)), ((3, 6), (True, False, False, True)), ((4, 5), (True, False, False, True)), ((4, 5), (True, False, False, True)), ((6, 3), (True, False, False, True)), ((3, 6), (True, True, False, True)), ((4, 5), (True, True, False, True)), ((4, 5), (True, True, False, True)), ((6, 3), (True, True, False, True)), ((6, 3), (False, False, True, False)), ((6, 1), (False, True, True, True))]","[((5, 1), (False, True, True, True)), ((5, 1), (False, True, True, False)), ((5, 3), (True, True, False, False)), ((5, 3), (False, False, True, True)), ((4, 3), (True, False, False, False)), ((3, 6), (True, False, False, True)), ((4, 5), (True, False, False, True)), ((4, 5), (True, False, False, True)), ((6, 3), (True, False, False, True)), ((3, 6), (True, True, False, True)), ((4, 5), (True, True, False, True)), ((4, 5), (True, True, False, True)), ((6, 3), (True, True, False, True)), ((6, 3), (False, False, True, False))]",176,20,0,20
176,"((6, 3), (False, False, True, False))","((5, 3), (False, False, True, False))",East,"[((6, 4), (False, False, True, False)), ((5, 3), (False, False, True, False))]","[((5, 1), (False, True, True, True)), ((5, 1), (False, True, True, False)), ((5, 3), (True, True, False, False)), ((5, 3), (False, False, True, True)), ((4, 3), (True, False, False, False)), ((3, 6), (True, False, False, True)), ((4, 5), (True, False, False, True)), ((4, 5), (True, False, False, True)), ((6, 3), (True, False, False, True)), ((3, 6), (True, True, False, True)), ((4, 5), (True, True, False, True)), ((4, 5), (True, True, False, True)), ((6, 3), (True, True, False, True)), ((6, 3), (False, False, True, False))]","[((6, 4), (False, False, True, False)), ((5, 1), (False, True, True, True)), ((5, 1), (False, True, True, False)), ((5, 3), (True, True, False, False)), ((5, 3), (False, False, True, True)), ((4, 3), (True, False, False, False)), ((3, 6), (True, False, False, True)), ((4, 5), (True, False, False, True)), ((4, 5), (True, False, False, True)), ((6, 3), (True, False, False, True)), ((3, 6), (True, True, False, True)), ((4, 5), (True, True, False, True)), ((4, 5), (True, True, False, True)), ((6, 3), (True, True, False, True))]",177,20,0,20
177,"((6, 3), (True, True, False, True))","((6, 4), (True, True, False, True))",South,"[((6, 4), (True, True, False, True)), ((5, 3), (True, True, False, True))]","[((6, 4), (False, False, True, False)), ((5, 1), (False, True, True, True)), ((5, 1), (False, True, True, False)), ((5, 3), (True, True, False, False)), ((5, 3), (False, False, True, True)), ((4, 3), (True, False, False, False)), ((3, 6), (True, False, False, True)), ((4, 5), (True, False, False, True)), ((4, 5), (True, False, False, True)), ((6, 3), (True, False, False, True)), ((3, 6), (True, True, False, True)), ((4, 5), (True, True, False, True)), ((4, 5), (True, True, False, True)), ((6, 3), (True, True, False, True))]","[((5, 3), (True, True, False, True)), ((6, 4), (False, False, True, False)), ((5, 1), (False, True, True, True)), ((5, 1), (False, True, True, False)), ((5, 3), (True, True, False, False)), ((5, 3), (False, False, True, True)), ((4, 3), (True, False, False, False)), ((3, 6), (True, False, False, True)), ((4, 5), (True, False, False, True)), ((4, 5), (True, False, False, True)), ((6, 3), (True, False, False, True)), ((3, 6), (True, True, False, True)), ((4, 5), (True, True, False, True)), ((4, 5), (True, True, False, True))]",178,20,0,20
178,"((6, 3), (True, False, False, True))","((6, 4), (True, False, False, True))",South,"[((6, 4), (True, False, False, True)), ((5, 3), (True, False, False, True))]","[((5, 3), (True, True, False, True)), ((6, 4), (False, False, True, False)), ((5, 1), (False, True, True, True)), ((5, 1), (False, True, True, False)), ((5, 3), (True, True, False, False)), ((5, 3), (False, False, True, True)), ((4, 3), (True, False, False, False)), ((3, 6), (True, False, False, True)), ((4, 5), (True, False, False, True)), ((4, 5), (True, False, False, True)), ((6, 3), (True, False, False, True))]","[((5, 3), (True, False, False, True)), ((5, 3), (True, True, False, True)), ((6, 4), (False, False, True, False)), ((5, 1), (False, True, True, True)), ((5, 1), (False, True, True, False)), ((5, 3), (True, True, False, False)), ((5, 3), (False, False, True, True)), ((4, 3), (True, False, False, False)), ((3, 6), (True, False, False, True)), ((4, 5), (True, False, False, True)), ((4, 5), (True, False, False, True))]",179,20,0,20
179,"((4, 3), (True, False, False, False))","((5, 3), (True, False, False, False))",West,"[((5, 3), (True, False, False, False)), ((3, 3), (True, False, False, False))]","[((5, 3), (True, False, False, True)), ((5, 3), (True, True, False, True)), ((6, 4), (False, False, True, False)), ((5, 1), (False, True, True, True)), ((5, 1), (False, True, True, False)), ((5, 3), (True, True, False, False)), ((5, 3), (False, False, True, True)), ((4, 3), (True, False, False, False))]","[((3, 3), (True, False, False, False)), ((5, 3), (True, False, False, True)), ((5, 3), (True, True, False, True)), ((6, 4), (False, False, True, False)), ((5, 1), (False, True, True, True)), ((5, 1), (False, True, True, False)), ((5, 3), (True, True, False, False)), ((5, 3), (False, False, True, True))]",180,20,0,20
180,"((5, 3), (False, False, True, True))","((4, 3), (False, False, True, True))",East,"[((6, 3), (False, False, True, True)), ((4, 3), (False, False, True, True))]","[((3, 3), (True, False, False, False)), ((5, 3), (True, False, False, True)), ((5, 3), (True, True, False, True)), ((6, 4), (False, False, True, False)), ((5, 1), (False, True, True, True)), ((5, 1), (False, True, True, False)), ((5, 3), (True, True, False, False)), ((5, 3), (False, False, True, True))]","[((6, 3), (False, False, True, True)), ((3, 3), (True, False, False, False)), ((5, 3), (True, False, False, True)), ((5, 3), (True, True, False, True)), ((6, 4), (False, False, True, False)), ((5, 1), (False, True, True, True)), ((5, 1), (False, True, True, False)), ((5, 3), (True, True, False, False))]",181,21,0,21
181,"((5, 3), (True, True, False, False))","((6, 3), (True, True, False, False))",West,"[((6, 3), (True, True, False, False)), ((4, 3), (True, True, False, False))]","[((6, 3), (False, False, True, True)), ((3, 3), (True, False, False, False)), ((5, 3), (True, False, False, True)), ((5, 3), (True, True, False, True)), ((6, 4), (False, False, True, False)), ((5, 1), (False, True, True, True)), ((5, 1), (False, True, True, False)), ((5, 3), (True, True, False, False))]","[((4, 3), (True, True, False, False)), ((6, 3), (False, False, True, True)), ((3, 3), (True, False, False, False)), ((5, 3), (True, False, False, True)), ((5, 3), (True, True, False, True)), ((6, 4), (False, False, True, False)), ((5, 1), (False, True, True, True)), ((5, 1), (False, True, True, False))]",182,21,0,21
182,"((5, 1), (False, True, True, False))","((6, 1), (False, True, True, False))",West,"[((6, 1), (False, True, True, False)), ((4, 1), (False, True, True, False))]","[((4, 3), (True, True, False, False)), ((6, 3), (False, False, True, True)), ((3, 3), (True, False, False, False)), ((5, 3), (True, False, False, True)), ((5, 3), (True, True, False, True)), ((6, 4), (False, False, True, False)), ((5, 1), (False, True, True, True)), ((5, 1), (False, True, True, False))]","[((4, 1), (False, True, True, False)), ((4, 3), (True, True, False, False)), ((6, 3), (False, False, True, True)), ((3, 3), (True, False, False, False)), ((5, 3), (True, False, False, True)), ((5, 3), (True, True, False, True)), ((6, 4), (False, False, True, False)), ((5, 1), (False, True, True, True))]",183,21,0,21
183,"((5, 1), (False, True, True, True))","((6, 1), (False, True, True, True))",West,"[((6, 1), (False, True, True, True)), ((4, 1), (False, True, True, True))]","[((4, 1), (False, True, True, False)), ((4, 3), (True, True, False, False)), ((6, 3), (False, False, True, True)), ((3, 3), (True, False, False, False)), ((5, 3), (True, False, False, True)), ((5, 3), (True, True, False, True)), ((6, 4), (False, False, True, False)), ((5, 1), (False, True, True, True))]","[((4, 1), (False, True, True, True)), ((4, 1), (False, True, True, False)), ((4, 3), (True, True, False, False)), ((6, 3), (False, False, True, True)), ((3, 3), (True, False, False, False)), ((5, 3), (True, False, False, True)), ((5, 3), (True, True, False, True)), ((6, 4), (False, False, True, False))]",184,21,0,21
184,"((6, 4), (False, False, True, False))","((6, 3), (False, False, True, False))",North,"[((6, 5), (False, False, True, False)), ((6, 3), (False, False, True, False))]","[((4, 1), (False, True, True, True)), ((4, 1), (False, True, True, False)), ((4, 3), (True, True, False, False)), ((6, 3), (False, False, True, True)), ((3, 3), (True, False, False, False)), ((5, 3), (True, False, False, True)), ((5, 3), (True, True, False, True)), ((6, 4), (False, False, True, False))]","[((6, 5), (False, False, True, False)), ((4, 1), (False, True, True, True)), ((4, 1), (False, True, True, False)), ((4, 3), (True, True, False, False)), ((6, 3), (False, False, True, True)), ((3, 3), (True, False, False, False)), ((5, 3), (True, False, False, True)), ((5, 3), (True, True, False, True))]",185,21,0,21
185,"((5, 3), (True, True, False, True))","((6, 3), (True, True, False, True))",West,"[((6, 3), (True, True, False, True)), ((4, 3), (True, True, False, True))]","[((6, 5), (False, False, True, False)), ((4, 1), (False, True, True, True)), ((4, 1), (False, True, True, False)), ((4, 3), (True, True, False, False)), ((6, 3), (False, False, True, True)), ((3, 3), (True, False, False, False)), ((5, 3), (True, False, False, True)), ((5, 3), (True, True, False, True))]","[((4, 3), (True, True, False, True)), ((6, 5), (False, False, True, False)), ((4, 1), (False, True, True, True)), ((4, 1), (False, True, True, False)), ((4, 3), (True, True, False, False)), ((6, 3), (False, False, True, True)), ((3, 3), (True, False, False, False)), ((5, 3), (True, False, False, True))]",186,21,0,21
186,"((5, 3), (True, False, False, True))","((6, 3), (True, False, False, True))",West,"[((6, 3), (True, False, False, True)), ((4, 3), (True, False, False, True))]","[((4, 3), (True, True, False, True)), ((6, 5), (False, False, True, False)), ((4, 1), (False, True, True, True)), ((4, 1), (False, True, True, False)), ((4, 3), (True, True, False, False)), ((6, 3), (False, False, True, True)), ((3, 3), (True, False, False, False)), ((5, 3), (True, False, False, True))]","[((4, 3), (True, False, False, True)), ((4, 3), (True, True, False, True)), ((6, 5), (False, False, True, False)), ((4, 1), (False, True, True, True)), ((4, 1), (False, True, True, False)), ((4, 3), (True, True, False, False)), ((6, 3), (False, False, True, True)), ((3, 3), (True, False, False, False))]",187,21,0,21
187,"((3, 3), (True, False, False, False))","((4, 3), (True, False, False, False))",West,"[((3, 2), (True, False, False, False)), ((4, 3), (True, False, False, False))]","[((4, 3), (True, False, False, True)), ((4, 3), (True, True, False, True)), ((6, 5), (False, False, True, False)), ((4, 1), (False, True, True, True)), ((4, 1), (False, True, True, False)), ((4, 3), (True, True, False, False)), ((6, 3), (False, False, True, True)), ((3, 3), (True, False, False, False))]","[((3, 2), (True, False, False, False)), ((4, 3), (True, False, False, True)), ((4, 3), (True, True, False, True)), ((6, 5), (False, False, True, False)), ((4, 1), (False, True, True, True)), ((4, 1), (False, True, True, False)), ((4, 3), (True, True, False, False)), ((6, 3), (False, False, True, True))]",188,21,0,21
188,"((6, 3), (False, False, True, True))","((5, 3), (False, False, True, True))",East,"[((6, 4), (False, False, True, True)), ((5, 3), (False, False, True, True))]","[((3, 2), (True, False, False, False)), ((4, 3), (True, False, False, True)), ((4, 3), (True, True, False, True)), ((6, 5), (False, False, True, False)), ((4, 1), (False, True, True, True)), ((4, 1), (False, True, True, False)), ((4, 3), (True, True, False, False)), ((6, 3), (False, False, True, True))]","[((6, 4), (False, False, True, True)), ((3, 2), (True, False, False, False)), ((4, 3), (True, False, False, True)), ((4, 3), (True, True, False, True)), ((6, 5), (False, False, True, False)), ((4, 1), (False, True, True, True)), ((4, 1), (False, True, True, False)), ((4, 3), (True, True, False, False))]",189,22,0,22
189,"((4, 3), (True, True, False, False))","((5, 3), (True, True, False, False))",West,"[((5, 3), (True, True, False, False)), ((3, 3), (True, True, False, False))]","[((6, 4), (False, False, True, True)), ((3, 2), (True, False, False, False)), ((4, 3), (True, False, False, True)), ((4, 3), (True, True, False, True)), ((6, 5), (False, False, True, False)), ((4, 1), (False, True, True, True)), ((4, 1), (False, True, True, False)), ((4, 3), (True, True, False, False))]","[((3, 3), (True, True, False, False)), ((6, 4), (False, False, True, True)), ((3, 2), (True, False, False, False)), ((4, 3), (True, False, False, True)), ((4, 3), (True, True, False, True)), ((6, 5), (False, False, True, False)), ((4, 1), (False, True, True, True)), ((4, 1), (False, True, True, False))]",190,22,0,22
190,"((4, 1), (False, True, True, False))","((5, 1), (False, True, True, False))",West,"[((5, 1), (False, True, True, False)), ((3, 1), (False, True, True, False))]","[((3, 3), (True, True, False, False)), ((6, 4), (False, False, True, True)), ((3, 2), (True, False, False, False)), ((4, 3), (True, False, False, True)), ((4, 3), (True, True, False, True)), ((6, 5), (False, False, True, False)), ((4, 1), (False, True, True, True)), ((4, 1), (False, True, True, False))]","[((3, 1), (False, True, True, False)), ((3, 3), (True, True, False, False)), ((6, 4), (False, False, True, True)), ((3, 2), (True, False, False, False)), ((4, 3), (True, False, False, True)), ((4, 3), (True, True, False, True)), ((6, 5), (False, False, True, False)), ((4, 1), (False, True, True, True))]",191,22,0,22
191,"((4, 1), (False, True, True, True))","((5, 1), (False, True, True, True))",West,"[((5, 1), (False, True, True, True)), ((3, 1), (False, True, True, True))]","[((3, 1), (False, True, True, False)), ((3, 3), (True, True, False, False)), ((6, 4), (False, False, True, True)), ((3, 2), (True, False, False, False)), ((4, 3), (True, False, False, True)), ((4, 3), (True, True, False, True)), ((6, 5), (False, False, True, False)), ((4, 1), (False, True, True, True))]","[((3, 1), (False, True, True, True)), ((3, 1), (False, True, True, False)), ((3, 3), (True, True, False, False)), ((6, 4), (False, False, True, True)), ((3, 2), (True, False, False, False)), ((4, 3), (True, False, False, True)), ((4, 3), (True, True, False, True)), ((6, 5), (False, False, True, False))]",192,22,0,22
192,"((6, 5), (False, False, True, False))","((6, 4), (False, False, True, False))",North,"[((6, 6), (False, False, True, True)), ((6, 4), (False, False, True, False)), ((5, 5), (False, False, True, False))]","[((3, 1), (False, True, True, True)), ((3, 1), (False, True, True, False)), ((3, 3), (True, True, False, False)), ((6, 4), (False, False, True, True)), ((3, 2), (True, False, False, False)), ((4, 3), (True, False, False, True)), ((4, 3), (True, True, False, True)), ((6, 5), (False, False, True, False))]","[((5, 5), (False, False, True, False)), ((6, 6), (False, False, True, True)), ((3, 1), (False, True, True, True)), ((3, 1), (False, True, True, False)), ((3, 3), (True, True, False, False)), ((6, 4), (False, False, True, True)), ((3, 2), (True, False, False, False)), ((4, 3), (True, False, False, True)), ((4, 3), (True, True, False, True))]",193,22,0,22
193,"((4, 3), (True, True, False, True))","((5, 3), (True, True, False, True))",West,"[((5, 3), (True, True, False, True)), ((3, 3), (True, True, False, True))]","[((5, 5), (False, False, True, False)), ((6, 6), (False, False, True, True)), ((3, 1), (False, True, True, True)), ((3, 1), (False, True, True, False)), ((3, 3), (True, True, False, False)), ((6, 4), (False, False, True, True)), ((3, 2), (True, False, False, False)), ((4, 3), (True, False, False, True)), ((4, 3), (True, True, False, True))]","[((3, 3), (True, True, False, True)), ((5, 5), (False, False, True, False)), ((6, 6), (False, False, True, True)), ((3, 1), (False, True, True, True)), ((3, 1), (False, True, True, False)), ((3, 3), (True, True, False, False)), ((6, 4), (False, False, True, True)), ((3, 2), (True, False, False, False)), ((4, 3), (True, False, False, True))]",194,22,0,22
194,"((4, 3), (True, False, False, True))","((5, 3), (True, False, False, True))",West,"[((5, 3), (True, False, False, True)), ((3, 3), (True, False, False, True))]","[((3, 3), (True, True, False, True)), ((5, 5), (False, False, True, False)), ((6, 6), (False, False, True, True)), ((3, 1), (False, True, True, True)), ((3, 1), (False, True, True, False)), ((3, 3), (True, True, False, False)), ((6, 4), (False, False, True, True)), ((3, 2), (True, False, False, False)), ((4, 3), (True, False, False, True))]","[((3, 3), (True, False, False, True)), ((3, 3), (True, True, False, True)), ((5, 5), (False, False, True, False)), ((6, 6), (False, False, True, True)), ((3, 1), (False, True, True, True)), ((3, 1), (False, True, True, False)), ((3, 3), (True, True, False, False)), ((6, 4), (False, False, True, True)), ((3, 2), (True, False, False, False))]",195,22,0,22
195,"((3, 2), (True, False, False, False))","((3, 3), (True, False, False, False))",South,"[((3, 3), (True, False, False, False)), ((3, 1), (True, False, False, False))]","[((3, 3), (True, False, False, True)), ((3, 3), (True, True, False, True)), ((5, 5), (False, False, True, False)), ((6, 6), (False, False, True, True)), ((3, 1), (False, True, True, True)), ((3, 1), (False, True, True, False)), ((3, 3), (True, True, False, False)), ((6, 4), (False, False, True, True)), ((3, 2), (True, False, False, False))]","[((3, 1), (True, False, False, False)), ((3, 3), (True, False, False, True)), ((3, 3), (True, True, False, True)), ((5, 5), (False, False, True, False)), ((6, 6), (False, False, True, True)), ((3, 1), (False, True, True, True)), ((3, 1), (False, True, True, False)), ((3, 3), (True, True, False, False)), ((6, 4), (False, False, True, True))]",196,22,0,22
196,"((6, 4), (False, False, True, True))","((6, 3), (False, False, True, True))",North,"[((6, 5), (False, False, True, True)), ((6, 3), (False, False, True, True))]","[((3, 1), (True, False, False, False)), ((3, 3), (True, False, False, True)), ((3, 3), (True, True, False, True)), ((5, 5), (False, False, True, False)), ((6, 6), (False, False, True, True)), ((3, 1), (False, True, True, True)), ((3, 1), (False, True, True, False)), ((3, 3), (True, True, False, False)), ((6, 4), (False, False, True, True))]","[((6, 5), (False, False, True, True)), ((3, 1), (True, False, False, False)), ((3, 3), (True, False, False, True)), ((3, 3), (True, True, False, True)), ((5, 5), (False, False, True, False)), ((6, 6), (False, False, True, True)), ((3, 1), (False, True, True, True)), ((3, 1), (False, True, True, False)), ((3, 3), (True, True, False, False))]",197,23,0,23
197,"((3, 3), (True, True, False, False))","((4, 3), (True, True, False, False))",West,"[((3, 2), (True, True, False, False)), ((4, 3), (True, True, False, False))]","[((6, 5), (False, False, True, True)), ((3, 1), (True, False, False, False)), ((3, 3), (True, False, False, True)), ((3, 3), (True, True, False, True)), ((5, 5), (False, False, True, False)), ((6, 6), (False, False, True, True)), ((3, 1), (False, True, True, True)), ((3, 1), (False, True, True, False)), ((3, 3), (True, True, False, False))]","[((3, 2), (True, True, False, False)), ((6, 5), (False, False, True, True)), ((3, 1), (True, False, False, False)), ((3, 3), (True, False, False, True)), ((3, 3), (True, True, False, True)), ((5, 5), (False, False, True, False)), ((6, 6), (False, False, True, True)), ((3, 1), (False, True, True, True)), ((3, 1), (False, True, True, False))]",198,23,0,23
198,"((3, 1), (False, True, True, False))","((4, 1), (False, True, True, False))",West,"[((3, 2), (False, True, True, False)), ((4, 1), (False, True, True, False))]","[((3, 2), (True, True, False, False)), ((6, 5), (False, False, True, True)), ((3, 1), (True, False, False, False)), ((3, 3), (True, False, False, True)), ((3, 3), (True, True, False, True)), ((5, 5), (False, False, True, False)), ((6, 6), (False, False, True, True)), ((3, 1), (False, True, True, True)), ((3, 1), (False, True, True, False))]","[((3, 2), (False, True, True, False)), ((3, 2), (True, True, False, False)), ((6, 5), (False, False, True, True)), ((3, 1), (True, False, False, False)), ((3, 3), (True, False, False, True)), ((3, 3), (True, True, False, True)), ((5, 5), (False, False, True, False)), ((6, 6), (False, False, True, True)), ((3, 1), (False, True, True, True))]",199,23,0,23
199,"((3, 1), (False, True, True, True))","((4, 1), (False, True, True, True))",West,"[((3, 2), (False, True, True, True)), ((4, 1), (False, True, True, True))]","[((3, 2), (False, True, True, False)), ((3, 2), (True, True, False, False)), ((6, 5), (False, False, True, True)), ((3, 1), (True, False, False, False)), ((3, 3), (True, False, False, True)), ((3, 3), (True, True, False, True)), ((5, 5), (False, False, True, False)), ((6, 6), (False, False, True, True)), ((3, 1), (False, True, True, True))]","[((3, 2), (False, True, True, True)), ((3, 2), (False, True, True, False)), ((3, 2), (True, True, False, False)), ((6, 5), (False, False, True, True)), ((3, 1), (True, False, False, False)), ((3, 3), (True, False, False, True)), ((3, 3), (True, True, False, True)), ((5, 5), (False, False, True, False)), ((6, 6), (False, False, True, True))]",200,23,0,23
200,"((6, 6), (False, False, True, True))","((6, 5), (False, False, True, False))",North,"[((6, 5), (False, False, True, True)), ((5, 6), (False, False, True, True))]","[((3, 2), (False, True, True, True)), ((3, 2), (False, True, True, False)), ((3, 2), (True, True, False, False)), ((6, 5), (False, False, True, True)), ((3, 1), (True, False, False, False)), ((3, 3), (True, False, False, True)), ((3, 3), (True, True, False, True)), ((5, 5), (False, False, True, False)), ((6, 6), (False, False, True, True))]","[((5, 6), (False, False, True, True)), ((6, 5), (False, False, True, True)), ((3, 2), (False, True, True, True)), ((3, 2), (False, True, True, False)), ((3, 2), (True, True, False, False)), ((6, 5), (False, False, True, True)), ((3, 1), (True, False, False, False)), ((3, 3), (True, False, False, True)), ((3, 3), (True, True, False, True)), ((5, 5), (False, False, True, False))]",201,23,0,23
201,"((5, 5), (False, False, True, False))","((6, 5), (False, False, True, False))",West,"[((5, 6), (False, False, True, False)), ((6, 5), (False, False, True, False)), ((4, 5), (False, False, True, False))]","[((5, 6), (False, False, True, True)), ((6, 5), (False, False, True, True)), ((3, 2), (False, True, True, True)), ((3, 2), (False, True, True, False)), ((3, 2), (True, True, False, False)), ((6, 5), (False, False, True, True)), ((3, 1), (True, False, False, False)), ((3, 3), (True, False, False, True)), ((3, 3), (True, True, False, True)), ((5, 5), (False, False, True, False))]","[((4, 5), (False, False, True, False)), ((5, 6), (False, False, True, False)), ((5, 6), (False, False, True, True)), ((6, 5), (False, False, True, True)), ((3, 2), (False, True, True, True)), ((3, 2), (False, True, True, False)), ((3, 2), (True, True, False, False)), ((6, 5), (False, False, True, True)), ((3, 1), (True, False, False, False)), ((3, 3), (True, False, False, True)), ((3, 3), (True, True, False, True))]",202,23,0,23
202,"((3, 3), (True, True, False, True))","((4, 3), (True, True, False, True))",West,"[((3, 2), (True, True, False, True)), ((4, 3), (True, True, False, True))]","[((4, 5), (False, False, True, False)), ((5, 6), (False, False, True, False)), ((5, 6), (False, False, True, True)), ((6, 5), (False, False, True, True)), ((3, 2), (False, True, True, True)), ((3, 2), (False, True, True, False)), ((3, 2), (True, True, False, False)), ((6, 5), (False, False, True, True)), ((3, 1), (True, False, False, False)), ((3, 3), (True, False, False, True)), ((3, 3), (True, True, False, True))]","[((3, 2), (True, True, False, True)), ((4, 5), (False, False, True, False)), ((5, 6), (False, False, True, False)), ((5, 6), (False, False, True, True)), ((6, 5), (False, False, True, True)), ((3, 2), (False, True, True, True)), ((3, 2), (False, True, True, False)), ((3, 2), (True, True, False, False)), ((6, 5), (False, False, True, True)), ((3, 1), (True, False, False, False)), ((3, 3), (True, False, False, True))]",203,23,0,23
203,"((3, 3), (True, False, False, True))","((4, 3), (True, False, False, True))",West,"[((3, 2), (True, False, False, True)), ((4, 3), (True, False, False, True))]","[((3, 2), (True, True, False, True)), ((4, 5), (False, False, True, False)), ((5, 6), (False, False, True, False)), ((5, 6), (False, False, True, True)), ((6, 5), (False, False, True, True)), ((3, 2), (False, True, True, True)), ((3, 2), (False, True, True, False)), ((3, 2), (True, True, False, False)), ((6, 5), (False, False, True, True)), ((3, 1), (True, False, False, False)), ((3, 3), (True, False, False, True))]","[((3, 2), (True, False, False, True)), ((3, 2), (True, True, False, True)), ((4, 5), (False, False, True, False)), ((5, 6), (False, False, True, False)), ((5, 6), (False, False, True, True)), ((6, 5), (False, False, True, True)), ((3, 2), (False, True, True, True)), ((3, 2), (False, True, True, False)), ((3, 2), (True, True, False, False)), ((6, 5), (False, False, True, True)), ((3, 1), (True, False, False, False))]",204,23,0,23
204,"((3, 1), (True, False, False, False))","((3, 2), (True, False, False, False))",South,"[((3, 2), (True, False, False, False)), ((4, 1), (True, False, False, False))]","[((3, 2), (True, False, False, True)), ((3, 2), (True, True, False, True)), ((4, 5), (False, False, True, False)), ((5, 6), (False, False, True, False)), ((5, 6), (False, False, True, True)), ((6, 5), (False, False, True, True)), ((3, 2), (False, True, True, True)), ((3, 2), (False, True, True, False)), ((3, 2), (True, True, False, False)), ((6, 5), (False, False, True, True)), ((3, 1), (True, False, False, False))]","[((4, 1), (True, False, False, False)), ((3, 2), (True, False, False, True)), ((3, 2), (True, True, False, True)), ((4, 5), (False, False, True, False)), ((5, 6), (False, False, True, False)), ((5, 6), (False, False, True, True)), ((6, 5), (False, False, True, True)), ((3, 2), (False, True, True, True)), ((3, 2), (False, True, True, False)), ((3, 2), (True, True, False, False)), ((6, 5), (False, False, True, True))]",205,23,0,23
205,"((6, 5), (False, False, True, True))","((6, 4), (False, False, True, True))",North,"[((6, 6), (False, False, True, True)), ((6, 4), (False, False, True, True)), ((5, 5), (False, False, True, True))]","[((4, 1), (True, False, False, False)), ((3, 2), (True, False, False, True)), ((3, 2), (True, True, False, True)), ((4, 5), (False, False, True, False)), ((5, 6), (False, False, True, False)), ((5, 6), (False, False, True, True)), ((6, 5), (False, False, True, True)), ((3, 2), (False, True, True, True)), ((3, 2), (False, True, True, False)), ((3, 2), (True, True, False, False)), ((6, 5), (False, False, True, True))]","[((5, 5), (False, False, True, True)), ((4, 1), (True, False, False, False)), ((3, 2), (True, False, False, True)), ((3, 2), (True, True, False, True)), ((4, 5), (False, False, True, False)), ((5, 6), (False, False, True, False)), ((5, 6), (False, False, True, True)), ((6, 5), (False, False, True, True)), ((3, 2), (False, True, True, True)), ((3, 2), (False, True, True, False)), ((3, 2), (True, True, False, False))]",206,24,0,24
206,"((3, 2), (True, True, False, False))","((3, 3), (True, True, False, False))",South,"[((3, 3), (True, True, False, False)), ((3, 1), (True, True, False, False))]","[((5, 5), (False, False, True, True)), ((4, 1), (True, False, False, False)), ((3, 2), (True, False, False, True)), ((3, 2), (True, True, False, True)), ((4, 5), (False, False, True, False)), ((5, 6), (False, False, True, False)), ((5, 6), (False, False, True, True)), ((6, 5), (False, False, True, True)), ((3, 2), (False, True, True, True)), ((3, 2), (False, True, True, False)), ((3, 2), (True, True, False, False))]","[((3, 1), (True, True, False, False)), ((5, 5), (False, False, True, True)), ((4, 1), (True, False, False, False)), ((3, 2), (True, False, False, True)), ((3, 2), (True, True, False, True)), ((4, 5), (False, False, True, False)), ((5, 6), (False, False, True, False)), ((5, 6), (False, False, True, True)), ((6, 5), (False, False, True, True)), ((3, 2), (False, True, True, True)), ((3, 2), (False, True, True, False))]",207,24,0,24
207,"((3, 2), (False, True, True, False))","((3, 1), (False, True, True, False))",North,"[((3, 3), (False, True, True, False)), ((3, 1), (False, True, True, False))]","[((3, 1), (True, True, False, False)), ((5, 5), (False, False, True, True)), ((4, 1), (True, False, False, False)), ((3, 2), (True, False, False, True)), ((3, 2), (True, True, False, True)), ((4, 5), (False, False, True, False)), ((5, 6), (False, False, True, False)), ((5, 6), (False, False, True, True)), ((6, 5), (False, False, True, True)), ((3, 2), (False, True, True, True)), ((3, 2), (False, True, True, False))]","[((3, 3), (False, True, True, False)), ((3, 1), (True, True, False, False)), ((5, 5), (False, False, True, True)), ((4, 1), (True, False, False, False)), ((3, 2), (True, False, False, True)), ((3, 2), (True, True, False, True)), ((4, 5), (False, False, True, False)), ((5, 6), (False, False, True, False)), ((5, 6), (False, False, True, True)), ((6, 5), (False, False, True, True)), ((3, 2), (False, True, True, True))]",208,24,0,24
208,"((3, 2), (False, True, True, True))","((3, 1), (False, True, True, True))",North,"[((3, 3), (False, True, True, True)), ((3, 1), (False, True, True, True))]","[((3, 3), (False, True, True, False)), ((3, 1), (True, True, False, False)), ((5, 5), (False, False, True, True)), ((4, 1), (True, False, False, False)), ((3, 2), (True, False, False, True)), ((3, 2), (True, True, False, True)), ((4, 5), (False, False, True, False)), ((5, 6), (False, False, True, False)), ((5, 6), (False, False, True, True)), ((6, 5), (False, False, True, True)), ((3, 2), (False, True, True, True))]","[((3, 3), (False, True, True, True)), ((3, 3), (False, True, True, False)), ((3, 1), (True, True, False, False)), ((5, 5), (False, False, True, True)), ((4, 1), (True, False, False, False)), ((3, 2), (True, False, False, True)), ((3, 2), (True, True, False, True)), ((4, 5), (False, False, True, False)), ((5, 6), (False, False, True, False)), ((5, 6), (False, False, True, True)), ((6, 5), (False, False, True, True))]",209,24,0,24
209,"((5, 6), (False, False, True, True))","((6, 6), (False, False, True, True))",West,"[((5, 5), (False, False, True, True)), ((6, 6), (False, False, True, True)), ((4, 6), (False, False, True, True))]","[((3, 3), (False, True, True, True)), ((3, 3), (False, True, True, False)), ((3, 1), (True, True, False, False)), ((5, 5), (False, False, True, True)), ((4, 1), (True, False, False, False)), ((3, 2), (True, False, False, True)), ((3, 2), (True, True, False, True)), ((4, 5), (False, False, True, False)), ((5, 6), (False, False, True, False)), ((5, 6), (False, False, True, True))]","[((4, 6), (False, False, True, True)), ((5, 5), (False, False, True, True)), ((3, 3), (False, True, True, True)), ((3, 3), (False, True, True, False)), ((3, 1), (True, True, False, False)), ((5, 5), (False, False, True, True)), ((4, 1), (True, False, False, False)), ((3, 2), (True, False, False, True)), ((3, 2), (True, True, False, True)), ((4, 5), (False, False, True, False)), ((5, 6), (False, False, True, False))]",210,24,0,24
210,"((5, 6), (False, False, True, False))","((5, 5), (False, False, True, False))",North,"[((5, 5), (False, False, True, False)), ((6, 6), (False, False, True, True)), ((4, 6), (False, False, True, False))]","[((4, 6), (False, False, True, True)), ((5, 5), (False, False, True, True)), ((3, 3), (False, True, True, True)), ((3, 3), (False, True, True, False)), ((3, 1), (True, True, False, False)), ((5, 5), (False, False, True, True)), ((4, 1), (True, False, False, False)), ((3, 2), (True, False, False, True)), ((3, 2), (True, True, False, True)), ((4, 5), (False, False, True, False)), ((5, 6), (False, False, True, False))]","[((4, 6), (False, False, True, False)), ((4, 6), (False, False, True, True)), ((5, 5), (False, False, True, True)), ((3, 3), (False, True, True, True)), ((3, 3), (False, True, True, False)), ((3, 1), (True, True, False, False)), ((5, 5), (False, False, True, True)), ((4, 1), (True, False, False, False)), ((3, 2), (True, False, False, True)), ((3, 2), (True, True, False, True)), ((4, 5), (False, False, True, False))]",211,24,0,24
211,"((4, 5), (False, False, True, False))","((5, 5), (False, False, True, False))",West,"[((4, 6), (False, False, True, False)), ((5, 5), (False, False, True, False)), ((3, 5), (False, False, True, False))]","[((4, 6), (False, False, True, False)), ((4, 6), (False, False, True, True)), ((5, 5), (False, False, True, True)), ((3, 3), (False, True, True, True)), ((3, 3), (False, True, True, False)), ((3, 1), (True, True, False, False)), ((5, 5), (False, False, True, True)), ((4, 1), (True, False, False, False)), ((3, 2), (True, False, False, True)), ((3, 2), (True, True, False, True)), ((4, 5), (False, False, True, False))]","[((3, 5), (False, False, True, False)), ((4, 6), (False, False, True, False)), ((4, 6), (False, False, True, False)), ((4, 6), (False, False, True, True)), ((5, 5), (False, False, True, True)), ((3, 3), (False, True, True, True)), ((3, 3), (False, True, True, False)), ((3, 1), (True, True, False, False)), ((5, 5), (False, False, True, True)), ((4, 1), (True, False, False, False)), ((3, 2), (True, False, False, True)), ((3, 2), (True, True, False, True))]",212,24,0,24
212,"((3, 2), (True, True, False, True))","((3, 3), (True, True, False, True))",South,"[((3, 3), (True, True, False, True)), ((3, 1), (True, True, False, True))]","[((3, 5), (False, False, True, False)), ((4, 6), (False, False, True, False)), ((4, 6), (False, False, True, False)), ((4, 6), (False, False, True, True)), ((5, 5), (False, False, True, True)), ((3, 3), (False, True, True, True)), ((3, 3), (False, True, True, False)), ((3, 1), (True, True, False, False)), ((5, 5), (False, False, True, True)), ((4, 1), (True, False, False, False)), ((3, 2), (True, False, False, True)), ((3, 2), (True, True, False, True))]","[((3, 1), (True, True, False, True)), ((3, 5), (False, False, True, False)), ((4, 6), (False, False, True, False)), ((4, 6), (False, False, True, False)), ((4, 6), (False, False, True, True)), ((5, 5), (False, False, True, True)), ((3, 3), (False, True, True, True)), ((3, 3), (False, True, True, False)), ((3, 1), (True, True, False, False)), ((5, 5), (False, False, True, True)), ((4, 1), (True, False, False, False)), ((3, 2), (True, False, False, True))]",213,24,0,24
213,"((3, 2), (True, False, False, True))","((3, 3), (True, False, False, True))",South,"[((3, 3), (True, False, False, True)), ((3, 1), (True, False, False, True))]","[((3, 1), (True, True, False, True)), ((3, 5), (False, False, True, False)), ((4, 6), (False, False, True, False)), ((4, 6), (False, False, True, False)), ((4, 6), (False, False, True, True)), ((5, 5), (False, False, True, True)), ((3, 3), (False, True, True, True)), ((3, 3), (False, True, True, False)), ((3, 1), (True, True, False, False)), ((5, 5), (False, False, True, True)), ((4, 1), (True, False, False, False)), ((3, 2), (True, False, False, True))]","[((3, 1), (True, False, False, True)), ((3, 1), (True, True, False, True)), ((3, 5), (False, False, True, False)), ((4, 6), (False, False, True, False)), ((4, 6), (False, False, True, False)), ((4, 6), (False, False, True, True)), ((5, 5), (False, False, True, True)), ((3, 3), (False, True, True, True)), ((3, 3), (False, True, True, False)), ((3, 1), (True, True, False, False)), ((5, 5), (False, False, True, True)), ((4, 1), (True, False, False, False))]",214,24,0,24
214,"((4, 1), (True, False, False, False))","((3, 1), (True, False, False, False))",East,"[((5, 1), (True, False, False, False)), ((3, 1), (True, False, False, False))]","[((3, 1), (True, False, False, True)), ((3, 1), (True, True, False, True)), ((3, 5), (False, False, True, False)), ((4, 6), (False, False, True, False)), ((4, 6), (False, False, True, False)), ((4, 6), (False, False, True, True)), ((5, 5), (False, False, True, True)), ((3, 3), (False, True, True, True)), ((3, 3), (False, True, True, False)), ((3, 1), (True, True, False, False)), ((5, 5), (False, False, True, True)), ((4, 1), (True, False, False, False))]","[((5, 1), (True, False, False, False)), ((3, 1), (True, False, False, True)), ((3, 1), (True, True, False, True)), ((3, 5), (False, False, True, False)), ((4, 6), (False, False, True, False)), ((4, 6), (False, False, True, False)), ((4, 6), (False, False, True, True)), ((5, 5), (False, False, True, True)), ((3, 3), (False, True, True, True)), ((3, 3), (False, True, True, False)), ((3, 1), (True, True, False, False)), ((5, 5), (False, False, True, True))]",215,24,0,24
215,"((5, 5), (False, False, True, True))","((6, 5), (False, False, True, True))",West,"[((5, 6), (False, False, True, True)), ((6, 5), (False, False, True, True)), ((4, 5), (False, False, True, True))]","[((5, 1), (True, False, False, False)), ((3, 1), (True, False, False, True)), ((3, 1), (True, True, False, True)), ((3, 5), (False, False, True, False)), ((4, 6), (False, False, True, False)), ((4, 6), (False, False, True, False)), ((4, 6), (False, False, True, True)), ((5, 5), (False, False, True, True)), ((3, 3), (False, True, True, True)), ((3, 3), (False, True, True, False)), ((3, 1), (True, True, False, False)), ((5, 5), (False, False, True, True))]","[((4, 5), (False, False, True, True)), ((5, 1), (True, False, False, False)), ((3, 1), (True, False, False, True)), ((3, 1), (True, True, False, True)), ((3, 5), (False, False, True, False)), ((4, 6), (False, False, True, False)), ((4, 6), (False, False, True, False)), ((4, 6), (False, False, True, True)), ((5, 5), (False, False, True, True)), ((3, 3), (False, True, True, True)), ((3, 3), (False, True, True, False)), ((3, 1), (True, True, False, False))]",216,25,0,25
216,"((3, 1), (True, True, False, False))","((3, 2), (True, True, False, False))",South,"[((3, 2), (True, True, False, False)), ((4, 1), (True, True, False, False))]","[((4, 5), (False, False, True, True)), ((5, 1), (True, False, False, False)), ((3, 1), (True, False, False, True)), ((3, 1), (True, True, False, True)), ((3, 5), (False, False, True, False)), ((4, 6), (False, False, True, False)), ((4, 6), (False, False, True, False)), ((4, 6), (False, False, True, True)), ((5, 5), (False, False, True, True)), ((3, 3), (False, True, True, True)), ((3, 3), (False, True, True, False)), ((3, 1), (True, True, False, False))]","[((4, 1), (True, True, False, False)), ((4, 5), (False, False, True, True)), ((5, 1), (True, False, False, False)), ((3, 1), (True, False, False, True)), ((3, 1), (True, True, False, True)), ((3, 5), (False, False, True, False)), ((4, 6), (False, False, True, False)), ((4, 6), (False, False, True, False)), ((4, 6), (False, False, True, True)), ((5, 5), (False, False, True, True)), ((3, 3), (False, True, True, True)), ((3, 3), (False, True, True, False))]",217,25,0,25
217,"((3, 3), (False, True, True, False))","((3, 2), (False, True, True, False))",North,"[((3, 2), (False, True, True, False)), ((4, 3), (False, True, True, False))]","[((4, 1), (True, True, False, False)), ((4, 5), (False, False, True, True)), ((5, 1), (True, False, False, False)), ((3, 1), (True, False, False, True)), ((3, 1), (True, True, False, True)), ((3, 5), (False, False, True, False)), ((4, 6), (False, False, True, False)), ((4, 6), (False, False, True, False)), ((4, 6), (False, False, True, True)), ((5, 5), (False, False, True, True)), ((3, 3), (False, True, True, True)), ((3, 3), (False, True, True, False))]","[((4, 3), (False, True, True, False)), ((4, 1), (True, True, False, False)), ((4, 5), (False, False, True, True)), ((5, 1), (True, False, False, False)), ((3, 1), (True, False, False, True)), ((3, 1), (True, True, False, True)), ((3, 5), (False, False, True, False)), ((4, 6), (False, False, True, False)), ((4, 6), (False, False, True, False)), ((4, 6), (False, False, True, True)), ((5, 5), (False, False, True, True)), ((3, 3), (False, True, True, True))]",218,25,0,25
218,"((3, 3), (False, True, True, True))","((3, 2), (False, True, True, True))",North,"[((3, 2), (False, True, True, True)), ((4, 3), (False, True, True, True))]","[((4, 3), (False, True, True, False)), ((4, 1), (True, True, False, False)), ((4, 5), (False, False, True, True)), ((5, 1), (True, False, False, False)), ((3, 1), (True, False, False, True)), ((3, 1), (True, True, False, True)), ((3, 5), (False, False, True, False)), ((4, 6), (False, False, True, False)), ((4, 6), (False, False, True, False)), ((4, 6), (False, False, True, True)), ((5, 5), (False, False, True, True)), ((3, 3), (False, True, True, True))]","[((4, 3), (False, True, True, True)), ((4, 3), (False, True, True, False)), ((4, 1), (True, True, False, False)), ((4, 5), (False, False, True, True)), ((5, 1), (True, False, False, False)), ((3, 1), (True, False, False, True)), ((3, 1), (True, True, False, True)), ((3, 5), (False, False, True, False)), ((4, 6), (False, False, True, False)), ((4, 6), (False, False, True, False)), ((4, 6), (False, False, True, True)), ((5, 5), (False, False, True, True))]",219,25,0,25
219,"((4, 6), (False, False, True, True))","((5, 6), (False, False, True, True))",West,"[((4, 5), (False, False, True, True)), ((5, 6), (False, False, True, True)), ((3, 6), (False, False, True, True))]","[((4, 3), (False, True, True, True)), ((4, 3), (False, True, True, False)), ((4, 1), (True, True, False, False)), ((4, 5), (False, False, True, True)), ((5, 1), (True, False, False, False)), ((3, 1), (True, False, False, True)), ((3, 1), (True, True, False, True)), ((3, 5), (False, False, True, False)), ((4, 6), (False, False, True, False)), ((4, 6), (False, False, True, False)), ((4, 6), (False, False, True, True))]","[((3, 6), (False, False, True, True)), ((4, 5), (False, False, True, True)), ((4, 3), (False, True, True, True)), ((4, 3), (False, True, True, False)), ((4, 1), (True, True, False, False)), ((4, 5), (False, False, True, True)), ((5, 1), (True, False, False, False)), ((3, 1), (True, False, False, True)), ((3, 1), (True, True, False, True)), ((3, 5), (False, False, True, False)), ((4, 6), (False, False, True, False)), ((4, 6), (False, False, True, False))]",220,25,0,25
220,"((4, 6), (False, False, True, False))","((5, 6), (False, False, True, False))",West,"[((4, 5), (False, False, True, False)), ((5, 6), (False, False, True, False)), ((3, 6), (False, False, True, False))]","[((3, 6), (False, False, True, True)), ((4, 5), (False, False, True, True)), ((4, 3), (False, True, True, True)), ((4, 3), (False, True, True, False)), ((4, 1), (True, True, False, False)), ((4, 5), (False, False, True, True)), ((5, 1), (True, False, False, False)), ((3, 1), (True, False, False, True)), ((3, 1), (True, True, False, True)), ((3, 5), (False, False, True, False)), ((4, 6), (False, False, True, False)), ((4, 6), (False, False, True, False))]","[((3, 6), (False, False, True, False)), ((3, 6), (False, False, True, True)), ((4, 5), (False, False, True, True)), ((4, 3), (False, True, True, True)), ((4, 3), (False, True, True, False)), ((4, 1), (True, True, False, False)), ((4, 5), (False, False, True, True)), ((5, 1), (True, False, False, False)), ((3, 1), (True, False, False, True)), ((3, 1), (True, True, False, True)), ((3, 5), (False, False, True, False)), ((4, 6), (False, False, True, False))]",221,25,0,25
221,"((3, 5), (False, False, True, False))","((4, 5), (False, False, True, False))",West,"[((3, 6), (False, False, True, False)), ((4, 5), (False, False, True, False)), ((2, 5), (False, False, True, False))]","[((3, 6), (False, False, True, False)), ((3, 6), (False, False, True, True)), ((4, 5), (False, False, True, True)), ((4, 3), (False, True, True, True)), ((4, 3), (False, True, True, False)), ((4, 1), (True, True, False, False)), ((4, 5), (False, False, True, True)), ((5, 1), (True, False, False, False)), ((3, 1), (True, False, False, True)), ((3, 1), (True, True, False, True)), ((3, 5), (False, False, True, False))]","[((2, 5), (False, False, True, False)), ((3, 6), (False, False, True, False)), ((3, 6), (False, False, True, False)), ((3, 6), (False, False, True, True)), ((4, 5), (False, False, True, True)), ((4, 3), (False, True, True, True)), ((4, 3), (False, True, True, False)), ((4, 1), (True, True, False, False)), ((4, 5), (False, False, True, True)), ((5, 1), (True, False, False, False)), ((3, 1), (True, False, False, True)), ((3, 1), (True, True, False, True))]",222,25,0,25
222,"((3, 1), (True, True, False, True))","((3, 2), (True, True, False, True))",South,"[((3, 2), (True, True, False, True)), ((4, 1), (True, True, False, True))]","[((2, 5), (False, False, True, False)), ((3, 6), (False, False, True, False)), ((3, 6), (False, False, True, False)), ((3, 6), (False, False, True, True)), ((4, 5), (False, False, True, True)), ((4, 3), (False, True, True, True)), ((4, 3), (False, True, True, False)), ((4, 1), (True, True, False, False)), ((4, 5), (False, False, True, True)), ((5, 1), (True, False, False, False)), ((3, 1), (True, False, False, True)), ((3, 1), (True, True, False, True))]","[((4, 1), (True, True, False, True)), ((2, 5), (False, False, True, False)), ((3, 6), (False, False, True, False)), ((3, 6), (False, False, True, False)), ((3, 6), (False, False, True, True)), ((4, 5), (False, False, True, True)), ((4, 3), (False, True, True, True)), ((4, 3), (False, True, True, False)), ((4, 1), (True, True, False, False)), ((4, 5), (False, False, True, True)), ((5, 1), (True, False, False, False)), ((3, 1), (True, False, False, True))]",223,25,0,25
223,"((3, 1), (True, False, False, True))","((3, 2), (True, False, False, True))",South,"[((3, 2), (True, False, False, True)), ((4, 1), (True, False, False, True))]","[((4, 1), (True, True, False, True)), ((2, 5), (False, False, True, False)), ((3, 6), (False, False, True, False)), ((3, 6), (False, False, True, False)), ((3, 6), (False, False, True, True)), ((4, 5), (False, False, True, True)), ((4, 3), (False, True, True, True)), ((4, 3), (False, True, True, False)), ((4, 1), (True, True, False, False)), ((4, 5), (False, False, True, True)), ((5, 1), (True, False, False, False)), ((3, 1), (True, False, False, True))]","[((4, 1), (True, False, False, True)), ((4, 1), (True, True, False, True)), ((2, 5), (False, False, True, False)), ((3, 6), (False, False, True, False)), ((3, 6), (False, False, True, False)), ((3, 6), (False, False, True, True)), ((4, 5), (False, False, True, True)), ((4, 3), (False, True, True, True)), ((4, 3), (False, True, True, False)), ((4, 1), (True, True, False, False)), ((4, 5), (False, False, True, True)), ((5, 1), (True, False, False, False))]",224,25,0,25
224,"((5, 1), (True, False, False, False))","((4, 1), (True, False, False, False))",East,"[((6, 1), (True, False, True, False)), ((4, 1), (True, False, False, False))]","[((4, 1), (True, False, False, True)), ((4, 1), (True, True, False, True)), ((2, 5), (False, False, True, False)), ((3, 6), (False, False, True, False)), ((3, 6), (False, False, True, False)), ((3, 6), (False, False, True, True)), ((4, 5), (False, False, True, True)), ((4, 3), (False, True, True, True)), ((4, 3), (False, True, True, False)), ((4, 1), (True, True, False, False)), ((4, 5), (False, False, True, True)), ((5, 1), (True, False, False, False))]","[((6, 1), (True, False, True, False)), ((4, 1), (True, False, False, True)), ((4, 1), (True, True, False, True)), ((2, 5), (False, False, True, False)), ((3, 6), (False, False, True, False)), ((3, 6), (False, False, True, False)), ((3, 6), (False, False, True, True)), ((4, 5), (False, False, True, True)), ((4, 3), (False, True, True, True)), ((4, 3), (False, True, True, False)), ((4, 1), (True, True, False, False)), ((4, 5), (False, False, True, True))]",225,25,0,25
225,"((4, 5), (False, False, True, True))","((5, 5), (False, False, True, True))",West,"[((4, 6), (False, False, True, True)), ((5, 5), (False, False, True, True)), ((3, 5), (False, False, True, True))]","[((6, 1), (True, False, True, False)), ((4, 1), (True, False, False, True)), ((4, 1), (True, True, False, True)), ((2, 5), (False, False, True, False)), ((3, 6), (False, False, True, False)), ((3, 6), (False, False, True, False)), ((3, 6), (False, False, True, True)), ((4, 5), (False, False, True, True)), ((4, 3), (False, True, True, True)), ((4, 3), (False, True, True, False)), ((4, 1), (True, True, False, False)), ((4, 5), (False, False, True, True))]","[((3, 5), (False, False, True, True)), ((6, 1), (True, False, True, False)), ((4, 1), (True, False, False, True)), ((4, 1), (True, True, False, True)), ((2, 5), (False, False, True, False)), ((3, 6), (False, False, True, False)), ((3, 6), (False, False, True, False)), ((3, 6), (False, False, True, True)), ((4, 5), (False, False, True, True)), ((4, 3), (False, True, True, True)), ((4, 3), (False, True, True, False)), ((4, 1), (True, True, False, False))]",226,26,0,26
226,"((4, 1), (True, True, False, False))","((3, 1), (True, True, False, False))",East,"[((5, 1), (True, True, False, False)), ((3, 1), (True, True, False, False))]","[((3, 5), (False, False, True, True)), ((6, 1), (True, False, True, False)), ((4, 1), (True, False, False, True)), ((4, 1), (True, True, False, True)), ((2, 5), (False, False, True, False)), ((3, 6), (False, False, True, False)), ((3, 6), (False, False, True, False)), ((3, 6), (False, False, True, True)), ((4, 5), (False, False, True, True)), ((4, 3), (False, True, True, True)), ((4, 3), (False, True, True, False)), ((4, 1), (True, True, False, False))]","[((5, 1), (True, True, False, False)), ((3, 5), (False, False, True, True)), ((6, 1), (True, False, True, False)), ((4, 1), (True, False, False, True)), ((4, 1), (True, True, False, True)), ((2, 5), (False, False, True, False)), ((3, 6), (False, False, True, False)), ((3, 6), (False, False, True, False)), ((3, 6), (False, False, True, True)), ((4, 5), (False, False, True, True)), ((4, 3), (False, True, True, True)), ((4, 3), (False, True, True, False))]",227,26,0,26
227,"((4, 3), (False, True, True, False))","((3, 3), (False, True, True, False))",East,"[((5, 3), (False, True, True, False)), ((3, 3), (False, True, True, False))]","[((5, 1), (True, True, False, False)), ((3, 5), (False, False, True, True)), ((6, 1), (True, False, True, False)), ((4, 1), (True, False, False, True)), ((4, 1), (True, True, False, True)), ((2, 5), (False, False, True, False)), ((3, 6), (False, False, True, False)), ((3, 6), (False, False, True, False)), ((3, 6), (False, False, True, True)), ((4, 5), (False, False, True, True)), ((4, 3), (False, True, True, True)), ((4, 3), (False, True, True, False))]","[((5, 3), (False, True, True, False)), ((5, 1), (True, True, False, False)), ((3, 5), (False, False, True, True)), ((6, 1), (True, False, True, False)), ((4, 1), (True, False, False, True)), ((4, 1), (True, True, False, True)), ((2, 5), (False, False, True, False)), ((3, 6), (False, False, True, False)), ((3, 6), (False, False, True, False)), ((3, 6), (False, False, True, True)), ((4, 5), (False, False, True, True)), ((4, 3), (False, True, True, True))]",228,26,0,26
228,"((4, 3), (False, True, True, True))","((3, 3), (False, True, True, True))",East,"[((5, 3), (False, True, True, True)), ((3, 3), (False, True, True, True))]","[((5, 3), (False, True, True, False)), ((5, 1), (True, True, False, False)), ((3, 5), (False, False, True, True)), ((6, 1), (True, False, True, False)), ((4, 1), (True, False, False, True)), ((4, 1), (True, True, False, True)), ((2, 5), (False, False, True, False)), ((3, 6), (False, False, True, False)), ((3, 6), (False, False, True, False)), ((3, 6), (False, False, True, True)), ((4, 5), (False, False, True, True)), ((4, 3), (False, True, True, True))]","[((5, 3), (False, True, True, True)), ((5, 3), (False, True, True, False)), ((5, 1), (True, True, False, False)), ((3, 5), (False, False, True, True)), ((6, 1), (True, False, True, False)), ((4, 1), (True, False, False, True)), ((4, 1), (True, True, False, True)), ((2, 5), (False, False, True, False)), ((3, 6), (False, False, True, False)), ((3, 6), (False, False, True, False)), ((3, 6), (False, False, True, True)), ((4, 5), (False, False, True, True))]",229,26,0,26
229,"((3, 6), (False, False, True, True))","((4, 6), (False, False, True, True))",West,"[((3, 5), (False, False, True, True)), ((4, 6), (False, False, True, True)), ((2, 6), (False, False, True, True))]","[((5, 3), (False, True, True, True)), ((5, 3), (False, True, True, False)), ((5, 1), (True, True, False, False)), ((3, 5), (False, False, True, True)), ((6, 1), (True, False, True, False)), ((4, 1), (True, False, False, True)), ((4, 1), (True, True, False, True)), ((2, 5), (False, False, True, False)), ((3, 6), (False, False, True, False)), ((3, 6), (False, False, True, False)), ((3, 6), (False, False, True, True))]","[((2, 6), (False, False, True, True)), ((3, 5), (False, False, True, True)), ((5, 3), (False, True, True, True)), ((5, 3), (False, True, True, False)), ((5, 1), (True, True, False, False)), ((3, 5), (False, False, True, True)), ((6, 1), (True, False, True, False)), ((4, 1), (True, False, False, True)), ((4, 1), (True, True, False, True)), ((2, 5), (False, False, True, False)), ((3, 6), (False, False, True, False)), ((3, 6), (False, False, True, False))]",230,26,0,26
230,"((3, 6), (False, False, True, False))","((4, 6), (False, False, True, False))",West,"[((3, 5), (False, False, True, False)), ((4, 6), (False, False, True, False)), ((2, 6), (False, False, True, False))]","[((2, 6), (False, False, True, True)), ((3, 5), (False, False, True, True)), ((5, 3), (False, True, True, True)), ((5, 3), (False, True, True, False)), ((5, 1), (True, True, False, False)), ((3, 5), (False, False, True, True)), ((6, 1), (True, False, True, False)), ((4, 1), (True, False, False, True)), ((4, 1), (True, True, False, True)), ((2, 5), (False, False, True, False)), ((3, 6), (False, False, True, False)), ((3, 6), (False, False, True, False))]","[((2, 6), (False, False, True, False)), ((2, 6), (False, False, True, True)), ((3, 5), (False, False, True, True)), ((5, 3), (False, True, True, True)), ((5, 3), (False, True, True, False)), ((5, 1), (True, True, False, False)), ((3, 5), (False, False, True, True)), ((6, 1), (True, False, True, False)), ((4, 1), (True, False, False, True)), ((4, 1), (True, True, False, True)), ((2, 5), (False, False, True, False)), ((3, 6), (False, False, True, False))]",231,26,0,26
231,"((2, 5), (False, False, True, False))","((3, 5), (False, False, True, False))",West,"[((2, 6), (False, False, True, False)), ((3, 5), (False, False, True, False)), ((1, 5), (False, False, True, False))]","[((2, 6), (False, False, True, False)), ((2, 6), (False, False, True, True)), ((3, 5), (False, False, True, True)), ((5, 3), (False, True, True, True)), ((5, 3), (False, True, True, False)), ((5, 1), (True, True, False, False)), ((3, 5), (False, False, True, True)), ((6, 1), (True, False, True, False)), ((4, 1), (True, False, False, True)), ((4, 1), (True, True, False, True)), ((2, 5), (False, False, True, False))]","[((1, 5), (False, False, True, False)), ((2, 6), (False, False, True, False)), ((2, 6), (False, False, True, False)), ((2, 6), (False, False, True, True)), ((3, 5), (False, False, True, True)), ((5, 3), (False, True, True, True)), ((5, 3), (False, True, True, False)), ((5, 1), (True, True, False, False)), ((3, 5), (False, False, True, True)), ((6, 1), (True, False, True, False)), ((4, 1), (True, False, False, True)), ((4, 1), (True, True, False, True))]",232,26,0,26
232,"((4, 1), (True, True, False, True))","((3, 1), (True, True, False, True))",East,"[((5, 1), (True, True, False, True)), ((3, 1), (True, True, False, True))]","[((1, 5), (False, False, True, False)), ((2, 6), (False, False, True, False)), ((2, 6), (False, False, True, False)), ((2, 6), (False, False, True, True)), ((3, 5), (False, False, True, True)), ((5, 3), (False, True, True, True)), ((5, 3), (False, True, True, False)), ((5, 1), (True, True, False, False)), ((3, 5), (False, False, True, True)), ((6, 1), (True, False, True, False)), ((4, 1), (True, False, False, True)), ((4, 1), (True, True, False, True))]","[((5, 1), (True, True, False, True)), ((1, 5), (False, False, True, False)), ((2, 6), (False, False, True, False)), ((2, 6), (False, False, True, False)), ((2, 6), (False, False, True, True)), ((3, 5), (False, False, True, True)), ((5, 3), (False, True, True, True)), ((5, 3), (False, True, True, False)), ((5, 1), (True, True, False, False)), ((3, 5), (False, False, True, True)), ((6, 1), (True, False, True, False)), ((4, 1), (True, False, False, True))]",233,26,0,26
233,"((4, 1), (True, False, False, True))","((3, 1), (True, False, False, True))",East,"[((5, 1), (True, False, False, True)), ((3, 1), (True, False, False, True))]","[((5, 1), (True, True, False, True)), ((1, 5), (False, False, True, False)), ((2, 6), (False, False, True, False)), ((2, 6), (False, False, True, False)), ((2, 6), (False, False, True, True)), ((3, 5), (False, False, True, True)), ((5, 3), (False, True, True, True)), ((5, 3), (False, True, True, False)), ((5, 1), (True, True, False, False)), ((3, 5), (False, False, True, True)), ((6, 1), (True, False, True, False)), ((4, 1), (True, False, False, True))]","[((5, 1), (True, False, False, True)), ((5, 1), (True, True, False, True)), ((1, 5), (False, False, True, False)), ((2, 6), (False, False, True, False)), ((2, 6), (False, False, True, False)), ((2, 6), (False, False, True, True)), ((3, 5), (False, False, True, True)), ((5, 3), (False, True, True, True)), ((5, 3), (False, True, True, False)), ((5, 1), (True, True, False, False)), ((3, 5), (False, False, True, True)), ((6, 1), (True, False, True, False))]",234,26,0,26
234,"((6, 1), (True, False, True, False))","((5, 1), (True, False, False, False))",East,"[((5, 1), (True, False, True, False))]","[((5, 1), (True, False, False, True)), ((5, 1), (True, True, False, True)), ((1, 5), (False, False, True, False)), ((2, 6), (False, False, True, False)), ((2, 6), (False, False, True, False)), ((2, 6), (False, False, True, True)), ((3, 5), (False, False, True, True)), ((5, 3), (False, True, True, True)), ((5, 3), (False, True, True, False)), ((5, 1), (True, True, False, False)), ((3, 5), (False, False, True, True)), ((6, 1), (True, False, True, False))]","[((5, 1), (True, False, True, False)), ((5, 1), (True, False, False, True)), ((5, 1), (True, True, False, True)), ((1, 5), (False, False, True, False)), ((2, 6), (False, False, True, False)), ((2, 6), (False, False, True, False)), ((2, 6), (False, False, True, True)), ((3, 5), (False, False, True, True)), ((5, 3), (False, True, True, True)), ((5, 3), (False, True, True, False)), ((5, 1), (True, True, False, False)), ((3, 5), (False, False, True, True))]",235,26,0,26
235,"((3, 5), (False, False, True, True))","((4, 5), (False, False, True, True))",West,"[((3, 6), (False, False, True, True)), ((4, 5), (False, False, True, True)), ((2, 5), (False, False, True, True))]","[((5, 1), (True, False, True, False)), ((5, 1), (True, False, False, True)), ((5, 1), (True, True, False, True)), ((1, 5), (False, False, True, False)), ((2, 6), (False, False, True, False)), ((2, 6), (False, False, True, False)), ((2, 6), (False, False, True, True)), ((3, 5), (False, False, True, True)), ((5, 3), (False, True, True, True)), ((5, 3), (False, True, True, False)), ((5, 1), (True, True, False, False)), ((3, 5), (False, False, True, True))]","[((2, 5), (False, False, True, True)), ((5, 1), (True, False, True, False)), ((5, 1), (True, False, False, True)), ((5, 1), (True, True, False, True)), ((1, 5), (False, False, True, False)), ((2, 6), (False, False, True, False)), ((2, 6), (False, False, True, False)), ((2, 6), (False, False, True, True)), ((3, 5), (False, False, True, True)), ((5, 3), (False, True, True, True)), ((5, 3), (False, True, True, False)), ((5, 1), (True, True, False, False))]",236,27,0,27
236,"((5, 1), (True, True, False, False))","((4, 1), (True, True, False, False))",East,"[((6, 1), (True, True, True, False)), ((4, 1), (True, True, False, False))]","[((2, 5), (False, False, True, True)), ((5, 1), (True, False, True, False)), ((5, 1), (True, False, False, True)), ((5, 1), (True, True, False, True)), ((1, 5), (False, False, True, False)), ((2, 6), (False, False, True, False)), ((2, 6), (False, False, True, False)), ((2, 6), (False, False, True, True)), ((3, 5), (False, False, True, True)), ((5, 3), (False, True, True, True)), ((5, 3), (False, True, True, False)), ((5, 1), (True, True, False, False))]","[((6, 1), (True, True, True, False)), ((2, 5), (False, False, True, True)), ((5, 1), (True, False, True, False)), ((5, 1), (True, False, False, True)), ((5, 1), (True, True, False, True)), ((1, 5), (False, False, True, False)), ((2, 6), (False, False, True, False)), ((2, 6), (False, False, True, False)), ((2, 6), (False, False, True, True)), ((3, 5), (False, False, True, True)), ((5, 3), (False, True, True, True)), ((5, 3), (False, True, True, False))]",237,27,0,27
237,"((5, 3), (False, True, True, False))","((4, 3), (False, True, True, False))",East,"[((6, 3), (False, True, True, False)), ((4, 3), (False, True, True, False))]","[((6, 1), (True, True, True, False)), ((2, 5), (False, False, True, True)), ((5, 1), (True, False, True, False)), ((5, 1), (True, False, False, True)), ((5, 1), (True, True, False, True)), ((1, 5), (False, False, True, False)), ((2, 6), (False, False, True, False)), ((2, 6), (False, False, True, False)), ((2, 6), (False, False, True, True)), ((3, 5), (False, False, True, True)), ((5, 3), (False, True, True, True)), ((5, 3), (False, True, True, False))]","[((6, 3), (False, True, True, False)), ((6, 1), (True, True, True, False)), ((2, 5), (False, False, True, True)), ((5, 1), (True, False, True, False)), ((5, 1), (True, False, False, True)), ((5, 1), (True, True, False, True)), ((1, 5), (False, False, True, False)), ((2, 6), (False, False, True, False)), ((2, 6), (False, False, True, False)), ((2, 6), (False, False, True, True)), ((3, 5), (False, False, True, True)), ((5, 3), (False, True, True, True))]",238,27,0,27
238,"((5, 3), (False, True, True, True))","((4, 3), (False, True, True, True))",East,"[((6, 3), (False, True, True, True)), ((4, 3), (False, True, True, True))]","[((6, 3), (False, True, True, False)), ((6, 1), (True, True, True, False)), ((2, 5), (False, False, True, True)), ((5, 1), (True, False, True, False)), ((5, 1), (True, False, False, True)), ((5, 1), (True, True, False, True)), ((1, 5), (False, False, True, False)), ((2, 6), (False, False, True, False)), ((2, 6), (False, False, True, False)), ((2, 6), (False, False, True, True)), ((3, 5), (False, False, True, True)), ((5, 3), (False, True, True, True))]","[((6, 3), (False, True, True, True)), ((6, 3), (False, True, True, False)), ((6, 1), (True, True, True, False)), ((2, 5), (False, False, True, True)), ((5, 1), (True, False, True, False)), ((5, 1), (True, False, False, True)), ((5, 1), (True, True, False, True)), ((1, 5), (False, False, True, False)), ((2, 6), (False, False, True, False)), ((2, 6), (False, False, True, False)), ((2, 6), (False, False, True, True)), ((3, 5), (False, False, True, True))]",239,27,0,27
239,"((2, 6), (False, False, True, True))","((3, 6), (False, False, True, True))",West,"[((2, 5), (False, False, True, True)), ((3, 6), (False, False, True, True)), ((1, 6), (False, True, True, True))]","[((6, 3), (False, True, True, True)), ((6, 3), (False, True, True, False)), ((6, 1), (True, True, True, False)), ((2, 5), (False, False, True, True)), ((5, 1), (True, False, True, False)), ((5, 1), (True, False, False, True)), ((5, 1), (True, True, False, True)), ((1, 5), (False, False, True, False)), ((2, 6), (False, False, True, False)), ((2, 6), (False, False, True, False)), ((2, 6), (False, False, True, True))]","[((1, 6), (False, True, True, True)), ((2, 5), (False, False, True, True)), ((6, 3), (False, True, True, True)), ((6, 3), (False, True, True, False)), ((6, 1), (True, True, True, False)), ((2, 5), (False, False, True, True)), ((5, 1), (True, False, True, False)), ((5, 1), (True, False, False, True)), ((5, 1), (True, True, False, True)), ((1, 5), (False, False, True, False)), ((2, 6), (False, False, True, False)), ((2, 6), (False, False, True, False))]",240,27,0,27
240,"((2, 6), (False, False, True, False))","((3, 6), (False, False, True, False))",West,"[((2, 5), (False, False, True, False)), ((3, 6), (False, False, True, False)), ((1, 6), (False, True, True, False))]","[((1, 6), (False, True, True, True)), ((2, 5), (False, False, True, True)), ((6, 3), (False, True, True, True)), ((6, 3), (False, True, True, False)), ((6, 1), (True, True, True, False)), ((2, 5), (False, False, True, True)), ((5, 1), (True, False, True, False)), ((5, 1), (True, False, False, True)), ((5, 1), (True, True, False, True)), ((1, 5), (False, False, True, False)), ((2, 6), (False, False, True, False)), ((2, 6), (False, False, True, False))]","[((1, 6), (False, True, True, False)), ((1, 6), (False, True, True, True)), ((2, 5), (False, False, True, True)), ((6, 3), (False, True, True, True)), ((6, 3), (False, True, True, False)), ((6, 1), (True, True, True, False)), ((2, 5), (False, False, True, True)), ((5, 1), (True, False, True, False)), ((5, 1), (True, False, False, True)), ((5, 1), (True, True, False, True)), ((1, 5), (False, False, True, False)), ((2, 6), (False, False, True, False))]",241,27,0,27
241,"((1, 5), (False, False, True, False))","((2, 5), (False, False, True, False))",West,"[((1, 6), (False, True, True, False)), ((1, 4), (False, False, True, False)), ((2, 5), (False, False, True, False))]","[((1, 6), (False, True, True, False)), ((1, 6), (False, True, True, True)), ((2, 5), (False, False, True, True)), ((6, 3), (False, True, True, True)), ((6, 3), (False, True, True, False)), ((6, 1), (True, True, True, False)), ((2, 5), (False, False, True, True)), ((5, 1), (True, False, True, False)), ((5, 1), (True, False, False, True)), ((5, 1), (True, True, False, True)), ((1, 5), (False, False, True, False))]","[((1, 4), (False, False, True, False)), ((1, 6), (False, True, True, False)), ((1, 6), (False, True, True, False)), ((1, 6), (False, True, True, True)), ((2, 5), (False, False, True, True)), ((6, 3), (False, True, True, True)), ((6, 3), (False, True, True, False)), ((6, 1), (True, True, True, False)), ((2, 5), (False, False, True, True)), ((5, 1), (True, False, True, False)), ((5, 1), (True, False, False, True)), ((5, 1), (True, True, False, True))]",242,27,0,27
242,"((5, 1), (True, True, False, True))","((4, 1), (True, True, False, True))",East,"[((6, 1), (True, True, True, True)), ((4, 1), (True, True, False, True))]","[((1, 4), (False, False, True, False)), ((1, 6), (False, True, True, False)), ((1, 6), (False, True, True, False)), ((1, 6), (False, True, True, True)), ((2, 5), (False, False, True, True)), ((6, 3), (False, True, True, True)), ((6, 3), (False, True, True, False)), ((6, 1), (True, True, True, False)), ((2, 5), (False, False, True, True)), ((5, 1), (True, False, True, False)), ((5, 1), (True, False, False, True)), ((5, 1), (True, True, False, True))]","[((6, 1), (True, True, True, True)), ((1, 4), (False, False, True, False)), ((1, 6), (False, True, True, False)), ((1, 6), (False, True, True, False)), ((1, 6), (False, True, True, True)), ((2, 5), (False, False, True, True)), ((6, 3), (False, True, True, True)), ((6, 3), (False, True, True, False)), ((6, 1), (True, True, True, False)), ((2, 5), (False, False, True, True)), ((5, 1), (True, False, True, False)), ((5, 1), (True, False, False, True))]",243,27,0,27
243,"((5, 1), (True, False, False, True))","((4, 1), (True, False, False, True))",East,"[((6, 1), (True, False, True, True)), ((4, 1), (True, False, False, True))]","[((6, 1), (True, True, True, True)), ((1, 4), (False, False, True, False)), ((1, 6), (False, True, True, False)), ((1, 6), (False, True, True, False)), ((1, 6), (False, True, True, True)), ((2, 5), (False, False, True, True)), ((6, 3), (False, True, True, True)), ((6, 3), (False, True, True, False)), ((6, 1), (True, True, True, False)), ((2, 5), (False, False, True, True)), ((5, 1), (True, False, True, False)), ((5, 1), (True, False, False, True))]","[((6, 1), (True, False, True, True)), ((6, 1), (True, True, True, True)), ((1, 4), (False, False, True, False)), ((1, 6), (False, True, True, False)), ((1, 6), (False, True, True, False)), ((1, 6), (False, True, True, True)), ((2, 5), (False, False, True, True)), ((6, 3), (False, True, True, True)), ((6, 3), (False, True, True, False)), ((6, 1), (True, True, True, False)), ((2, 5), (False, False, True, True)), ((5, 1), (True, False, True, False))]",244,27,0,27
244,"((5, 1), (True, False, True, False))","((6, 1), (True, False, True, False))",West,"[((6, 1), (True, False, True, False)), ((4, 1), (True, False, True, False))]","[((6, 1), (True, False, True, True)), ((6, 1), (True, True, True, True)), ((1, 4), (False, False, True, False)), ((1, 6), (False, True, True, False)), ((1, 6), (False, True, True, False)), ((1, 6), (False, True, True, True)), ((2, 5), (False, False, True, True)), ((6, 3), (False, True, True, True)), ((6, 3), (False, True, True, False)), ((6, 1), (True, True, True, False)), ((2, 5), (False, False, True, True)), ((5, 1), (True, False, True, False))]","[((4, 1), (True, False, True, False)), ((6, 1), (True, False, True, True)), ((6, 1), (True, True, True, True)), ((1, 4), (False, False, True, False)), ((1, 6), (False, True, True, False)), ((1, 6), (False, True, True, False)), ((1, 6), (False, True, True, True)), ((2, 5), (False, False, True, True)), ((6, 3), (False, True, True, True)), ((6, 3), (False, True, True, False)), ((6, 1), (True, True, True, False)), ((2, 5), (False, False, True, True))]",245,27,0,27
245,"((2, 5), (False, False, True, True))","((3, 5), (False, False, True, True))",West,"[((2, 6), (False, False, True, True)), ((3, 5), (False, False, True, True)), ((1, 5), (False, False, True, True))]","[((4, 1), (True, False, True, False)), ((6, 1), (True, False, True, True)), ((6, 1), (True, True, True, True)), ((1, 4), (False, False, True, False)), ((1, 6), (False, True, True, False)), ((1, 6), (False, True, True, False)), ((1, 6), (False, True, True, True)), ((2, 5), (False, False, True, True)), ((6, 3), (False, True, True, True)), ((6, 3), (False, True, True, False)), ((6, 1), (True, True, True, False)), ((2, 5), (False, False, True, True))]","[((1, 5), (False, False, True, True)), ((4, 1), (True, False, True, False)), ((6, 1), (True, False, True, True)), ((6, 1), (True, True, True, True)), ((1, 4), (False, False, True, False)), ((1, 6), (False, True, True, False)), ((1, 6), (False, True, True, False)), ((1, 6), (False, True, True, True)), ((2, 5), (False, False, True, True)), ((6, 3), (False, True, True, True)), ((6, 3), (False, True, True, False)), ((6, 1), (True, True, True, False))]",246,28,0,28
246,"((6, 1), (True, True, True, False))","((5, 1), (True, True, False, False))",East,"[((5, 1), (True, True, True, False))]","[((1, 5), (False, False, True, True)), ((4, 1), (True, False, True, False)), ((6, 1), (True, False, True, True)), ((6, 1), (True, True, True, True)), ((1, 4), (False, False, True, False)), ((1, 6), (False, True, True, False)), ((1, 6), (False, True, True, False)), ((1, 6), (False, True, True, True)), ((2, 5), (False, False, True, True)), ((6, 3), (False, True, True, True)), ((6, 3), (False, True, True, False)), ((6, 1), (True, True, True, False))]","[((5, 1), (True, True, True, False)), ((1, 5), (False, False, True, True)), ((4, 1), (True, False, True, False)), ((6, 1), (True, False, True, True)), ((6, 1), (True, True, True, True)), ((1, 4), (False, False, True, False)), ((1, 6), (False, True, True, False)), ((1, 6), (False, True, True, False)), ((1, 6), (False, True, True, True)), ((2, 5), (False, False, True, True)), ((6, 3), (False, True, True, True)), ((6, 3), (False, True, True, False))]",247,28,0,28
247,"((6, 3), (False, True, True, False))","((5, 3), (False, True, True, False))",East,"[((6, 4), (False, True, True, False)), ((5, 3), (False, True, True, False))]","[((5, 1), (True, True, True, False)), ((1, 5), (False, False, True, True)), ((4, 1), (True, False, True, False)), ((6, 1), (True, False, True, True)), ((6, 1), (True, True, True, True)), ((1, 4), (False, False, True, False)), ((1, 6), (False, True, True, False)), ((1, 6), (False, True, True, False)), ((1, 6), (False, True, True, True)), ((2, 5), (False, False, True, True)), ((6, 3), (False, True, True, True)), ((6, 3), (False, True, True, False))]","[((6, 4), (False, True, True, False)), ((5, 1), (True, True, True, False)), ((1, 5), (False, False, True, True)), ((4, 1), (True, False, True, False)), ((6, 1), (True, False, True, True)), ((6, 1), (True, True, True, True)), ((1, 4), (False, False, True, False)), ((1, 6), (False, True, True, False)), ((1, 6), (False, True, True, False)), ((1, 6), (False, True, True, True)), ((2, 5), (False, False, True, True)), ((6, 3), (False, True, True, True))]",248,28,0,28
248,"((6, 3), (False, True, True, True))","((5, 3), (False, True, True, True))",East,"[((6, 4), (False, True, True, True)), ((5, 3), (False, True, True, True))]","[((6, 4), (False, True, True, False)), ((5, 1), (True, True, True, False)), ((1, 5), (False, False, True, True)), ((4, 1), (True, False, True, False)), ((6, 1), (True, False, True, True)), ((6, 1), (True, True, True, True)), ((1, 4), (False, False, True, False)), ((1, 6), (False, True, True, False)), ((1, 6), (False, True, True, False)), ((1, 6), (False, True, True, True)), ((2, 5), (False, False, True, True)), ((6, 3), (False, True, True, True))]","[((6, 4), (False, True, True, True)), ((6, 4), (False, True, True, False)), ((5, 1), (True, True, True, False)), ((1, 5), (False, False, True, True)), ((4, 1), (True, False, True, False)), ((6, 1), (True, False, True, True)), ((6, 1), (True, True, True, True)), ((1, 4), (False, False, True, False)), ((1, 6), (False, True, True, False)), ((1, 6), (False, True, True, False)), ((1, 6), (False, True, True, True)), ((2, 5), (False, False, True, True))]",249,28,0,28
249,"((1, 6), (False, True, True, True))","((2, 6), (False, False, True, True))",West,"[((1, 5), (False, True, True, True)), ((2, 6), (False, True, True, True))]","[((6, 4), (False, True, True, True)), ((6, 4), (False, True, True, False)), ((5, 1), (True, True, True, False)), ((1, 5), (False, False, True, True)), ((4, 1), (True, False, True, False)), ((6, 1), (True, False, True, True)), ((6, 1), (True, True, True, True)), ((1, 4), (False, False, True, False)), ((1, 6), (False, True, True, False)), ((1, 6), (False, True, True, False)), ((1, 6), (False, True, True, True))]","[((2, 6), (False, True, True, True)), ((1, 5), (False, True, True, True)), ((6, 4), (False, True, True, True)), ((6, 4), (False, True, True, False)), ((5, 1), (True, True, True, False)), ((1, 5), (False, False, True, True)), ((4, 1), (True, False, True, False)), ((6, 1), (True, False, True, True)), ((6, 1), (True, True, True, True)), ((1, 4), (False, False, True, False)), ((1, 6), (False, True, True, False)), ((1, 6), (False, True, True, False))]",250,28,0,28
250,"((1, 6), (False, True, True, False))","((2, 6), (False, False, True, False))",West,"[((1, 5), (False, True, True, False)), ((2, 6), (False, True, True, False))]","[((2, 6), (False, True, True, True)), ((1, 5), (False, True, True, True)), ((6, 4), (False, True, True, True)), ((6, 4), (False, True, True, False)), ((5, 1), (True, True, True, False)), ((1, 5), (False, False, True, True)), ((4, 1), (True, False, True, False)), ((6, 1), (True, False, True, True)), ((6, 1), (True, True, True, True)), ((1, 4), (False, False, True, False)), ((1, 6), (False, True, True, False)), ((1, 6), (False, True, True, False))]","[((2, 6), (False, True, True, False)), ((1, 5), (False, True, True, False)), ((2, 6), (False, True, True, True)), ((1, 5), (False, True, True, True)), ((6, 4), (False, True, True, True)), ((6, 4), (False, True, True, False)), ((5, 1), (True, True, True, False)), ((1, 5), (False, False, True, True)), ((4, 1), (True, False, True, False)), ((6, 1), (True, False, True, True)), ((6, 1), (True, True, True, True)), ((1, 4), (False, False, True, False)), ((1, 6), (False, True, True, False))]",251,28,0,28
251,"((1, 4), (False, False, True, False))","((1, 5), (False, False, True, False))",South,"[((1, 5), (False, False, True, False)), ((1, 3), (False, False, True, False))]","[((2, 6), (False, True, True, False)), ((1, 5), (False, True, True, False)), ((2, 6), (False, True, True, True)), ((1, 5), (False, True, True, True)), ((6, 4), (False, True, True, True)), ((6, 4), (False, True, True, False)), ((5, 1), (True, True, True, False)), ((1, 5), (False, False, True, True)), ((4, 1), (True, False, True, False)), ((6, 1), (True, False, True, True)), ((6, 1), (True, True, True, True)), ((1, 4), (False, False, True, False))]","[((1, 3), (False, False, True, False)), ((2, 6), (False, True, True, False)), ((1, 5), (False, True, True, False)), ((2, 6), (False, True, True, True)), ((1, 5), (False, True, True, True)), ((6, 4), (False, True, True, True)), ((6, 4), (False, True, True, False)), ((5, 1), (True, True, True, False)), ((1, 5), (False, False, True, True)), ((4, 1), (True, False, True, False)), ((6, 1), (True, False, True, True)), ((6, 1), (True, True, True, True))]",252,28,0,28
252,"((6, 1), (True, True, True, True))","((5, 1), (True, True, False, True))",East,[],"[((1, 3), (False, False, True, False)), ((2, 6), (False, True, True, False)), ((1, 5), (False, True, True, False)), ((2, 6), (False, True, True, True)), ((1, 5), (False, True, True, True)), ((6, 4), (False, True, True, True)), ((6, 4), (False, True, True, False)), ((5, 1), (True, True, True, False)), ((1, 5), (False, False, True, True)), ((4, 1), (True, False, True, False)), ((6, 1), (True, False, True, True)), ((6, 1), (True, True, True, True))]","[((1, 3), (False, False, True, False)), ((2, 6), (False, True, True, False)), ((1, 5), (False, True, True, False)), ((2, 6), (False, True, True, True)), ((1, 5), (False, True, True, True)), ((6, 4), (False, True, True, True)), ((6, 4), (False, True, True, False)), ((5, 1), (True, True, True, False)), ((1, 5), (False, False, True, True)), ((4, 1), (True, False, True, False)), ((6, 1), (True, False, True, True))]",252,28,0,28
